scenario,context,position,candidate_count,search_horizon,selected_candidate,seed,score,entrant_payoff,total_welfare,unsafe_rate,patch_health
community_irrigation,0,0,1,30,0,92000000,231.01582080719322,231.01582080719322,919.9318038533563,0.975,9.462841442680064
community_irrigation,0,0,1,30,0,92000001,231.01582080719322,231.01582080719322,912.8007669489826,0.95,9.433371801636548
community_irrigation,0,0,1,30,0,92000002,231.01582080719322,231.01582080719322,920.737796572893,0.975,9.424886081148793
community_irrigation,0,0,1,30,0,92000003,219.61123548209343,219.61123548209343,910.4577908366831,0.95,9.463715787128379
community_irrigation,0,0,1,30,0,92000004,234.81734924889315,234.81734924889315,917.2421534347485,0.9375,9.476711513152173
community_irrigation,0,0,1,30,0,92000005,231.01582080719322,231.01582080719322,922.9827139388406,0.9625,9.515218222829148
community_irrigation,0,0,1,30,0,92000006,234.81734924889315,234.81734924889315,917.4694126468613,0.9625,9.51018315194581
community_irrigation,0,0,1,30,0,92000007,231.01582080719322,231.01582080719322,929.4468375775845,0.95,9.502677727197504
community_irrigation,0,0,1,30,0,92000008,238.61887769059308,238.61887769059308,932.9631089551832,0.9625,9.51841716819373
community_irrigation,0,0,1,30,0,92000009,231.01582080719322,231.01582080719322,922.1167483211427,0.95,9.531524345898907
community_irrigation,0,0,1,30,0,92000010,227.2142923654933,227.2142923654933,908.665312345328,0.9625,9.49459659438557
community_irrigation,0,0,1,30,0,92000011,231.01582080719322,231.01582080719322,923.0792387015667,0.95,9.550888584754873
community_irrigation,0,0,1,30,0,92000012,231.01582080719322,231.01582080719322,921.8786945427643,0.95,9.498619852777157
community_irrigation,0,0,1,30,0,92000013,238.61887769059308,238.61887769059308,932.2047896313597,0.95,9.550351100388838
community_irrigation,0,0,1,30,0,92000014,238.61887769059308,238.61887769059308,932.7855180980538,0.9375,9.540826503463297
community_irrigation,0,0,1,30,0,92000015,234.81734924889315,234.81734924889315,932.3994999557017,0.9375,9.56333496776407
community_irrigation,0,0,6,30,4,92000000,250.40279083953783,250.40279083953783,941.1520281823587,0.525,10.082197696812406
community_irrigation,0,0,6,30,4,92000001,252.47433152811618,252.47433152811618,936.4972410507162,0.6,10.040989482551074
community_irrigation,0,0,6,30,4,92000002,254.54587221669453,254.54587221669453,944.9925258590015,0.4625,10.094554881580276
community_irrigation,0,0,6,30,4,92000003,244.1881687738028,244.1881687738028,938.5269977158844,0.4625,10.112882227628479
community_irrigation,0,0,6,30,4,92000004,254.54587221669453,254.54587221669453,939.4339400947997,0.5125,10.065529363794473
community_irrigation,0,0,6,30,4,92000005,248.33125015095948,248.33125015095948,942.40121734195,0.4875,10.073078337556549
community_irrigation,0,0,6,30,4,92000006,252.47433152811618,252.47433152811618,935.8621887190204,0.525,10.051168492258368
community_irrigation,0,0,6,30,4,92000007,254.54587221669453,254.54587221669453,956.2681112875373,0.475,10.124036083859773
community_irrigation,0,0,6,30,4,92000008,256.6174129052729,256.6174129052729,952.8584489613149,0.475,10.105184108683918
community_irrigation,0,0,6,30,4,92000009,248.33125015095948,248.33125015095948,942.4177380596772,0.425,10.114507659416509
community_irrigation,0,0,6,30,4,92000010,250.40279083953783,250.40279083953783,934.5012751006059,0.375,10.12980988249324
community_irrigation,0,0,6,30,4,92000011,250.40279083953783,250.40279083953783,943.6610494521246,0.4,10.122649892492872
community_irrigation,0,0,6,30,4,92000012,250.40279083953783,250.40279083953783,940.7877017671326,0.4375,10.113851793579332
community_irrigation,0,0,6,30,4,92000013,252.47433152811618,252.47433152811618,947.3493512458508,0.3625,10.124800931540644
community_irrigation,0,0,6,30,4,92000014,256.6174129052729,256.6174129052729,952.34094695516,0.4,10.10426549901474
community_irrigation,0,0,6,30,4,92000015,252.47433152811618,252.47433152811618,949.5604365608399,0.4125,10.137408287689428
community_irrigation,0,0,12,30,4,92000000,250.40279083953783,250.40279083953783,941.1520281823587,0.525,10.082197696812406
community_irrigation,0,0,12,30,4,92000001,252.47433152811618,252.47433152811618,936.4972410507162,0.6,10.040989482551074
community_irrigation,0,0,12,30,4,92000002,254.54587221669453,254.54587221669453,944.9925258590015,0.4625,10.094554881580276
community_irrigation,0,0,12,30,4,92000003,244.1881687738028,244.1881687738028,938.5269977158844,0.4625,10.112882227628479
community_irrigation,0,0,12,30,4,92000004,254.54587221669453,254.54587221669453,939.4339400947997,0.5125,10.065529363794473
community_irrigation,0,0,12,30,4,92000005,248.33125015095948,248.33125015095948,942.40121734195,0.4875,10.073078337556549
community_irrigation,0,0,12,30,4,92000006,252.47433152811618,252.47433152811618,935.8621887190204,0.525,10.051168492258368
community_irrigation,0,0,12,30,4,92000007,254.54587221669453,254.54587221669453,956.2681112875373,0.475,10.124036083859773
community_irrigation,0,0,12,30,4,92000008,256.6174129052729,256.6174129052729,952.8584489613149,0.475,10.105184108683918
community_irrigation,0,0,12,30,4,92000009,248.33125015095948,248.33125015095948,942.4177380596772,0.425,10.114507659416509
community_irrigation,0,0,12,30,4,92000010,250.40279083953783,250.40279083953783,934.5012751006059,0.375,10.12980988249324
community_irrigation,0,0,12,30,4,92000011,250.40279083953783,250.40279083953783,943.6610494521246,0.4,10.122649892492872
community_irrigation,0,0,12,30,4,92000012,250.40279083953783,250.40279083953783,940.7877017671326,0.4375,10.113851793579332
community_irrigation,0,0,12,30,4,92000013,252.47433152811618,252.47433152811618,947.3493512458508,0.3625,10.124800931540644
community_irrigation,0,0,12,30,4,92000014,256.6174129052729,256.6174129052729,952.34094695516,0.4,10.10426549901474
community_irrigation,0,0,12,30,4,92000015,252.47433152811618,252.47433152811618,949.5604365608399,0.4125,10.137408287689428
community_irrigation,0,0,1,60,0,92000000,231.01582080719322,231.01582080719322,919.9318038533563,0.975,9.462841442680064
community_irrigation,0,0,1,60,0,92000001,231.01582080719322,231.01582080719322,912.8007669489826,0.95,9.433371801636548
community_irrigation,0,0,1,60,0,92000002,231.01582080719322,231.01582080719322,920.737796572893,0.975,9.424886081148793
community_irrigation,0,0,1,60,0,92000003,219.61123548209343,219.61123548209343,910.4577908366831,0.95,9.463715787128379
community_irrigation,0,0,1,60,0,92000004,234.81734924889315,234.81734924889315,917.2421534347485,0.9375,9.476711513152173
community_irrigation,0,0,1,60,0,92000005,231.01582080719322,231.01582080719322,922.9827139388406,0.9625,9.515218222829148
community_irrigation,0,0,1,60,0,92000006,234.81734924889315,234.81734924889315,917.4694126468613,0.9625,9.51018315194581
community_irrigation,0,0,1,60,0,92000007,231.01582080719322,231.01582080719322,929.4468375775845,0.95,9.502677727197504
community_irrigation,0,0,1,60,0,92000008,238.61887769059308,238.61887769059308,932.9631089551832,0.9625,9.51841716819373
community_irrigation,0,0,1,60,0,92000009,231.01582080719322,231.01582080719322,922.1167483211427,0.95,9.531524345898907
community_irrigation,0,0,1,60,0,92000010,227.2142923654933,227.2142923654933,908.665312345328,0.9625,9.49459659438557
community_irrigation,0,0,1,60,0,92000011,231.01582080719322,231.01582080719322,923.0792387015667,0.95,9.550888584754873
community_irrigation,0,0,1,60,0,92000012,231.01582080719322,231.01582080719322,921.8786945427643,0.95,9.498619852777157
community_irrigation,0,0,1,60,0,92000013,238.61887769059308,238.61887769059308,932.2047896313597,0.95,9.550351100388838
community_irrigation,0,0,1,60,0,92000014,238.61887769059308,238.61887769059308,932.7855180980538,0.9375,9.540826503463297
community_irrigation,0,0,1,60,0,92000015,234.81734924889315,234.81734924889315,932.3994999557017,0.9375,9.56333496776407
community_irrigation,0,0,6,60,4,92000000,250.40279083953783,250.40279083953783,941.1520281823587,0.525,10.082197696812406
community_irrigation,0,0,6,60,4,92000001,252.47433152811618,252.47433152811618,936.4972410507162,0.6,10.040989482551074
community_irrigation,0,0,6,60,4,92000002,254.54587221669453,254.54587221669453,944.9925258590015,0.4625,10.094554881580276
community_irrigation,0,0,6,60,4,92000003,244.1881687738028,244.1881687738028,938.5269977158844,0.4625,10.112882227628479
community_irrigation,0,0,6,60,4,92000004,254.54587221669453,254.54587221669453,939.4339400947997,0.5125,10.065529363794473
community_irrigation,0,0,6,60,4,92000005,248.33125015095948,248.33125015095948,942.40121734195,0.4875,10.073078337556549
community_irrigation,0,0,6,60,4,92000006,252.47433152811618,252.47433152811618,935.8621887190204,0.525,10.051168492258368
community_irrigation,0,0,6,60,4,92000007,254.54587221669453,254.54587221669453,956.2681112875373,0.475,10.124036083859773
community_irrigation,0,0,6,60,4,92000008,256.6174129052729,256.6174129052729,952.8584489613149,0.475,10.105184108683918
community_irrigation,0,0,6,60,4,92000009,248.33125015095948,248.33125015095948,942.4177380596772,0.425,10.114507659416509
community_irrigation,0,0,6,60,4,92000010,250.40279083953783,250.40279083953783,934.5012751006059,0.375,10.12980988249324
community_irrigation,0,0,6,60,4,92000011,250.40279083953783,250.40279083953783,943.6610494521246,0.4,10.122649892492872
community_irrigation,0,0,6,60,4,92000012,250.40279083953783,250.40279083953783,940.7877017671326,0.4375,10.113851793579332
community_irrigation,0,0,6,60,4,92000013,252.47433152811618,252.47433152811618,947.3493512458508,0.3625,10.124800931540644
community_irrigation,0,0,6,60,4,92000014,256.6174129052729,256.6174129052729,952.34094695516,0.4,10.10426549901474
community_irrigation,0,0,6,60,4,92000015,252.47433152811618,252.47433152811618,949.5604365608399,0.4125,10.137408287689428
community_irrigation,0,0,12,60,4,92000000,250.40279083953783,250.40279083953783,941.1520281823587,0.525,10.082197696812406
community_irrigation,0,0,12,60,4,92000001,252.47433152811618,252.47433152811618,936.4972410507162,0.6,10.040989482551074
community_irrigation,0,0,12,60,4,92000002,254.54587221669453,254.54587221669453,944.9925258590015,0.4625,10.094554881580276
community_irrigation,0,0,12,60,4,92000003,244.1881687738028,244.1881687738028,938.5269977158844,0.4625,10.112882227628479
community_irrigation,0,0,12,60,4,92000004,254.54587221669453,254.54587221669453,939.4339400947997,0.5125,10.065529363794473
community_irrigation,0,0,12,60,4,92000005,248.33125015095948,248.33125015095948,942.40121734195,0.4875,10.073078337556549
community_irrigation,0,0,12,60,4,92000006,252.47433152811618,252.47433152811618,935.8621887190204,0.525,10.051168492258368
community_irrigation,0,0,12,60,4,92000007,254.54587221669453,254.54587221669453,956.2681112875373,0.475,10.124036083859773
community_irrigation,0,0,12,60,4,92000008,256.6174129052729,256.6174129052729,952.8584489613149,0.475,10.105184108683918
community_irrigation,0,0,12,60,4,92000009,248.33125015095948,248.33125015095948,942.4177380596772,0.425,10.114507659416509
community_irrigation,0,0,12,60,4,92000010,250.40279083953783,250.40279083953783,934.5012751006059,0.375,10.12980988249324
community_irrigation,0,0,12,60,4,92000011,250.40279083953783,250.40279083953783,943.6610494521246,0.4,10.122649892492872
community_irrigation,0,0,12,60,4,92000012,250.40279083953783,250.40279083953783,940.7877017671326,0.4375,10.113851793579332
community_irrigation,0,0,12,60,4,92000013,252.47433152811618,252.47433152811618,947.3493512458508,0.3625,10.124800931540644
community_irrigation,0,0,12,60,4,92000014,256.6174129052729,256.6174129052729,952.34094695516,0.4,10.10426549901474
community_irrigation,0,0,12,60,4,92000015,252.47433152811618,252.47433152811618,949.5604365608399,0.4125,10.137408287689428
community_irrigation,1,1,1,30,0,92000100,234.436035286687,234.436035286687,1004.5631819790615,0.9125,9.315292499504404
community_irrigation,1,1,1,30,0,92000101,238.78272286822477,238.78272286822477,1004.677325836018,0.925,9.255454063790884
community_irrigation,1,1,1,30,0,92000102,232.26269149591812,232.26269149591812,1006.6964427129114,0.925,9.214125774089085
community_irrigation,1,1,1,30,0,92000103,236.60937907745588,236.60937907745588,1014.4016991651165,0.9125,9.222651820266279
community_irrigation,1,1,1,30,0,92000104,238.78272286822477,238.78272286822477,1000.8510643554845,0.9375,9.294608429387726
community_irrigation,1,1,1,30,0,92000105,234.436035286687,234.436035286687,997.1320014125035,0.925,9.193269947928187
community_irrigation,1,1,1,30,0,92000106,232.26269149591812,232.26269149591812,1000.8473909629412,0.925,9.170528837760013
community_irrigation,1,1,1,30,0,92000107,236.60937907745588,236.60937907745588,1005.0473473669467,0.9125,9.27178371184113
community_irrigation,1,1,1,30,0,92000108,232.26269149591812,232.26269149591812,998.8090791557894,0.9125,9.162126419411416
community_irrigation,1,1,1,30,0,92000109,236.60937907745588,236.60937907745588,1014.7639338740372,0.9,9.277988355762393
community_irrigation,1,1,1,30,0,92000110,238.78272286822477,238.78272286822477,1008.6660135222702,0.9375,9.264350119949693
community_irrigation,1,1,1,30,0,92000111,240.95606665899365,240.95606665899365,1011.6309515608783,0.9375,9.464873126514131
community_irrigation,1,1,1,30,0,92000112,240.95606665899365,240.95606665899365,974.4337140786006,0.925,8.686824752465695
community_irrigation,1,1,1,30,0,92000113,240.95606665899365,240.95606665899365,998.8391255897409,0.9125,9.315336839167793
community_irrigation,1,1,1,30,0,92000114,234.436035286687,234.436035286687,1001.6859985277574,0.9375,9.146373723958193
community_irrigation,1,1,1,30,0,92000115,240.95606665899365,240.95606665899365,978.8326948808453,0.9,8.925486971888159
community_irrigation,1,1,6,30,0,92000100,234.436035286687,234.436035286687,1004.5631819790615,0.9125,9.315292499504404
community_irrigation,1,1,6,30,0,92000101,238.78272286822477,238.78272286822477,1004.677325836018,0.925,9.255454063790884
community_irrigation,1,1,6,30,0,92000102,232.26269149591812,232.26269149591812,1006.6964427129114,0.925,9.214125774089085
community_irrigation,1,1,6,30,0,92000103,236.60937907745588,236.60937907745588,1014.4016991651165,0.9125,9.222651820266279
community_irrigation,1,1,6,30,0,92000104,238.78272286822477,238.78272286822477,1000.8510643554845,0.9375,9.294608429387726
community_irrigation,1,1,6,30,0,92000105,234.436035286687,234.436035286687,997.1320014125035,0.925,9.193269947928187
community_irrigation,1,1,6,30,0,92000106,232.26269149591812,232.26269149591812,1000.8473909629412,0.925,9.170528837760013
community_irrigation,1,1,6,30,0,92000107,236.60937907745588,236.60937907745588,1005.0473473669467,0.9125,9.27178371184113
community_irrigation,1,1,6,30,0,92000108,232.26269149591812,232.26269149591812,998.8090791557894,0.9125,9.162126419411416
community_irrigation,1,1,6,30,0,92000109,236.60937907745588,236.60937907745588,1014.7639338740372,0.9,9.277988355762393
community_irrigation,1,1,6,30,0,92000110,238.78272286822477,238.78272286822477,1008.6660135222702,0.9375,9.264350119949693
community_irrigation,1,1,6,30,0,92000111,240.95606665899365,240.95606665899365,1011.6309515608783,0.9375,9.464873126514131
community_irrigation,1,1,6,30,0,92000112,240.95606665899365,240.95606665899365,974.4337140786006,0.925,8.686824752465695
community_irrigation,1,1,6,30,0,92000113,240.95606665899365,240.95606665899365,998.8391255897409,0.9125,9.315336839167793
community_irrigation,1,1,6,30,0,92000114,234.436035286687,234.436035286687,1001.6859985277574,0.9375,9.146373723958193
community_irrigation,1,1,6,30,0,92000115,240.95606665899365,240.95606665899365,978.8326948808453,0.9,8.925486971888159
community_irrigation,1,1,12,30,0,92000100,234.436035286687,234.436035286687,1004.5631819790615,0.9125,9.315292499504404
community_irrigation,1,1,12,30,0,92000101,238.78272286822477,238.78272286822477,1004.677325836018,0.925,9.255454063790884
community_irrigation,1,1,12,30,0,92000102,232.26269149591812,232.26269149591812,1006.6964427129114,0.925,9.214125774089085
community_irrigation,1,1,12,30,0,92000103,236.60937907745588,236.60937907745588,1014.4016991651165,0.9125,9.222651820266279
community_irrigation,1,1,12,30,0,92000104,238.78272286822477,238.78272286822477,1000.8510643554845,0.9375,9.294608429387726
community_irrigation,1,1,12,30,0,92000105,234.436035286687,234.436035286687,997.1320014125035,0.925,9.193269947928187
community_irrigation,1,1,12,30,0,92000106,232.26269149591812,232.26269149591812,1000.8473909629412,0.925,9.170528837760013
community_irrigation,1,1,12,30,0,92000107,236.60937907745588,236.60937907745588,1005.0473473669467,0.9125,9.27178371184113
community_irrigation,1,1,12,30,0,92000108,232.26269149591812,232.26269149591812,998.8090791557894,0.9125,9.162126419411416
community_irrigation,1,1,12,30,0,92000109,236.60937907745588,236.60937907745588,1014.7639338740372,0.9,9.277988355762393
community_irrigation,1,1,12,30,0,92000110,238.78272286822477,238.78272286822477,1008.6660135222702,0.9375,9.264350119949693
community_irrigation,1,1,12,30,0,92000111,240.95606665899365,240.95606665899365,1011.6309515608783,0.9375,9.464873126514131
community_irrigation,1,1,12,30,0,92000112,240.95606665899365,240.95606665899365,974.4337140786006,0.925,8.686824752465695
community_irrigation,1,1,12,30,0,92000113,240.95606665899365,240.95606665899365,998.8391255897409,0.9125,9.315336839167793
community_irrigation,1,1,12,30,0,92000114,234.436035286687,234.436035286687,1001.6859985277574,0.9375,9.146373723958193
community_irrigation,1,1,12,30,0,92000115,240.95606665899365,240.95606665899365,978.8326948808453,0.9,8.925486971888159
community_irrigation,1,1,1,60,0,92000100,234.436035286687,234.436035286687,1004.5631819790615,0.9125,9.315292499504404
community_irrigation,1,1,1,60,0,92000101,238.78272286822477,238.78272286822477,1004.677325836018,0.925,9.255454063790884
community_irrigation,1,1,1,60,0,92000102,232.26269149591812,232.26269149591812,1006.6964427129114,0.925,9.214125774089085
community_irrigation,1,1,1,60,0,92000103,236.60937907745588,236.60937907745588,1014.4016991651165,0.9125,9.222651820266279
community_irrigation,1,1,1,60,0,92000104,238.78272286822477,238.78272286822477,1000.8510643554845,0.9375,9.294608429387726
community_irrigation,1,1,1,60,0,92000105,234.436035286687,234.436035286687,997.1320014125035,0.925,9.193269947928187
community_irrigation,1,1,1,60,0,92000106,232.26269149591812,232.26269149591812,1000.8473909629412,0.925,9.170528837760013
community_irrigation,1,1,1,60,0,92000107,236.60937907745588,236.60937907745588,1005.0473473669467,0.9125,9.27178371184113
community_irrigation,1,1,1,60,0,92000108,232.26269149591812,232.26269149591812,998.8090791557894,0.9125,9.162126419411416
community_irrigation,1,1,1,60,0,92000109,236.60937907745588,236.60937907745588,1014.7639338740372,0.9,9.277988355762393
community_irrigation,1,1,1,60,0,92000110,238.78272286822477,238.78272286822477,1008.6660135222702,0.9375,9.264350119949693
community_irrigation,1,1,1,60,0,92000111,240.95606665899365,240.95606665899365,1011.6309515608783,0.9375,9.464873126514131
community_irrigation,1,1,1,60,0,92000112,240.95606665899365,240.95606665899365,974.4337140786006,0.925,8.686824752465695
community_irrigation,1,1,1,60,0,92000113,240.95606665899365,240.95606665899365,998.8391255897409,0.9125,9.315336839167793
community_irrigation,1,1,1,60,0,92000114,234.436035286687,234.436035286687,1001.6859985277574,0.9375,9.146373723958193
community_irrigation,1,1,1,60,0,92000115,240.95606665899365,240.95606665899365,978.8326948808453,0.9,8.925486971888159
community_irrigation,1,1,6,60,0,92000100,234.436035286687,234.436035286687,1004.5631819790615,0.9125,9.315292499504404
community_irrigation,1,1,6,60,0,92000101,238.78272286822477,238.78272286822477,1004.677325836018,0.925,9.255454063790884
community_irrigation,1,1,6,60,0,92000102,232.26269149591812,232.26269149591812,1006.6964427129114,0.925,9.214125774089085
community_irrigation,1,1,6,60,0,92000103,236.60937907745588,236.60937907745588,1014.4016991651165,0.9125,9.222651820266279
community_irrigation,1,1,6,60,0,92000104,238.78272286822477,238.78272286822477,1000.8510643554845,0.9375,9.294608429387726
community_irrigation,1,1,6,60,0,92000105,234.436035286687,234.436035286687,997.1320014125035,0.925,9.193269947928187
community_irrigation,1,1,6,60,0,92000106,232.26269149591812,232.26269149591812,1000.8473909629412,0.925,9.170528837760013
community_irrigation,1,1,6,60,0,92000107,236.60937907745588,236.60937907745588,1005.0473473669467,0.9125,9.27178371184113
community_irrigation,1,1,6,60,0,92000108,232.26269149591812,232.26269149591812,998.8090791557894,0.9125,9.162126419411416
community_irrigation,1,1,6,60,0,92000109,236.60937907745588,236.60937907745588,1014.7639338740372,0.9,9.277988355762393
community_irrigation,1,1,6,60,0,92000110,238.78272286822477,238.78272286822477,1008.6660135222702,0.9375,9.264350119949693
community_irrigation,1,1,6,60,0,92000111,240.95606665899365,240.95606665899365,1011.6309515608783,0.9375,9.464873126514131
community_irrigation,1,1,6,60,0,92000112,240.95606665899365,240.95606665899365,974.4337140786006,0.925,8.686824752465695
community_irrigation,1,1,6,60,0,92000113,240.95606665899365,240.95606665899365,998.8391255897409,0.9125,9.315336839167793
community_irrigation,1,1,6,60,0,92000114,234.436035286687,234.436035286687,1001.6859985277574,0.9375,9.146373723958193
community_irrigation,1,1,6,60,0,92000115,240.95606665899365,240.95606665899365,978.8326948808453,0.9,8.925486971888159
community_irrigation,1,1,12,60,0,92000100,234.436035286687,234.436035286687,1004.5631819790615,0.9125,9.315292499504404
community_irrigation,1,1,12,60,0,92000101,238.78272286822477,238.78272286822477,1004.677325836018,0.925,9.255454063790884
community_irrigation,1,1,12,60,0,92000102,232.26269149591812,232.26269149591812,1006.6964427129114,0.925,9.214125774089085
community_irrigation,1,1,12,60,0,92000103,236.60937907745588,236.60937907745588,1014.4016991651165,0.9125,9.222651820266279
community_irrigation,1,1,12,60,0,92000104,238.78272286822477,238.78272286822477,1000.8510643554845,0.9375,9.294608429387726
community_irrigation,1,1,12,60,0,92000105,234.436035286687,234.436035286687,997.1320014125035,0.925,9.193269947928187
community_irrigation,1,1,12,60,0,92000106,232.26269149591812,232.26269149591812,1000.8473909629412,0.925,9.170528837760013
community_irrigation,1,1,12,60,0,92000107,236.60937907745588,236.60937907745588,1005.0473473669467,0.9125,9.27178371184113
community_irrigation,1,1,12,60,0,92000108,232.26269149591812,232.26269149591812,998.8090791557894,0.9125,9.162126419411416
community_irrigation,1,1,12,60,0,92000109,236.60937907745588,236.60937907745588,1014.7639338740372,0.9,9.277988355762393
community_irrigation,1,1,12,60,0,92000110,238.78272286822477,238.78272286822477,1008.6660135222702,0.9375,9.264350119949693
community_irrigation,1,1,12,60,0,92000111,240.95606665899365,240.95606665899365,1011.6309515608783,0.9375,9.464873126514131
community_irrigation,1,1,12,60,0,92000112,240.95606665899365,240.95606665899365,974.4337140786006,0.925,8.686824752465695
community_irrigation,1,1,12,60,0,92000113,240.95606665899365,240.95606665899365,998.8391255897409,0.9125,9.315336839167793
community_irrigation,1,1,12,60,0,92000114,234.436035286687,234.436035286687,1001.6859985277574,0.9375,9.146373723958193
community_irrigation,1,1,12,60,0,92000115,240.95606665899365,240.95606665899365,978.8326948808453,0.9,8.925486971888159
community_irrigation,10,4,1,30,0,92001000,253.78609298745675,253.78609298745675,926.0060650676953,0.0375,10.488127748265176
community_irrigation,10,4,1,30,0,92001001,247.74693715734463,247.74693715734463,854.2339349627731,0.9375,9.322397322309273
community_irrigation,10,4,1,30,0,92001002,252.27630402992872,252.27630402992872,868.7366431465904,0.9125,9.380213617624388
community_irrigation,10,4,1,30,0,92001003,250.7665150724007,250.7665150724007,915.2408338129703,0.075,10.561577925534792
community_irrigation,10,4,1,30,0,92001004,253.78609298745675,253.78609298745675,860.3756618282714,0.95,9.32118107939093
community_irrigation,10,4,1,30,0,92001005,255.29588194498479,255.29588194498479,873.6796101549537,0.925,9.425198148222673
community_irrigation,10,4,1,30,0,92001006,249.25672611487266,249.25672611487266,915.7938569178087,0.0625,10.414172947277843
community_irrigation,10,4,1,30,0,92001007,249.25672611487266,249.25672611487266,858.0234753101067,0.95,9.330899940192529
community_irrigation,10,4,1,30,0,92001008,249.25672611487266,249.25672611487266,868.0577814423832,0.95,9.407094110870142
community_irrigation,10,4,1,30,0,92001009,250.7665150724007,250.7665150724007,864.9218897236042,0.95,9.388366259699328
community_irrigation,10,4,1,30,0,92001010,252.27630402992872,252.27630402992872,858.0716064313372,0.95,9.294780736254317
community_irrigation,10,4,1,30,0,92001011,255.29588194498479,255.29588194498479,863.4517847056782,0.9375,9.28667423510306
community_irrigation,10,4,1,30,0,92001012,250.7665150724007,250.7665150724007,858.4076356100261,0.9375,9.276043618419205
community_irrigation,10,4,1,30,0,92001013,250.7665150724007,250.7665150724007,860.5133230259705,0.9375,9.334406361300976
community_irrigation,10,4,1,30,0,92001014,252.27630402992872,252.27630402992872,865.6517503022724,0.95,9.39595486995537
community_irrigation,10,4,1,30,0,92001015,250.7665150724007,250.7665150724007,856.4525443761415,0.9375,9.266388290311724
community_irrigation,10,4,6,30,2,92001000,252.18445976962082,252.18445976962082,924.4044318498593,0.1875,10.305937366212493
community_irrigation,10,4,6,30,2,92001001,246.00756558006313,246.00756558006313,852.4945633854913,0.9375,9.130312945635874
community_irrigation,10,4,6,30,2,92001002,249.71370209379776,249.71370209379776,866.1740412104592,0.9375,9.172548226272355
community_irrigation,10,4,6,30,2,92001003,250.94908093170926,250.94908093170926,915.4233996722788,0.125,10.378374695104004
community_irrigation,10,4,6,30,2,92001004,252.18445976962084,252.18445976962084,858.7740286104353,0.95,9.13153932257637
community_irrigation,10,4,6,30,2,92001005,254.65521744544387,254.65521744544387,873.0389456554127,0.925,9.236517477917259
community_irrigation,10,4,6,30,2,92001006,248.4783232558862,248.4783232558862,915.0154540588221,0.3,10.22144122675878
community_irrigation,10,4,6,30,2,92001007,248.47832325588624,248.47832325588624,857.2450724511201,0.95,9.147487988935579
community_irrigation,10,4,6,30,2,92001008,248.4783232558862,248.4783232558862,867.2793785833966,0.95,9.20375867744531
community_irrigation,10,4,6,30,2,92001009,249.71370209379774,249.71370209379774,863.8690767450012,0.95,9.207461769423276
community_irrigation,10,4,6,30,2,92001010,250.94908093170926,250.94908093170926,856.7443833331174,0.95,9.10702420134219
community_irrigation,10,4,6,30,2,92001011,254.6552174454439,254.6552174454439,862.8111202061373,0.9375,9.128020388463018
community_irrigation,10,4,6,30,2,92001012,248.4783232558862,248.4783232558862,856.1194437935114,0.95,9.099741031707945
community_irrigation,10,4,6,30,2,92001013,249.71370209379776,249.71370209379776,859.4605100473673,0.9375,9.14905975666598
community_irrigation,10,4,6,30,2,92001014,250.9490809317093,250.9490809317093,864.3245272040529,0.95,9.206289935564925
community_irrigation,10,4,6,30,2,92001015,249.71370209379776,249.71370209379776,855.3997313975385,0.95,9.07073810926183
community_irrigation,10,4,12,30,10,92001000,253.7088025748913,253.7088025748913,925.9287746551302,0.1,10.38139610244713
community_irrigation,10,4,12,30,10,92001001,247.969994514052,247.969994514052,854.4569923194806,0.9375,9.216973082749233
community_irrigation,10,4,12,30,10,92001002,252.56104096272347,252.56104096272347,869.0213800793854,0.925,9.274445993931815
community_irrigation,10,4,12,30,10,92001003,252.56104096272347,252.56104096272347,917.0353597032934,0.075,10.436792973021518
community_irrigation,10,4,12,30,10,92001004,253.70880257489134,253.70880257489134,860.2983714157062,0.95,9.217114801793691
community_irrigation,10,4,12,30,10,92001005,256.0043257992271,256.0043257992271,874.3880540091963,0.925,9.317911667060388
community_irrigation,10,4,12,30,10,92001006,250.26551773838773,250.26551773838773,916.8026485413241,0.1625,10.320907321163364
community_irrigation,10,4,12,30,10,92001007,249.11775612621986,249.11775612621986,857.3680629055261,0.95,9.231960677364853
community_irrigation,10,4,12,30,10,92001008,250.26551773838773,250.26551773838773,869.0665730658984,0.95,9.295185691267985
community_irrigation,10,4,12,30,10,92001009,251.4132793505556,251.4132793505556,865.5686540017593,0.95,9.294523717061216
community_irrigation,10,4,12,30,10,92001010,252.56104096272347,252.56104096272347,858.4001743798195,0.95,9.202142299484512
community_irrigation,10,4,12,30,10,92001011,254.85656418705918,254.85656418705918,863.012466947753,0.95,9.188255813787006
community_irrigation,10,4,12,30,10,92001012,250.26551773838773,250.26551773838773,857.9066382760134,0.95,9.168579989904307
community_irrigation,10,4,12,30,10,92001013,251.4132793505556,251.4132793505556,861.1600873041256,0.9375,9.233067254136907
community_irrigation,10,4,12,30,10,92001014,252.56104096272347,252.56104096272347,865.9364872350673,0.95,9.306070507373882
community_irrigation,10,4,12,30,10,92001015,251.4132793505556,251.4132793505556,857.0993086542967,0.95,9.16007412116925
community_irrigation,10,4,1,60,0,92001000,253.78609298745675,253.78609298745675,926.0060650676953,0.0375,10.488127748265176
community_irrigation,10,4,1,60,0,92001001,247.74693715734463,247.74693715734463,854.2339349627731,0.9375,9.322397322309273
community_irrigation,10,4,1,60,0,92001002,252.27630402992872,252.27630402992872,868.7366431465904,0.9125,9.380213617624388
community_irrigation,10,4,1,60,0,92001003,250.7665150724007,250.7665150724007,915.2408338129703,0.075,10.561577925534792
community_irrigation,10,4,1,60,0,92001004,253.78609298745675,253.78609298745675,860.3756618282714,0.95,9.32118107939093
community_irrigation,10,4,1,60,0,92001005,255.29588194498479,255.29588194498479,873.6796101549537,0.925,9.425198148222673
community_irrigation,10,4,1,60,0,92001006,249.25672611487266,249.25672611487266,915.7938569178087,0.0625,10.414172947277843
community_irrigation,10,4,1,60,0,92001007,249.25672611487266,249.25672611487266,858.0234753101067,0.95,9.330899940192529
community_irrigation,10,4,1,60,0,92001008,249.25672611487266,249.25672611487266,868.0577814423832,0.95,9.407094110870142
community_irrigation,10,4,1,60,0,92001009,250.7665150724007,250.7665150724007,864.9218897236042,0.95,9.388366259699328
community_irrigation,10,4,1,60,0,92001010,252.27630402992872,252.27630402992872,858.0716064313372,0.95,9.294780736254317
community_irrigation,10,4,1,60,0,92001011,255.29588194498479,255.29588194498479,863.4517847056782,0.9375,9.28667423510306
community_irrigation,10,4,1,60,0,92001012,250.7665150724007,250.7665150724007,858.4076356100261,0.9375,9.276043618419205
community_irrigation,10,4,1,60,0,92001013,250.7665150724007,250.7665150724007,860.5133230259705,0.9375,9.334406361300976
community_irrigation,10,4,1,60,0,92001014,252.27630402992872,252.27630402992872,865.6517503022724,0.95,9.39595486995537
community_irrigation,10,4,1,60,0,92001015,250.7665150724007,250.7665150724007,856.4525443761415,0.9375,9.266388290311724
community_irrigation,10,4,6,60,0,92001000,253.78609298745675,253.78609298745675,926.0060650676953,0.0375,10.488127748265176
community_irrigation,10,4,6,60,0,92001001,247.74693715734463,247.74693715734463,854.2339349627731,0.9375,9.322397322309273
community_irrigation,10,4,6,60,0,92001002,252.27630402992872,252.27630402992872,868.7366431465904,0.9125,9.380213617624388
community_irrigation,10,4,6,60,0,92001003,250.7665150724007,250.7665150724007,915.2408338129703,0.075,10.561577925534792
community_irrigation,10,4,6,60,0,92001004,253.78609298745675,253.78609298745675,860.3756618282714,0.95,9.32118107939093
community_irrigation,10,4,6,60,0,92001005,255.29588194498479,255.29588194498479,873.6796101549537,0.925,9.425198148222673
community_irrigation,10,4,6,60,0,92001006,249.25672611487266,249.25672611487266,915.7938569178087,0.0625,10.414172947277843
community_irrigation,10,4,6,60,0,92001007,249.25672611487266,249.25672611487266,858.0234753101067,0.95,9.330899940192529
community_irrigation,10,4,6,60,0,92001008,249.25672611487266,249.25672611487266,868.0577814423832,0.95,9.407094110870142
community_irrigation,10,4,6,60,0,92001009,250.7665150724007,250.7665150724007,864.9218897236042,0.95,9.388366259699328
community_irrigation,10,4,6,60,0,92001010,252.27630402992872,252.27630402992872,858.0716064313372,0.95,9.294780736254317
community_irrigation,10,4,6,60,0,92001011,255.29588194498479,255.29588194498479,863.4517847056782,0.9375,9.28667423510306
community_irrigation,10,4,6,60,0,92001012,250.7665150724007,250.7665150724007,858.4076356100261,0.9375,9.276043618419205
community_irrigation,10,4,6,60,0,92001013,250.7665150724007,250.7665150724007,860.5133230259705,0.9375,9.334406361300976
community_irrigation,10,4,6,60,0,92001014,252.27630402992872,252.27630402992872,865.6517503022724,0.95,9.39595486995537
community_irrigation,10,4,6,60,0,92001015,250.7665150724007,250.7665150724007,856.4525443761415,0.9375,9.266388290311724
community_irrigation,10,4,12,60,7,92001000,254.0294112605125,254.0294112605125,926.6469236957162,0.025,10.452778801649398
community_irrigation,10,4,12,60,7,92001001,245.28666977410558,245.28666977410558,851.773667579534,0.9375,9.116028016988151
community_irrigation,10,4,12,60,7,92001002,252.43982189934755,252.43982189934755,868.9001610160092,0.9125,9.288967054156533
community_irrigation,10,4,12,60,7,92001003,248.99571161682363,248.99571161682363,913.4700303573934,0.0375,10.423890023209543
community_irrigation,10,4,12,60,7,92001004,253.23461657993002,253.23461657993002,859.8241854207446,0.95,9.301534752357837
community_irrigation,10,4,12,60,7,92001005,254.29434282070667,254.29434282070667,872.6780710306755,0.925,9.407060830995553
community_irrigation,10,4,12,60,7,92001006,249.52557473721183,249.52557473721183,916.062705540148,0.125,10.280432617008795
community_irrigation,10,4,12,60,7,92001007,248.73078005662944,248.73078005662944,857.4975292518636,0.95,9.234102588909598
community_irrigation,10,4,12,60,7,92001008,249.26064317701787,249.26064317701787,868.0616985045283,0.95,9.296095163768197
community_irrigation,10,4,12,60,7,92001009,249.790506297406,249.790506297406,863.9458809486098,0.9375,9.275791524568842
community_irrigation,10,4,12,60,7,92001010,250.32036941779447,250.32036941779447,856.7401586119445,0.95,9.166075447963982
community_irrigation,10,4,12,60,7,92001011,253.76447970031833,253.76447970031833,861.9203824610117,0.925,9.350189735395796
community_irrigation,10,4,12,60,7,92001012,249.2606431770178,249.2606431770178,857.5484187861133,0.95,9.16096989627025
community_irrigation,10,4,12,60,7,92001013,248.73078005662936,248.73078005662936,858.4775880101993,0.9375,9.219882396496457
community_irrigation,10,4,12,60,7,92001014,251.90995877895924,251.90995877895924,865.2283166588168,0.95,9.38093621553636
community_irrigation,10,4,12,60,7,92001015,250.58530097798848,250.58530097798848,856.2713302817294,0.9375,9.16675484128305
community_irrigation,11,5,1,30,0,92001100,43.56048145309433,43.56048145309433,880.7999463222422,0.0,10.993564548497682
community_irrigation,11,5,1,30,0,92001101,40.1202892666372,40.1202892666372,871.7826374397888,0.0,10.975832387210502
community_irrigation,11,5,1,30,0,92001102,40.838853738437734,40.838853738437734,866.302932654507,0.0,10.980848130426127
community_irrigation,11,5,1,30,0,92001103,39.642098463335394,39.642098463335394,879.5863906872833,0.0,11.086174290436514
community_irrigation,11,5,1,30,0,92001104,37.63845179994616,37.63845179994616,869.6903063603582,0.0,10.92289158367702
community_irrigation,11,5,1,30,0,92001105,37.91834998557737,37.91834998557737,869.3203986102428,0.0,11.026800055055247
community_irrigation,11,5,1,30,0,92001106,39.918138272818915,39.918138272818915,871.3201051915017,0.0,11.025001475827775
community_irrigation,11,5,1,30,0,92001107,41.685425354476074,41.685425354476074,867.4785834915474,0.0,11.006572173920187
community_irrigation,11,5,1,30,0,92001108,36.215541510858394,36.215541510858394,873.3513158827457,0.0,11.013024091297163
community_irrigation,11,5,1,30,0,92001109,39.9687072232531,39.9687072232531,876.4189555857554,0.0,11.054599336555011
community_irrigation,11,5,1,30,0,92001110,43.348217598605686,43.348217598605686,881.6737298367459,0.0,11.06840917906401
community_irrigation,11,5,1,30,0,92001111,36.852642392257046,36.852642392257046,871.4047759614805,0.0,10.946586988709981
community_irrigation,11,5,1,30,0,92001112,43.10799826606773,43.10799826606773,890.7351398815446,0.0,11.022796181961231
community_irrigation,11,5,1,30,0,92001113,38.555865585965826,38.555865585965826,872.8096776285839,0.0,10.877878429880251
community_irrigation,11,5,1,30,0,92001114,39.721928659498786,39.721928659498786,873.2671731032915,0.0,10.945982692046584
community_irrigation,11,5,1,30,0,92001115,34.550800104308394,34.550800104308394,881.8585156119692,0.0,11.005207854194225
community_irrigation,11,5,6,30,2,92001100,32.00992380044969,32.00992380044969,862.1492232177538,0.0,10.862611084403131
community_irrigation,11,5,6,30,2,92001101,54.309501603258575,54.309501603258575,889.2455909499755,0.0,11.08456228545586
community_irrigation,11,5,6,30,2,92001102,31.241090928284297,31.241090928284297,855.5851290492845,0.0,10.889686545071381
community_irrigation,11,5,6,30,2,92001103,28.931856919997372,28.931856919997372,864.2041115113223,0.0,10.969685437658107
community_irrigation,11,5,6,30,2,92001104,28.473668039144655,28.473668039144655,866.814529505353,0.0,10.88768154876394
community_irrigation,11,5,6,30,2,92001105,49.93825800131349,49.93825800131349,881.4824180375497,0.0,11.110566989257046
community_irrigation,11,5,6,30,2,92001106,30.898886859755073,30.898886859755073,860.4686351528659,0.0,10.941441434099312
community_irrigation,11,5,6,30,2,92001107,31.57283416235457,31.57283416235457,855.7831830413606,0.0,10.913333651735423
community_irrigation,11,5,6,30,2,92001108,28.0808694170062,28.0808694170062,863.2457591194462,0.0,10.926688572016266
community_irrigation,11,5,6,30,2,92001109,49.83749245755892,49.83749245755892,883.6264823629497,0.0,11.09926361144205
community_irrigation,11,5,6,30,2,92001110,33.68368245141629,33.68368245141629,874.6201656877391,0.0,10.99764019312436
community_irrigation,11,5,6,30,2,92001111,26.91848639231034,26.91848639231034,859.8470739535069,0.0,10.858933569630581
community_irrigation,11,5,6,30,2,92001112,33.56937354969354,33.56937354969354,884.2329963895403,0.0,10.958755397873695
community_irrigation,11,5,6,30,2,92001113,57.36842234278725,57.36842234278725,892.9739141804541,0.0,11.011092714918416
community_irrigation,11,5,6,30,2,92001114,58.42257243391549,58.42257243391549,893.402983764508,0.0,11.075415075812916
community_irrigation,11,5,6,30,2,92001115,40.74996136368772,40.74996136368772,876.0723398458153,0.0,10.95385176443629
community_irrigation,11,5,12,30,2,92001100,32.00992380044969,32.00992380044969,862.1492232177538,0.0,10.862611084403131
community_irrigation,11,5,12,30,2,92001101,54.309501603258575,54.309501603258575,889.2455909499755,0.0,11.08456228545586
community_irrigation,11,5,12,30,2,92001102,31.241090928284297,31.241090928284297,855.5851290492845,0.0,10.889686545071381
community_irrigation,11,5,12,30,2,92001103,28.931856919997372,28.931856919997372,864.2041115113223,0.0,10.969685437658107
community_irrigation,11,5,12,30,2,92001104,28.473668039144655,28.473668039144655,866.814529505353,0.0,10.88768154876394
community_irrigation,11,5,12,30,2,92001105,49.93825800131349,49.93825800131349,881.4824180375497,0.0,11.110566989257046
community_irrigation,11,5,12,30,2,92001106,30.898886859755073,30.898886859755073,860.4686351528659,0.0,10.941441434099312
community_irrigation,11,5,12,30,2,92001107,31.57283416235457,31.57283416235457,855.7831830413606,0.0,10.913333651735423
community_irrigation,11,5,12,30,2,92001108,28.0808694170062,28.0808694170062,863.2457591194462,0.0,10.926688572016266
community_irrigation,11,5,12,30,2,92001109,49.83749245755892,49.83749245755892,883.6264823629497,0.0,11.09926361144205
community_irrigation,11,5,12,30,2,92001110,33.68368245141629,33.68368245141629,874.6201656877391,0.0,10.99764019312436
community_irrigation,11,5,12,30,2,92001111,26.91848639231034,26.91848639231034,859.8470739535069,0.0,10.858933569630581
community_irrigation,11,5,12,30,2,92001112,33.56937354969354,33.56937354969354,884.2329963895403,0.0,10.958755397873695
community_irrigation,11,5,12,30,2,92001113,57.36842234278725,57.36842234278725,892.9739141804541,0.0,11.011092714918416
community_irrigation,11,5,12,30,2,92001114,58.42257243391549,58.42257243391549,893.402983764508,0.0,11.075415075812916
community_irrigation,11,5,12,30,2,92001115,40.74996136368772,40.74996136368772,876.0723398458153,0.0,10.95385176443629
community_irrigation,11,5,1,60,0,92001100,43.56048145309433,43.56048145309433,880.7999463222422,0.0,10.993564548497682
community_irrigation,11,5,1,60,0,92001101,40.1202892666372,40.1202892666372,871.7826374397888,0.0,10.975832387210502
community_irrigation,11,5,1,60,0,92001102,40.838853738437734,40.838853738437734,866.302932654507,0.0,10.980848130426127
community_irrigation,11,5,1,60,0,92001103,39.642098463335394,39.642098463335394,879.5863906872833,0.0,11.086174290436514
community_irrigation,11,5,1,60,0,92001104,37.63845179994616,37.63845179994616,869.6903063603582,0.0,10.92289158367702
community_irrigation,11,5,1,60,0,92001105,37.91834998557737,37.91834998557737,869.3203986102428,0.0,11.026800055055247
community_irrigation,11,5,1,60,0,92001106,39.918138272818915,39.918138272818915,871.3201051915017,0.0,11.025001475827775
community_irrigation,11,5,1,60,0,92001107,41.685425354476074,41.685425354476074,867.4785834915474,0.0,11.006572173920187
community_irrigation,11,5,1,60,0,92001108,36.215541510858394,36.215541510858394,873.3513158827457,0.0,11.013024091297163
community_irrigation,11,5,1,60,0,92001109,39.9687072232531,39.9687072232531,876.4189555857554,0.0,11.054599336555011
community_irrigation,11,5,1,60,0,92001110,43.348217598605686,43.348217598605686,881.6737298367459,0.0,11.06840917906401
community_irrigation,11,5,1,60,0,92001111,36.852642392257046,36.852642392257046,871.4047759614805,0.0,10.946586988709981
community_irrigation,11,5,1,60,0,92001112,43.10799826606773,43.10799826606773,890.7351398815446,0.0,11.022796181961231
community_irrigation,11,5,1,60,0,92001113,38.555865585965826,38.555865585965826,872.8096776285839,0.0,10.877878429880251
community_irrigation,11,5,1,60,0,92001114,39.721928659498786,39.721928659498786,873.2671731032915,0.0,10.945982692046584
community_irrigation,11,5,1,60,0,92001115,34.550800104308394,34.550800104308394,881.8585156119692,0.0,11.005207854194225
community_irrigation,11,5,6,60,2,92001100,32.00992380044969,32.00992380044969,862.1492232177538,0.0,10.862611084403131
community_irrigation,11,5,6,60,2,92001101,54.309501603258575,54.309501603258575,889.2455909499755,0.0,11.08456228545586
community_irrigation,11,5,6,60,2,92001102,31.241090928284297,31.241090928284297,855.5851290492845,0.0,10.889686545071381
community_irrigation,11,5,6,60,2,92001103,28.931856919997372,28.931856919997372,864.2041115113223,0.0,10.969685437658107
community_irrigation,11,5,6,60,2,92001104,28.473668039144655,28.473668039144655,866.814529505353,0.0,10.88768154876394
community_irrigation,11,5,6,60,2,92001105,49.93825800131349,49.93825800131349,881.4824180375497,0.0,11.110566989257046
community_irrigation,11,5,6,60,2,92001106,30.898886859755073,30.898886859755073,860.4686351528659,0.0,10.941441434099312
community_irrigation,11,5,6,60,2,92001107,31.57283416235457,31.57283416235457,855.7831830413606,0.0,10.913333651735423
community_irrigation,11,5,6,60,2,92001108,28.0808694170062,28.0808694170062,863.2457591194462,0.0,10.926688572016266
community_irrigation,11,5,6,60,2,92001109,49.83749245755892,49.83749245755892,883.6264823629497,0.0,11.09926361144205
community_irrigation,11,5,6,60,2,92001110,33.68368245141629,33.68368245141629,874.6201656877391,0.0,10.99764019312436
community_irrigation,11,5,6,60,2,92001111,26.91848639231034,26.91848639231034,859.8470739535069,0.0,10.858933569630581
community_irrigation,11,5,6,60,2,92001112,33.56937354969354,33.56937354969354,884.2329963895403,0.0,10.958755397873695
community_irrigation,11,5,6,60,2,92001113,57.36842234278725,57.36842234278725,892.9739141804541,0.0,11.011092714918416
community_irrigation,11,5,6,60,2,92001114,58.42257243391549,58.42257243391549,893.402983764508,0.0,11.075415075812916
community_irrigation,11,5,6,60,2,92001115,40.74996136368772,40.74996136368772,876.0723398458153,0.0,10.95385176443629
community_irrigation,11,5,12,60,2,92001100,32.00992380044969,32.00992380044969,862.1492232177538,0.0,10.862611084403131
community_irrigation,11,5,12,60,2,92001101,54.309501603258575,54.309501603258575,889.2455909499755,0.0,11.08456228545586
community_irrigation,11,5,12,60,2,92001102,31.241090928284297,31.241090928284297,855.5851290492845,0.0,10.889686545071381
community_irrigation,11,5,12,60,2,92001103,28.931856919997372,28.931856919997372,864.2041115113223,0.0,10.969685437658107
community_irrigation,11,5,12,60,2,92001104,28.473668039144655,28.473668039144655,866.814529505353,0.0,10.88768154876394
community_irrigation,11,5,12,60,2,92001105,49.93825800131349,49.93825800131349,881.4824180375497,0.0,11.110566989257046
community_irrigation,11,5,12,60,2,92001106,30.898886859755073,30.898886859755073,860.4686351528659,0.0,10.941441434099312
community_irrigation,11,5,12,60,2,92001107,31.57283416235457,31.57283416235457,855.7831830413606,0.0,10.913333651735423
community_irrigation,11,5,12,60,2,92001108,28.0808694170062,28.0808694170062,863.2457591194462,0.0,10.926688572016266
community_irrigation,11,5,12,60,2,92001109,49.83749245755892,49.83749245755892,883.6264823629497,0.0,11.09926361144205
community_irrigation,11,5,12,60,2,92001110,33.68368245141629,33.68368245141629,874.6201656877391,0.0,10.99764019312436
community_irrigation,11,5,12,60,2,92001111,26.91848639231034,26.91848639231034,859.8470739535069,0.0,10.858933569630581
community_irrigation,11,5,12,60,2,92001112,33.56937354969354,33.56937354969354,884.2329963895403,0.0,10.958755397873695
community_irrigation,11,5,12,60,2,92001113,57.36842234278725,57.36842234278725,892.9739141804541,0.0,11.011092714918416
community_irrigation,11,5,12,60,2,92001114,58.42257243391549,58.42257243391549,893.402983764508,0.0,11.075415075812916
community_irrigation,11,5,12,60,2,92001115,40.74996136368772,40.74996136368772,876.0723398458153,0.0,10.95385176443629
community_irrigation,2,2,1,30,0,92000200,230.98960052882586,230.98960052882586,913.1015729156117,0.0125,10.543737364494532
community_irrigation,2,2,1,30,0,92000201,230.98960052882586,230.98960052882586,911.9655237858774,0.0375,10.458357954573435
community_irrigation,2,2,1,30,0,92000202,230.98960052882586,230.98960052882586,914.3859231145586,0.0375,10.491579627748632
community_irrigation,2,2,1,30,0,92000203,230.98960052882586,230.98960052882586,909.7555747436427,0.0,10.54661611257173
community_irrigation,2,2,1,30,0,92000204,230.98960052882586,230.98960052882586,910.0666074724186,0.075,10.445953114326581
community_irrigation,2,2,1,30,0,92000205,230.98960052882586,230.98960052882586,907.1220304802316,0.0,10.47780635255712
community_irrigation,2,2,1,30,0,92000206,230.98960052882586,230.98960052882586,916.7166390650955,0.05,10.458716961160471
community_irrigation,2,2,1,30,0,92000207,230.98960052882586,230.98960052882586,912.8770511765938,0.025,10.497893842188896
community_irrigation,2,2,1,30,0,92000208,230.98960052882586,230.98960052882586,911.9183772732474,0.0125,10.506374999871188
community_irrigation,2,2,1,30,0,92000209,230.98960052882586,230.98960052882586,914.0177315283318,0.025,10.519422225322206
community_irrigation,2,2,1,30,0,92000210,230.98960052882586,230.98960052882586,911.5213632580079,0.0,10.514906508551892
community_irrigation,2,2,1,30,0,92000211,230.98960052882586,230.98960052882586,911.9988096233371,0.0,10.52795724894319
community_irrigation,2,2,1,30,0,92000212,230.98960052882586,230.98960052882586,907.1862466329472,0.025,10.502756961682447
community_irrigation,2,2,1,30,0,92000213,230.98960052882586,230.98960052882586,909.6817212063473,0.025,10.499865187740065
community_irrigation,2,2,1,30,0,92000214,230.98960052882586,230.98960052882586,912.3388074726599,0.0125,10.509195824512727
community_irrigation,2,2,1,30,0,92000215,230.98960052882586,230.98960052882586,912.171912714653,0.025,10.446124156028018
community_irrigation,2,2,6,30,5,92000200,254.09608641370684,254.09608641370684,938.7334418577663,0.85,9.919860511627927
community_irrigation,2,2,6,30,5,92000201,249.66475704285259,249.66475704285259,928.7613294043612,0.8375,9.882118650705547
community_irrigation,2,2,6,30,5,92000202,250.21867321420936,250.21867321420936,931.4576608135474,0.825,9.90594012962997
community_irrigation,2,2,6,30,5,92000203,257.41958344184746,257.41958344184746,934.0701404990517,0.8625,9.916775716680432
community_irrigation,2,2,6,30,5,92000204,249.66475704285259,249.66475704285259,927.0339497401385,0.8875,9.86920238331459
community_irrigation,2,2,6,30,5,92000205,252.98825407099326,252.98825407099326,927.3893893680599,0.9,9.843835376515818
community_irrigation,2,2,6,30,5,92000206,248.0030085287823,248.0030085287823,932.8430164903759,0.8875,9.90255020762154
community_irrigation,2,2,6,30,5,92000207,251.88042172827977,251.88042172827977,932.4804103993276,0.825,9.906523486432778
community_irrigation,2,2,6,30,5,92000208,250.77258938556614,250.77258938556614,930.9444454078692,0.8625,9.895481610047721
community_irrigation,2,2,6,30,5,92000209,253.54217024235,253.54217024235,934.2589265505567,0.8625,9.906565422016502
community_irrigation,2,2,6,30,5,92000210,251.8804217282797,251.8804217282797,931.6368360651604,0.875,9.899137583075905
community_irrigation,2,2,6,30,5,92000211,254.0960864137068,254.0960864137068,932.6513305907824,0.85,9.88193472208117
community_irrigation,2,2,6,30,5,92000212,255.2039187564204,255.2039187564204,932.6376727905497,0.85,9.8842896920922
community_irrigation,2,2,6,30,5,92000213,251.88042172827974,251.88042172827974,929.5691884854759,0.875,9.893091874314774
community_irrigation,2,2,6,30,5,92000214,252.98825407099326,252.98825407099326,932.9853915441039,0.85,9.905043098971658
community_irrigation,2,2,6,30,5,92000215,248.55692470013904,248.55692470013904,927.3760337253841,0.8875,9.870327134908873
community_irrigation,2,2,12,30,5,92000200,254.09608641370684,254.09608641370684,938.7334418577663,0.85,9.919860511627927
community_irrigation,2,2,12,30,5,92000201,249.66475704285259,249.66475704285259,928.7613294043612,0.8375,9.882118650705547
community_irrigation,2,2,12,30,5,92000202,250.21867321420936,250.21867321420936,931.4576608135474,0.825,9.90594012962997
community_irrigation,2,2,12,30,5,92000203,257.41958344184746,257.41958344184746,934.0701404990517,0.8625,9.916775716680432
community_irrigation,2,2,12,30,5,92000204,249.66475704285259,249.66475704285259,927.0339497401385,0.8875,9.86920238331459
community_irrigation,2,2,12,30,5,92000205,252.98825407099326,252.98825407099326,927.3893893680599,0.9,9.843835376515818
community_irrigation,2,2,12,30,5,92000206,248.0030085287823,248.0030085287823,932.8430164903759,0.8875,9.90255020762154
community_irrigation,2,2,12,30,5,92000207,251.88042172827977,251.88042172827977,932.4804103993276,0.825,9.906523486432778
community_irrigation,2,2,12,30,5,92000208,250.77258938556614,250.77258938556614,930.9444454078692,0.8625,9.895481610047721
community_irrigation,2,2,12,30,5,92000209,253.54217024235,253.54217024235,934.2589265505567,0.8625,9.906565422016502
community_irrigation,2,2,12,30,5,92000210,251.8804217282797,251.8804217282797,931.6368360651604,0.875,9.899137583075905
community_irrigation,2,2,12,30,5,92000211,254.0960864137068,254.0960864137068,932.6513305907824,0.85,9.88193472208117
community_irrigation,2,2,12,30,5,92000212,255.2039187564204,255.2039187564204,932.6376727905497,0.85,9.8842896920922
community_irrigation,2,2,12,30,5,92000213,251.88042172827974,251.88042172827974,929.5691884854759,0.875,9.893091874314774
community_irrigation,2,2,12,30,5,92000214,252.98825407099326,252.98825407099326,932.9853915441039,0.85,9.905043098971658
community_irrigation,2,2,12,30,5,92000215,248.55692470013904,248.55692470013904,927.3760337253841,0.8875,9.870327134908873
community_irrigation,2,2,1,60,0,92000200,230.98960052882586,230.98960052882586,913.1015729156117,0.0125,10.543737364494532
community_irrigation,2,2,1,60,0,92000201,230.98960052882586,230.98960052882586,911.9655237858774,0.0375,10.458357954573435
community_irrigation,2,2,1,60,0,92000202,230.98960052882586,230.98960052882586,914.3859231145586,0.0375,10.491579627748632
community_irrigation,2,2,1,60,0,92000203,230.98960052882586,230.98960052882586,909.7555747436427,0.0,10.54661611257173
community_irrigation,2,2,1,60,0,92000204,230.98960052882586,230.98960052882586,910.0666074724186,0.075,10.445953114326581
community_irrigation,2,2,1,60,0,92000205,230.98960052882586,230.98960052882586,907.1220304802316,0.0,10.47780635255712
community_irrigation,2,2,1,60,0,92000206,230.98960052882586,230.98960052882586,916.7166390650955,0.05,10.458716961160471
community_irrigation,2,2,1,60,0,92000207,230.98960052882586,230.98960052882586,912.8770511765938,0.025,10.497893842188896
community_irrigation,2,2,1,60,0,92000208,230.98960052882586,230.98960052882586,911.9183772732474,0.0125,10.506374999871188
community_irrigation,2,2,1,60,0,92000209,230.98960052882586,230.98960052882586,914.0177315283318,0.025,10.519422225322206
community_irrigation,2,2,1,60,0,92000210,230.98960052882586,230.98960052882586,911.5213632580079,0.0,10.514906508551892
community_irrigation,2,2,1,60,0,92000211,230.98960052882586,230.98960052882586,911.9988096233371,0.0,10.52795724894319
community_irrigation,2,2,1,60,0,92000212,230.98960052882586,230.98960052882586,907.1862466329472,0.025,10.502756961682447
community_irrigation,2,2,1,60,0,92000213,230.98960052882586,230.98960052882586,909.6817212063473,0.025,10.499865187740065
community_irrigation,2,2,1,60,0,92000214,230.98960052882586,230.98960052882586,912.3388074726599,0.0125,10.509195824512727
community_irrigation,2,2,1,60,0,92000215,230.98960052882586,230.98960052882586,912.171912714653,0.025,10.446124156028018
community_irrigation,2,2,6,60,5,92000200,254.09608641370684,254.09608641370684,938.7334418577663,0.85,9.919860511627927
community_irrigation,2,2,6,60,5,92000201,249.66475704285259,249.66475704285259,928.7613294043612,0.8375,9.882118650705547
community_irrigation,2,2,6,60,5,92000202,250.21867321420936,250.21867321420936,931.4576608135474,0.825,9.90594012962997
community_irrigation,2,2,6,60,5,92000203,257.41958344184746,257.41958344184746,934.0701404990517,0.8625,9.916775716680432
community_irrigation,2,2,6,60,5,92000204,249.66475704285259,249.66475704285259,927.0339497401385,0.8875,9.86920238331459
community_irrigation,2,2,6,60,5,92000205,252.98825407099326,252.98825407099326,927.3893893680599,0.9,9.843835376515818
community_irrigation,2,2,6,60,5,92000206,248.0030085287823,248.0030085287823,932.8430164903759,0.8875,9.90255020762154
community_irrigation,2,2,6,60,5,92000207,251.88042172827977,251.88042172827977,932.4804103993276,0.825,9.906523486432778
community_irrigation,2,2,6,60,5,92000208,250.77258938556614,250.77258938556614,930.9444454078692,0.8625,9.895481610047721
community_irrigation,2,2,6,60,5,92000209,253.54217024235,253.54217024235,934.2589265505567,0.8625,9.906565422016502
community_irrigation,2,2,6,60,5,92000210,251.8804217282797,251.8804217282797,931.6368360651604,0.875,9.899137583075905
community_irrigation,2,2,6,60,5,92000211,254.0960864137068,254.0960864137068,932.6513305907824,0.85,9.88193472208117
community_irrigation,2,2,6,60,5,92000212,255.2039187564204,255.2039187564204,932.6376727905497,0.85,9.8842896920922
community_irrigation,2,2,6,60,5,92000213,251.88042172827974,251.88042172827974,929.5691884854759,0.875,9.893091874314774
community_irrigation,2,2,6,60,5,92000214,252.98825407099326,252.98825407099326,932.9853915441039,0.85,9.905043098971658
community_irrigation,2,2,6,60,5,92000215,248.55692470013904,248.55692470013904,927.3760337253841,0.8875,9.870327134908873
community_irrigation,2,2,12,60,5,92000200,254.09608641370684,254.09608641370684,938.7334418577663,0.85,9.919860511627927
community_irrigation,2,2,12,60,5,92000201,249.66475704285259,249.66475704285259,928.7613294043612,0.8375,9.882118650705547
community_irrigation,2,2,12,60,5,92000202,250.21867321420936,250.21867321420936,931.4576608135474,0.825,9.90594012962997
community_irrigation,2,2,12,60,5,92000203,257.41958344184746,257.41958344184746,934.0701404990517,0.8625,9.916775716680432
community_irrigation,2,2,12,60,5,92000204,249.66475704285259,249.66475704285259,927.0339497401385,0.8875,9.86920238331459
community_irrigation,2,2,12,60,5,92000205,252.98825407099326,252.98825407099326,927.3893893680599,0.9,9.843835376515818
community_irrigation,2,2,12,60,5,92000206,248.0030085287823,248.0030085287823,932.8430164903759,0.8875,9.90255020762154
community_irrigation,2,2,12,60,5,92000207,251.88042172827977,251.88042172827977,932.4804103993276,0.825,9.906523486432778
community_irrigation,2,2,12,60,5,92000208,250.77258938556614,250.77258938556614,930.9444454078692,0.8625,9.895481610047721
community_irrigation,2,2,12,60,5,92000209,253.54217024235,253.54217024235,934.2589265505567,0.8625,9.906565422016502
community_irrigation,2,2,12,60,5,92000210,251.8804217282797,251.8804217282797,931.6368360651604,0.875,9.899137583075905
community_irrigation,2,2,12,60,5,92000211,254.0960864137068,254.0960864137068,932.6513305907824,0.85,9.88193472208117
community_irrigation,2,2,12,60,5,92000212,255.2039187564204,255.2039187564204,932.6376727905497,0.85,9.8842896920922
community_irrigation,2,2,12,60,5,92000213,251.88042172827974,251.88042172827974,929.5691884854759,0.875,9.893091874314774
community_irrigation,2,2,12,60,5,92000214,252.98825407099326,252.98825407099326,932.9853915441039,0.85,9.905043098971658
community_irrigation,2,2,12,60,5,92000215,248.55692470013904,248.55692470013904,927.3760337253841,0.8875,9.870327134908873
community_irrigation,3,3,1,30,0,92000300,34.07203505436594,34.07203505436594,936.0088633307362,0.8375,8.961169129686695
community_irrigation,3,3,1,30,0,92000301,32.77091307478825,32.77091307478825,1018.3962862739504,0.575,10.147038803916216
community_irrigation,3,3,1,30,0,92000302,34.10103517775495,34.10103517775495,1005.1168198523708,0.65,10.078936691668769
community_irrigation,3,3,1,30,0,92000303,33.327637507253655,33.327637507253655,995.9242003541764,0.725,9.99032963414442
community_irrigation,3,3,1,30,0,92000304,32.90737007815607,32.90737007815607,939.8539898903166,0.9125,9.087651348921781
community_irrigation,3,3,1,30,0,92000305,28.987735109891215,28.987735109891215,920.8499456360448,0.8875,8.825434063947565
community_irrigation,3,3,1,30,0,92000306,30.92035055827949,30.92035055827949,990.2710710313754,0.725,9.959000524783201
community_irrigation,3,3,1,30,0,92000307,33.74353392047449,33.74353392047449,975.9603144438186,0.8,9.231968502749908
community_irrigation,3,3,1,30,0,92000308,33.207062856485315,33.207062856485315,956.9990055115826,0.8,9.17464894643062
community_irrigation,3,3,1,30,0,92000309,33.47812341938123,33.47812341938123,936.6120545182175,0.85,8.981105909827251
community_irrigation,3,3,1,30,0,92000310,29.540811614547376,29.540811614547376,915.6861529511458,0.9,8.81052065432667
community_irrigation,3,3,1,30,0,92000311,32.79106953015903,32.79106953015903,992.4854778945183,0.725,9.940107676977265
community_irrigation,3,3,1,30,0,92000312,31.92774617739318,31.92774617739318,993.089722932422,0.5875,10.085381542316494
community_irrigation,3,3,1,30,0,92000313,31.41448763595376,31.41448763595376,992.4947879878304,0.8875,9.839910748951993
community_irrigation,3,3,1,30,0,92000314,31.766758812998173,31.766758812998173,991.8309694261211,0.625,10.040235546456234
community_irrigation,3,3,1,30,0,92000315,31.89034553981302,31.89034553981302,929.998028135372,0.9125,8.888887370849133
community_irrigation,3,3,6,30,4,92000300,35.24486714386682,35.24486714386682,940.7083587609518,0.8375,9.010889260856388
community_irrigation,3,3,6,30,4,92000301,33.108162176342695,33.108162176342695,1015.6545977088447,0.55,10.145691684288812
community_irrigation,3,3,6,30,4,92000302,34.4089948224336,34.4089948224336,1005.4247794970495,0.65,10.058717179456456
community_irrigation,3,3,6,30,4,92000303,33.32863138073486,33.32863138073486,993.3297721211823,0.75,9.96419652187952
community_irrigation,3,3,6,30,4,92000304,33.31540291508442,33.31540291508442,930.4495209827796,0.925,8.982531572571965
community_irrigation,3,3,6,30,4,92000305,31.809807208358194,31.809807208358194,924.1485105692154,0.85,8.863091181204535
community_irrigation,3,3,6,30,4,92000306,31.301510899312046,31.301510899312046,986.6920156489246,0.7875,9.940368299903103
community_irrigation,3,3,6,30,4,92000307,33.60666842572964,33.60666842572964,927.8042827347358,0.85,8.878068892520137
community_irrigation,3,3,6,30,4,92000308,34.79638718769377,34.79638718769377,969.4743694918548,0.8,9.325154284369116
community_irrigation,3,3,6,30,4,92000309,34.8589859545427,34.8589859545427,942.8991679256118,0.85,9.05549346403607
community_irrigation,3,3,6,30,4,92000310,29.883707049362872,29.883707049362872,911.580544931099,0.9,8.723397509380323
community_irrigation,3,3,6,30,4,92000311,32.778509430872205,32.778509430872205,992.3689962774765,0.775,9.91452533524961
community_irrigation,3,3,6,30,4,92000312,32.27762525433846,32.27762525433846,993.4396020093673,0.5875,10.080400372937998
community_irrigation,3,3,6,30,4,92000313,32.794962776127235,32.794962776127235,993.8752631280039,0.825,9.887288625579632
community_irrigation,3,3,6,30,4,92000314,31.751625423282047,31.751625423282047,991.815836036405,0.65,10.03496946053111
community_irrigation,3,3,6,30,4,92000315,32.17023874533933,32.17023874533933,923.5274179309322,0.9125,8.85554106993278
community_irrigation,3,3,12,30,4,92000300,35.24486714386682,35.24486714386682,940.7083587609518,0.8375,9.010889260856388
community_irrigation,3,3,12,30,4,92000301,33.108162176342695,33.108162176342695,1015.6545977088447,0.55,10.145691684288812
community_irrigation,3,3,12,30,4,92000302,34.4089948224336,34.4089948224336,1005.4247794970495,0.65,10.058717179456456
community_irrigation,3,3,12,30,4,92000303,33.32863138073486,33.32863138073486,993.3297721211823,0.75,9.96419652187952
community_irrigation,3,3,12,30,4,92000304,33.31540291508442,33.31540291508442,930.4495209827796,0.925,8.982531572571965
community_irrigation,3,3,12,30,4,92000305,31.809807208358194,31.809807208358194,924.1485105692154,0.85,8.863091181204535
community_irrigation,3,3,12,30,4,92000306,31.301510899312046,31.301510899312046,986.6920156489246,0.7875,9.940368299903103
community_irrigation,3,3,12,30,4,92000307,33.60666842572964,33.60666842572964,927.8042827347358,0.85,8.878068892520137
community_irrigation,3,3,12,30,4,92000308,34.79638718769377,34.79638718769377,969.4743694918548,0.8,9.325154284369116
community_irrigation,3,3,12,30,4,92000309,34.8589859545427,34.8589859545427,942.8991679256118,0.85,9.05549346403607
community_irrigation,3,3,12,30,4,92000310,29.883707049362872,29.883707049362872,911.580544931099,0.9,8.723397509380323
community_irrigation,3,3,12,30,4,92000311,32.778509430872205,32.778509430872205,992.3689962774765,0.775,9.91452533524961
community_irrigation,3,3,12,30,4,92000312,32.27762525433846,32.27762525433846,993.4396020093673,0.5875,10.080400372937998
community_irrigation,3,3,12,30,4,92000313,32.794962776127235,32.794962776127235,993.8752631280039,0.825,9.887288625579632
community_irrigation,3,3,12,30,4,92000314,31.751625423282047,31.751625423282047,991.815836036405,0.65,10.03496946053111
community_irrigation,3,3,12,30,4,92000315,32.17023874533933,32.17023874533933,923.5274179309322,0.9125,8.85554106993278
community_irrigation,3,3,1,60,0,92000300,34.07203505436594,34.07203505436594,936.0088633307362,0.8375,8.961169129686695
community_irrigation,3,3,1,60,0,92000301,32.77091307478825,32.77091307478825,1018.3962862739504,0.575,10.147038803916216
community_irrigation,3,3,1,60,0,92000302,34.10103517775495,34.10103517775495,1005.1168198523708,0.65,10.078936691668769
community_irrigation,3,3,1,60,0,92000303,33.327637507253655,33.327637507253655,995.9242003541764,0.725,9.99032963414442
community_irrigation,3,3,1,60,0,92000304,32.90737007815607,32.90737007815607,939.8539898903166,0.9125,9.087651348921781
community_irrigation,3,3,1,60,0,92000305,28.987735109891215,28.987735109891215,920.8499456360448,0.8875,8.825434063947565
community_irrigation,3,3,1,60,0,92000306,30.92035055827949,30.92035055827949,990.2710710313754,0.725,9.959000524783201
community_irrigation,3,3,1,60,0,92000307,33.74353392047449,33.74353392047449,975.9603144438186,0.8,9.231968502749908
community_irrigation,3,3,1,60,0,92000308,33.207062856485315,33.207062856485315,956.9990055115826,0.8,9.17464894643062
community_irrigation,3,3,1,60,0,92000309,33.47812341938123,33.47812341938123,936.6120545182175,0.85,8.981105909827251
community_irrigation,3,3,1,60,0,92000310,29.540811614547376,29.540811614547376,915.6861529511458,0.9,8.81052065432667
community_irrigation,3,3,1,60,0,92000311,32.79106953015903,32.79106953015903,992.4854778945183,0.725,9.940107676977265
community_irrigation,3,3,1,60,0,92000312,31.92774617739318,31.92774617739318,993.089722932422,0.5875,10.085381542316494
community_irrigation,3,3,1,60,0,92000313,31.41448763595376,31.41448763595376,992.4947879878304,0.8875,9.839910748951993
community_irrigation,3,3,1,60,0,92000314,31.766758812998173,31.766758812998173,991.8309694261211,0.625,10.040235546456234
community_irrigation,3,3,1,60,0,92000315,31.89034553981302,31.89034553981302,929.998028135372,0.9125,8.888887370849133
community_irrigation,3,3,6,60,4,92000300,35.24486714386682,35.24486714386682,940.7083587609518,0.8375,9.010889260856388
community_irrigation,3,3,6,60,4,92000301,33.108162176342695,33.108162176342695,1015.6545977088447,0.55,10.145691684288812
community_irrigation,3,3,6,60,4,92000302,34.4089948224336,34.4089948224336,1005.4247794970495,0.65,10.058717179456456
community_irrigation,3,3,6,60,4,92000303,33.32863138073486,33.32863138073486,993.3297721211823,0.75,9.96419652187952
community_irrigation,3,3,6,60,4,92000304,33.31540291508442,33.31540291508442,930.4495209827796,0.925,8.982531572571965
community_irrigation,3,3,6,60,4,92000305,31.809807208358194,31.809807208358194,924.1485105692154,0.85,8.863091181204535
community_irrigation,3,3,6,60,4,92000306,31.301510899312046,31.301510899312046,986.6920156489246,0.7875,9.940368299903103
community_irrigation,3,3,6,60,4,92000307,33.60666842572964,33.60666842572964,927.8042827347358,0.85,8.878068892520137
community_irrigation,3,3,6,60,4,92000308,34.79638718769377,34.79638718769377,969.4743694918548,0.8,9.325154284369116
community_irrigation,3,3,6,60,4,92000309,34.8589859545427,34.8589859545427,942.8991679256118,0.85,9.05549346403607
community_irrigation,3,3,6,60,4,92000310,29.883707049362872,29.883707049362872,911.580544931099,0.9,8.723397509380323
community_irrigation,3,3,6,60,4,92000311,32.778509430872205,32.778509430872205,992.3689962774765,0.775,9.91452533524961
community_irrigation,3,3,6,60,4,92000312,32.27762525433846,32.27762525433846,993.4396020093673,0.5875,10.080400372937998
community_irrigation,3,3,6,60,4,92000313,32.794962776127235,32.794962776127235,993.8752631280039,0.825,9.887288625579632
community_irrigation,3,3,6,60,4,92000314,31.751625423282047,31.751625423282047,991.815836036405,0.65,10.03496946053111
community_irrigation,3,3,6,60,4,92000315,32.17023874533933,32.17023874533933,923.5274179309322,0.9125,8.85554106993278
community_irrigation,3,3,12,60,4,92000300,35.24486714386682,35.24486714386682,940.7083587609518,0.8375,9.010889260856388
community_irrigation,3,3,12,60,4,92000301,33.108162176342695,33.108162176342695,1015.6545977088447,0.55,10.145691684288812
community_irrigation,3,3,12,60,4,92000302,34.4089948224336,34.4089948224336,1005.4247794970495,0.65,10.058717179456456
community_irrigation,3,3,12,60,4,92000303,33.32863138073486,33.32863138073486,993.3297721211823,0.75,9.96419652187952
community_irrigation,3,3,12,60,4,92000304,33.31540291508442,33.31540291508442,930.4495209827796,0.925,8.982531572571965
community_irrigation,3,3,12,60,4,92000305,31.809807208358194,31.809807208358194,924.1485105692154,0.85,8.863091181204535
community_irrigation,3,3,12,60,4,92000306,31.301510899312046,31.301510899312046,986.6920156489246,0.7875,9.940368299903103
community_irrigation,3,3,12,60,4,92000307,33.60666842572964,33.60666842572964,927.8042827347358,0.85,8.878068892520137
community_irrigation,3,3,12,60,4,92000308,34.79638718769377,34.79638718769377,969.4743694918548,0.8,9.325154284369116
community_irrigation,3,3,12,60,4,92000309,34.8589859545427,34.8589859545427,942.8991679256118,0.85,9.05549346403607
community_irrigation,3,3,12,60,4,92000310,29.883707049362872,29.883707049362872,911.580544931099,0.9,8.723397509380323
community_irrigation,3,3,12,60,4,92000311,32.778509430872205,32.778509430872205,992.3689962774765,0.775,9.91452533524961
community_irrigation,3,3,12,60,4,92000312,32.27762525433846,32.27762525433846,993.4396020093673,0.5875,10.080400372937998
community_irrigation,3,3,12,60,4,92000313,32.794962776127235,32.794962776127235,993.8752631280039,0.825,9.887288625579632
community_irrigation,3,3,12,60,4,92000314,31.751625423282047,31.751625423282047,991.815836036405,0.65,10.03496946053111
community_irrigation,3,3,12,60,4,92000315,32.17023874533933,32.17023874533933,923.5274179309322,0.9125,8.85554106993278
community_irrigation,4,4,1,30,0,92000400,31.11478821801754,31.11478821801754,917.6765687358495,0.8,9.807899865763435
community_irrigation,4,4,1,30,0,92000401,31.080681571679563,31.080681571679563,928.4258876659342,0.75,9.871181053403877
community_irrigation,4,4,1,30,0,92000402,30.36915979109878,30.36915979109878,930.9347132319801,0.8375,9.882384542430554
community_irrigation,4,4,1,30,0,92000403,30.246836727678094,30.246836727678094,919.0944990401322,0.875,9.806981508218833
community_irrigation,4,4,1,30,0,92000404,28.502530246386776,28.502530246386776,914.2559478614533,0.8625,9.794329763692762
community_irrigation,4,4,1,30,0,92000405,25.345772163485208,25.345772163485208,916.0954538155962,0.9,9.830917188502173
community_irrigation,4,4,1,30,0,92000406,28.545824017570926,28.545824017570926,935.3705614676892,0.65,9.926022450973102
community_irrigation,4,4,1,30,0,92000407,27.898613831130202,27.898613831130202,932.5956925439098,0.7125,9.939926434403748
community_irrigation,4,4,1,30,0,92000408,29.668127170525967,29.668127170525967,907.7573181493428,0.95,9.686978240645999
community_irrigation,4,4,1,30,0,92000409,28.51826886893478,28.51826886893478,915.5645360302879,0.9,9.774508308021442
community_irrigation,4,4,1,30,0,92000410,29.780897123481182,29.780897123481182,912.7389732270392,0.875,9.815999963416468
community_irrigation,4,4,1,30,0,92000411,31.954824158160864,31.954824158160864,936.5626991755901,0.75,9.939342523976858
community_irrigation,4,4,1,30,0,92000412,33.58816847029408,33.58816847029408,930.1009032495958,0.6875,9.916847744790713
community_irrigation,4,4,1,30,0,92000413,29.720931269253107,29.720931269253107,921.2597339733597,0.8625,9.840801684925815
community_irrigation,4,4,1,30,0,92000414,27.380519817532463,27.380519817532463,913.1091813592764,0.9375,9.784305571821392
community_irrigation,4,4,1,30,0,92000415,29.874254719007116,29.874254719007116,919.4206304380567,0.9125,9.796128838606474
community_irrigation,4,4,6,30,4,92000400,41.70239549161986,41.70239549161986,926.4956619145273,0.8375,9.827654315183926
community_irrigation,4,4,6,30,4,92000401,34.626780682732345,34.626780682732345,938.6145989865539,0.65,9.999879402936951
community_irrigation,4,4,6,30,4,92000402,34.98990847689136,34.98990847689136,930.1269276188631,0.8875,9.867108672813421
community_irrigation,4,4,6,30,4,92000403,33.65381629572625,33.65381629572625,928.8441440657014,0.8125,9.904968801469057
community_irrigation,4,4,6,30,4,92000404,33.75726395783131,33.75726395783131,921.1713346252895,0.7875,9.876409269588914
community_irrigation,4,4,6,30,4,92000405,30.56530122598004,30.56530122598004,917.9936767733075,0.825,9.8577185857953
community_irrigation,4,4,6,30,4,92000406,35.84217488389542,35.84217488389542,942.9668590860596,0.675,9.991890995262235
community_irrigation,4,4,6,30,4,92000407,35.523385302598534,35.523385302598534,942.3276922095043,0.6625,10.027098656359229
community_irrigation,4,4,6,30,4,92000408,35.37102737671951,35.37102737671951,918.4421775127115,0.8875,9.799729852810643
community_irrigation,4,4,6,30,4,92000409,29.325494846785478,29.325494846785478,918.0324150605303,0.85,9.801234434378395
community_irrigation,4,4,6,30,4,92000410,38.37268080356278,38.37268080356278,921.3307569071209,0.8375,9.86584437142324
community_irrigation,4,4,6,30,4,92000411,38.86126347364022,38.86126347364022,937.4264197855944,0.8,9.9437908820984
community_irrigation,4,4,6,30,4,92000412,36.63042387445602,36.63042387445602,939.0392489695442,0.5,10.052712668798627
community_irrigation,4,4,6,30,4,92000413,33.0554409552505,33.0554409552505,927.9155497641406,0.875,9.879780950446582
community_irrigation,4,4,6,30,4,92000414,30.172638398003773,30.172638398003773,916.347875081482,0.925,9.807639715267177
community_irrigation,4,4,6,30,4,92000415,35.82410552833597,35.82410552833597,930.3524404045608,0.7375,9.913466343012553
community_irrigation,4,4,12,30,6,92000400,213.60249918013744,213.60249918013744,1084.7335986402732,0.0,11.194756857090551
community_irrigation,4,4,12,30,6,92000401,212.77715754051377,212.77715754051377,1090.471982961304,0.0,11.25962271881139
community_irrigation,4,4,12,30,6,92000402,211.9655362893814,211.9655362893814,1096.4407669461762,0.0,11.312796006508824
community_irrigation,4,4,12,30,6,92000403,207.83882809126288,207.83882809126288,1086.3456295457286,0.0,11.254998519923413
community_irrigation,4,4,12,30,6,92000404,209.50323175900164,209.50323175900164,1079.9338293589044,0.0,11.30261436230443
community_irrigation,4,4,12,30,6,92000405,207.86626886824558,207.86626886824558,1081.011603073567,0.0,11.246518402612567
community_irrigation,4,4,12,30,6,92000406,206.2155855889982,206.2155855889982,1091.8004318330238,0.0,11.237019117119464
community_irrigation,4,4,12,30,6,92000407,210.314853010134,210.314853010134,1101.0355271056224,0.0,11.402015679316023
community_irrigation,4,4,12,30,6,92000408,210.31485301013402,210.31485301013402,1076.4025300785706,0.0,11.191642472691433
community_irrigation,4,4,12,30,6,92000409,207.04092722862188,207.04092722862188,1083.4254059047983,0.0,11.217972964969025
community_irrigation,4,4,12,30,6,92000410,212.77715754051374,212.77715754051374,1082.840569450223,0.0,11.325999242080792
community_irrigation,4,4,12,30,6,92000411,214.42784081976117,214.42784081976117,1098.5633274000206,0.0,11.32643551539831
community_irrigation,4,4,12,30,6,92000412,214.42784081976114,214.42784081976114,1096.810852619414,0.0,11.31789851952642
community_irrigation,4,4,12,30,6,92000413,211.96553628938142,211.96553628938142,1090.2677662973078,0.0,11.263255216779012
community_irrigation,4,4,12,30,6,92000414,208.67789011937796,208.67789011937796,1081.1909598400844,0.0,11.253140905152133
community_irrigation,4,4,12,30,6,92000415,214.42784081976114,214.42784081976114,1090.3120495760388,0.0,11.297785973610663
community_irrigation,4,4,1,60,0,92000400,31.11478821801754,31.11478821801754,917.6765687358495,0.8,9.807899865763435
community_irrigation,4,4,1,60,0,92000401,31.080681571679563,31.080681571679563,928.4258876659342,0.75,9.871181053403877
community_irrigation,4,4,1,60,0,92000402,30.36915979109878,30.36915979109878,930.9347132319801,0.8375,9.882384542430554
community_irrigation,4,4,1,60,0,92000403,30.246836727678094,30.246836727678094,919.0944990401322,0.875,9.806981508218833
community_irrigation,4,4,1,60,0,92000404,28.502530246386776,28.502530246386776,914.2559478614533,0.8625,9.794329763692762
community_irrigation,4,4,1,60,0,92000405,25.345772163485208,25.345772163485208,916.0954538155962,0.9,9.830917188502173
community_irrigation,4,4,1,60,0,92000406,28.545824017570926,28.545824017570926,935.3705614676892,0.65,9.926022450973102
community_irrigation,4,4,1,60,0,92000407,27.898613831130202,27.898613831130202,932.5956925439098,0.7125,9.939926434403748
community_irrigation,4,4,1,60,0,92000408,29.668127170525967,29.668127170525967,907.7573181493428,0.95,9.686978240645999
community_irrigation,4,4,1,60,0,92000409,28.51826886893478,28.51826886893478,915.5645360302879,0.9,9.774508308021442
community_irrigation,4,4,1,60,0,92000410,29.780897123481182,29.780897123481182,912.7389732270392,0.875,9.815999963416468
community_irrigation,4,4,1,60,0,92000411,31.954824158160864,31.954824158160864,936.5626991755901,0.75,9.939342523976858
community_irrigation,4,4,1,60,0,92000412,33.58816847029408,33.58816847029408,930.1009032495958,0.6875,9.916847744790713
community_irrigation,4,4,1,60,0,92000413,29.720931269253107,29.720931269253107,921.2597339733597,0.8625,9.840801684925815
community_irrigation,4,4,1,60,0,92000414,27.380519817532463,27.380519817532463,913.1091813592764,0.9375,9.784305571821392
community_irrigation,4,4,1,60,0,92000415,29.874254719007116,29.874254719007116,919.4206304380567,0.9125,9.796128838606474
community_irrigation,4,4,6,60,4,92000400,41.70239549161986,41.70239549161986,926.4956619145273,0.8375,9.827654315183926
community_irrigation,4,4,6,60,4,92000401,34.626780682732345,34.626780682732345,938.6145989865539,0.65,9.999879402936951
community_irrigation,4,4,6,60,4,92000402,34.98990847689136,34.98990847689136,930.1269276188631,0.8875,9.867108672813421
community_irrigation,4,4,6,60,4,92000403,33.65381629572625,33.65381629572625,928.8441440657014,0.8125,9.904968801469057
community_irrigation,4,4,6,60,4,92000404,33.75726395783131,33.75726395783131,921.1713346252895,0.7875,9.876409269588914
community_irrigation,4,4,6,60,4,92000405,30.56530122598004,30.56530122598004,917.9936767733075,0.825,9.8577185857953
community_irrigation,4,4,6,60,4,92000406,35.84217488389542,35.84217488389542,942.9668590860596,0.675,9.991890995262235
community_irrigation,4,4,6,60,4,92000407,35.523385302598534,35.523385302598534,942.3276922095043,0.6625,10.027098656359229
community_irrigation,4,4,6,60,4,92000408,35.37102737671951,35.37102737671951,918.4421775127115,0.8875,9.799729852810643
community_irrigation,4,4,6,60,4,92000409,29.325494846785478,29.325494846785478,918.0324150605303,0.85,9.801234434378395
community_irrigation,4,4,6,60,4,92000410,38.37268080356278,38.37268080356278,921.3307569071209,0.8375,9.86584437142324
community_irrigation,4,4,6,60,4,92000411,38.86126347364022,38.86126347364022,937.4264197855944,0.8,9.9437908820984
community_irrigation,4,4,6,60,4,92000412,36.63042387445602,36.63042387445602,939.0392489695442,0.5,10.052712668798627
community_irrigation,4,4,6,60,4,92000413,33.0554409552505,33.0554409552505,927.9155497641406,0.875,9.879780950446582
community_irrigation,4,4,6,60,4,92000414,30.172638398003773,30.172638398003773,916.347875081482,0.925,9.807639715267177
community_irrigation,4,4,6,60,4,92000415,35.82410552833597,35.82410552833597,930.3524404045608,0.7375,9.913466343012553
community_irrigation,4,4,12,60,6,92000400,213.60249918013744,213.60249918013744,1084.7335986402732,0.0,11.194756857090551
community_irrigation,4,4,12,60,6,92000401,212.77715754051377,212.77715754051377,1090.471982961304,0.0,11.25962271881139
community_irrigation,4,4,12,60,6,92000402,211.9655362893814,211.9655362893814,1096.4407669461762,0.0,11.312796006508824
community_irrigation,4,4,12,60,6,92000403,207.83882809126288,207.83882809126288,1086.3456295457286,0.0,11.254998519923413
community_irrigation,4,4,12,60,6,92000404,209.50323175900164,209.50323175900164,1079.9338293589044,0.0,11.30261436230443
community_irrigation,4,4,12,60,6,92000405,207.86626886824558,207.86626886824558,1081.011603073567,0.0,11.246518402612567
community_irrigation,4,4,12,60,6,92000406,206.2155855889982,206.2155855889982,1091.8004318330238,0.0,11.237019117119464
community_irrigation,4,4,12,60,6,92000407,210.314853010134,210.314853010134,1101.0355271056224,0.0,11.402015679316023
community_irrigation,4,4,12,60,6,92000408,210.31485301013402,210.31485301013402,1076.4025300785706,0.0,11.191642472691433
community_irrigation,4,4,12,60,6,92000409,207.04092722862188,207.04092722862188,1083.4254059047983,0.0,11.217972964969025
community_irrigation,4,4,12,60,6,92000410,212.77715754051374,212.77715754051374,1082.840569450223,0.0,11.325999242080792
community_irrigation,4,4,12,60,6,92000411,214.42784081976117,214.42784081976117,1098.5633274000206,0.0,11.32643551539831
community_irrigation,4,4,12,60,6,92000412,214.42784081976114,214.42784081976114,1096.810852619414,0.0,11.31789851952642
community_irrigation,4,4,12,60,6,92000413,211.96553628938142,211.96553628938142,1090.2677662973078,0.0,11.263255216779012
community_irrigation,4,4,12,60,6,92000414,208.67789011937796,208.67789011937796,1081.1909598400844,0.0,11.253140905152133
community_irrigation,4,4,12,60,6,92000415,214.42784081976114,214.42784081976114,1090.3120495760388,0.0,11.297785973610663
community_irrigation,5,5,1,30,0,92000500,32.50534513908168,32.50534513908168,963.7234135388247,0.1375,10.279483339733625
community_irrigation,5,5,1,30,0,92000501,30.562220892059656,30.562220892059656,967.1365017372974,0.2125,10.26023655959335
community_irrigation,5,5,1,30,0,92000502,27.706288456316642,27.706288456316642,960.9074527321493,0.0875,10.349881683234154
community_irrigation,5,5,1,30,0,92000503,31.82460192540582,31.82460192540582,963.9060039276355,0.1125,10.278413593845018
community_irrigation,5,5,1,30,0,92000504,28.024340520401786,28.024340520401786,959.2021228718124,0.0375,10.353016853368691
community_irrigation,5,5,1,30,0,92000505,28.451512852703512,28.451512852703512,957.8644700575333,0.05,10.356075326802854
community_irrigation,5,5,1,30,0,92000506,27.289199814069214,27.289199814069214,967.5423264209535,0.075,10.316052947465394
community_irrigation,5,5,1,30,0,92000507,29.274089388541277,29.274089388541277,956.7034347909491,0.1375,10.289731399516674
community_irrigation,5,5,1,30,0,92000508,25.30442605973653,25.30442605973653,960.5440011573056,0.2,10.20421410140418
community_irrigation,5,5,1,30,0,92000509,30.173108067238402,30.173108067238402,964.0976502169419,0.1125,10.311695274597586
community_irrigation,5,5,1,30,0,92000510,31.5273933581382,31.5273933581382,967.0804637388749,0.125,10.309400930143912
community_irrigation,5,5,1,30,0,92000511,28.352588962765758,28.352588962765758,951.8103051894474,0.1625,10.244426764079195
community_irrigation,5,5,1,30,0,92000512,30.48119874362192,30.48119874362192,956.0338687065534,0.1125,10.274334973874014
community_irrigation,5,5,1,30,0,92000513,28.490691890898145,28.490691890898145,953.1744984583112,0.2125,10.255794257896543
community_irrigation,5,5,1,30,0,92000514,30.966536758292875,30.966536758292875,960.6394720685748,0.175,10.24029082338011
community_irrigation,5,5,1,30,0,92000515,27.041859050918717,27.041859050918717,955.287626302601,0.1125,10.310253881805867
community_irrigation,5,5,6,30,1,92000500,34.09304605981884,34.09304605981884,965.2280853605184,0.1625,10.293269844393109
community_irrigation,5,5,6,30,1,92000501,31.89016084223678,31.89016084223678,968.4644416874746,0.2125,10.273031819133925
community_irrigation,5,5,6,30,1,92000502,29.777400688310568,29.777400688310568,962.9785649641432,0.0875,10.364694094455675
community_irrigation,5,5,6,30,1,92000503,33.61587644234785,33.61587644234785,965.6972784445775,0.1125,10.29129828275463
community_irrigation,5,5,6,30,1,92000504,29.185840049252032,29.185840049252032,960.3636224006627,0.0375,10.366321558512663
community_irrigation,5,5,6,30,1,92000505,30.23840207849954,30.23840207849954,959.6513592833292,0.05,10.369794529541782
community_irrigation,5,5,6,30,1,92000506,28.714991587919585,28.714991587919585,968.870882570708,0.0875,10.324049671435574
community_irrigation,5,5,6,30,1,92000507,31.05943160812523,31.05943160812523,958.488777010533,0.1375,10.303568544172226
community_irrigation,5,5,6,30,1,92000508,27.20777190091383,27.20777190091383,962.447346998483,0.1875,10.226993042345121
community_irrigation,5,5,6,30,1,92000509,31.679930518858335,31.679930518858335,965.6044726685619,0.1625,10.31899515618501
community_irrigation,5,5,6,30,1,92000510,34.086775734040025,34.086775734040025,969.6398461147767,0.1125,10.330096436939176
community_irrigation,5,5,6,30,1,92000511,29.82082038708324,29.82082038708324,953.2785366137648,0.1625,10.25955378682197
community_irrigation,5,5,6,30,1,92000512,32.492962483272244,32.492962483272244,958.0456324462037,0.1125,10.28828544033251
community_irrigation,5,5,6,30,1,92000513,29.689430031567365,29.689430031567365,954.3732365989804,0.175,10.268789064572847
community_irrigation,5,5,6,30,1,92000514,33.23784757442127,33.23784757442127,962.9107828847032,0.175,10.261902269552774
community_irrigation,5,5,6,30,1,92000515,28.914609446870443,28.914609446870443,957.1603766985527,0.1125,10.32446259441271
community_irrigation,5,5,12,30,7,92000500,38.75194917357909,38.75194917357909,969.6803337411022,0.1375,10.320846547640304
community_irrigation,5,5,12,30,7,92000501,36.606846078331166,36.606846078331166,973.1811269235689,0.2,10.304915683597605
community_irrigation,5,5,12,30,7,92000502,34.38034958039752,34.38034958039752,965.591998581288,0.1,10.41258589860654
community_irrigation,5,5,12,30,7,92000503,37.79567704011371,37.79567704011371,969.8770790423434,0.1125,10.324704184588338
community_irrigation,5,5,12,30,7,92000504,33.45123003546761,33.45123003546761,965.8101493198944,0.075,10.379883454564405
community_irrigation,5,5,12,30,7,92000505,35.163885320980455,35.163885320980455,964.5768425258102,0.025,10.405157215025216
community_irrigation,5,5,12,30,7,92000506,33.16798475264747,33.16798475264747,973.3238757354359,0.0875,10.356395308080717
community_irrigation,5,5,12,30,7,92000507,35.31128253578588,35.31128253578588,964.6313606013591,0.175,10.313472652411106
community_irrigation,5,5,12,30,7,92000508,29.732032795447207,29.732032795447207,964.9716078930162,0.225,10.24130858052921
community_irrigation,5,5,12,30,7,92000509,36.05015594729481,36.05015594729481,969.8806856701822,0.1625,10.346704614373872
community_irrigation,5,5,12,30,7,92000510,38.57766128706641,38.57766128706641,975.495531853469,0.175,10.330324681228007
community_irrigation,5,5,12,30,7,92000511,33.86972816593734,33.86972816593734,957.0205439815179,0.1625,10.2889983633557
community_irrigation,5,5,12,30,7,92000512,36.8994977172021,36.8994977172021,962.4521676801335,0.1,10.317529138770855
community_irrigation,5,5,12,30,7,92000513,33.828495259368744,33.828495259368744,958.5123018267818,0.2,10.297430781426531
community_irrigation,5,5,12,30,7,92000514,37.89935079298806,37.89935079298806,966.0798903935085,0.1625,10.313389800250674
community_irrigation,5,5,12,30,7,92000515,34.015593380976384,34.015593380976384,962.2613606326587,0.125,10.356629680906043
community_irrigation,5,5,1,60,0,92000500,32.50534513908168,32.50534513908168,963.7234135388247,0.1375,10.279483339733625
community_irrigation,5,5,1,60,0,92000501,30.562220892059656,30.562220892059656,967.1365017372974,0.2125,10.26023655959335
community_irrigation,5,5,1,60,0,92000502,27.706288456316642,27.706288456316642,960.9074527321493,0.0875,10.349881683234154
community_irrigation,5,5,1,60,0,92000503,31.82460192540582,31.82460192540582,963.9060039276355,0.1125,10.278413593845018
community_irrigation,5,5,1,60,0,92000504,28.024340520401786,28.024340520401786,959.2021228718124,0.0375,10.353016853368691
community_irrigation,5,5,1,60,0,92000505,28.451512852703512,28.451512852703512,957.8644700575333,0.05,10.356075326802854
community_irrigation,5,5,1,60,0,92000506,27.289199814069214,27.289199814069214,967.5423264209535,0.075,10.316052947465394
community_irrigation,5,5,1,60,0,92000507,29.274089388541277,29.274089388541277,956.7034347909491,0.1375,10.289731399516674
community_irrigation,5,5,1,60,0,92000508,25.30442605973653,25.30442605973653,960.5440011573056,0.2,10.20421410140418
community_irrigation,5,5,1,60,0,92000509,30.173108067238402,30.173108067238402,964.0976502169419,0.1125,10.311695274597586
community_irrigation,5,5,1,60,0,92000510,31.5273933581382,31.5273933581382,967.0804637388749,0.125,10.309400930143912
community_irrigation,5,5,1,60,0,92000511,28.352588962765758,28.352588962765758,951.8103051894474,0.1625,10.244426764079195
community_irrigation,5,5,1,60,0,92000512,30.48119874362192,30.48119874362192,956.0338687065534,0.1125,10.274334973874014
community_irrigation,5,5,1,60,0,92000513,28.490691890898145,28.490691890898145,953.1744984583112,0.2125,10.255794257896543
community_irrigation,5,5,1,60,0,92000514,30.966536758292875,30.966536758292875,960.6394720685748,0.175,10.24029082338011
community_irrigation,5,5,1,60,0,92000515,27.041859050918717,27.041859050918717,955.287626302601,0.1125,10.310253881805867
community_irrigation,5,5,6,60,1,92000500,34.09304605981884,34.09304605981884,965.2280853605184,0.1625,10.293269844393109
community_irrigation,5,5,6,60,1,92000501,31.89016084223678,31.89016084223678,968.4644416874746,0.2125,10.273031819133925
community_irrigation,5,5,6,60,1,92000502,29.777400688310568,29.777400688310568,962.9785649641432,0.0875,10.364694094455675
community_irrigation,5,5,6,60,1,92000503,33.61587644234785,33.61587644234785,965.6972784445775,0.1125,10.29129828275463
community_irrigation,5,5,6,60,1,92000504,29.185840049252032,29.185840049252032,960.3636224006627,0.0375,10.366321558512663
community_irrigation,5,5,6,60,1,92000505,30.23840207849954,30.23840207849954,959.6513592833292,0.05,10.369794529541782
community_irrigation,5,5,6,60,1,92000506,28.714991587919585,28.714991587919585,968.870882570708,0.0875,10.324049671435574
community_irrigation,5,5,6,60,1,92000507,31.05943160812523,31.05943160812523,958.488777010533,0.1375,10.303568544172226
community_irrigation,5,5,6,60,1,92000508,27.20777190091383,27.20777190091383,962.447346998483,0.1875,10.226993042345121
community_irrigation,5,5,6,60,1,92000509,31.679930518858335,31.679930518858335,965.6044726685619,0.1625,10.31899515618501
community_irrigation,5,5,6,60,1,92000510,34.086775734040025,34.086775734040025,969.6398461147767,0.1125,10.330096436939176
community_irrigation,5,5,6,60,1,92000511,29.82082038708324,29.82082038708324,953.2785366137648,0.1625,10.25955378682197
community_irrigation,5,5,6,60,1,92000512,32.492962483272244,32.492962483272244,958.0456324462037,0.1125,10.28828544033251
community_irrigation,5,5,6,60,1,92000513,29.689430031567365,29.689430031567365,954.3732365989804,0.175,10.268789064572847
community_irrigation,5,5,6,60,1,92000514,33.23784757442127,33.23784757442127,962.9107828847032,0.175,10.261902269552774
community_irrigation,5,5,6,60,1,92000515,28.914609446870443,28.914609446870443,957.1603766985527,0.1125,10.32446259441271
community_irrigation,5,5,12,60,7,92000500,38.75194917357909,38.75194917357909,969.6803337411022,0.1375,10.320846547640304
community_irrigation,5,5,12,60,7,92000501,36.606846078331166,36.606846078331166,973.1811269235689,0.2,10.304915683597605
community_irrigation,5,5,12,60,7,92000502,34.38034958039752,34.38034958039752,965.591998581288,0.1,10.41258589860654
community_irrigation,5,5,12,60,7,92000503,37.79567704011371,37.79567704011371,969.8770790423434,0.1125,10.324704184588338
community_irrigation,5,5,12,60,7,92000504,33.45123003546761,33.45123003546761,965.8101493198944,0.075,10.379883454564405
community_irrigation,5,5,12,60,7,92000505,35.163885320980455,35.163885320980455,964.5768425258102,0.025,10.405157215025216
community_irrigation,5,5,12,60,7,92000506,33.16798475264747,33.16798475264747,973.3238757354359,0.0875,10.356395308080717
community_irrigation,5,5,12,60,7,92000507,35.31128253578588,35.31128253578588,964.6313606013591,0.175,10.313472652411106
community_irrigation,5,5,12,60,7,92000508,29.732032795447207,29.732032795447207,964.9716078930162,0.225,10.24130858052921
community_irrigation,5,5,12,60,7,92000509,36.05015594729481,36.05015594729481,969.8806856701822,0.1625,10.346704614373872
community_irrigation,5,5,12,60,7,92000510,38.57766128706641,38.57766128706641,975.495531853469,0.175,10.330324681228007
community_irrigation,5,5,12,60,7,92000511,33.86972816593734,33.86972816593734,957.0205439815179,0.1625,10.2889983633557
community_irrigation,5,5,12,60,7,92000512,36.8994977172021,36.8994977172021,962.4521676801335,0.1,10.317529138770855
community_irrigation,5,5,12,60,7,92000513,33.828495259368744,33.828495259368744,958.5123018267818,0.2,10.297430781426531
community_irrigation,5,5,12,60,7,92000514,37.89935079298806,37.89935079298806,966.0798903935085,0.1625,10.313389800250674
community_irrigation,5,5,12,60,7,92000515,34.015593380976384,34.015593380976384,962.2613606326587,0.125,10.356629680906043
community_irrigation,6,0,1,30,0,92000600,29.37885835766506,29.37885835766506,935.318021605665,0.8,9.855576188562917
community_irrigation,6,0,1,30,0,92000601,29.637740564928688,29.637740564928688,928.4576691439785,0.85,9.824610856306398
community_irrigation,6,0,1,30,0,92000602,28.27803850399014,28.27803850399014,927.1820268597028,0.8625,9.86185265468599
community_irrigation,6,0,1,30,0,92000603,30.062173202350394,30.062173202350394,923.1184525822714,0.8375,9.785107099331745
community_irrigation,6,0,1,30,0,92000604,29.70315078862123,29.70315078862123,932.2688778131435,0.8125,9.84911540969056
community_irrigation,6,0,1,30,0,92000605,27.388804692628007,27.388804692628007,927.3933900079869,0.775,9.84324472630017
community_irrigation,6,0,1,30,0,92000606,28.41693040180078,28.41693040180078,929.9016487646996,0.8375,9.84452467523489
community_irrigation,6,0,1,30,0,92000607,27.785626952160836,27.785626952160836,932.2591214709425,0.8375,9.825527220751246
community_irrigation,6,0,1,30,0,92000608,30.580643687626758,30.580643687626758,930.0027311801541,0.8,9.888778154394418
community_irrigation,6,0,1,30,0,92000609,27.435379566137172,27.435379566137172,929.9034060557422,0.825,9.815786476856472
community_irrigation,6,0,1,30,0,92000610,27.751350374217328,27.751350374217328,927.7606494321685,0.7875,9.867242544085926
community_irrigation,6,0,1,30,0,92000611,32.39100868290207,32.39100868290207,930.9914284664492,0.8125,9.827308018327326
community_irrigation,6,0,1,30,0,92000612,30.125904624210143,30.125904624210143,935.6451780516818,0.825,9.857040204695071
community_irrigation,6,0,1,30,0,92000613,28.631451391576604,28.631451391576604,940.9376380871122,0.7875,9.933589918684158
community_irrigation,6,0,1,30,0,92000614,32.1328835483204,32.1328835483204,935.025084314872,0.7,9.893171664374108
community_irrigation,6,0,1,30,0,92000615,31.783356607063926,31.783356607063926,933.5395019181874,0.825,9.858199474057377
community_irrigation,6,0,6,30,1,92000600,37.39019993426777,37.39019993426777,948.5248749963012,0.7125,9.941163846457304
community_irrigation,6,0,6,30,1,92000601,73.18274011164159,73.18274011164159,973.4616324397216,0.5875,10.112581235913035
community_irrigation,6,0,6,30,1,92000602,85.4659062375765,85.4659062375765,985.9966964972695,0.475,10.248420196477321
community_irrigation,6,0,6,30,1,92000603,47.159461127097124,47.159461127097124,943.0539160403908,0.7,9.929193330975457
community_irrigation,6,0,6,30,1,92000604,39.97022270538023,39.97022270538023,946.346914450196,0.7375,9.941651454942704
community_irrigation,6,0,6,30,1,92000605,33.373125615971084,33.373125615971084,938.4791122232671,0.7625,9.87673028052805
community_irrigation,6,0,6,30,1,92000606,42.79171426660411,42.79171426660411,950.8639653395187,0.725,9.967608367854265
community_irrigation,6,0,6,30,1,92000607,65.61694825994034,65.61694825994034,978.1618420025445,0.5,10.171177474090104
community_irrigation,6,0,6,30,1,92000608,42.992493764956876,42.992493764956876,944.0644219875958,0.7125,9.97809215145912
community_irrigation,6,0,6,30,1,92000609,46.818151987329,46.818151987329,949.2677377013506,0.6375,9.973777121290789
community_irrigation,6,0,6,30,1,92000610,43.24909431476282,43.24909431476282,948.6807612955138,0.675,10.006440594935563
community_irrigation,6,0,6,30,1,92000611,40.59627424350555,40.59627424350555,938.3950343198101,0.7875,9.873983305997115
community_irrigation,6,0,6,30,1,92000612,77.46504995315071,77.46504995315071,983.9016222895057,0.475,10.159603735406536
community_irrigation,6,0,6,30,1,92000613,35.18709753309581,35.18709753309581,946.7255244894999,0.7375,9.968070470609007
community_irrigation,6,0,6,30,1,92000614,56.50904994627828,56.50904994627828,960.282463443763,0.575,10.051940268516422
community_irrigation,6,0,6,30,1,92000615,32.92684061692058,32.92684061692058,935.4101852956746,0.8125,9.869151501178422
community_irrigation,6,0,12,30,1,92000600,37.39019993426777,37.39019993426777,948.5248749963012,0.7125,9.941163846457304
community_irrigation,6,0,12,30,1,92000601,73.18274011164159,73.18274011164159,973.4616324397216,0.5875,10.112581235913035
community_irrigation,6,0,12,30,1,92000602,85.4659062375765,85.4659062375765,985.9966964972695,0.475,10.248420196477321
community_irrigation,6,0,12,30,1,92000603,47.159461127097124,47.159461127097124,943.0539160403908,0.7,9.929193330975457
community_irrigation,6,0,12,30,1,92000604,39.97022270538023,39.97022270538023,946.346914450196,0.7375,9.941651454942704
community_irrigation,6,0,12,30,1,92000605,33.373125615971084,33.373125615971084,938.4791122232671,0.7625,9.87673028052805
community_irrigation,6,0,12,30,1,92000606,42.79171426660411,42.79171426660411,950.8639653395187,0.725,9.967608367854265
community_irrigation,6,0,12,30,1,92000607,65.61694825994034,65.61694825994034,978.1618420025445,0.5,10.171177474090104
community_irrigation,6,0,12,30,1,92000608,42.992493764956876,42.992493764956876,944.0644219875958,0.7125,9.97809215145912
community_irrigation,6,0,12,30,1,92000609,46.818151987329,46.818151987329,949.2677377013506,0.6375,9.973777121290789
community_irrigation,6,0,12,30,1,92000610,43.24909431476282,43.24909431476282,948.6807612955138,0.675,10.006440594935563
community_irrigation,6,0,12,30,1,92000611,40.59627424350555,40.59627424350555,938.3950343198101,0.7875,9.873983305997115
community_irrigation,6,0,12,30,1,92000612,77.46504995315071,77.46504995315071,983.9016222895057,0.475,10.159603735406536
community_irrigation,6,0,12,30,1,92000613,35.18709753309581,35.18709753309581,946.7255244894999,0.7375,9.968070470609007
community_irrigation,6,0,12,30,1,92000614,56.50904994627828,56.50904994627828,960.282463443763,0.575,10.051940268516422
community_irrigation,6,0,12,30,1,92000615,32.92684061692058,32.92684061692058,935.4101852956746,0.8125,9.869151501178422
community_irrigation,6,0,1,60,0,92000600,29.37885835766506,29.37885835766506,935.318021605665,0.8,9.855576188562917
community_irrigation,6,0,1,60,0,92000601,29.637740564928688,29.637740564928688,928.4576691439785,0.85,9.824610856306398
community_irrigation,6,0,1,60,0,92000602,28.27803850399014,28.27803850399014,927.1820268597028,0.8625,9.86185265468599
community_irrigation,6,0,1,60,0,92000603,30.062173202350394,30.062173202350394,923.1184525822714,0.8375,9.785107099331745
community_irrigation,6,0,1,60,0,92000604,29.70315078862123,29.70315078862123,932.2688778131435,0.8125,9.84911540969056
community_irrigation,6,0,1,60,0,92000605,27.388804692628007,27.388804692628007,927.3933900079869,0.775,9.84324472630017
community_irrigation,6,0,1,60,0,92000606,28.41693040180078,28.41693040180078,929.9016487646996,0.8375,9.84452467523489
community_irrigation,6,0,1,60,0,92000607,27.785626952160836,27.785626952160836,932.2591214709425,0.8375,9.825527220751246
community_irrigation,6,0,1,60,0,92000608,30.580643687626758,30.580643687626758,930.0027311801541,0.8,9.888778154394418
community_irrigation,6,0,1,60,0,92000609,27.435379566137172,27.435379566137172,929.9034060557422,0.825,9.815786476856472
community_irrigation,6,0,1,60,0,92000610,27.751350374217328,27.751350374217328,927.7606494321685,0.7875,9.867242544085926
community_irrigation,6,0,1,60,0,92000611,32.39100868290207,32.39100868290207,930.9914284664492,0.8125,9.827308018327326
community_irrigation,6,0,1,60,0,92000612,30.125904624210143,30.125904624210143,935.6451780516818,0.825,9.857040204695071
community_irrigation,6,0,1,60,0,92000613,28.631451391576604,28.631451391576604,940.9376380871122,0.7875,9.933589918684158
community_irrigation,6,0,1,60,0,92000614,32.1328835483204,32.1328835483204,935.025084314872,0.7,9.893171664374108
community_irrigation,6,0,1,60,0,92000615,31.783356607063926,31.783356607063926,933.5395019181874,0.825,9.858199474057377
community_irrigation,6,0,6,60,1,92000600,37.39019993426777,37.39019993426777,948.5248749963012,0.7125,9.941163846457304
community_irrigation,6,0,6,60,1,92000601,73.18274011164159,73.18274011164159,973.4616324397216,0.5875,10.112581235913035
community_irrigation,6,0,6,60,1,92000602,85.4659062375765,85.4659062375765,985.9966964972695,0.475,10.248420196477321
community_irrigation,6,0,6,60,1,92000603,47.159461127097124,47.159461127097124,943.0539160403908,0.7,9.929193330975457
community_irrigation,6,0,6,60,1,92000604,39.97022270538023,39.97022270538023,946.346914450196,0.7375,9.941651454942704
community_irrigation,6,0,6,60,1,92000605,33.373125615971084,33.373125615971084,938.4791122232671,0.7625,9.87673028052805
community_irrigation,6,0,6,60,1,92000606,42.79171426660411,42.79171426660411,950.8639653395187,0.725,9.967608367854265
community_irrigation,6,0,6,60,1,92000607,65.61694825994034,65.61694825994034,978.1618420025445,0.5,10.171177474090104
community_irrigation,6,0,6,60,1,92000608,42.992493764956876,42.992493764956876,944.0644219875958,0.7125,9.97809215145912
community_irrigation,6,0,6,60,1,92000609,46.818151987329,46.818151987329,949.2677377013506,0.6375,9.973777121290789
community_irrigation,6,0,6,60,1,92000610,43.24909431476282,43.24909431476282,948.6807612955138,0.675,10.006440594935563
community_irrigation,6,0,6,60,1,92000611,40.59627424350555,40.59627424350555,938.3950343198101,0.7875,9.873983305997115
community_irrigation,6,0,6,60,1,92000612,77.46504995315071,77.46504995315071,983.9016222895057,0.475,10.159603735406536
community_irrigation,6,0,6,60,1,92000613,35.18709753309581,35.18709753309581,946.7255244894999,0.7375,9.968070470609007
community_irrigation,6,0,6,60,1,92000614,56.50904994627828,56.50904994627828,960.282463443763,0.575,10.051940268516422
community_irrigation,6,0,6,60,1,92000615,32.92684061692058,32.92684061692058,935.4101852956746,0.8125,9.869151501178422
community_irrigation,6,0,12,60,1,92000600,37.39019993426777,37.39019993426777,948.5248749963012,0.7125,9.941163846457304
community_irrigation,6,0,12,60,1,92000601,73.18274011164159,73.18274011164159,973.4616324397216,0.5875,10.112581235913035
community_irrigation,6,0,12,60,1,92000602,85.4659062375765,85.4659062375765,985.9966964972695,0.475,10.248420196477321
community_irrigation,6,0,12,60,1,92000603,47.159461127097124,47.159461127097124,943.0539160403908,0.7,9.929193330975457
community_irrigation,6,0,12,60,1,92000604,39.97022270538023,39.97022270538023,946.346914450196,0.7375,9.941651454942704
community_irrigation,6,0,12,60,1,92000605,33.373125615971084,33.373125615971084,938.4791122232671,0.7625,9.87673028052805
community_irrigation,6,0,12,60,1,92000606,42.79171426660411,42.79171426660411,950.8639653395187,0.725,9.967608367854265
community_irrigation,6,0,12,60,1,92000607,65.61694825994034,65.61694825994034,978.1618420025445,0.5,10.171177474090104
community_irrigation,6,0,12,60,1,92000608,42.992493764956876,42.992493764956876,944.0644219875958,0.7125,9.97809215145912
community_irrigation,6,0,12,60,1,92000609,46.818151987329,46.818151987329,949.2677377013506,0.6375,9.973777121290789
community_irrigation,6,0,12,60,1,92000610,43.24909431476282,43.24909431476282,948.6807612955138,0.675,10.006440594935563
community_irrigation,6,0,12,60,1,92000611,40.59627424350555,40.59627424350555,938.3950343198101,0.7875,9.873983305997115
community_irrigation,6,0,12,60,1,92000612,77.46504995315071,77.46504995315071,983.9016222895057,0.475,10.159603735406536
community_irrigation,6,0,12,60,1,92000613,35.18709753309581,35.18709753309581,946.7255244894999,0.7375,9.968070470609007
community_irrigation,6,0,12,60,1,92000614,56.50904994627828,56.50904994627828,960.282463443763,0.575,10.051940268516422
community_irrigation,6,0,12,60,1,92000615,32.92684061692058,32.92684061692058,935.4101852956746,0.8125,9.869151501178422
community_irrigation,7,1,1,30,0,92000700,247.32467610284402,247.32467610284402,923.0601888866386,0.9375,9.12651887225952
community_irrigation,7,1,1,30,0,92000701,250.00781472549988,250.00781472549988,951.1244891569311,0.925,9.401880395008618
community_irrigation,7,1,1,30,0,92000702,247.32467610284402,247.32467610284402,925.1253965972902,0.95,9.177140165899022
community_irrigation,7,1,1,30,0,92000703,244.64153748018816,244.64153748018816,947.8008566765743,0.925,9.312140457143798
community_irrigation,7,1,1,30,0,92000704,244.64153748018816,244.64153748018816,923.7225347097473,0.9375,9.126107004157735
community_irrigation,7,1,1,30,0,92000705,247.32467610284402,247.32467610284402,938.3042393804257,0.925,9.242852956150221
community_irrigation,7,1,1,30,0,92000706,241.9583988575323,241.9583988575323,951.0261040580233,0.95,9.336065619972644
community_irrigation,7,1,1,30,0,92000707,244.64153748018816,244.64153748018816,937.9473307131983,0.9625,9.302036226973497
community_irrigation,7,1,1,30,0,92000708,239.27526023487647,239.27526023487647,965.0716697325095,0.8625,9.578368585571415
community_irrigation,7,1,1,30,0,92000709,244.64153748018816,244.64153748018816,938.6892804837992,0.95,9.37484914081579
community_irrigation,7,1,1,30,0,92000710,247.32467610284402,247.32467610284402,927.5270106581445,0.95,9.201128759388878
community_irrigation,7,1,1,30,0,92000711,244.64153748018816,244.64153748018816,949.7575365864388,0.925,9.31770258262833
community_irrigation,7,1,1,30,0,92000712,250.00781472549988,250.00781472549988,937.8679296969824,0.9,9.276678402988125
community_irrigation,7,1,1,30,0,92000713,247.32467610284402,247.32467610284402,946.1489074349508,0.925,9.353350164523482
community_irrigation,7,1,1,30,0,92000714,244.6415374801882,244.6415374801882,926.7057328344509,0.9125,9.25197098933819
community_irrigation,7,1,1,30,0,92000715,241.9583988575323,241.9583988575323,944.1620906435412,0.9125,9.356615017928704
community_irrigation,7,1,6,30,4,92000700,247.51514017512062,247.51514017512062,943.0681579618814,0.95,9.079414832057813
community_irrigation,7,1,6,30,4,92000701,250.3784729842384,250.3784729842384,950.1607120871284,0.925,9.15555675726271
community_irrigation,7,1,6,30,4,92000702,248.94680657967953,248.94680657967953,937.7999608838625,0.95,9.023258462414255
community_irrigation,7,1,6,30,4,92000703,246.08347377056177,246.08347377056177,946.8681822890475,0.925,9.072863479176096
community_irrigation,7,1,6,30,4,92000704,243.22014096144397,243.22014096144397,940.6519001572262,0.9625,9.074452144067411
community_irrigation,7,1,6,30,4,92000705,247.51514017512062,247.51514017512062,948.7155618868562,0.9375,9.086325259076506
community_irrigation,7,1,6,30,4,92000706,243.220140961444,243.220140961444,955.5703244809922,0.95,9.116164414242801
community_irrigation,7,1,6,30,4,92000707,243.22014096144395,243.22014096144395,943.8242623509402,0.9625,9.1195363376149
community_irrigation,7,1,6,30,4,92000708,241.78847455688503,241.78847455688503,969.2261232140465,0.8625,9.302609940058835
community_irrigation,7,1,6,30,4,92000709,246.08347377056174,246.08347377056174,945.7883057711304,0.95,9.18065520973052
community_irrigation,7,1,6,30,4,92000710,247.51514017512068,247.51514017512068,946.8888562764087,0.95,9.159689473906491
community_irrigation,7,1,6,30,4,92000711,244.65180736600286,244.65180736600286,953.8709043710751,0.9375,9.084431008520852
community_irrigation,7,1,6,30,4,92000712,250.37847298423847,250.37847298423847,954.3696939118191,0.925,9.171984004057114
community_irrigation,7,1,6,30,4,92000713,247.51514017512065,247.51514017512065,952.196720689163,0.9375,9.16641982374351
community_irrigation,7,1,6,30,4,92000714,247.51514017512068,247.51514017512068,934.2413088237909,0.9375,9.021244796908801
community_irrigation,7,1,6,30,4,92000715,241.78847455688503,241.78847455688503,946.4540250821867,0.925,9.127515481225027
community_irrigation,7,1,12,30,10,92000700,247.94653945768363,247.94653945768363,941.1249465665446,0.95,9.056027628767197
community_irrigation,7,1,12,30,10,92000701,250.11858047214898,250.11858047214898,953.8294213510758,0.9375,9.164710973373982
community_irrigation,7,1,12,30,10,92000702,247.94653945768363,247.94653945768363,932.0504724060665,0.95,8.98220101007183
community_irrigation,7,1,12,30,10,92000703,245.77449844321828,245.77449844321828,944.9179678021758,0.925,9.057617173588511
community_irrigation,7,1,12,30,10,92000704,243.60245742875293,243.60245742875293,941.9847342930025,0.95,9.11513992613709
community_irrigation,7,1,12,30,10,92000705,247.94653945768363,247.94653945768363,943.5880760296734,0.9375,9.059796636509695
community_irrigation,7,1,12,30,10,92000706,243.60245742875293,243.60245742875293,952.6701626292443,0.9625,9.091872085426575
community_irrigation,7,1,12,30,10,92000707,243.60245742875293,243.60245742875293,937.7288702415276,0.9625,9.084370531665622
community_irrigation,7,1,12,30,10,92000708,241.43041641428758,241.43041641428758,965.8148184480492,0.875,9.290638160971657
community_irrigation,7,1,12,30,10,92000709,245.77449844321828,245.77449844321828,934.3396485726577,0.9625,9.061886535847604
community_irrigation,7,1,12,30,10,92000710,247.94653945768363,247.94653945768363,927.5027505560056,0.95,8.971875075040225
community_irrigation,7,1,12,30,10,92000711,245.77449844321828,245.77449844321828,953.2707657476178,0.95,9.068263208841236
community_irrigation,7,1,12,30,10,92000712,250.11858047214898,250.11858047214898,943.7034910469721,0.925,9.081833837492523
community_irrigation,7,1,12,30,10,92000713,245.77449844321828,245.77449844321828,951.1894504756327,0.9375,9.169261349075382
community_irrigation,7,1,12,30,10,92000714,247.94653945768366,247.94653945768366,933.9393365879828,0.9375,9.047572884186774
community_irrigation,7,1,12,30,10,92000715,243.60245742875293,243.60245742875293,945.8061492147622,0.9375,9.122292393487896
community_irrigation,7,1,1,60,0,92000700,247.32467610284402,247.32467610284402,923.0601888866386,0.9375,9.12651887225952
community_irrigation,7,1,1,60,0,92000701,250.00781472549988,250.00781472549988,951.1244891569311,0.925,9.401880395008618
community_irrigation,7,1,1,60,0,92000702,247.32467610284402,247.32467610284402,925.1253965972902,0.95,9.177140165899022
community_irrigation,7,1,1,60,0,92000703,244.64153748018816,244.64153748018816,947.8008566765743,0.925,9.312140457143798
community_irrigation,7,1,1,60,0,92000704,244.64153748018816,244.64153748018816,923.7225347097473,0.9375,9.126107004157735
community_irrigation,7,1,1,60,0,92000705,247.32467610284402,247.32467610284402,938.3042393804257,0.925,9.242852956150221
community_irrigation,7,1,1,60,0,92000706,241.9583988575323,241.9583988575323,951.0261040580233,0.95,9.336065619972644
community_irrigation,7,1,1,60,0,92000707,244.64153748018816,244.64153748018816,937.9473307131983,0.9625,9.302036226973497
community_irrigation,7,1,1,60,0,92000708,239.27526023487647,239.27526023487647,965.0716697325095,0.8625,9.578368585571415
community_irrigation,7,1,1,60,0,92000709,244.64153748018816,244.64153748018816,938.6892804837992,0.95,9.37484914081579
community_irrigation,7,1,1,60,0,92000710,247.32467610284402,247.32467610284402,927.5270106581445,0.95,9.201128759388878
community_irrigation,7,1,1,60,0,92000711,244.64153748018816,244.64153748018816,949.7575365864388,0.925,9.31770258262833
community_irrigation,7,1,1,60,0,92000712,250.00781472549988,250.00781472549988,937.8679296969824,0.9,9.276678402988125
community_irrigation,7,1,1,60,0,92000713,247.32467610284402,247.32467610284402,946.1489074349508,0.925,9.353350164523482
community_irrigation,7,1,1,60,0,92000714,244.6415374801882,244.6415374801882,926.7057328344509,0.9125,9.25197098933819
community_irrigation,7,1,1,60,0,92000715,241.9583988575323,241.9583988575323,944.1620906435412,0.9125,9.356615017928704
community_irrigation,7,1,6,60,4,92000700,247.51514017512062,247.51514017512062,943.0681579618814,0.95,9.079414832057813
community_irrigation,7,1,6,60,4,92000701,250.3784729842384,250.3784729842384,950.1607120871284,0.925,9.15555675726271
community_irrigation,7,1,6,60,4,92000702,248.94680657967953,248.94680657967953,937.7999608838625,0.95,9.023258462414255
community_irrigation,7,1,6,60,4,92000703,246.08347377056177,246.08347377056177,946.8681822890475,0.925,9.072863479176096
community_irrigation,7,1,6,60,4,92000704,243.22014096144397,243.22014096144397,940.6519001572262,0.9625,9.074452144067411
community_irrigation,7,1,6,60,4,92000705,247.51514017512062,247.51514017512062,948.7155618868562,0.9375,9.086325259076506
community_irrigation,7,1,6,60,4,92000706,243.220140961444,243.220140961444,955.5703244809922,0.95,9.116164414242801
community_irrigation,7,1,6,60,4,92000707,243.22014096144395,243.22014096144395,943.8242623509402,0.9625,9.1195363376149
community_irrigation,7,1,6,60,4,92000708,241.78847455688503,241.78847455688503,969.2261232140465,0.8625,9.302609940058835
community_irrigation,7,1,6,60,4,92000709,246.08347377056174,246.08347377056174,945.7883057711304,0.95,9.18065520973052
community_irrigation,7,1,6,60,4,92000710,247.51514017512068,247.51514017512068,946.8888562764087,0.95,9.159689473906491
community_irrigation,7,1,6,60,4,92000711,244.65180736600286,244.65180736600286,953.8709043710751,0.9375,9.084431008520852
community_irrigation,7,1,6,60,4,92000712,250.37847298423847,250.37847298423847,954.3696939118191,0.925,9.171984004057114
community_irrigation,7,1,6,60,4,92000713,247.51514017512065,247.51514017512065,952.196720689163,0.9375,9.16641982374351
community_irrigation,7,1,6,60,4,92000714,247.51514017512068,247.51514017512068,934.2413088237909,0.9375,9.021244796908801
community_irrigation,7,1,6,60,4,92000715,241.78847455688503,241.78847455688503,946.4540250821867,0.925,9.127515481225027
community_irrigation,7,1,12,60,10,92000700,247.94653945768363,247.94653945768363,941.1249465665446,0.95,9.056027628767197
community_irrigation,7,1,12,60,10,92000701,250.11858047214898,250.11858047214898,953.8294213510758,0.9375,9.164710973373982
community_irrigation,7,1,12,60,10,92000702,247.94653945768363,247.94653945768363,932.0504724060665,0.95,8.98220101007183
community_irrigation,7,1,12,60,10,92000703,245.77449844321828,245.77449844321828,944.9179678021758,0.925,9.057617173588511
community_irrigation,7,1,12,60,10,92000704,243.60245742875293,243.60245742875293,941.9847342930025,0.95,9.11513992613709
community_irrigation,7,1,12,60,10,92000705,247.94653945768363,247.94653945768363,943.5880760296734,0.9375,9.059796636509695
community_irrigation,7,1,12,60,10,92000706,243.60245742875293,243.60245742875293,952.6701626292443,0.9625,9.091872085426575
community_irrigation,7,1,12,60,10,92000707,243.60245742875293,243.60245742875293,937.7288702415276,0.9625,9.084370531665622
community_irrigation,7,1,12,60,10,92000708,241.43041641428758,241.43041641428758,965.8148184480492,0.875,9.290638160971657
community_irrigation,7,1,12,60,10,92000709,245.77449844321828,245.77449844321828,934.3396485726577,0.9625,9.061886535847604
community_irrigation,7,1,12,60,10,92000710,247.94653945768363,247.94653945768363,927.5027505560056,0.95,8.971875075040225
community_irrigation,7,1,12,60,10,92000711,245.77449844321828,245.77449844321828,953.2707657476178,0.95,9.068263208841236
community_irrigation,7,1,12,60,10,92000712,250.11858047214898,250.11858047214898,943.7034910469721,0.925,9.081833837492523
community_irrigation,7,1,12,60,10,92000713,245.77449844321828,245.77449844321828,951.1894504756327,0.9375,9.169261349075382
community_irrigation,7,1,12,60,10,92000714,247.94653945768366,247.94653945768366,933.9393365879828,0.9375,9.047572884186774
community_irrigation,7,1,12,60,10,92000715,243.60245742875293,243.60245742875293,945.8061492147622,0.9375,9.122292393487896
community_irrigation,8,2,1,30,0,92000800,205.18310460231297,205.18310460231297,942.4605244043903,0.0,10.651738328532167
community_irrigation,8,2,1,30,0,92000801,199.31191989626484,199.31191989626484,932.0685224049723,0.0,10.706920099274008
community_irrigation,8,2,1,30,0,92000802,200.77971607277686,200.77971607277686,942.594993924222,0.025,10.660636248588952
community_irrigation,8,2,1,30,0,92000803,197.84412371975282,197.84412371975282,932.4578260826831,0.0,10.642341387704876
community_irrigation,8,2,1,30,0,92000804,200.77971607277686,200.77971607277686,940.0806037780528,0.025,10.63080029393016
community_irrigation,8,2,1,30,0,92000805,203.71530842580097,203.71530842580097,941.5469084471495,0.025,10.599667109098842
community_irrigation,8,2,1,30,0,92000806,205.18310460231302,205.18310460231302,940.5905415739112,0.0,10.55958436431282
community_irrigation,8,2,1,30,0,92000807,206.65090077882505,206.65090077882505,952.5406361327233,0.0,10.682734367533447
community_irrigation,8,2,1,30,0,92000808,202.24751224928892,202.24751224928892,946.2049194275469,0.0,10.679274100295583
community_irrigation,8,2,1,30,0,92000809,199.31191989626484,199.31191989626484,935.1001463068626,0.0,10.658020264264868
community_irrigation,8,2,1,30,0,92000810,200.77971607277686,200.77971607277686,941.5639628433112,0.0375,10.567279602911137
community_irrigation,8,2,1,30,0,92000811,203.71530842580094,203.71530842580094,940.7822447112508,0.0125,10.6717283687815
community_irrigation,8,2,1,30,0,92000812,206.650900778825,206.650900778825,944.9990794624767,0.025,10.575423227246635
community_irrigation,8,2,1,30,0,92000813,196.37632754324076,196.37632754324076,937.0865781672194,0.0125,10.657117498694856
community_irrigation,8,2,1,30,0,92000814,203.71530842580094,203.71530842580094,939.1744956104542,0.0375,10.51055837587067
community_irrigation,8,2,1,30,0,92000815,199.3119198962648,199.3119198962648,944.2937150790764,0.0125,10.679919674544735
community_irrigation,8,2,6,30,5,92000800,226.8040105570939,226.8040105570939,961.8397856516585,0.1875,10.397200496224041
community_irrigation,8,2,6,30,5,92000801,219.034269712847,219.034269712847,951.7908722215543,0.075,10.484701947336507
community_irrigation,8,2,6,30,5,92000802,222.91914013497043,222.91914013497043,962.4927732789029,0.2,10.439848417052048
community_irrigation,8,2,6,30,5,92000803,217.09183450178523,217.09183450178523,951.7055368647158,0.0875,10.422277398936586
community_irrigation,8,2,6,30,5,92000804,220.97670492390873,220.97670492390873,958.0359479216719,0.075,10.442604547075089
community_irrigation,8,2,6,30,5,92000805,222.91914013497046,222.91914013497046,960.7507401563189,0.1625,10.388881035004122
community_irrigation,8,2,6,30,5,92000806,224.86157534603214,224.86157534603214,960.2690123176304,0.25,10.317861801040248
community_irrigation,8,2,6,30,5,92000807,226.80401055709382,226.80401055709382,970.4521012034793,0.0375,10.471636536387829
community_irrigation,8,2,6,30,5,92000808,220.97670492390873,220.97670492390873,964.9341121021666,0.125,10.466689396093383
community_irrigation,8,2,6,30,5,92000809,220.97670492390873,220.97670492390873,954.5232866269938,0.075,10.439894514870081
community_irrigation,8,2,6,30,5,92000810,220.97670492390873,220.97670492390873,961.7609516944431,0.2375,10.326870708797841
community_irrigation,8,2,6,30,5,92000811,220.97670492390873,220.97670492390873,958.0436412093585,0.0875,10.466046721151693
community_irrigation,8,2,6,30,5,92000812,224.86157534603217,224.86157534603217,960.3239130795639,0.1625,10.38197024702032
community_irrigation,8,2,6,30,5,92000813,215.14939929072358,215.14939929072358,954.0070100947353,0.125,10.470630983267792
community_irrigation,8,2,6,30,5,92000814,222.91914013497043,222.91914013497043,956.1366826121109,0.2125,10.324411468172206
community_irrigation,8,2,6,30,5,92000815,219.03426971284705,219.03426971284705,961.7744201881458,0.05,10.505301273350335
community_irrigation,8,2,12,30,5,92000800,226.8040105570939,226.8040105570939,961.8397856516585,0.1875,10.397200496224041
community_irrigation,8,2,12,30,5,92000801,219.034269712847,219.034269712847,951.7908722215543,0.075,10.484701947336507
community_irrigation,8,2,12,30,5,92000802,222.91914013497043,222.91914013497043,962.4927732789029,0.2,10.439848417052048
community_irrigation,8,2,12,30,5,92000803,217.09183450178523,217.09183450178523,951.7055368647158,0.0875,10.422277398936586
community_irrigation,8,2,12,30,5,92000804,220.97670492390873,220.97670492390873,958.0359479216719,0.075,10.442604547075089
community_irrigation,8,2,12,30,5,92000805,222.91914013497046,222.91914013497046,960.7507401563189,0.1625,10.388881035004122
community_irrigation,8,2,12,30,5,92000806,224.86157534603214,224.86157534603214,960.2690123176304,0.25,10.317861801040248
community_irrigation,8,2,12,30,5,92000807,226.80401055709382,226.80401055709382,970.4521012034793,0.0375,10.471636536387829
community_irrigation,8,2,12,30,5,92000808,220.97670492390873,220.97670492390873,964.9341121021666,0.125,10.466689396093383
community_irrigation,8,2,12,30,5,92000809,220.97670492390873,220.97670492390873,954.5232866269938,0.075,10.439894514870081
community_irrigation,8,2,12,30,5,92000810,220.97670492390873,220.97670492390873,961.7609516944431,0.2375,10.326870708797841
community_irrigation,8,2,12,30,5,92000811,220.97670492390873,220.97670492390873,958.0436412093585,0.0875,10.466046721151693
community_irrigation,8,2,12,30,5,92000812,224.86157534603217,224.86157534603217,960.3239130795639,0.1625,10.38197024702032
community_irrigation,8,2,12,30,5,92000813,215.14939929072358,215.14939929072358,954.0070100947353,0.125,10.470630983267792
community_irrigation,8,2,12,30,5,92000814,222.91914013497043,222.91914013497043,956.1366826121109,0.2125,10.324411468172206
community_irrigation,8,2,12,30,5,92000815,219.03426971284705,219.03426971284705,961.7744201881458,0.05,10.505301273350335
community_irrigation,8,2,1,60,0,92000800,205.18310460231297,205.18310460231297,942.4605244043903,0.0,10.651738328532167
community_irrigation,8,2,1,60,0,92000801,199.31191989626484,199.31191989626484,932.0685224049723,0.0,10.706920099274008
community_irrigation,8,2,1,60,0,92000802,200.77971607277686,200.77971607277686,942.594993924222,0.025,10.660636248588952
community_irrigation,8,2,1,60,0,92000803,197.84412371975282,197.84412371975282,932.4578260826831,0.0,10.642341387704876
community_irrigation,8,2,1,60,0,92000804,200.77971607277686,200.77971607277686,940.0806037780528,0.025,10.63080029393016
community_irrigation,8,2,1,60,0,92000805,203.71530842580097,203.71530842580097,941.5469084471495,0.025,10.599667109098842
community_irrigation,8,2,1,60,0,92000806,205.18310460231302,205.18310460231302,940.5905415739112,0.0,10.55958436431282
community_irrigation,8,2,1,60,0,92000807,206.65090077882505,206.65090077882505,952.5406361327233,0.0,10.682734367533447
community_irrigation,8,2,1,60,0,92000808,202.24751224928892,202.24751224928892,946.2049194275469,0.0,10.679274100295583
community_irrigation,8,2,1,60,0,92000809,199.31191989626484,199.31191989626484,935.1001463068626,0.0,10.658020264264868
community_irrigation,8,2,1,60,0,92000810,200.77971607277686,200.77971607277686,941.5639628433112,0.0375,10.567279602911137
community_irrigation,8,2,1,60,0,92000811,203.71530842580094,203.71530842580094,940.7822447112508,0.0125,10.6717283687815
community_irrigation,8,2,1,60,0,92000812,206.650900778825,206.650900778825,944.9990794624767,0.025,10.575423227246635
community_irrigation,8,2,1,60,0,92000813,196.37632754324076,196.37632754324076,937.0865781672194,0.0125,10.657117498694856
community_irrigation,8,2,1,60,0,92000814,203.71530842580094,203.71530842580094,939.1744956104542,0.0375,10.51055837587067
community_irrigation,8,2,1,60,0,92000815,199.3119198962648,199.3119198962648,944.2937150790764,0.0125,10.679919674544735
community_irrigation,8,2,6,60,5,92000800,226.8040105570939,226.8040105570939,961.8397856516585,0.1875,10.397200496224041
community_irrigation,8,2,6,60,5,92000801,219.034269712847,219.034269712847,951.7908722215543,0.075,10.484701947336507
community_irrigation,8,2,6,60,5,92000802,222.91914013497043,222.91914013497043,962.4927732789029,0.2,10.439848417052048
community_irrigation,8,2,6,60,5,92000803,217.09183450178523,217.09183450178523,951.7055368647158,0.0875,10.422277398936586
community_irrigation,8,2,6,60,5,92000804,220.97670492390873,220.97670492390873,958.0359479216719,0.075,10.442604547075089
community_irrigation,8,2,6,60,5,92000805,222.91914013497046,222.91914013497046,960.7507401563189,0.1625,10.388881035004122
community_irrigation,8,2,6,60,5,92000806,224.86157534603214,224.86157534603214,960.2690123176304,0.25,10.317861801040248
community_irrigation,8,2,6,60,5,92000807,226.80401055709382,226.80401055709382,970.4521012034793,0.0375,10.471636536387829
community_irrigation,8,2,6,60,5,92000808,220.97670492390873,220.97670492390873,964.9341121021666,0.125,10.466689396093383
community_irrigation,8,2,6,60,5,92000809,220.97670492390873,220.97670492390873,954.5232866269938,0.075,10.439894514870081
community_irrigation,8,2,6,60,5,92000810,220.97670492390873,220.97670492390873,961.7609516944431,0.2375,10.326870708797841
community_irrigation,8,2,6,60,5,92000811,220.97670492390873,220.97670492390873,958.0436412093585,0.0875,10.466046721151693
community_irrigation,8,2,6,60,5,92000812,224.86157534603217,224.86157534603217,960.3239130795639,0.1625,10.38197024702032
community_irrigation,8,2,6,60,5,92000813,215.14939929072358,215.14939929072358,954.0070100947353,0.125,10.470630983267792
community_irrigation,8,2,6,60,5,92000814,222.91914013497043,222.91914013497043,956.1366826121109,0.2125,10.324411468172206
community_irrigation,8,2,6,60,5,92000815,219.03426971284705,219.03426971284705,961.7744201881458,0.05,10.505301273350335
community_irrigation,8,2,12,60,8,92000800,226.15371429332185,226.15371429332185,961.1894893878862,0.0875,10.417121340583984
community_irrigation,8,2,12,60,8,92000801,220.31200326402552,220.31200326402552,950.8269610652198,0.05,10.464308560102461
community_irrigation,8,2,12,60,8,92000802,223.2328587786737,223.2328587786737,962.8064919226058,0.175,10.41966343928234
community_irrigation,8,2,12,60,8,92000803,220.31200326402552,220.31200326402552,954.9257056269557,0.15,10.360257827768908
community_irrigation,8,2,12,60,8,92000804,221.7724310213496,221.7724310213496,956.5900293115997,0.1375,10.399403687560719
community_irrigation,8,2,12,60,8,92000805,223.2328587786737,223.2328587786737,961.064458800022,0.15,10.345158005593012
community_irrigation,8,2,12,60,8,92000806,224.69328653599777,224.69328653599777,960.1007235075958,0.3,10.29190672483438
community_irrigation,8,2,12,60,8,92000807,229.07456980797002,229.07456980797002,972.7226604543553,0.0875,10.436798060689219
community_irrigation,8,2,12,60,8,92000808,221.7724310213496,221.7724310213496,963.4881934920945,0.1125,10.43916725948649
community_irrigation,8,2,12,60,8,92000809,220.31200326402552,220.31200326402552,953.8585849671102,0.075,10.424979725869802
community_irrigation,8,2,12,60,8,92000810,223.2328587786737,223.2328587786737,961.775460841695,0.2625,10.270155077265915
community_irrigation,8,2,12,60,8,92000811,223.23285877867366,223.23285877867366,958.3300525461576,0.1125,10.450238183865649
community_irrigation,8,2,12,60,8,92000812,224.69328653599777,224.69328653599777,960.1556242695293,0.125,10.358668534428944
community_irrigation,8,2,12,60,8,92000813,217.39114774937735,217.39114774937735,954.0071138458761,0.1875,10.413132114042327
community_irrigation,8,2,12,60,8,92000814,226.15371429332185,226.15371429332185,957.1296120629493,0.2875,10.253653678295874
community_irrigation,8,2,12,60,8,92000815,218.85157550670144,218.85157550670144,959.3500812744871,0.075,10.475443903237476
community_irrigation,9,3,1,30,0,92000900,220.89559144291658,220.89559144291658,914.6729266621076,0.85,9.698782057576974
community_irrigation,9,3,1,30,0,92000901,221.47476155936508,221.47476155936508,926.1798940224877,0.8625,9.731550742746785
community_irrigation,9,3,1,30,0,92000902,218.57891097712272,218.57891097712272,913.248894375718,0.9,9.69868752446837
community_irrigation,9,3,1,30,0,92000903,216.84140062777732,216.84140062777732,898.911524080827,0.9,9.515723050680613
community_irrigation,9,3,1,30,0,92000904,217.42057074422578,217.42057074422578,911.8633191432355,0.875,9.631153409751613
community_irrigation,9,3,1,30,0,92000905,219.73725121001965,219.73725121001965,914.1459211470885,0.875,9.657903981377874
community_irrigation,9,3,1,30,0,92000906,216.84140062777732,216.84140062777732,906.6967429398192,0.9,9.695539856531592
community_irrigation,9,3,1,30,0,92000907,217.99974086067428,217.99974086067428,902.0183208341609,0.925,9.576712055874236
community_irrigation,9,3,1,30,0,92000908,217.99974086067425,217.99974086067425,908.91447008824,0.9125,9.6326292078587
community_irrigation,9,3,1,30,0,92000909,217.42057074422578,217.42057074422578,915.9658864681408,0.875,9.684178423303921
community_irrigation,9,3,1,30,0,92000910,219.15808109357118,219.15808109357118,914.7865002877502,0.8625,9.694048114701879
community_irrigation,9,3,1,30,0,92000911,217.99974086067425,217.99974086067425,907.9290500185862,0.8875,9.59919337714618
community_irrigation,9,3,1,30,0,92000912,217.42057074422578,217.42057074422578,914.8771357099833,0.9,9.640099333324123
community_irrigation,9,3,1,30,0,92000913,220.89559144291658,220.89559144291658,899.2429035292653,0.9,9.519371625258099
community_irrigation,9,3,1,30,0,92000914,219.73725121001965,219.73725121001965,909.7733586407064,0.9125,9.643092723972043
community_irrigation,9,3,1,30,0,92000915,220.31642132646812,220.31642132646812,905.0429933568139,0.9,9.539113197540761
community_irrigation,9,3,6,30,1,92000900,239.9445228487524,239.9445228487524,922.8673121880553,0.925,9.347840045729047
community_irrigation,9,3,6,30,1,92000901,238.83972150371892,238.83972150371892,935.105223798653,0.9125,9.435177774879296
community_irrigation,9,3,6,30,1,92000902,239.9445228487524,239.9445228487524,928.4146320339423,0.925,9.364741733098779
community_irrigation,9,3,6,30,1,92000903,238.83972150371892,238.83972150371892,913.0039410501063,0.9375,9.001477620652533
community_irrigation,9,3,6,30,1,92000904,239.9445228487524,239.9445228487524,925.4739385079606,0.925,9.209715762049413
community_irrigation,9,3,6,30,1,92000905,238.83972150371892,238.83972150371892,926.7523335011988,0.925,9.248682611922947
community_irrigation,9,3,6,30,1,92000906,239.9445228487524,239.9445228487524,922.3434706549242,0.925,9.233320284281806
community_irrigation,9,3,6,30,1,92000907,238.83972150371892,238.83972150371892,916.059475720195,0.95,9.267516485800213
community_irrigation,9,3,6,30,1,92000908,239.9445228487524,239.9445228487524,921.7021051830907,0.95,9.319023236966961
community_irrigation,9,3,6,30,1,92000909,239.9445228487524,239.9445228487524,935.0803984742313,0.9125,9.263645090156785
community_irrigation,9,3,6,30,1,92000910,239.9445228487524,239.9445228487524,924.8282760587914,0.9375,9.355844443054721
community_irrigation,9,3,6,30,1,92000911,238.83972150371892,238.83972150371892,923.0262271604306,0.95,9.187572608367441
community_irrigation,9,3,6,30,1,92000912,238.83972150371892,238.83972150371892,933.1281636379208,0.9125,9.296941731907593
community_irrigation,9,3,6,30,1,92000913,239.9445228487524,239.9445228487524,914.1490986414917,0.9375,9.273320719548652
community_irrigation,9,3,6,30,1,92000914,239.9445228487524,239.9445228487524,922.8411037381331,0.9125,9.31703546425464
community_irrigation,9,3,6,30,1,92000915,239.9445228487524,239.9445228487524,918.3442787308281,0.9375,9.21933077589792
community_irrigation,9,3,12,30,11,92000900,246.7498526785263,246.7498526785263,931.6221353653951,0.925,9.111746507846417
community_irrigation,9,3,12,30,11,92000901,249.5387794515739,249.5387794515739,936.6112739485252,0.9125,9.062562016841465
community_irrigation,9,3,12,30,11,92000902,243.96092590547872,243.96092590547872,938.2844054776485,0.9125,9.144669833921014
community_irrigation,9,3,12,30,11,92000903,242.5664625189549,242.5664625189549,920.9207322072211,0.9375,9.001976572569285
community_irrigation,9,3,12,30,11,92000904,243.9609259054787,243.9609259054787,928.5699662281377,0.925,9.049498773086023
community_irrigation,9,3,12,30,11,92000905,246.74985267852628,246.74985267852628,934.939013176694,0.925,9.082217227951281
community_irrigation,9,3,12,30,11,92000906,242.5664625189549,242.5664625189549,925.0751135683421,0.925,9.074935792078627
community_irrigation,9,3,12,30,11,92000907,246.7498526785263,246.7498526785263,921.307141888003,0.95,8.910821138945659
community_irrigation,9,3,12,30,11,92000908,248.14431606505013,248.14431606505013,925.5057060750325,0.95,8.988504257441216
community_irrigation,9,3,12,30,11,92000909,243.96092590547872,243.96092590547872,933.2447806229649,0.9125,9.067092407242688
community_irrigation,9,3,12,30,11,92000910,249.53877945157393,249.53877945157393,926.4737856069028,0.925,8.971360901410549
community_irrigation,9,3,12,30,11,92000911,245.35538929200249,245.35538929200249,936.2375192298906,0.925,9.12516574970593
community_irrigation,9,3,12,30,11,92000912,243.9609259054787,243.9609259054787,937.9931476185261,0.9125,9.103688826863129
community_irrigation,9,3,12,30,11,92000913,246.7498526785263,246.7498526785263,921.3286734655649,0.9375,9.063735236906531
community_irrigation,9,3,12,30,11,92000914,246.74985267852634,246.74985267852634,917.3903897414657,0.925,8.895544632720265
community_irrigation,9,3,12,30,11,92000915,248.1443160650501,248.1443160650501,936.6394451135591,0.9375,9.078639207894891
community_irrigation,9,3,1,60,0,92000900,220.89559144291658,220.89559144291658,914.6729266621076,0.85,9.698782057576974
community_irrigation,9,3,1,60,0,92000901,221.47476155936508,221.47476155936508,926.1798940224877,0.8625,9.731550742746785
community_irrigation,9,3,1,60,0,92000902,218.57891097712272,218.57891097712272,913.248894375718,0.9,9.69868752446837
community_irrigation,9,3,1,60,0,92000903,216.84140062777732,216.84140062777732,898.911524080827,0.9,9.515723050680613
community_irrigation,9,3,1,60,0,92000904,217.42057074422578,217.42057074422578,911.8633191432355,0.875,9.631153409751613
community_irrigation,9,3,1,60,0,92000905,219.73725121001965,219.73725121001965,914.1459211470885,0.875,9.657903981377874
community_irrigation,9,3,1,60,0,92000906,216.84140062777732,216.84140062777732,906.6967429398192,0.9,9.695539856531592
community_irrigation,9,3,1,60,0,92000907,217.99974086067428,217.99974086067428,902.0183208341609,0.925,9.576712055874236
community_irrigation,9,3,1,60,0,92000908,217.99974086067425,217.99974086067425,908.91447008824,0.9125,9.6326292078587
community_irrigation,9,3,1,60,0,92000909,217.42057074422578,217.42057074422578,915.9658864681408,0.875,9.684178423303921
community_irrigation,9,3,1,60,0,92000910,219.15808109357118,219.15808109357118,914.7865002877502,0.8625,9.694048114701879
community_irrigation,9,3,1,60,0,92000911,217.99974086067425,217.99974086067425,907.9290500185862,0.8875,9.59919337714618
community_irrigation,9,3,1,60,0,92000912,217.42057074422578,217.42057074422578,914.8771357099833,0.9,9.640099333324123
community_irrigation,9,3,1,60,0,92000913,220.89559144291658,220.89559144291658,899.2429035292653,0.9,9.519371625258099
community_irrigation,9,3,1,60,0,92000914,219.73725121001965,219.73725121001965,909.7733586407064,0.9125,9.643092723972043
community_irrigation,9,3,1,60,0,92000915,220.31642132646812,220.31642132646812,905.0429933568139,0.9,9.539113197540761
community_irrigation,9,3,6,60,5,92000900,242.51975297559142,242.51975297559142,929.8734580989312,0.9,9.388847820290872
community_irrigation,9,3,6,60,5,92000901,241.54027951965008,241.54027951965008,930.6074490060307,0.8875,9.345397960877055
community_irrigation,9,3,6,60,5,92000902,242.51975297559142,242.51975297559142,924.5000365446713,0.9375,9.260392780387303
community_irrigation,9,3,6,60,5,92000903,239.58133260776737,239.58133260776737,913.2331893561104,0.9375,9.173761590810022
community_irrigation,9,3,6,60,5,92000904,241.54027951965008,241.54027951965008,919.752988434511,0.9125,9.167420965407645
community_irrigation,9,3,6,60,5,92000905,240.56080606370872,240.56080606370872,928.8501500399593,0.9125,9.342445608576071
community_irrigation,9,3,6,60,5,92000906,240.56080606370872,240.56080606370872,921.4962762986786,0.925,9.278279471095889
community_irrigation,9,3,6,60,5,92000907,241.54027951965008,241.54027951965008,921.7835727430013,0.9375,9.248859221710763
community_irrigation,9,3,6,60,5,92000908,241.54027951965006,241.54027951965006,923.7381673353041,0.95,9.29247491534306
community_irrigation,9,3,6,60,5,92000909,239.58133260776737,239.58133260776737,931.1091691574029,0.9125,9.347972212198169
community_irrigation,9,3,6,60,5,92000910,241.54027951965006,241.54027951965006,923.7908393998869,0.925,9.328046241611622
community_irrigation,9,3,6,60,5,92000911,240.5608060637087,240.5608060637087,920.4643380289408,0.9375,9.195737980819674
community_irrigation,9,3,6,60,5,92000912,240.56080606370872,240.56080606370872,934.7169483782299,0.9125,9.300420485978558
community_irrigation,9,3,6,60,5,92000913,243.49922643153278,243.49922643153278,918.4507698719979,0.9375,9.267453408228995
community_irrigation,9,3,6,60,5,92000914,242.51975297559144,242.51975297559144,922.319747500719,0.9125,9.258036672898571
community_irrigation,9,3,6,60,5,92000915,242.51975297559142,242.51975297559142,930.150667859167,0.9375,9.313988943267539
community_irrigation,9,3,12,60,11,92000900,246.7498526785263,246.7498526785263,931.6221353653951,0.925,9.111746507846417
community_irrigation,9,3,12,60,11,92000901,249.5387794515739,249.5387794515739,936.6112739485252,0.9125,9.062562016841465
community_irrigation,9,3,12,60,11,92000902,243.96092590547872,243.96092590547872,938.2844054776485,0.9125,9.144669833921014
community_irrigation,9,3,12,60,11,92000903,242.5664625189549,242.5664625189549,920.9207322072211,0.9375,9.001976572569285
community_irrigation,9,3,12,60,11,92000904,243.9609259054787,243.9609259054787,928.5699662281377,0.925,9.049498773086023
community_irrigation,9,3,12,60,11,92000905,246.74985267852628,246.74985267852628,934.939013176694,0.925,9.082217227951281
community_irrigation,9,3,12,60,11,92000906,242.5664625189549,242.5664625189549,925.0751135683421,0.925,9.074935792078627
community_irrigation,9,3,12,60,11,92000907,246.7498526785263,246.7498526785263,921.307141888003,0.95,8.910821138945659
community_irrigation,9,3,12,60,11,92000908,248.14431606505013,248.14431606505013,925.5057060750325,0.95,8.988504257441216
community_irrigation,9,3,12,60,11,92000909,243.96092590547872,243.96092590547872,933.2447806229649,0.9125,9.067092407242688
community_irrigation,9,3,12,60,11,92000910,249.53877945157393,249.53877945157393,926.4737856069028,0.925,8.971360901410549
community_irrigation,9,3,12,60,11,92000911,245.35538929200249,245.35538929200249,936.2375192298906,0.925,9.12516574970593
community_irrigation,9,3,12,60,11,92000912,243.9609259054787,243.9609259054787,937.9931476185261,0.9125,9.103688826863129
community_irrigation,9,3,12,60,11,92000913,246.7498526785263,246.7498526785263,921.3286734655649,0.9375,9.063735236906531
community_irrigation,9,3,12,60,11,92000914,246.74985267852634,246.74985267852634,917.3903897414657,0.925,8.895544632720265
community_irrigation,9,3,12,60,11,92000915,248.1443160650501,248.1443160650501,936.6394451135591,0.9375,9.078639207894891
forest_co_management,0,0,1,30,0,92000000,200.6035932735938,200.6035932735938,824.8990227694735,0.975,9.096486079581709
forest_co_management,0,0,1,30,0,92000001,200.6035932735938,200.6035932735938,815.329021943329,0.9875,9.030213055595016
forest_co_management,0,0,1,30,0,92000002,204.40512171529372,204.40512171529372,830.9267441864649,0.9875,9.013664553415094
forest_co_management,0,0,1,30,0,92000003,189.199007948494,189.199007948494,816.2540986132394,0.9875,9.059299836735164
forest_co_management,0,0,1,30,0,92000004,204.40512171529372,204.40512171529372,815.8184572100217,0.9875,9.04166068717532
forest_co_management,0,0,1,30,0,92000005,193.0005363901939,193.0005363901939,823.959078573976,0.9875,9.01369619355416
forest_co_management,0,0,1,30,0,92000006,200.6035932735938,200.6035932735938,814.7555264379971,0.9875,9.040002619230739
forest_co_management,0,0,1,30,0,92000007,200.6035932735938,200.6035932735938,841.4881488556753,0.9875,9.06344703391957
forest_co_management,0,0,1,30,0,92000008,208.20665015699365,208.20665015699365,839.3979470723706,0.975,9.069578853017077
forest_co_management,0,0,1,30,0,92000009,185.39747950679407,185.39747950679407,814.0652947056888,0.975,8.943502851092386
forest_co_management,0,0,1,30,0,92000010,200.6035932735938,200.6035932735938,819.9717446915195,0.975,9.050164507222748
forest_co_management,0,0,1,30,0,92000011,-3.8650384549289853,21.134961545071015,134.07517915199244,0.9090909090909091,8.51784771151735
forest_co_management,0,0,1,30,0,92000012,193.0005363901939,193.0005363901939,817.0054717091803,0.9875,8.92610477451833
forest_co_management,0,0,1,30,0,92000013,-8.880507049934945,16.119492950065055,102.95100736991927,0.875,8.432140530266809
forest_co_management,0,0,1,30,0,92000014,31.60481518417417,56.60481518417417,310.97233652434073,0.9333333333333333,8.369348242670076
forest_co_management,0,0,1,30,0,92000015,-5.205264107538639,19.79473589246136,128.00977328666167,0.9,8.562837755810927
forest_co_management,0,0,6,30,4,92000000,215.1865991337059,215.1865991337059,841.4821077020326,0.9125,9.658348703906423
forest_co_management,0,0,6,30,4,92000001,219.3296805108626,219.3296805108626,834.8186193539722,0.9125,9.62097857541265
forest_co_management,0,0,6,30,4,92000002,223.4727618880193,223.4727618880193,850.4835893583079,0.9375,9.632691100639274
forest_co_management,0,0,6,30,4,92000003,206.90043637939254,206.90043637939254,836.4894093435212,0.9375,9.672780797083602
forest_co_management,0,0,6,30,4,92000004,223.4727618880193,223.4727618880193,837.5747152996732,0.9375,9.636665200628512
forest_co_management,0,0,6,30,4,92000005,213.11505844512757,213.11505844512757,846.1354415162439,0.95,9.667712513361892
forest_co_management,0,0,6,30,4,92000006,219.3296805108626,219.3296805108626,836.1416367876335,0.8875,9.642062899277864
forest_co_management,0,0,6,30,4,92000007,221.40122119944098,221.40122119944098,863.960545163047,0.8875,9.718022310464832
forest_co_management,0,0,6,30,4,92000008,225.54430257659766,225.54430257659766,857.8879172774218,0.9,9.700834134379903
forest_co_management,0,0,6,30,4,92000009,213.11505844512754,213.11505844512754,844.9364897237849,0.9,9.655245390928766
forest_co_management,0,0,6,30,4,92000010,217.25813982228425,217.25813982228425,838.5849399404235,0.9625,9.633224414020248
forest_co_management,0,0,6,30,4,92000011,217.25813982228428,217.25813982228428,848.033110603686,0.95,9.676406010369863
forest_co_management,0,0,6,30,4,92000012,217.25813982228425,217.25813982228425,842.9367057807515,0.9375,9.592716177826963
forest_co_management,0,0,6,30,4,92000013,221.40122119944095,221.40122119944095,851.7922141949579,0.9,9.674704973859411
forest_co_management,0,0,6,30,4,92000014,223.4727618880193,223.4727618880193,856.7316071316659,0.95,9.672488443359141
forest_co_management,0,0,6,30,4,92000015,219.3296805108626,219.3296805108626,855.5111572431845,0.925,9.71820435091331
forest_co_management,0,0,12,30,4,92000000,215.1865991337059,215.1865991337059,841.4821077020326,0.9125,9.658348703906423
forest_co_management,0,0,12,30,4,92000001,219.3296805108626,219.3296805108626,834.8186193539722,0.9125,9.62097857541265
forest_co_management,0,0,12,30,4,92000002,223.4727618880193,223.4727618880193,850.4835893583079,0.9375,9.632691100639274
forest_co_management,0,0,12,30,4,92000003,206.90043637939254,206.90043637939254,836.4894093435212,0.9375,9.672780797083602
forest_co_management,0,0,12,30,4,92000004,223.4727618880193,223.4727618880193,837.5747152996732,0.9375,9.636665200628512
forest_co_management,0,0,12,30,4,92000005,213.11505844512757,213.11505844512757,846.1354415162439,0.95,9.667712513361892
forest_co_management,0,0,12,30,4,92000006,219.3296805108626,219.3296805108626,836.1416367876335,0.8875,9.642062899277864
forest_co_management,0,0,12,30,4,92000007,221.40122119944098,221.40122119944098,863.960545163047,0.8875,9.718022310464832
forest_co_management,0,0,12,30,4,92000008,225.54430257659766,225.54430257659766,857.8879172774218,0.9,9.700834134379903
forest_co_management,0,0,12,30,4,92000009,213.11505844512754,213.11505844512754,844.9364897237849,0.9,9.655245390928766
forest_co_management,0,0,12,30,4,92000010,217.25813982228425,217.25813982228425,838.5849399404235,0.9625,9.633224414020248
forest_co_management,0,0,12,30,4,92000011,217.25813982228428,217.25813982228428,848.033110603686,0.95,9.676406010369863
forest_co_management,0,0,12,30,4,92000012,217.25813982228425,217.25813982228425,842.9367057807515,0.9375,9.592716177826963
forest_co_management,0,0,12,30,4,92000013,221.40122119944095,221.40122119944095,851.7922141949579,0.9,9.674704973859411
forest_co_management,0,0,12,30,4,92000014,223.4727618880193,223.4727618880193,856.7316071316659,0.95,9.672488443359141
forest_co_management,0,0,12,30,4,92000015,219.3296805108626,219.3296805108626,855.5111572431845,0.925,9.71820435091331
forest_co_management,0,0,1,60,0,92000000,200.6035932735938,200.6035932735938,824.8990227694735,0.975,9.096486079581709
forest_co_management,0,0,1,60,0,92000001,200.6035932735938,200.6035932735938,815.329021943329,0.9875,9.030213055595016
forest_co_management,0,0,1,60,0,92000002,204.40512171529372,204.40512171529372,830.9267441864649,0.9875,9.013664553415094
forest_co_management,0,0,1,60,0,92000003,189.199007948494,189.199007948494,816.2540986132394,0.9875,9.059299836735164
forest_co_management,0,0,1,60,0,92000004,204.40512171529372,204.40512171529372,815.8184572100217,0.9875,9.04166068717532
forest_co_management,0,0,1,60,0,92000005,193.0005363901939,193.0005363901939,823.959078573976,0.9875,9.01369619355416
forest_co_management,0,0,1,60,0,92000006,200.6035932735938,200.6035932735938,814.7555264379971,0.9875,9.040002619230739
forest_co_management,0,0,1,60,0,92000007,200.6035932735938,200.6035932735938,841.4881488556753,0.9875,9.06344703391957
forest_co_management,0,0,1,60,0,92000008,208.20665015699365,208.20665015699365,839.3979470723706,0.975,9.069578853017077
forest_co_management,0,0,1,60,0,92000009,185.39747950679407,185.39747950679407,814.0652947056888,0.975,8.943502851092386
forest_co_management,0,0,1,60,0,92000010,200.6035932735938,200.6035932735938,819.9717446915195,0.975,9.050164507222748
forest_co_management,0,0,1,60,0,92000011,-3.8650384549289853,21.134961545071015,134.07517915199244,0.9090909090909091,8.51784771151735
forest_co_management,0,0,1,60,0,92000012,193.0005363901939,193.0005363901939,817.0054717091803,0.9875,8.92610477451833
forest_co_management,0,0,1,60,0,92000013,-8.880507049934945,16.119492950065055,102.95100736991927,0.875,8.432140530266809
forest_co_management,0,0,1,60,0,92000014,31.60481518417417,56.60481518417417,310.97233652434073,0.9333333333333333,8.369348242670076
forest_co_management,0,0,1,60,0,92000015,-5.205264107538639,19.79473589246136,128.00977328666167,0.9,8.562837755810927
forest_co_management,0,0,6,60,4,92000000,215.1865991337059,215.1865991337059,841.4821077020326,0.9125,9.658348703906423
forest_co_management,0,0,6,60,4,92000001,219.3296805108626,219.3296805108626,834.8186193539722,0.9125,9.62097857541265
forest_co_management,0,0,6,60,4,92000002,223.4727618880193,223.4727618880193,850.4835893583079,0.9375,9.632691100639274
forest_co_management,0,0,6,60,4,92000003,206.90043637939254,206.90043637939254,836.4894093435212,0.9375,9.672780797083602
forest_co_management,0,0,6,60,4,92000004,223.4727618880193,223.4727618880193,837.5747152996732,0.9375,9.636665200628512
forest_co_management,0,0,6,60,4,92000005,213.11505844512757,213.11505844512757,846.1354415162439,0.95,9.667712513361892
forest_co_management,0,0,6,60,4,92000006,219.3296805108626,219.3296805108626,836.1416367876335,0.8875,9.642062899277864
forest_co_management,0,0,6,60,4,92000007,221.40122119944098,221.40122119944098,863.960545163047,0.8875,9.718022310464832
forest_co_management,0,0,6,60,4,92000008,225.54430257659766,225.54430257659766,857.8879172774218,0.9,9.700834134379903
forest_co_management,0,0,6,60,4,92000009,213.11505844512754,213.11505844512754,844.9364897237849,0.9,9.655245390928766
forest_co_management,0,0,6,60,4,92000010,217.25813982228425,217.25813982228425,838.5849399404235,0.9625,9.633224414020248
forest_co_management,0,0,6,60,4,92000011,217.25813982228428,217.25813982228428,848.033110603686,0.95,9.676406010369863
forest_co_management,0,0,6,60,4,92000012,217.25813982228425,217.25813982228425,842.9367057807515,0.9375,9.592716177826963
forest_co_management,0,0,6,60,4,92000013,221.40122119944095,221.40122119944095,851.7922141949579,0.9,9.674704973859411
forest_co_management,0,0,6,60,4,92000014,223.4727618880193,223.4727618880193,856.7316071316659,0.95,9.672488443359141
forest_co_management,0,0,6,60,4,92000015,219.3296805108626,219.3296805108626,855.5111572431845,0.925,9.71820435091331
forest_co_management,0,0,12,60,4,92000000,215.1865991337059,215.1865991337059,841.4821077020326,0.9125,9.658348703906423
forest_co_management,0,0,12,60,4,92000001,219.3296805108626,219.3296805108626,834.8186193539722,0.9125,9.62097857541265
forest_co_management,0,0,12,60,4,92000002,223.4727618880193,223.4727618880193,850.4835893583079,0.9375,9.632691100639274
forest_co_management,0,0,12,60,4,92000003,206.90043637939254,206.90043637939254,836.4894093435212,0.9375,9.672780797083602
forest_co_management,0,0,12,60,4,92000004,223.4727618880193,223.4727618880193,837.5747152996732,0.9375,9.636665200628512
forest_co_management,0,0,12,60,4,92000005,213.11505844512757,213.11505844512757,846.1354415162439,0.95,9.667712513361892
forest_co_management,0,0,12,60,4,92000006,219.3296805108626,219.3296805108626,836.1416367876335,0.8875,9.642062899277864
forest_co_management,0,0,12,60,4,92000007,221.40122119944098,221.40122119944098,863.960545163047,0.8875,9.718022310464832
forest_co_management,0,0,12,60,4,92000008,225.54430257659766,225.54430257659766,857.8879172774218,0.9,9.700834134379903
forest_co_management,0,0,12,60,4,92000009,213.11505844512754,213.11505844512754,844.9364897237849,0.9,9.655245390928766
forest_co_management,0,0,12,60,4,92000010,217.25813982228425,217.25813982228425,838.5849399404235,0.9625,9.633224414020248
forest_co_management,0,0,12,60,4,92000011,217.25813982228428,217.25813982228428,848.033110603686,0.95,9.676406010369863
forest_co_management,0,0,12,60,4,92000012,217.25813982228425,217.25813982228425,842.9367057807515,0.9375,9.592716177826963
forest_co_management,0,0,12,60,4,92000013,221.40122119944095,221.40122119944095,851.7922141949579,0.9,9.674704973859411
forest_co_management,0,0,12,60,4,92000014,223.4727618880193,223.4727618880193,856.7316071316659,0.95,9.672488443359141
forest_co_management,0,0,12,60,4,92000015,219.3296805108626,219.3296805108626,855.5111572431845,0.925,9.71820435091331
forest_co_management,1,1,1,30,0,92000100,199.66253463438488,199.66253463438488,845.4271333037728,0.95,8.276107637894398
forest_co_management,1,1,1,30,0,92000101,206.18256600669153,206.18256600669153,834.2307793454081,0.975,8.209063551797508
forest_co_management,1,1,1,30,0,92000102,201.83587842515377,201.83587842515377,849.1705063970317,0.9625,8.281019760303106
forest_co_management,1,1,1,30,0,92000103,204.00922221592265,204.00922221592265,843.7151786632081,0.975,8.262503701926494
forest_co_management,1,1,1,30,0,92000104,204.00922221592265,204.00922221592265,841.0916265657252,0.9625,8.264372229017965
forest_co_management,1,1,1,30,0,92000105,204.00922221592265,204.00922221592265,839.237536842016,0.9625,8.271353581658115
forest_co_management,1,1,1,30,0,92000106,195.31584705284712,195.31584705284712,833.0950856257873,0.975,8.246793079109025
forest_co_management,1,1,1,30,0,92000107,204.00922221592265,204.00922221592265,839.1607856888671,0.975,8.244267390653022
forest_co_management,1,1,1,30,0,92000108,201.83587842515377,201.83587842515377,841.4410766784133,0.975,8.233515251937794
forest_co_management,1,1,1,30,0,92000109,204.00922221592265,204.00922221592265,841.5726455943557,0.9625,8.309274751478961
forest_co_management,1,1,1,30,0,92000110,206.18256600669153,206.18256600669153,853.3665670731699,0.9625,8.316456196696937
forest_co_management,1,1,1,30,0,92000111,208.3559097974604,208.3559097974604,849.9995508446048,0.9625,8.286468236848986
forest_co_management,1,1,1,30,0,92000112,201.83587842515377,201.83587842515377,831.1878152217541,0.975,8.204171423318678
forest_co_management,1,1,1,30,0,92000113,212.70259737899818,212.70259737899818,840.3273158834202,0.975,8.298881034636018
forest_co_management,1,1,1,30,0,92000114,201.83587842515377,201.83587842515377,841.653126548486,0.975,8.268381961521136
forest_co_management,1,1,1,30,0,92000115,206.18256600669153,206.18256600669153,838.7003655605986,0.95,8.296358589869342
forest_co_management,1,1,6,30,1,92000100,199.14013783089015,199.14013783089015,850.1177906556954,0.95,8.328267756838825
forest_co_management,1,1,6,30,1,92000101,206.62290749030777,206.62290749030777,841.6974227978903,0.975,8.23646871731431
forest_co_management,1,1,6,30,1,92000102,201.01083024574456,201.01083024574456,850.0453613886067,0.9625,8.283158346673066
forest_co_management,1,1,6,30,1,92000103,204.75221507545336,204.75221507545336,853.184376662589,0.975,8.26144583468027
forest_co_management,1,1,6,30,1,92000104,204.75221507545334,204.75221507545334,843.4737559297521,0.9625,8.351941604690023
forest_co_management,1,1,6,30,1,92000105,202.88152266059896,202.88152266059896,843.3228914421093,0.9625,8.28983508112002
forest_co_management,1,1,6,30,1,92000106,197.26944541603575,197.26944541603575,841.9616413153773,0.975,8.272993887182615
forest_co_management,1,1,6,30,1,92000107,204.75221507545334,204.75221507545334,841.7170263618468,0.9625,8.237939112970889
forest_co_management,1,1,6,30,1,92000108,201.01083024574456,201.01083024574456,844.0158348409726,0.975,8.261179161900362
forest_co_management,1,1,6,30,1,92000109,202.88152266059893,202.88152266059893,847.3579033654332,0.9625,8.321546943771258
forest_co_management,1,1,6,30,1,92000110,206.62290749030774,206.62290749030774,856.1149135781964,0.975,8.272110683058132
forest_co_management,1,1,6,30,1,92000111,208.4935999051621,208.4935999051621,851.8371441232907,0.9625,8.312963612003077
forest_co_management,1,1,6,30,1,92000112,204.75221507545336,204.75221507545336,835.804055043038,0.975,8.292092156873803
forest_co_management,1,1,6,30,1,92000113,212.23498473487095,212.23498473487095,846.7726605656942,0.975,8.334475309956137
forest_co_management,1,1,6,30,1,92000114,201.01083024574456,201.01083024574456,844.3412293535098,0.975,8.270924137542593
forest_co_management,1,1,6,30,1,92000115,206.62290749030774,206.62290749030774,840.8406102151991,0.95,8.34775891043105
forest_co_management,1,1,12,30,1,92000100,199.14013783089015,199.14013783089015,850.1177906556954,0.95,8.328267756838825
forest_co_management,1,1,12,30,1,92000101,206.62290749030777,206.62290749030777,841.6974227978903,0.975,8.23646871731431
forest_co_management,1,1,12,30,1,92000102,201.01083024574456,201.01083024574456,850.0453613886067,0.9625,8.283158346673066
forest_co_management,1,1,12,30,1,92000103,204.75221507545336,204.75221507545336,853.184376662589,0.975,8.26144583468027
forest_co_management,1,1,12,30,1,92000104,204.75221507545334,204.75221507545334,843.4737559297521,0.9625,8.351941604690023
forest_co_management,1,1,12,30,1,92000105,202.88152266059896,202.88152266059896,843.3228914421093,0.9625,8.28983508112002
forest_co_management,1,1,12,30,1,92000106,197.26944541603575,197.26944541603575,841.9616413153773,0.975,8.272993887182615
forest_co_management,1,1,12,30,1,92000107,204.75221507545334,204.75221507545334,841.7170263618468,0.9625,8.237939112970889
forest_co_management,1,1,12,30,1,92000108,201.01083024574456,201.01083024574456,844.0158348409726,0.975,8.261179161900362
forest_co_management,1,1,12,30,1,92000109,202.88152266059893,202.88152266059893,847.3579033654332,0.9625,8.321546943771258
forest_co_management,1,1,12,30,1,92000110,206.62290749030774,206.62290749030774,856.1149135781964,0.975,8.272110683058132
forest_co_management,1,1,12,30,1,92000111,208.4935999051621,208.4935999051621,851.8371441232907,0.9625,8.312963612003077
forest_co_management,1,1,12,30,1,92000112,204.75221507545336,204.75221507545336,835.804055043038,0.975,8.292092156873803
forest_co_management,1,1,12,30,1,92000113,212.23498473487095,212.23498473487095,846.7726605656942,0.975,8.334475309956137
forest_co_management,1,1,12,30,1,92000114,201.01083024574456,201.01083024574456,844.3412293535098,0.975,8.270924137542593
forest_co_management,1,1,12,30,1,92000115,206.62290749030774,206.62290749030774,840.8406102151991,0.95,8.34775891043105
forest_co_management,1,1,1,60,0,92000100,199.66253463438488,199.66253463438488,845.4271333037728,0.95,8.276107637894398
forest_co_management,1,1,1,60,0,92000101,206.18256600669153,206.18256600669153,834.2307793454081,0.975,8.209063551797508
forest_co_management,1,1,1,60,0,92000102,201.83587842515377,201.83587842515377,849.1705063970317,0.9625,8.281019760303106
forest_co_management,1,1,1,60,0,92000103,204.00922221592265,204.00922221592265,843.7151786632081,0.975,8.262503701926494
forest_co_management,1,1,1,60,0,92000104,204.00922221592265,204.00922221592265,841.0916265657252,0.9625,8.264372229017965
forest_co_management,1,1,1,60,0,92000105,204.00922221592265,204.00922221592265,839.237536842016,0.9625,8.271353581658115
forest_co_management,1,1,1,60,0,92000106,195.31584705284712,195.31584705284712,833.0950856257873,0.975,8.246793079109025
forest_co_management,1,1,1,60,0,92000107,204.00922221592265,204.00922221592265,839.1607856888671,0.975,8.244267390653022
forest_co_management,1,1,1,60,0,92000108,201.83587842515377,201.83587842515377,841.4410766784133,0.975,8.233515251937794
forest_co_management,1,1,1,60,0,92000109,204.00922221592265,204.00922221592265,841.5726455943557,0.9625,8.309274751478961
forest_co_management,1,1,1,60,0,92000110,206.18256600669153,206.18256600669153,853.3665670731699,0.9625,8.316456196696937
forest_co_management,1,1,1,60,0,92000111,208.3559097974604,208.3559097974604,849.9995508446048,0.9625,8.286468236848986
forest_co_management,1,1,1,60,0,92000112,201.83587842515377,201.83587842515377,831.1878152217541,0.975,8.204171423318678
forest_co_management,1,1,1,60,0,92000113,212.70259737899818,212.70259737899818,840.3273158834202,0.975,8.298881034636018
forest_co_management,1,1,1,60,0,92000114,201.83587842515377,201.83587842515377,841.653126548486,0.975,8.268381961521136
forest_co_management,1,1,1,60,0,92000115,206.18256600669153,206.18256600669153,838.7003655605986,0.95,8.296358589869342
forest_co_management,1,1,6,60,1,92000100,199.14013783089015,199.14013783089015,850.1177906556954,0.95,8.328267756838825
forest_co_management,1,1,6,60,1,92000101,206.62290749030777,206.62290749030777,841.6974227978903,0.975,8.23646871731431
forest_co_management,1,1,6,60,1,92000102,201.01083024574456,201.01083024574456,850.0453613886067,0.9625,8.283158346673066
forest_co_management,1,1,6,60,1,92000103,204.75221507545336,204.75221507545336,853.184376662589,0.975,8.26144583468027
forest_co_management,1,1,6,60,1,92000104,204.75221507545334,204.75221507545334,843.4737559297521,0.9625,8.351941604690023
forest_co_management,1,1,6,60,1,92000105,202.88152266059896,202.88152266059896,843.3228914421093,0.9625,8.28983508112002
forest_co_management,1,1,6,60,1,92000106,197.26944541603575,197.26944541603575,841.9616413153773,0.975,8.272993887182615
forest_co_management,1,1,6,60,1,92000107,204.75221507545334,204.75221507545334,841.7170263618468,0.9625,8.237939112970889
forest_co_management,1,1,6,60,1,92000108,201.01083024574456,201.01083024574456,844.0158348409726,0.975,8.261179161900362
forest_co_management,1,1,6,60,1,92000109,202.88152266059893,202.88152266059893,847.3579033654332,0.9625,8.321546943771258
forest_co_management,1,1,6,60,1,92000110,206.62290749030774,206.62290749030774,856.1149135781964,0.975,8.272110683058132
forest_co_management,1,1,6,60,1,92000111,208.4935999051621,208.4935999051621,851.8371441232907,0.9625,8.312963612003077
forest_co_management,1,1,6,60,1,92000112,204.75221507545336,204.75221507545336,835.804055043038,0.975,8.292092156873803
forest_co_management,1,1,6,60,1,92000113,212.23498473487095,212.23498473487095,846.7726605656942,0.975,8.334475309956137
forest_co_management,1,1,6,60,1,92000114,201.01083024574456,201.01083024574456,844.3412293535098,0.975,8.270924137542593
forest_co_management,1,1,6,60,1,92000115,206.62290749030774,206.62290749030774,840.8406102151991,0.95,8.34775891043105
forest_co_management,1,1,12,60,1,92000100,199.14013783089015,199.14013783089015,850.1177906556954,0.95,8.328267756838825
forest_co_management,1,1,12,60,1,92000101,206.62290749030777,206.62290749030777,841.6974227978903,0.975,8.23646871731431
forest_co_management,1,1,12,60,1,92000102,201.01083024574456,201.01083024574456,850.0453613886067,0.9625,8.283158346673066
forest_co_management,1,1,12,60,1,92000103,204.75221507545336,204.75221507545336,853.184376662589,0.975,8.26144583468027
forest_co_management,1,1,12,60,1,92000104,204.75221507545334,204.75221507545334,843.4737559297521,0.9625,8.351941604690023
forest_co_management,1,1,12,60,1,92000105,202.88152266059896,202.88152266059896,843.3228914421093,0.9625,8.28983508112002
forest_co_management,1,1,12,60,1,92000106,197.26944541603575,197.26944541603575,841.9616413153773,0.975,8.272993887182615
forest_co_management,1,1,12,60,1,92000107,204.75221507545334,204.75221507545334,841.7170263618468,0.9625,8.237939112970889
forest_co_management,1,1,12,60,1,92000108,201.01083024574456,201.01083024574456,844.0158348409726,0.975,8.261179161900362
forest_co_management,1,1,12,60,1,92000109,202.88152266059893,202.88152266059893,847.3579033654332,0.9625,8.321546943771258
forest_co_management,1,1,12,60,1,92000110,206.62290749030774,206.62290749030774,856.1149135781964,0.975,8.272110683058132
forest_co_management,1,1,12,60,1,92000111,208.4935999051621,208.4935999051621,851.8371441232907,0.9625,8.312963612003077
forest_co_management,1,1,12,60,1,92000112,204.75221507545336,204.75221507545336,835.804055043038,0.975,8.292092156873803
forest_co_management,1,1,12,60,1,92000113,212.23498473487095,212.23498473487095,846.7726605656942,0.975,8.334475309956137
forest_co_management,1,1,12,60,1,92000114,201.01083024574456,201.01083024574456,844.3412293535098,0.975,8.270924137542593
forest_co_management,1,1,12,60,1,92000115,206.62290749030774,206.62290749030774,840.8406102151991,0.95,8.34775891043105
forest_co_management,10,4,1,30,0,92001000,220.57073592184008,220.57073592184008,790.5899673786089,0.9625,8.6685645689012
forest_co_management,10,4,1,30,0,92001001,211.5120021766719,211.5120021766719,775.9205795256541,0.9625,8.69159345874063
forest_co_management,10,4,1,30,0,92001002,217.55115800678402,217.55115800678402,782.3092908446488,0.975,8.635969515159028
forest_co_management,10,4,1,30,0,92001003,217.55115800678402,217.55115800678402,785.3058287532895,0.975,8.633424392636334
forest_co_management,10,4,1,30,0,92001004,220.57073592184008,220.57073592184008,782.2401178979928,0.9625,8.663989797260104
forest_co_management,10,4,1,30,0,92001005,223.59031383689617,223.59031383689617,787.4062531284601,0.975,8.678480370559654
forest_co_management,10,4,1,30,0,92001006,214.53158009172796,214.53158009172796,775.3820124927827,0.975,8.681462783992012
forest_co_management,10,4,1,30,0,92001007,214.53158009172796,214.53158009172796,777.1781879523166,0.975,8.674759920147286
forest_co_management,10,4,1,30,0,92001008,214.53158009172796,214.53158009172796,786.4404837991517,0.975,8.672777561708742
forest_co_management,10,4,1,30,0,92001009,216.041369049256,216.041369049256,790.4138807920419,0.975,8.730159965223628
forest_co_management,10,4,1,30,0,92001010,217.55115800678402,217.55115800678402,779.5478474455261,0.975,8.60632726017568
forest_co_management,10,4,1,30,0,92001011,222.0805248793681,222.0805248793681,788.2074787992128,0.975,8.61945646687172
forest_co_management,10,4,1,30,0,92001012,214.53158009172796,214.53158009172796,780.1179785681168,0.975,8.641815610390854
forest_co_management,10,4,1,30,0,92001013,216.04136904925602,216.04136904925602,780.8654073289758,0.975,8.69061609624261
forest_co_management,10,4,1,30,0,92001014,217.55115800678402,217.55115800678402,774.5187622717065,0.975,8.617985901231236
forest_co_management,10,4,1,30,0,92001015,216.041369049256,216.041369049256,787.8086510990313,0.975,8.660704135648519
forest_co_management,10,4,6,30,1,92001000,201.47347006435862,201.47347006435862,772.9774606718245,0.9625,8.147341717770596
forest_co_management,10,4,6,30,1,92001001,145.8834809702716,145.8834809702716,712.5191970452998,0.975,7.6362354309273
forest_co_management,10,4,6,30,1,92001002,171.09953642828106,171.09953642828106,736.6000488414945,0.975,7.8018720967119375
forest_co_management,10,4,6,30,1,92001003,159.44647311068545,159.44647311068545,726.8520927350885,0.975,7.737012599221174
forest_co_management,10,4,6,30,1,92001004,211.21589098816327,211.21589098816327,773.6276525396646,0.975,8.298097983338787
forest_co_management,10,4,6,30,1,92001005,168.0429367407992,168.0429367407992,733.3436351830604,0.975,7.763381968208554
forest_co_management,10,4,6,30,1,92001006,157.91853005243087,157.91853005243087,720.9961011795314,0.975,7.726699329446541
forest_co_management,10,4,6,30,1,92001007,170.52620099594932,170.52620099594932,733.9151884318865,0.975,7.89645395455654
forest_co_management,10,4,6,30,1,92001008,150.08603795144447,150.08603795144447,722.7373212342168,0.975,7.668168071178243
forest_co_management,10,4,6,30,1,92001009,157.34519462009908,157.34519462009908,731.7177063628851,0.975,7.804706962682519
forest_co_management,10,4,6,30,1,92001010,162.1210870336036,162.1210870336036,727.0872947737403,0.975,7.685281720050331
forest_co_management,10,4,6,30,1,92001011,201.28140682561803,201.28140682561803,768.1507403208113,0.975,8.111114007586078
forest_co_management,10,4,6,30,1,92001012,166.3236440147765,166.3236440147765,733.3948016418625,0.975,7.801282447292161
forest_co_management,10,4,6,30,1,92001013,177.59472156780842,177.59472156780842,743.1611394228769,0.975,7.967434080783393
forest_co_management,10,4,6,30,1,92001014,189.24707131443142,189.24707131443142,746.9570551547024,0.975,7.999970845571861
forest_co_management,10,4,6,30,1,92001015,162.88505856273102,162.88505856273102,735.394720187855,0.975,7.797452779013511
forest_co_management,10,4,12,30,10,92001000,219.27595420985529,219.27595420985529,790.0375652419727,0.9625,8.548215333034229
forest_co_management,10,4,12,30,10,92001001,80.02842866752118,105.02842866752118,427.70680352758353,0.9534883720930233,8.215994293436884
forest_co_management,10,4,12,30,10,92001002,218.12819259768744,218.12819259768744,782.8863254355524,0.975,8.51110684424919
forest_co_management,10,4,12,30,10,92001003,214.6849077611838,214.6849077611838,781.3481478102383,0.975,8.491506350435198
forest_co_management,10,4,12,30,10,92001004,219.27595420985529,219.27595420985529,780.9453361860083,0.975,8.544721972176157
forest_co_management,10,4,12,30,10,92001005,222.7192390463589,222.7192390463589,786.5351783379231,0.975,8.558720298967664
forest_co_management,10,4,12,30,10,92001006,214.6849077611838,214.6849077611838,776.2777197375873,0.975,8.54979766343097
forest_co_management,10,4,12,30,10,92001007,214.6849077611838,214.6849077611838,778.0738951971213,0.975,8.558664033632239
forest_co_management,10,4,12,30,10,92001008,65.2881230504991,90.2881230504991,379.7500367179482,0.9473684210526315,8.094147060310414
forest_co_management,10,4,12,30,10,92001009,214.6849077611838,214.6849077611838,788.9927693780522,0.975,8.60947852567792
forest_co_management,10,4,12,30,10,92001010,216.98043098551958,216.98043098551958,780.4618795749591,0.975,8.450275687707677
forest_co_management,10,4,12,30,10,92001011,185.1537672886408,210.1537672886408,776.2807212084857,0.975,8.214735265003299
forest_co_management,10,4,12,30,10,92001012,214.6849077611838,214.6849077611838,780.2713062375728,0.975,8.505373091182577
forest_co_management,10,4,12,30,10,92001013,213.53714614901594,213.53714614901594,778.3611844287359,0.975,8.537925952772518
forest_co_management,10,4,12,30,10,92001014,216.98043098551955,216.98043098551955,774.6904148257909,0.975,8.464787048348686
forest_co_management,10,4,12,30,10,92001015,215.83266937335168,215.83266937335168,787.6643349821604,0.975,8.498496055368042
forest_co_management,10,4,1,60,0,92001000,220.57073592184008,220.57073592184008,790.5899673786089,0.9625,8.6685645689012
forest_co_management,10,4,1,60,0,92001001,211.5120021766719,211.5120021766719,775.9205795256541,0.9625,8.69159345874063
forest_co_management,10,4,1,60,0,92001002,217.55115800678402,217.55115800678402,782.3092908446488,0.975,8.635969515159028
forest_co_management,10,4,1,60,0,92001003,217.55115800678402,217.55115800678402,785.3058287532895,0.975,8.633424392636334
forest_co_management,10,4,1,60,0,92001004,220.57073592184008,220.57073592184008,782.2401178979928,0.9625,8.663989797260104
forest_co_management,10,4,1,60,0,92001005,223.59031383689617,223.59031383689617,787.4062531284601,0.975,8.678480370559654
forest_co_management,10,4,1,60,0,92001006,214.53158009172796,214.53158009172796,775.3820124927827,0.975,8.681462783992012
forest_co_management,10,4,1,60,0,92001007,214.53158009172796,214.53158009172796,777.1781879523166,0.975,8.674759920147286
forest_co_management,10,4,1,60,0,92001008,214.53158009172796,214.53158009172796,786.4404837991517,0.975,8.672777561708742
forest_co_management,10,4,1,60,0,92001009,216.041369049256,216.041369049256,790.4138807920419,0.975,8.730159965223628
forest_co_management,10,4,1,60,0,92001010,217.55115800678402,217.55115800678402,779.5478474455261,0.975,8.60632726017568
forest_co_management,10,4,1,60,0,92001011,222.0805248793681,222.0805248793681,788.2074787992128,0.975,8.61945646687172
forest_co_management,10,4,1,60,0,92001012,214.53158009172796,214.53158009172796,780.1179785681168,0.975,8.641815610390854
forest_co_management,10,4,1,60,0,92001013,216.04136904925602,216.04136904925602,780.8654073289758,0.975,8.69061609624261
forest_co_management,10,4,1,60,0,92001014,217.55115800678402,217.55115800678402,774.5187622717065,0.975,8.617985901231236
forest_co_management,10,4,1,60,0,92001015,216.041369049256,216.041369049256,787.8086510990313,0.975,8.660704135648519
forest_co_management,10,4,6,60,0,92001000,220.57073592184008,220.57073592184008,790.5899673786089,0.9625,8.6685645689012
forest_co_management,10,4,6,60,0,92001001,211.5120021766719,211.5120021766719,775.9205795256541,0.9625,8.69159345874063
forest_co_management,10,4,6,60,0,92001002,217.55115800678402,217.55115800678402,782.3092908446488,0.975,8.635969515159028
forest_co_management,10,4,6,60,0,92001003,217.55115800678402,217.55115800678402,785.3058287532895,0.975,8.633424392636334
forest_co_management,10,4,6,60,0,92001004,220.57073592184008,220.57073592184008,782.2401178979928,0.9625,8.663989797260104
forest_co_management,10,4,6,60,0,92001005,223.59031383689617,223.59031383689617,787.4062531284601,0.975,8.678480370559654
forest_co_management,10,4,6,60,0,92001006,214.53158009172796,214.53158009172796,775.3820124927827,0.975,8.681462783992012
forest_co_management,10,4,6,60,0,92001007,214.53158009172796,214.53158009172796,777.1781879523166,0.975,8.674759920147286
forest_co_management,10,4,6,60,0,92001008,214.53158009172796,214.53158009172796,786.4404837991517,0.975,8.672777561708742
forest_co_management,10,4,6,60,0,92001009,216.041369049256,216.041369049256,790.4138807920419,0.975,8.730159965223628
forest_co_management,10,4,6,60,0,92001010,217.55115800678402,217.55115800678402,779.5478474455261,0.975,8.60632726017568
forest_co_management,10,4,6,60,0,92001011,222.0805248793681,222.0805248793681,788.2074787992128,0.975,8.61945646687172
forest_co_management,10,4,6,60,0,92001012,214.53158009172796,214.53158009172796,780.1179785681168,0.975,8.641815610390854
forest_co_management,10,4,6,60,0,92001013,216.04136904925602,216.04136904925602,780.8654073289758,0.975,8.69061609624261
forest_co_management,10,4,6,60,0,92001014,217.55115800678402,217.55115800678402,774.5187622717065,0.975,8.617985901231236
forest_co_management,10,4,6,60,0,92001015,216.041369049256,216.041369049256,787.8086510990313,0.975,8.660704135648519
forest_co_management,10,4,12,60,0,92001000,220.57073592184008,220.57073592184008,790.5899673786089,0.9625,8.6685645689012
forest_co_management,10,4,12,60,0,92001001,211.5120021766719,211.5120021766719,775.9205795256541,0.9625,8.69159345874063
forest_co_management,10,4,12,60,0,92001002,217.55115800678402,217.55115800678402,782.3092908446488,0.975,8.635969515159028
forest_co_management,10,4,12,60,0,92001003,217.55115800678402,217.55115800678402,785.3058287532895,0.975,8.633424392636334
forest_co_management,10,4,12,60,0,92001004,220.57073592184008,220.57073592184008,782.2401178979928,0.9625,8.663989797260104
forest_co_management,10,4,12,60,0,92001005,223.59031383689617,223.59031383689617,787.4062531284601,0.975,8.678480370559654
forest_co_management,10,4,12,60,0,92001006,214.53158009172796,214.53158009172796,775.3820124927827,0.975,8.681462783992012
forest_co_management,10,4,12,60,0,92001007,214.53158009172796,214.53158009172796,777.1781879523166,0.975,8.674759920147286
forest_co_management,10,4,12,60,0,92001008,214.53158009172796,214.53158009172796,786.4404837991517,0.975,8.672777561708742
forest_co_management,10,4,12,60,0,92001009,216.041369049256,216.041369049256,790.4138807920419,0.975,8.730159965223628
forest_co_management,10,4,12,60,0,92001010,217.55115800678402,217.55115800678402,779.5478474455261,0.975,8.60632726017568
forest_co_management,10,4,12,60,0,92001011,222.0805248793681,222.0805248793681,788.2074787992128,0.975,8.61945646687172
forest_co_management,10,4,12,60,0,92001012,214.53158009172796,214.53158009172796,780.1179785681168,0.975,8.641815610390854
forest_co_management,10,4,12,60,0,92001013,216.04136904925602,216.04136904925602,780.8654073289758,0.975,8.69061609624261
forest_co_management,10,4,12,60,0,92001014,217.55115800678402,217.55115800678402,774.5187622717065,0.975,8.617985901231236
forest_co_management,10,4,12,60,0,92001015,216.041369049256,216.041369049256,787.8086510990313,0.975,8.660704135648519
forest_co_management,11,5,1,30,0,92001100,1.1053186088152884,26.10531860881529,311.07321986027193,0.875,8.370107484443949
forest_co_management,11,5,1,30,0,92001101,-1.665352006301152,23.334647993698848,353.12795985507387,0.9210526315789473,8.24364093845908
forest_co_management,11,5,1,30,0,92001102,34.54537230664369,34.54537230664369,703.5800370035364,0.9625,8.135237704502117
forest_co_management,11,5,1,30,0,92001103,31.766224070147988,31.766224070147988,733.197057117458,0.95,8.42022384389693
forest_co_management,11,5,1,30,0,92001104,-0.7347417414956361,24.265258258504364,473.1153641612053,0.9411764705882353,8.244345296401704
forest_co_management,11,5,1,30,0,92001105,-4.567665248916057,20.432334751083943,185.33048137341999,0.7647058823529411,8.992505906410964
forest_co_management,11,5,1,30,0,92001106,-0.8483895758732629,24.151610424126737,229.58668419524201,0.8181818181818182,8.679240832910377
forest_co_management,11,5,1,30,0,92001107,3.3083638671410007,28.308363867141,420.8143932294226,0.9111111111111111,8.37145413961117
forest_co_management,11,5,1,30,0,92001108,30.271505006652767,30.271505006652767,741.3036486032432,0.95,8.684497301467323
forest_co_management,11,5,1,30,0,92001109,34.470810814802135,34.470810814802135,726.0121980195563,0.95,8.337620563242641
forest_co_management,11,5,1,30,0,92001110,36.16166958186181,36.16166958186181,739.1958199597075,0.9375,8.45738881984149
forest_co_management,11,5,1,30,0,92001111,27.856959963713383,27.856959963713383,706.5715691446294,0.95,8.278587086786363
forest_co_management,11,5,1,30,0,92001112,36.06621363555748,36.06621363555748,729.4739192280003,0.9375,8.344125193715152
forest_co_management,11,5,1,30,0,92001113,2.9656506981043655,27.965650698104366,465.4242845537315,0.9411764705882353,8.210472509843093
forest_co_management,11,5,1,30,0,92001114,33.65391797894535,33.65391797894535,713.0249166925455,0.95,8.173860666402694
forest_co_management,11,5,1,30,0,92001115,-4.021030563266073,20.978969436733927,303.41625793867644,0.9,8.66067975243039
forest_co_management,11,5,6,30,0,92001100,1.1053186088152884,26.10531860881529,311.07321986027193,0.875,8.370107484443949
forest_co_management,11,5,6,30,0,92001101,-1.665352006301152,23.334647993698848,353.12795985507387,0.9210526315789473,8.24364093845908
forest_co_management,11,5,6,30,0,92001102,34.54537230664369,34.54537230664369,703.5800370035364,0.9625,8.135237704502117
forest_co_management,11,5,6,30,0,92001103,31.766224070147988,31.766224070147988,733.197057117458,0.95,8.42022384389693
forest_co_management,11,5,6,30,0,92001104,-0.7347417414956361,24.265258258504364,473.1153641612053,0.9411764705882353,8.244345296401704
forest_co_management,11,5,6,30,0,92001105,-4.567665248916057,20.432334751083943,185.33048137341999,0.7647058823529411,8.992505906410964
forest_co_management,11,5,6,30,0,92001106,-0.8483895758732629,24.151610424126737,229.58668419524201,0.8181818181818182,8.679240832910377
forest_co_management,11,5,6,30,0,92001107,3.3083638671410007,28.308363867141,420.8143932294226,0.9111111111111111,8.37145413961117
forest_co_management,11,5,6,30,0,92001108,30.271505006652767,30.271505006652767,741.3036486032432,0.95,8.684497301467323
forest_co_management,11,5,6,30,0,92001109,34.470810814802135,34.470810814802135,726.0121980195563,0.95,8.337620563242641
forest_co_management,11,5,6,30,0,92001110,36.16166958186181,36.16166958186181,739.1958199597075,0.9375,8.45738881984149
forest_co_management,11,5,6,30,0,92001111,27.856959963713383,27.856959963713383,706.5715691446294,0.95,8.278587086786363
forest_co_management,11,5,6,30,0,92001112,36.06621363555748,36.06621363555748,729.4739192280003,0.9375,8.344125193715152
forest_co_management,11,5,6,30,0,92001113,2.9656506981043655,27.965650698104366,465.4242845537315,0.9411764705882353,8.210472509843093
forest_co_management,11,5,6,30,0,92001114,33.65391797894535,33.65391797894535,713.0249166925455,0.95,8.173860666402694
forest_co_management,11,5,6,30,0,92001115,-4.021030563266073,20.978969436733927,303.41625793867644,0.9,8.66067975243039
forest_co_management,11,5,12,30,0,92001100,1.1053186088152884,26.10531860881529,311.07321986027193,0.875,8.370107484443949
forest_co_management,11,5,12,30,0,92001101,-1.665352006301152,23.334647993698848,353.12795985507387,0.9210526315789473,8.24364093845908
forest_co_management,11,5,12,30,0,92001102,34.54537230664369,34.54537230664369,703.5800370035364,0.9625,8.135237704502117
forest_co_management,11,5,12,30,0,92001103,31.766224070147988,31.766224070147988,733.197057117458,0.95,8.42022384389693
forest_co_management,11,5,12,30,0,92001104,-0.7347417414956361,24.265258258504364,473.1153641612053,0.9411764705882353,8.244345296401704
forest_co_management,11,5,12,30,0,92001105,-4.567665248916057,20.432334751083943,185.33048137341999,0.7647058823529411,8.992505906410964
forest_co_management,11,5,12,30,0,92001106,-0.8483895758732629,24.151610424126737,229.58668419524201,0.8181818181818182,8.679240832910377
forest_co_management,11,5,12,30,0,92001107,3.3083638671410007,28.308363867141,420.8143932294226,0.9111111111111111,8.37145413961117
forest_co_management,11,5,12,30,0,92001108,30.271505006652767,30.271505006652767,741.3036486032432,0.95,8.684497301467323
forest_co_management,11,5,12,30,0,92001109,34.470810814802135,34.470810814802135,726.0121980195563,0.95,8.337620563242641
forest_co_management,11,5,12,30,0,92001110,36.16166958186181,36.16166958186181,739.1958199597075,0.9375,8.45738881984149
forest_co_management,11,5,12,30,0,92001111,27.856959963713383,27.856959963713383,706.5715691446294,0.95,8.278587086786363
forest_co_management,11,5,12,30,0,92001112,36.06621363555748,36.06621363555748,729.4739192280003,0.9375,8.344125193715152
forest_co_management,11,5,12,30,0,92001113,2.9656506981043655,27.965650698104366,465.4242845537315,0.9411764705882353,8.210472509843093
forest_co_management,11,5,12,30,0,92001114,33.65391797894535,33.65391797894535,713.0249166925455,0.95,8.173860666402694
forest_co_management,11,5,12,30,0,92001115,-4.021030563266073,20.978969436733927,303.41625793867644,0.9,8.66067975243039
forest_co_management,11,5,1,60,0,92001100,1.1053186088152884,26.10531860881529,311.07321986027193,0.875,8.370107484443949
forest_co_management,11,5,1,60,0,92001101,-1.665352006301152,23.334647993698848,353.12795985507387,0.9210526315789473,8.24364093845908
forest_co_management,11,5,1,60,0,92001102,34.54537230664369,34.54537230664369,703.5800370035364,0.9625,8.135237704502117
forest_co_management,11,5,1,60,0,92001103,31.766224070147988,31.766224070147988,733.197057117458,0.95,8.42022384389693
forest_co_management,11,5,1,60,0,92001104,-0.7347417414956361,24.265258258504364,473.1153641612053,0.9411764705882353,8.244345296401704
forest_co_management,11,5,1,60,0,92001105,-4.567665248916057,20.432334751083943,185.33048137341999,0.7647058823529411,8.992505906410964
forest_co_management,11,5,1,60,0,92001106,-0.8483895758732629,24.151610424126737,229.58668419524201,0.8181818181818182,8.679240832910377
forest_co_management,11,5,1,60,0,92001107,3.3083638671410007,28.308363867141,420.8143932294226,0.9111111111111111,8.37145413961117
forest_co_management,11,5,1,60,0,92001108,30.271505006652767,30.271505006652767,741.3036486032432,0.95,8.684497301467323
forest_co_management,11,5,1,60,0,92001109,34.470810814802135,34.470810814802135,726.0121980195563,0.95,8.337620563242641
forest_co_management,11,5,1,60,0,92001110,36.16166958186181,36.16166958186181,739.1958199597075,0.9375,8.45738881984149
forest_co_management,11,5,1,60,0,92001111,27.856959963713383,27.856959963713383,706.5715691446294,0.95,8.278587086786363
forest_co_management,11,5,1,60,0,92001112,36.06621363555748,36.06621363555748,729.4739192280003,0.9375,8.344125193715152
forest_co_management,11,5,1,60,0,92001113,2.9656506981043655,27.965650698104366,465.4242845537315,0.9411764705882353,8.210472509843093
forest_co_management,11,5,1,60,0,92001114,33.65391797894535,33.65391797894535,713.0249166925455,0.95,8.173860666402694
forest_co_management,11,5,1,60,0,92001115,-4.021030563266073,20.978969436733927,303.41625793867644,0.9,8.66067975243039
forest_co_management,11,5,6,60,0,92001100,1.1053186088152884,26.10531860881529,311.07321986027193,0.875,8.370107484443949
forest_co_management,11,5,6,60,0,92001101,-1.665352006301152,23.334647993698848,353.12795985507387,0.9210526315789473,8.24364093845908
forest_co_management,11,5,6,60,0,92001102,34.54537230664369,34.54537230664369,703.5800370035364,0.9625,8.135237704502117
forest_co_management,11,5,6,60,0,92001103,31.766224070147988,31.766224070147988,733.197057117458,0.95,8.42022384389693
forest_co_management,11,5,6,60,0,92001104,-0.7347417414956361,24.265258258504364,473.1153641612053,0.9411764705882353,8.244345296401704
forest_co_management,11,5,6,60,0,92001105,-4.567665248916057,20.432334751083943,185.33048137341999,0.7647058823529411,8.992505906410964
forest_co_management,11,5,6,60,0,92001106,-0.8483895758732629,24.151610424126737,229.58668419524201,0.8181818181818182,8.679240832910377
forest_co_management,11,5,6,60,0,92001107,3.3083638671410007,28.308363867141,420.8143932294226,0.9111111111111111,8.37145413961117
forest_co_management,11,5,6,60,0,92001108,30.271505006652767,30.271505006652767,741.3036486032432,0.95,8.684497301467323
forest_co_management,11,5,6,60,0,92001109,34.470810814802135,34.470810814802135,726.0121980195563,0.95,8.337620563242641
forest_co_management,11,5,6,60,0,92001110,36.16166958186181,36.16166958186181,739.1958199597075,0.9375,8.45738881984149
forest_co_management,11,5,6,60,0,92001111,27.856959963713383,27.856959963713383,706.5715691446294,0.95,8.278587086786363
forest_co_management,11,5,6,60,0,92001112,36.06621363555748,36.06621363555748,729.4739192280003,0.9375,8.344125193715152
forest_co_management,11,5,6,60,0,92001113,2.9656506981043655,27.965650698104366,465.4242845537315,0.9411764705882353,8.210472509843093
forest_co_management,11,5,6,60,0,92001114,33.65391797894535,33.65391797894535,713.0249166925455,0.95,8.173860666402694
forest_co_management,11,5,6,60,0,92001115,-4.021030563266073,20.978969436733927,303.41625793867644,0.9,8.66067975243039
forest_co_management,11,5,12,60,0,92001100,1.1053186088152884,26.10531860881529,311.07321986027193,0.875,8.370107484443949
forest_co_management,11,5,12,60,0,92001101,-1.665352006301152,23.334647993698848,353.12795985507387,0.9210526315789473,8.24364093845908
forest_co_management,11,5,12,60,0,92001102,34.54537230664369,34.54537230664369,703.5800370035364,0.9625,8.135237704502117
forest_co_management,11,5,12,60,0,92001103,31.766224070147988,31.766224070147988,733.197057117458,0.95,8.42022384389693
forest_co_management,11,5,12,60,0,92001104,-0.7347417414956361,24.265258258504364,473.1153641612053,0.9411764705882353,8.244345296401704
forest_co_management,11,5,12,60,0,92001105,-4.567665248916057,20.432334751083943,185.33048137341999,0.7647058823529411,8.992505906410964
forest_co_management,11,5,12,60,0,92001106,-0.8483895758732629,24.151610424126737,229.58668419524201,0.8181818181818182,8.679240832910377
forest_co_management,11,5,12,60,0,92001107,3.3083638671410007,28.308363867141,420.8143932294226,0.9111111111111111,8.37145413961117
forest_co_management,11,5,12,60,0,92001108,30.271505006652767,30.271505006652767,741.3036486032432,0.95,8.684497301467323
forest_co_management,11,5,12,60,0,92001109,34.470810814802135,34.470810814802135,726.0121980195563,0.95,8.337620563242641
forest_co_management,11,5,12,60,0,92001110,36.16166958186181,36.16166958186181,739.1958199597075,0.9375,8.45738881984149
forest_co_management,11,5,12,60,0,92001111,27.856959963713383,27.856959963713383,706.5715691446294,0.95,8.278587086786363
forest_co_management,11,5,12,60,0,92001112,36.06621363555748,36.06621363555748,729.4739192280003,0.9375,8.344125193715152
forest_co_management,11,5,12,60,0,92001113,2.9656506981043655,27.965650698104366,465.4242845537315,0.9411764705882353,8.210472509843093
forest_co_management,11,5,12,60,0,92001114,33.65391797894535,33.65391797894535,713.0249166925455,0.95,8.173860666402694
forest_co_management,11,5,12,60,0,92001115,-4.021030563266073,20.978969436733927,303.41625793867644,0.9,8.66067975243039
forest_co_management,2,2,1,30,0,92000200,220.43162490882304,220.43162490882304,828.6752275542862,0.825,9.638553637057296
forest_co_management,2,2,1,30,0,92000201,214.56608289771037,214.56608289771037,810.9485881551863,0.975,9.489845586507661
forest_co_management,2,2,1,30,0,92000202,215.7391912999329,215.7391912999329,813.6325329492381,0.9625,9.484319461595486
forest_co_management,2,2,1,30,0,92000203,223.95095011549068,223.95095011549068,823.0874783890122,0.95,9.580052178095247
forest_co_management,2,2,1,30,0,92000204,215.73919129993294,215.73919129993294,814.7189193423236,0.925,9.554246464064946
forest_co_management,2,2,1,30,0,92000205,219.2585165066005,219.2585165066005,812.0696869274409,0.9625,9.476277264523185
forest_co_management,2,2,1,30,0,92000206,211.04675769104279,211.04675769104279,814.5244230570722,0.9375,9.487278754865878
forest_co_management,2,2,1,30,0,92000207,216.91229970215548,216.91229970215548,821.7314546558364,0.9625,9.582295961842108
forest_co_management,2,2,1,30,0,92000208,214.56608289771037,214.56608289771037,819.0892928491575,0.975,9.460709531814395
forest_co_management,2,2,1,30,0,92000209,220.43162490882307,220.43162490882307,823.9270406115486,0.95,9.571338339928477
forest_co_management,2,2,1,30,0,92000210,216.91229970215542,216.91229970215542,810.2848452492323,0.9625,9.456073775951369
forest_co_management,2,2,1,30,0,92000211,221.6047333110456,221.6047333110456,821.7770369698648,0.95,9.538369095582109
forest_co_management,2,2,1,30,0,92000212,221.60473331104558,221.60473331104558,810.4554795470058,0.975,9.50728627369665
forest_co_management,2,2,1,30,0,92000213,218.08540810437802,218.08540810437802,817.2908472727759,0.95,9.495783434272303
forest_co_management,2,2,1,30,0,92000214,218.085408104378,218.085408104378,822.0393825995557,0.9375,9.501937642908995
forest_co_management,2,2,1,30,0,92000215,212.21986609326532,212.21986609326532,813.6699476217035,0.975,9.440952467309689
forest_co_management,2,2,6,30,1,92000200,215.1319707643475,215.1319707643475,824.5189940368208,0.95,9.38730408387732
forest_co_management,2,2,6,30,1,92000201,208.96004992962108,208.96004992962108,805.9342153653083,0.975,9.304099973486228
forest_co_management,2,2,6,30,1,92000202,19.17884486705281,44.17884486705281,217.66786296551834,0.9,8.731582531469284
forest_co_management,2,2,6,30,1,92000203,221.30389159907392,221.30389159907392,822.8195410894903,0.975,9.37065316891741
forest_co_management,2,2,6,30,1,92000204,12.661547716853427,37.66154771685343,194.17859629050443,0.8333333333333334,8.786030980250734
forest_co_management,2,2,6,30,1,92000205,211.01735687452987,211.01735687452987,803.6530826519362,0.975,9.281766106430872
forest_co_management,2,2,6,30,1,92000206,203.816782567349,203.816782567349,809.061856978452,0.95,9.318260558150646
forest_co_management,2,2,6,30,1,92000207,212.04601034698425,212.04601034698425,819.7609376501116,0.9625,9.419103413443736
forest_co_management,2,2,6,30,1,92000208,209.98870340207546,209.98870340207546,815.1178663152455,0.975,9.339850990238693
forest_co_management,2,2,6,30,1,92000209,213.07466381943868,213.07466381943868,819.2629415440126,0.9625,9.36907733220921
forest_co_management,2,2,6,30,1,92000210,211.0173568745299,211.0173568745299,805.3418319100508,0.975,9.294813232834766
forest_co_management,2,2,6,30,1,92000211,215.13197076434747,215.13197076434747,816.0200990102292,0.9625,9.36704874669428
forest_co_management,2,2,6,30,1,92000212,216.1606242368019,216.1606242368019,805.0206730372631,0.975,9.331821314100262
forest_co_management,2,2,6,30,1,92000213,25.54468991941578,50.54468991941578,249.33715107932304,0.9130434782608695,8.746549054711979
forest_co_management,2,2,6,30,1,92000214,211.01735687452987,211.01735687452987,816.2096554713864,0.975,9.334704103666919
forest_co_management,2,2,6,30,1,92000215,205.87408951225783,205.87408951225783,808.7270168942355,0.975,9.272720096579295
forest_co_management,2,2,12,30,1,92000200,215.1319707643475,215.1319707643475,824.5189940368208,0.95,9.38730408387732
forest_co_management,2,2,12,30,1,92000201,208.96004992962108,208.96004992962108,805.9342153653083,0.975,9.304099973486228
forest_co_management,2,2,12,30,1,92000202,19.17884486705281,44.17884486705281,217.66786296551834,0.9,8.731582531469284
forest_co_management,2,2,12,30,1,92000203,221.30389159907392,221.30389159907392,822.8195410894903,0.975,9.37065316891741
forest_co_management,2,2,12,30,1,92000204,12.661547716853427,37.66154771685343,194.17859629050443,0.8333333333333334,8.786030980250734
forest_co_management,2,2,12,30,1,92000205,211.01735687452987,211.01735687452987,803.6530826519362,0.975,9.281766106430872
forest_co_management,2,2,12,30,1,92000206,203.816782567349,203.816782567349,809.061856978452,0.95,9.318260558150646
forest_co_management,2,2,12,30,1,92000207,212.04601034698425,212.04601034698425,819.7609376501116,0.9625,9.419103413443736
forest_co_management,2,2,12,30,1,92000208,209.98870340207546,209.98870340207546,815.1178663152455,0.975,9.339850990238693
forest_co_management,2,2,12,30,1,92000209,213.07466381943868,213.07466381943868,819.2629415440126,0.9625,9.36907733220921
forest_co_management,2,2,12,30,1,92000210,211.0173568745299,211.0173568745299,805.3418319100508,0.975,9.294813232834766
forest_co_management,2,2,12,30,1,92000211,215.13197076434747,215.13197076434747,816.0200990102292,0.9625,9.36704874669428
forest_co_management,2,2,12,30,1,92000212,216.1606242368019,216.1606242368019,805.0206730372631,0.975,9.331821314100262
forest_co_management,2,2,12,30,1,92000213,25.54468991941578,50.54468991941578,249.33715107932304,0.9130434782608695,8.746549054711979
forest_co_management,2,2,12,30,1,92000214,211.01735687452987,211.01735687452987,816.2096554713864,0.975,9.334704103666919
forest_co_management,2,2,12,30,1,92000215,205.87408951225783,205.87408951225783,808.7270168942355,0.975,9.272720096579295
forest_co_management,2,2,1,60,0,92000200,220.43162490882304,220.43162490882304,828.6752275542862,0.825,9.638553637057296
forest_co_management,2,2,1,60,0,92000201,214.56608289771037,214.56608289771037,810.9485881551863,0.975,9.489845586507661
forest_co_management,2,2,1,60,0,92000202,215.7391912999329,215.7391912999329,813.6325329492381,0.9625,9.484319461595486
forest_co_management,2,2,1,60,0,92000203,223.95095011549068,223.95095011549068,823.0874783890122,0.95,9.580052178095247
forest_co_management,2,2,1,60,0,92000204,215.73919129993294,215.73919129993294,814.7189193423236,0.925,9.554246464064946
forest_co_management,2,2,1,60,0,92000205,219.2585165066005,219.2585165066005,812.0696869274409,0.9625,9.476277264523185
forest_co_management,2,2,1,60,0,92000206,211.04675769104279,211.04675769104279,814.5244230570722,0.9375,9.487278754865878
forest_co_management,2,2,1,60,0,92000207,216.91229970215548,216.91229970215548,821.7314546558364,0.9625,9.582295961842108
forest_co_management,2,2,1,60,0,92000208,214.56608289771037,214.56608289771037,819.0892928491575,0.975,9.460709531814395
forest_co_management,2,2,1,60,0,92000209,220.43162490882307,220.43162490882307,823.9270406115486,0.95,9.571338339928477
forest_co_management,2,2,1,60,0,92000210,216.91229970215542,216.91229970215542,810.2848452492323,0.9625,9.456073775951369
forest_co_management,2,2,1,60,0,92000211,221.6047333110456,221.6047333110456,821.7770369698648,0.95,9.538369095582109
forest_co_management,2,2,1,60,0,92000212,221.60473331104558,221.60473331104558,810.4554795470058,0.975,9.50728627369665
forest_co_management,2,2,1,60,0,92000213,218.08540810437802,218.08540810437802,817.2908472727759,0.95,9.495783434272303
forest_co_management,2,2,1,60,0,92000214,218.085408104378,218.085408104378,822.0393825995557,0.9375,9.501937642908995
forest_co_management,2,2,1,60,0,92000215,212.21986609326532,212.21986609326532,813.6699476217035,0.975,9.440952467309689
forest_co_management,2,2,6,60,0,92000200,220.43162490882304,220.43162490882304,828.6752275542862,0.825,9.638553637057296
forest_co_management,2,2,6,60,0,92000201,214.56608289771037,214.56608289771037,810.9485881551863,0.975,9.489845586507661
forest_co_management,2,2,6,60,0,92000202,215.7391912999329,215.7391912999329,813.6325329492381,0.9625,9.484319461595486
forest_co_management,2,2,6,60,0,92000203,223.95095011549068,223.95095011549068,823.0874783890122,0.95,9.580052178095247
forest_co_management,2,2,6,60,0,92000204,215.73919129993294,215.73919129993294,814.7189193423236,0.925,9.554246464064946
forest_co_management,2,2,6,60,0,92000205,219.2585165066005,219.2585165066005,812.0696869274409,0.9625,9.476277264523185
forest_co_management,2,2,6,60,0,92000206,211.04675769104279,211.04675769104279,814.5244230570722,0.9375,9.487278754865878
forest_co_management,2,2,6,60,0,92000207,216.91229970215548,216.91229970215548,821.7314546558364,0.9625,9.582295961842108
forest_co_management,2,2,6,60,0,92000208,214.56608289771037,214.56608289771037,819.0892928491575,0.975,9.460709531814395
forest_co_management,2,2,6,60,0,92000209,220.43162490882307,220.43162490882307,823.9270406115486,0.95,9.571338339928477
forest_co_management,2,2,6,60,0,92000210,216.91229970215542,216.91229970215542,810.2848452492323,0.9625,9.456073775951369
forest_co_management,2,2,6,60,0,92000211,221.6047333110456,221.6047333110456,821.7770369698648,0.95,9.538369095582109
forest_co_management,2,2,6,60,0,92000212,221.60473331104558,221.60473331104558,810.4554795470058,0.975,9.50728627369665
forest_co_management,2,2,6,60,0,92000213,218.08540810437802,218.08540810437802,817.2908472727759,0.95,9.495783434272303
forest_co_management,2,2,6,60,0,92000214,218.085408104378,218.085408104378,822.0393825995557,0.9375,9.501937642908995
forest_co_management,2,2,6,60,0,92000215,212.21986609326532,212.21986609326532,813.6699476217035,0.975,9.440952467309689
forest_co_management,2,2,12,60,0,92000200,220.43162490882304,220.43162490882304,828.6752275542862,0.825,9.638553637057296
forest_co_management,2,2,12,60,0,92000201,214.56608289771037,214.56608289771037,810.9485881551863,0.975,9.489845586507661
forest_co_management,2,2,12,60,0,92000202,215.7391912999329,215.7391912999329,813.6325329492381,0.9625,9.484319461595486
forest_co_management,2,2,12,60,0,92000203,223.95095011549068,223.95095011549068,823.0874783890122,0.95,9.580052178095247
forest_co_management,2,2,12,60,0,92000204,215.73919129993294,215.73919129993294,814.7189193423236,0.925,9.554246464064946
forest_co_management,2,2,12,60,0,92000205,219.2585165066005,219.2585165066005,812.0696869274409,0.9625,9.476277264523185
forest_co_management,2,2,12,60,0,92000206,211.04675769104279,211.04675769104279,814.5244230570722,0.9375,9.487278754865878
forest_co_management,2,2,12,60,0,92000207,216.91229970215548,216.91229970215548,821.7314546558364,0.9625,9.582295961842108
forest_co_management,2,2,12,60,0,92000208,214.56608289771037,214.56608289771037,819.0892928491575,0.975,9.460709531814395
forest_co_management,2,2,12,60,0,92000209,220.43162490882307,220.43162490882307,823.9270406115486,0.95,9.571338339928477
forest_co_management,2,2,12,60,0,92000210,216.91229970215542,216.91229970215542,810.2848452492323,0.9625,9.456073775951369
forest_co_management,2,2,12,60,0,92000211,221.6047333110456,221.6047333110456,821.7770369698648,0.95,9.538369095582109
forest_co_management,2,2,12,60,0,92000212,221.60473331104558,221.60473331104558,810.4554795470058,0.975,9.50728627369665
forest_co_management,2,2,12,60,0,92000213,218.08540810437802,218.08540810437802,817.2908472727759,0.95,9.495783434272303
forest_co_management,2,2,12,60,0,92000214,218.085408104378,218.085408104378,822.0393825995557,0.9375,9.501937642908995
forest_co_management,2,2,12,60,0,92000215,212.21986609326532,212.21986609326532,813.6699476217035,0.975,9.440952467309689
forest_co_management,3,3,1,30,0,92000300,31.8137128502822,31.8137128502822,780.8910687341108,0.9625,8.313931676776
forest_co_management,3,3,1,30,0,92000301,0.17372935569690284,25.173729355696903,543.7099438291026,0.9245283018867925,8.43143226209789
forest_co_management,3,3,1,30,0,92000302,32.32764478411032,32.32764478411032,790.5947913555951,0.975,8.353509283537253
forest_co_management,3,3,1,30,0,92000303,4.492866004033896,29.492866004033896,747.5836327273024,0.961038961038961,8.28397849480649
forest_co_management,3,3,1,30,0,92000304,0.4791936907388177,25.479193690738818,478.1502746562516,0.9583333333333334,8.36266264509831
forest_co_management,3,3,1,30,0,92000305,28.049110528269345,28.049110528269345,789.1266702208951,0.975,8.371231097909243
forest_co_management,3,3,1,30,0,92000306,28.187658366113848,28.187658366113848,767.4648165554499,0.975,8.268330295514366
forest_co_management,3,3,1,30,0,92000307,4.752746080912807,29.752746080912807,765.6403535740689,0.961038961038961,8.3505069733039
forest_co_management,3,3,1,30,0,92000308,-3.844768634679742,21.155231365320258,286.3751600446749,0.9230769230769231,8.664943237964637
forest_co_management,3,3,1,30,0,92000309,30.598606029599452,30.598606029599452,780.7094848093489,0.9625,8.291158550140622
forest_co_management,3,3,1,30,0,92000310,-4.9285049724963415,20.07149502750366,340.9490081379074,0.9393939393939394,8.384119757293375
forest_co_management,3,3,1,30,0,92000311,-0.6545268537938078,24.345473146206192,529.5691337708984,0.9622641509433962,8.314200299390976
forest_co_management,3,3,1,30,0,92000312,28.748846138132933,28.748846138132933,788.4407026566344,0.975,8.319449564135104
forest_co_management,3,3,1,30,0,92000313,29.714254929165325,29.714254929165325,780.3436345255302,0.975,8.311290651000311
forest_co_management,3,3,1,30,0,92000314,27.517132808048814,27.517132808048814,780.9791008377329,0.975,8.34307420969606
forest_co_management,3,3,1,30,0,92000315,-6.208874374069996,18.791125625930004,156.04639241903206,0.8333333333333334,9.004554371163756
forest_co_management,3,3,6,30,0,92000300,31.8137128502822,31.8137128502822,780.8910687341108,0.9625,8.313931676776
forest_co_management,3,3,6,30,0,92000301,0.17372935569690284,25.173729355696903,543.7099438291026,0.9245283018867925,8.43143226209789
forest_co_management,3,3,6,30,0,92000302,32.32764478411032,32.32764478411032,790.5947913555951,0.975,8.353509283537253
forest_co_management,3,3,6,30,0,92000303,4.492866004033896,29.492866004033896,747.5836327273024,0.961038961038961,8.28397849480649
forest_co_management,3,3,6,30,0,92000304,0.4791936907388177,25.479193690738818,478.1502746562516,0.9583333333333334,8.36266264509831
forest_co_management,3,3,6,30,0,92000305,28.049110528269345,28.049110528269345,789.1266702208951,0.975,8.371231097909243
forest_co_management,3,3,6,30,0,92000306,28.187658366113848,28.187658366113848,767.4648165554499,0.975,8.268330295514366
forest_co_management,3,3,6,30,0,92000307,4.752746080912807,29.752746080912807,765.6403535740689,0.961038961038961,8.3505069733039
forest_co_management,3,3,6,30,0,92000308,-3.844768634679742,21.155231365320258,286.3751600446749,0.9230769230769231,8.664943237964637
forest_co_management,3,3,6,30,0,92000309,30.598606029599452,30.598606029599452,780.7094848093489,0.9625,8.291158550140622
forest_co_management,3,3,6,30,0,92000310,-4.9285049724963415,20.07149502750366,340.9490081379074,0.9393939393939394,8.384119757293375
forest_co_management,3,3,6,30,0,92000311,-0.6545268537938078,24.345473146206192,529.5691337708984,0.9622641509433962,8.314200299390976
forest_co_management,3,3,6,30,0,92000312,28.748846138132933,28.748846138132933,788.4407026566344,0.975,8.319449564135104
forest_co_management,3,3,6,30,0,92000313,29.714254929165325,29.714254929165325,780.3436345255302,0.975,8.311290651000311
forest_co_management,3,3,6,30,0,92000314,27.517132808048814,27.517132808048814,780.9791008377329,0.975,8.34307420969606
forest_co_management,3,3,6,30,0,92000315,-6.208874374069996,18.791125625930004,156.04639241903206,0.8333333333333334,9.004554371163756
forest_co_management,3,3,12,30,8,92000300,31.64621697743604,31.64621697743604,783.1766982973809,0.9625,8.313215298959843
forest_co_management,3,3,12,30,8,92000301,30.394785623598988,30.394785623598988,797.869951248956,0.95,8.373805593803988
forest_co_management,3,3,12,30,8,92000302,32.59093644534557,32.59093644534557,785.9518321445978,0.9625,8.315585125828221
forest_co_management,3,3,12,30,8,92000303,31.12730599100339,31.12730599100339,777.5497842164123,0.9625,8.293516209024952
forest_co_management,3,3,12,30,8,92000304,-0.421954624289949,24.57804537571005,394.9771304429573,0.9487179487179487,8.33401926177762
forest_co_management,3,3,12,30,8,92000305,-4.907356031056064,20.092643968943936,246.23257819556378,0.9130434782608695,8.600468091203991
forest_co_management,3,3,12,30,8,92000306,28.46339799785589,28.46339799785589,765.2874307510756,0.975,8.257044102881888
forest_co_management,3,3,12,30,8,92000307,4.993102530528404,29.993102530528404,784.1671876313757,0.9620253164556962,8.352928126573964
forest_co_management,3,3,12,30,8,92000308,-0.5826952483354688,24.41730475166453,439.25986581705894,0.9302325581395349,8.458942233872433
forest_co_management,3,3,12,30,8,92000309,30.429741236276655,30.429741236276655,782.9937454521423,0.9625,8.31120551680369
forest_co_management,3,3,12,30,8,92000310,-3.4233154017808687,21.57668459821913,418.13872683617603,0.9512195121951219,8.401705162535851
forest_co_management,3,3,12,30,8,92000311,28.677686849858976,28.677686849858976,781.66820821132,0.975,8.268013346399574
forest_co_management,3,3,12,30,8,92000312,29.021622887389633,29.021622887389633,786.1086561793238,0.975,8.307943683201117
forest_co_management,3,3,12,30,8,92000313,-2.4324551404608457,22.567544859539154,367.91900751265985,0.9444444444444444,8.325766759193707
forest_co_management,3,3,12,30,8,92000314,-3.1900887959913753,21.809911204008625,331.2682967746201,0.9354838709677419,8.55711472652181
forest_co_management,3,3,12,30,8,92000315,2.260471807610241,27.26047180761024,658.0878426750508,0.9696969696969697,8.33272821204881
forest_co_management,3,3,1,60,0,92000300,31.8137128502822,31.8137128502822,780.8910687341108,0.9625,8.313931676776
forest_co_management,3,3,1,60,0,92000301,0.17372935569690284,25.173729355696903,543.7099438291026,0.9245283018867925,8.43143226209789
forest_co_management,3,3,1,60,0,92000302,32.32764478411032,32.32764478411032,790.5947913555951,0.975,8.353509283537253
forest_co_management,3,3,1,60,0,92000303,4.492866004033896,29.492866004033896,747.5836327273024,0.961038961038961,8.28397849480649
forest_co_management,3,3,1,60,0,92000304,0.4791936907388177,25.479193690738818,478.1502746562516,0.9583333333333334,8.36266264509831
forest_co_management,3,3,1,60,0,92000305,28.049110528269345,28.049110528269345,789.1266702208951,0.975,8.371231097909243
forest_co_management,3,3,1,60,0,92000306,28.187658366113848,28.187658366113848,767.4648165554499,0.975,8.268330295514366
forest_co_management,3,3,1,60,0,92000307,4.752746080912807,29.752746080912807,765.6403535740689,0.961038961038961,8.3505069733039
forest_co_management,3,3,1,60,0,92000308,-3.844768634679742,21.155231365320258,286.3751600446749,0.9230769230769231,8.664943237964637
forest_co_management,3,3,1,60,0,92000309,30.598606029599452,30.598606029599452,780.7094848093489,0.9625,8.291158550140622
forest_co_management,3,3,1,60,0,92000310,-4.9285049724963415,20.07149502750366,340.9490081379074,0.9393939393939394,8.384119757293375
forest_co_management,3,3,1,60,0,92000311,-0.6545268537938078,24.345473146206192,529.5691337708984,0.9622641509433962,8.314200299390976
forest_co_management,3,3,1,60,0,92000312,28.748846138132933,28.748846138132933,788.4407026566344,0.975,8.319449564135104
forest_co_management,3,3,1,60,0,92000313,29.714254929165325,29.714254929165325,780.3436345255302,0.975,8.311290651000311
forest_co_management,3,3,1,60,0,92000314,27.517132808048814,27.517132808048814,780.9791008377329,0.975,8.34307420969606
forest_co_management,3,3,1,60,0,92000315,-6.208874374069996,18.791125625930004,156.04639241903206,0.8333333333333334,9.004554371163756
forest_co_management,3,3,6,60,3,92000300,30.7556394032754,30.7556394032754,780.9065331917024,0.975,8.306659096722083
forest_co_management,3,3,6,60,3,92000301,29.52124123755694,29.52124123755694,794.5432814267976,0.95,8.357978772416525
forest_co_management,3,3,6,60,3,92000302,1.4321164488867701,26.43211644888677,553.5063706981779,0.9636363636363636,8.39202144079043
forest_co_management,3,3,6,60,3,92000303,-2.0138050435847887,22.98619495641521,380.8676900845059,0.9459459459459459,8.388824925144053
forest_co_management,3,3,6,60,3,92000304,-0.22353402104600661,24.776465978953993,471.6662449471408,0.9574468085106383,8.362571365753583
forest_co_management,3,3,6,60,3,92000305,27.57178702695098,27.57178702695098,791.7303640715056,0.975,8.386475228123842
forest_co_management,3,3,6,60,3,92000306,-1.7789358051057853,23.221064194894215,469.5618832799237,0.9574468085106383,8.31633672038174
forest_co_management,3,3,6,60,3,92000307,1.0634438811979443,26.063443881197944,546.1054537599318,0.9622641509433962,8.457976927796786
forest_co_management,3,3,6,60,3,92000308,29.448324988864705,29.448324988864705,780.7450764205937,0.975,8.303463754105195
forest_co_management,3,3,6,60,3,92000309,-5.290023489698516,19.709976510301484,202.00163427169468,0.8823529411764706,8.829742855026854
forest_co_management,3,3,6,60,3,92000310,-3.236564191145991,21.76343580885401,526.5196148055359,0.9622641509433962,8.32927213103292
forest_co_management,3,3,6,60,3,92000311,-2.2896578312128923,22.710342168787108,418.9005079186044,0.9512195121951219,8.339057597475472
forest_co_management,3,3,6,60,3,92000312,28.116443105989987,28.116443105989987,785.2034763979243,0.975,8.297414818172495
forest_co_management,3,3,6,60,3,92000313,29.092774357222304,29.092774357222304,777.7491541217887,0.975,8.284859805613326
forest_co_management,3,3,6,60,3,92000314,27.073828566835367,27.073828566835367,775.6295457242868,0.975,8.274233528648427
forest_co_management,3,3,6,60,3,92000315,-2.1441902319664656,22.855809768033534,314.4142515078683,0.9310344827586207,8.549304976122311
forest_co_management,3,3,12,60,11,92000300,1.9876169786942413,26.98761697869424,629.3139064577301,0.953125,8.274395813131306
forest_co_management,3,3,12,60,11,92000301,-1.0378578768671787,23.96214212313282,454.0860259503951,0.9069767441860465,8.524279425659984
forest_co_management,3,3,12,60,11,92000302,2.3622477573145453,27.362247757314545,580.5056595792267,0.9655172413793104,8.367532657295754
forest_co_management,3,3,12,60,11,92000303,30.91364910818895,30.91364910818895,774.8830018974814,0.9625,8.289676182527447
forest_co_management,3,3,12,60,11,92000304,29.856893858041982,29.856893858041982,778.1562677611059,0.975,8.283554543998687
forest_co_management,3,3,12,60,11,92000305,28.077307364930718,28.077307364930718,794.6890098456017,0.975,8.407414033664134
forest_co_management,3,3,12,60,11,92000306,-5.333093124376379,19.66690687562362,212.39362062461205,0.8947368421052632,8.706482392573779
forest_co_management,3,3,12,60,11,92000307,4.330961278588699,29.3309612785887,732.4259844178331,0.958904109589041,8.3924676022489
forest_co_management,3,3,12,60,11,92000308,30.010275334563246,30.010275334563246,783.7601522024086,0.975,8.315878415877862
forest_co_management,3,3,12,60,11,92000309,-4.660148413283029,20.33985158671697,258.0189998273847,0.9130434782608695,8.744406025911191
forest_co_management,3,3,12,60,11,92000310,26.03640803047217,26.03640803047217,778.4337041902294,0.975,8.304773825371978
forest_co_management,3,3,12,60,11,92000311,28.35897764787178,28.35897764787178,778.8963735732165,0.975,8.254924728611439
forest_co_management,3,3,12,60,11,92000312,28.800122943038716,28.800122943038716,788.4919794615402,0.975,8.324300014886404
forest_co_management,3,3,12,60,11,92000313,-2.6639485733905737,22.336051426609426,360.4710023173307,0.9428571428571428,8.383646215541448
forest_co_management,3,3,12,60,11,92000314,-3.112835927908314,21.887164072091686,376.9884340306641,0.9444444444444444,8.529218521973169
forest_co_management,3,3,12,60,11,92000315,-3.1207489333877376,21.879251066612262,259.13390110883677,0.9130434782608695,8.687077575779778
forest_co_management,4,4,1,30,0,92000400,-7.011672192253545,17.988327807746455,199.79983023119934,0.9444444444444444,8.267431088092062
forest_co_management,4,4,1,30,0,92000401,-5.729096573727606,19.270903426272394,243.44088136524024,0.9565217391304348,8.032629911877553
forest_co_management,4,4,1,30,0,92000402,-6.495100154800607,18.504899845199393,172.7894571575973,0.9333333333333333,8.204837915814622
forest_co_management,4,4,1,30,0,92000403,-5.90837089576366,19.09162910423634,141.49493389476388,0.9166666666666666,8.130229026014197
forest_co_management,4,4,1,30,0,92000404,-6.1102488909095065,18.889751109090493,229.4761404700767,0.9545454545454546,7.90564311762289
forest_co_management,4,4,1,30,0,92000405,-9.682387094729275,15.317612905270725,190.95266832292234,0.9444444444444444,7.879664308585411
forest_co_management,4,4,1,30,0,92000406,-7.501353118753379,17.49864688124662,223.15569344294187,0.9523809523809523,7.945626167778745
forest_co_management,4,4,1,30,0,92000407,0.7478814217363059,25.747881421736306,697.7541736969596,0.9852941176470589,8.690685599285782
forest_co_management,4,4,1,30,0,92000408,-9.308663257583056,15.691336742416944,146.89639917111575,0.9230769230769231,7.982118369811881
forest_co_management,4,4,1,30,0,92000409,-6.084639307009581,18.91536069299042,170.8102892292722,0.9333333333333333,8.048706689297912
forest_co_management,4,4,1,30,0,92000410,-6.832522656157668,18.167477343842332,174.96896420800206,0.9375,7.9828325000270635
forest_co_management,4,4,1,30,0,92000411,-5.8251219429912275,19.174878057008772,195.96437413433813,0.9444444444444444,8.069687032689876
forest_co_management,4,4,1,30,0,92000412,-5.9684993655587455,19.031500634441255,143.05509409460234,0.9166666666666666,8.101703816809865
forest_co_management,4,4,1,30,0,92000413,-5.671493953007857,19.328506046992143,230.09502503294695,0.9565217391304348,7.771006699384364
forest_co_management,4,4,1,30,0,92000414,-8.803746995701864,16.196253004298136,170.1165999671163,0.9375,7.912024792475478
forest_co_management,4,4,1,30,0,92000415,-6.202626211508516,18.797373788491484,264.2322456478729,0.96,8.137364949077291
forest_co_management,4,4,6,30,2,92000400,-0.784902192589648,24.215097807410352,345.5704180170216,0.9411764705882353,8.165901227801028
forest_co_management,4,4,6,30,2,92000401,-4.151746965566662,20.848253034433338,253.38132294538883,0.9166666666666666,8.088247132668181
forest_co_management,4,4,6,30,2,92000402,-4.987381054170729,20.01261894582927,157.46025373845714,0.8461538461538461,8.395743306412037
forest_co_management,4,4,6,30,2,92000403,-2.2900594313728604,22.70994056862714,180.81341649197697,0.9375,8.193761527252693
forest_co_management,4,4,6,30,2,92000404,-4.663565340611822,20.33643465938818,154.07400361155894,0.9230769230769231,8.274977644978291
forest_co_management,4,4,6,30,2,92000405,-6.839942139843405,18.160057860156595,250.67876740677008,0.96,7.838264391870359
forest_co_management,4,4,6,30,2,92000406,-7.1494679306352715,17.85053206936473,126.7281170180766,0.8,8.320036995445342
forest_co_management,4,4,6,30,2,92000407,0.8388387793651866,25.838838779365187,646.5020474175064,0.967741935483871,8.846724722986817
forest_co_management,4,4,6,30,2,92000408,-1.436141468688568,23.563858531311432,311.7757865396385,0.96875,7.825331607338846
forest_co_management,4,4,6,30,2,92000409,-1.4686286298800404,23.53137137011996,243.79103554913476,0.9565217391304348,7.977249591340855
forest_co_management,4,4,6,30,2,92000410,-4.834786294932552,20.165213705067448,177.32314061970732,0.875,8.079511838175112
forest_co_management,4,4,6,30,2,92000411,-3.149580165135429,21.85041983486457,263.3828206065514,0.9230769230769231,8.091852565243048
forest_co_management,4,4,6,30,2,92000412,-3.7401254872470346,21.259874512752965,137.7924850225072,0.8181818181818182,8.331422682948393
forest_co_management,4,4,6,30,2,92000413,-3.2792303082425676,21.720769691757432,189.05652257641248,0.9444444444444444,7.985947002881171
forest_co_management,4,4,6,30,2,92000414,-7.79357621170988,17.20642378829012,155.581154093297,0.9285714285714286,8.128118996474914
forest_co_management,4,4,6,30,2,92000415,-4.461839302302177,20.538160697697823,261.21607476433206,0.9583333333333334,8.411372692965386
forest_co_management,4,4,12,30,6,92000400,54.64758130531078,79.64758130531078,397.84096836937834,0.7142857142857143,9.09408800942821
forest_co_management,4,4,12,30,6,92000401,7.448603498824539,32.44860349882454,308.0093507422599,0.8928571428571429,8.455319212476562
forest_co_management,4,4,12,30,6,92000402,188.97945387633987,188.97945387633987,810.0627743734843,0.9375,8.690592483646107
forest_co_management,4,4,12,30,6,92000403,92.51019923256483,117.51019923256483,550.2549891711939,0.9814814814814815,8.49481105035616
forest_co_management,4,4,12,30,6,92000404,185.70552809482774,185.70552809482774,799.9186499292803,0.9375,8.66353439010229
forest_co_management,4,4,12,30,6,92000405,4.706274475173547,29.706274475173547,199.31510039163754,0.8823529411764706,8.615685822554036
forest_co_management,4,4,12,30,6,92000406,187.34249098558377,187.34249098558377,827.2727443303896,0.9625,8.765842023065481
forest_co_management,4,4,12,30,6,92000407,25.09232305247921,50.09232305247921,746.0864240873979,0.8714285714285714,9.029862217322346
forest_co_management,4,4,12,30,6,92000408,183.243223564448,183.243223564448,804.5585151533121,0.9875,8.631852588605843
forest_co_management,4,4,12,30,6,92000409,190.63013715558725,190.63013715558725,811.6192042906382,0.975,8.71545406566222
forest_co_management,4,4,12,30,6,92000410,193.90406293709938,193.90406293709938,801.2593252661193,0.95,8.719513488935387
forest_co_management,4,4,12,30,6,92000411,197.19170910710284,197.19170910710284,829.0057411131903,0.9375,8.810967283482455
forest_co_management,4,4,12,30,6,92000412,193.90406293709938,193.90406293709938,804.4383720329065,0.9625,8.610422915189748
forest_co_management,4,4,12,30,6,92000413,192.2671000463433,192.2671000463433,797.8252434369085,0.9875,8.601827841946525
forest_co_management,4,4,12,30,6,92000414,7.7788699217584565,32.77886992175846,304.96894652254025,0.9666666666666667,8.226459657783817
forest_co_management,4,4,12,30,6,92000415,184.88018645520398,184.88018645520398,870.6716886100141,0.85,9.167683032996942
forest_co_management,4,4,1,60,0,92000400,-7.011672192253545,17.988327807746455,199.79983023119934,0.9444444444444444,8.267431088092062
forest_co_management,4,4,1,60,0,92000401,-5.729096573727606,19.270903426272394,243.44088136524024,0.9565217391304348,8.032629911877553
forest_co_management,4,4,1,60,0,92000402,-6.495100154800607,18.504899845199393,172.7894571575973,0.9333333333333333,8.204837915814622
forest_co_management,4,4,1,60,0,92000403,-5.90837089576366,19.09162910423634,141.49493389476388,0.9166666666666666,8.130229026014197
forest_co_management,4,4,1,60,0,92000404,-6.1102488909095065,18.889751109090493,229.4761404700767,0.9545454545454546,7.90564311762289
forest_co_management,4,4,1,60,0,92000405,-9.682387094729275,15.317612905270725,190.95266832292234,0.9444444444444444,7.879664308585411
forest_co_management,4,4,1,60,0,92000406,-7.501353118753379,17.49864688124662,223.15569344294187,0.9523809523809523,7.945626167778745
forest_co_management,4,4,1,60,0,92000407,0.7478814217363059,25.747881421736306,697.7541736969596,0.9852941176470589,8.690685599285782
forest_co_management,4,4,1,60,0,92000408,-9.308663257583056,15.691336742416944,146.89639917111575,0.9230769230769231,7.982118369811881
forest_co_management,4,4,1,60,0,92000409,-6.084639307009581,18.91536069299042,170.8102892292722,0.9333333333333333,8.048706689297912
forest_co_management,4,4,1,60,0,92000410,-6.832522656157668,18.167477343842332,174.96896420800206,0.9375,7.9828325000270635
forest_co_management,4,4,1,60,0,92000411,-5.8251219429912275,19.174878057008772,195.96437413433813,0.9444444444444444,8.069687032689876
forest_co_management,4,4,1,60,0,92000412,-5.9684993655587455,19.031500634441255,143.05509409460234,0.9166666666666666,8.101703816809865
forest_co_management,4,4,1,60,0,92000413,-5.671493953007857,19.328506046992143,230.09502503294695,0.9565217391304348,7.771006699384364
forest_co_management,4,4,1,60,0,92000414,-8.803746995701864,16.196253004298136,170.1165999671163,0.9375,7.912024792475478
forest_co_management,4,4,1,60,0,92000415,-6.202626211508516,18.797373788491484,264.2322456478729,0.96,8.137364949077291
forest_co_management,4,4,6,60,2,92000400,-0.784902192589648,24.215097807410352,345.5704180170216,0.9411764705882353,8.165901227801028
forest_co_management,4,4,6,60,2,92000401,-4.151746965566662,20.848253034433338,253.38132294538883,0.9166666666666666,8.088247132668181
forest_co_management,4,4,6,60,2,92000402,-4.987381054170729,20.01261894582927,157.46025373845714,0.8461538461538461,8.395743306412037
forest_co_management,4,4,6,60,2,92000403,-2.2900594313728604,22.70994056862714,180.81341649197697,0.9375,8.193761527252693
forest_co_management,4,4,6,60,2,92000404,-4.663565340611822,20.33643465938818,154.07400361155894,0.9230769230769231,8.274977644978291
forest_co_management,4,4,6,60,2,92000405,-6.839942139843405,18.160057860156595,250.67876740677008,0.96,7.838264391870359
forest_co_management,4,4,6,60,2,92000406,-7.1494679306352715,17.85053206936473,126.7281170180766,0.8,8.320036995445342
forest_co_management,4,4,6,60,2,92000407,0.8388387793651866,25.838838779365187,646.5020474175064,0.967741935483871,8.846724722986817
forest_co_management,4,4,6,60,2,92000408,-1.436141468688568,23.563858531311432,311.7757865396385,0.96875,7.825331607338846
forest_co_management,4,4,6,60,2,92000409,-1.4686286298800404,23.53137137011996,243.79103554913476,0.9565217391304348,7.977249591340855
forest_co_management,4,4,6,60,2,92000410,-4.834786294932552,20.165213705067448,177.32314061970732,0.875,8.079511838175112
forest_co_management,4,4,6,60,2,92000411,-3.149580165135429,21.85041983486457,263.3828206065514,0.9230769230769231,8.091852565243048
forest_co_management,4,4,6,60,2,92000412,-3.7401254872470346,21.259874512752965,137.7924850225072,0.8181818181818182,8.331422682948393
forest_co_management,4,4,6,60,2,92000413,-3.2792303082425676,21.720769691757432,189.05652257641248,0.9444444444444444,7.985947002881171
forest_co_management,4,4,6,60,2,92000414,-7.79357621170988,17.20642378829012,155.581154093297,0.9285714285714286,8.128118996474914
forest_co_management,4,4,6,60,2,92000415,-4.461839302302177,20.538160697697823,261.21607476433206,0.9583333333333334,8.411372692965386
forest_co_management,4,4,12,60,6,92000400,54.64758130531078,79.64758130531078,397.84096836937834,0.7142857142857143,9.09408800942821
forest_co_management,4,4,12,60,6,92000401,7.448603498824539,32.44860349882454,308.0093507422599,0.8928571428571429,8.455319212476562
forest_co_management,4,4,12,60,6,92000402,188.97945387633987,188.97945387633987,810.0627743734843,0.9375,8.690592483646107
forest_co_management,4,4,12,60,6,92000403,92.51019923256483,117.51019923256483,550.2549891711939,0.9814814814814815,8.49481105035616
forest_co_management,4,4,12,60,6,92000404,185.70552809482774,185.70552809482774,799.9186499292803,0.9375,8.66353439010229
forest_co_management,4,4,12,60,6,92000405,4.706274475173547,29.706274475173547,199.31510039163754,0.8823529411764706,8.615685822554036
forest_co_management,4,4,12,60,6,92000406,187.34249098558377,187.34249098558377,827.2727443303896,0.9625,8.765842023065481
forest_co_management,4,4,12,60,6,92000407,25.09232305247921,50.09232305247921,746.0864240873979,0.8714285714285714,9.029862217322346
forest_co_management,4,4,12,60,6,92000408,183.243223564448,183.243223564448,804.5585151533121,0.9875,8.631852588605843
forest_co_management,4,4,12,60,6,92000409,190.63013715558725,190.63013715558725,811.6192042906382,0.975,8.71545406566222
forest_co_management,4,4,12,60,6,92000410,193.90406293709938,193.90406293709938,801.2593252661193,0.95,8.719513488935387
forest_co_management,4,4,12,60,6,92000411,197.19170910710284,197.19170910710284,829.0057411131903,0.9375,8.810967283482455
forest_co_management,4,4,12,60,6,92000412,193.90406293709938,193.90406293709938,804.4383720329065,0.9625,8.610422915189748
forest_co_management,4,4,12,60,6,92000413,192.2671000463433,192.2671000463433,797.8252434369085,0.9875,8.601827841946525
forest_co_management,4,4,12,60,6,92000414,7.7788699217584565,32.77886992175846,304.96894652254025,0.9666666666666667,8.226459657783817
forest_co_management,4,4,12,60,6,92000415,184.88018645520398,184.88018645520398,870.6716886100141,0.85,9.167683032996942
forest_co_management,5,5,1,30,0,92000500,32.664378031347056,32.664378031347056,798.1105333247597,0.975,8.66512529185062
forest_co_management,5,5,1,30,0,92000501,30.91346187248452,30.91346187248452,809.4557990429755,0.975,8.634078491138741
forest_co_management,5,5,1,30,0,92000502,27.03980682082712,27.03980682082712,811.563345578458,0.975,8.80111093999203
forest_co_management,5,5,1,30,0,92000503,34.306977787157194,34.306977787157194,803.6301255469086,0.9625,8.69769764200259
forest_co_management,5,5,1,30,0,92000504,27.857311720366507,27.857311720366507,804.0655365353755,0.975,8.71499243235607
forest_co_management,5,5,1,30,0,92000505,28.23446830429654,28.23446830429654,804.2421846427183,0.975,8.741130313873434
forest_co_management,5,5,1,30,0,92000506,27.879874882290125,27.879874882290125,811.9136113902949,0.975,8.714400643848109
forest_co_management,5,5,1,30,0,92000507,29.064812538896796,29.064812538896796,804.8714218386433,0.975,8.666629550523993
forest_co_management,5,5,1,30,0,92000508,24.453164530074726,24.453164530074726,801.6300013382861,0.975,8.588815384542938
forest_co_management,5,5,1,30,0,92000509,30.69809596202164,30.69809596202164,809.8485938634074,0.975,8.728983502072644
forest_co_management,5,5,1,30,0,92000510,31.733188535793442,31.733188535793442,837.5156674375157,0.9625,9.015512631729617
forest_co_management,5,5,1,30,0,92000511,27.134744627525045,27.134744627525045,780.1491422151719,0.975,8.608066296788309
forest_co_management,5,5,1,30,0,92000512,31.188948573057512,31.188948573057512,793.3742688589905,0.975,8.671926305025796
forest_co_management,5,5,1,30,0,92000513,28.3841775313869,28.3841775313869,807.9207395228516,0.975,8.727272065162177
forest_co_management,5,5,1,30,0,92000514,31.51771697018751,31.51771697018751,792.9700817087258,0.975,8.611356568953827
forest_co_management,5,5,1,30,0,92000515,0.9629042788197637,25.962904278819764,784.203110738235,0.9620253164556962,8.66111304284996
forest_co_management,5,5,6,30,1,92000500,33.30045813033155,33.30045813033155,798.7466134237443,0.975,8.66846356741036
forest_co_management,5,5,6,30,1,92000501,33.57242341900871,33.57242341900871,811.8156590516609,0.975,8.670599381814853
forest_co_management,5,5,6,30,1,92000502,30.519499474896538,30.519499474896538,818.4261666054545,0.95,8.791642924458733
forest_co_management,5,5,6,30,1,92000503,36.32281157801747,36.32281157801747,805.6459593377688,0.9625,8.717959687151644
forest_co_management,5,5,6,30,1,92000504,27.923350041972554,27.923350041972554,805.6239705667431,0.9625,8.706005450109746
forest_co_management,5,5,6,30,1,92000505,28.512920121977608,28.512920121977608,804.5206364603993,0.975,8.74563511381592
forest_co_management,5,5,6,30,1,92000506,29.516648657110146,29.516648657110146,813.5503851651149,0.975,8.73254847281501
forest_co_management,5,5,6,30,1,92000507,31.741477191821495,31.741477191821495,809.0404822013295,0.9625,8.671906669319029
forest_co_management,5,5,6,30,1,92000508,25.544898939989327,25.544898939989327,802.7217357482007,0.9625,8.59861981123142
forest_co_management,5,5,6,30,1,92000509,30.821178646662315,30.821178646662315,809.9716765480481,0.975,8.732961571465463
forest_co_management,5,5,6,30,1,92000510,32.40827935310736,32.40827935310736,838.1907582548296,0.975,9.021339049209306
forest_co_management,5,5,6,30,1,92000511,27.482351787518226,27.482351787518226,780.4967493751651,0.975,8.61282243314392
forest_co_management,5,5,6,30,1,92000512,34.302984326634444,34.302984326634444,796.4883046125674,0.9625,8.71046200267172
forest_co_management,5,5,6,30,1,92000513,28.677495941870557,28.677495941870557,808.2140579333352,0.975,8.73187107652
forest_co_management,5,5,6,30,1,92000514,31.93610277585901,31.93610277585901,793.3884675143973,0.975,8.620616828030958
forest_co_management,5,5,6,30,1,92000515,3.982406972345032,28.982406972345032,788.8179561181076,0.9493670886075949,8.685021626077328
forest_co_management,5,5,12,30,7,92000500,35.28123925267139,35.28123925267139,800.727394546084,0.9625,8.686149212648806
forest_co_management,5,5,12,30,7,92000501,33.2418867554242,33.2418867554242,811.7842239259151,0.9625,8.66157899051603
forest_co_management,5,5,12,30,7,92000502,29.871261171029655,29.871261171029655,814.3947999286605,0.9625,8.82533865733388
forest_co_management,5,5,12,30,7,92000503,35.828467192159586,35.828467192159586,805.1516149519109,0.9625,8.706078942954841
forest_co_management,5,5,12,30,7,92000504,29.615369731244833,29.615369731244833,807.3159902560154,0.9625,8.72430377592783
forest_co_management,5,5,12,30,7,92000505,30.70354633600352,30.70354633600352,806.7112626744253,0.9625,8.764022243835388
forest_co_management,5,5,12,30,7,92000506,29.419474212850638,29.419474212850638,813.4532107208554,0.9625,8.725456475159675
forest_co_management,5,5,12,30,7,92000507,31.25671278521243,31.25671278521243,807.0633220849589,0.9625,8.692929531980118
forest_co_management,5,5,12,30,7,92000508,25.614919841188215,25.614919841188215,802.7917566493995,0.9625,8.600486724591244
forest_co_management,5,5,12,30,7,92000509,32.85599690388884,32.85599690388884,812.0064948052745,0.9625,8.752966527447807
forest_co_management,5,5,12,30,7,92000510,34.578350242518084,34.578350242518084,840.3608291442404,0.9375,9.037109729542754
forest_co_management,5,5,12,30,7,92000511,29.884989212787573,29.884989212787573,782.8993868004345,0.975,8.62818655319787
forest_co_management,5,5,12,30,7,92000512,33.50268846597783,33.50268846597783,795.6880087519107,0.9625,8.694569362892638
forest_co_management,5,5,12,30,7,92000513,30.210108702628517,30.210108702628517,813.1043059170012,0.9625,8.735367674649106
forest_co_management,5,5,12,30,7,92000514,34.47925091508832,34.47925091508832,795.9316156536267,0.9625,8.636614376850929
forest_co_management,5,5,12,30,7,92000515,3.3476973306308118,28.34769733063081,786.5879037900461,0.9620253164556962,8.683855632478144
forest_co_management,5,5,1,60,0,92000500,32.664378031347056,32.664378031347056,798.1105333247597,0.975,8.66512529185062
forest_co_management,5,5,1,60,0,92000501,30.91346187248452,30.91346187248452,809.4557990429755,0.975,8.634078491138741
forest_co_management,5,5,1,60,0,92000502,27.03980682082712,27.03980682082712,811.563345578458,0.975,8.80111093999203
forest_co_management,5,5,1,60,0,92000503,34.306977787157194,34.306977787157194,803.6301255469086,0.9625,8.69769764200259
forest_co_management,5,5,1,60,0,92000504,27.857311720366507,27.857311720366507,804.0655365353755,0.975,8.71499243235607
forest_co_management,5,5,1,60,0,92000505,28.23446830429654,28.23446830429654,804.2421846427183,0.975,8.741130313873434
forest_co_management,5,5,1,60,0,92000506,27.879874882290125,27.879874882290125,811.9136113902949,0.975,8.714400643848109
forest_co_management,5,5,1,60,0,92000507,29.064812538896796,29.064812538896796,804.8714218386433,0.975,8.666629550523993
forest_co_management,5,5,1,60,0,92000508,24.453164530074726,24.453164530074726,801.6300013382861,0.975,8.588815384542938
forest_co_management,5,5,1,60,0,92000509,30.69809596202164,30.69809596202164,809.8485938634074,0.975,8.728983502072644
forest_co_management,5,5,1,60,0,92000510,31.733188535793442,31.733188535793442,837.5156674375157,0.9625,9.015512631729617
forest_co_management,5,5,1,60,0,92000511,27.134744627525045,27.134744627525045,780.1491422151719,0.975,8.608066296788309
forest_co_management,5,5,1,60,0,92000512,31.188948573057512,31.188948573057512,793.3742688589905,0.975,8.671926305025796
forest_co_management,5,5,1,60,0,92000513,28.3841775313869,28.3841775313869,807.9207395228516,0.975,8.727272065162177
forest_co_management,5,5,1,60,0,92000514,31.51771697018751,31.51771697018751,792.9700817087258,0.975,8.611356568953827
forest_co_management,5,5,1,60,0,92000515,0.9629042788197637,25.962904278819764,784.203110738235,0.9620253164556962,8.66111304284996
forest_co_management,5,5,6,60,1,92000500,33.30045813033155,33.30045813033155,798.7466134237443,0.975,8.66846356741036
forest_co_management,5,5,6,60,1,92000501,33.57242341900871,33.57242341900871,811.8156590516609,0.975,8.670599381814853
forest_co_management,5,5,6,60,1,92000502,30.519499474896538,30.519499474896538,818.4261666054545,0.95,8.791642924458733
forest_co_management,5,5,6,60,1,92000503,36.32281157801747,36.32281157801747,805.6459593377688,0.9625,8.717959687151644
forest_co_management,5,5,6,60,1,92000504,27.923350041972554,27.923350041972554,805.6239705667431,0.9625,8.706005450109746
forest_co_management,5,5,6,60,1,92000505,28.512920121977608,28.512920121977608,804.5206364603993,0.975,8.74563511381592
forest_co_management,5,5,6,60,1,92000506,29.516648657110146,29.516648657110146,813.5503851651149,0.975,8.73254847281501
forest_co_management,5,5,6,60,1,92000507,31.741477191821495,31.741477191821495,809.0404822013295,0.9625,8.671906669319029
forest_co_management,5,5,6,60,1,92000508,25.544898939989327,25.544898939989327,802.7217357482007,0.9625,8.59861981123142
forest_co_management,5,5,6,60,1,92000509,30.821178646662315,30.821178646662315,809.9716765480481,0.975,8.732961571465463
forest_co_management,5,5,6,60,1,92000510,32.40827935310736,32.40827935310736,838.1907582548296,0.975,9.021339049209306
forest_co_management,5,5,6,60,1,92000511,27.482351787518226,27.482351787518226,780.4967493751651,0.975,8.61282243314392
forest_co_management,5,5,6,60,1,92000512,34.302984326634444,34.302984326634444,796.4883046125674,0.9625,8.71046200267172
forest_co_management,5,5,6,60,1,92000513,28.677495941870557,28.677495941870557,808.2140579333352,0.975,8.73187107652
forest_co_management,5,5,6,60,1,92000514,31.93610277585901,31.93610277585901,793.3884675143973,0.975,8.620616828030958
forest_co_management,5,5,6,60,1,92000515,3.982406972345032,28.982406972345032,788.8179561181076,0.9493670886075949,8.685021626077328
forest_co_management,5,5,12,60,7,92000500,35.28123925267139,35.28123925267139,800.727394546084,0.9625,8.686149212648806
forest_co_management,5,5,12,60,7,92000501,33.2418867554242,33.2418867554242,811.7842239259151,0.9625,8.66157899051603
forest_co_management,5,5,12,60,7,92000502,29.871261171029655,29.871261171029655,814.3947999286605,0.9625,8.82533865733388
forest_co_management,5,5,12,60,7,92000503,35.828467192159586,35.828467192159586,805.1516149519109,0.9625,8.706078942954841
forest_co_management,5,5,12,60,7,92000504,29.615369731244833,29.615369731244833,807.3159902560154,0.9625,8.72430377592783
forest_co_management,5,5,12,60,7,92000505,30.70354633600352,30.70354633600352,806.7112626744253,0.9625,8.764022243835388
forest_co_management,5,5,12,60,7,92000506,29.419474212850638,29.419474212850638,813.4532107208554,0.9625,8.725456475159675
forest_co_management,5,5,12,60,7,92000507,31.25671278521243,31.25671278521243,807.0633220849589,0.9625,8.692929531980118
forest_co_management,5,5,12,60,7,92000508,25.614919841188215,25.614919841188215,802.7917566493995,0.9625,8.600486724591244
forest_co_management,5,5,12,60,7,92000509,32.85599690388884,32.85599690388884,812.0064948052745,0.9625,8.752966527447807
forest_co_management,5,5,12,60,7,92000510,34.578350242518084,34.578350242518084,840.3608291442404,0.9375,9.037109729542754
forest_co_management,5,5,12,60,7,92000511,29.884989212787573,29.884989212787573,782.8993868004345,0.975,8.62818655319787
forest_co_management,5,5,12,60,7,92000512,33.50268846597783,33.50268846597783,795.6880087519107,0.9625,8.694569362892638
forest_co_management,5,5,12,60,7,92000513,30.210108702628517,30.210108702628517,813.1043059170012,0.9625,8.735367674649106
forest_co_management,5,5,12,60,7,92000514,34.47925091508832,34.47925091508832,795.9316156536267,0.9625,8.636614376850929
forest_co_management,5,5,12,60,7,92000515,3.3476973306308118,28.34769733063081,786.5879037900461,0.9620253164556962,8.683855632478144
forest_co_management,6,0,1,30,0,92000600,28.030713765131996,28.030713765131996,829.1941603684854,0.9875,8.794236675239853
forest_co_management,6,0,1,30,0,92000601,28.365299921598037,28.365299921598037,818.6558720806967,0.9875,8.77931857065808
forest_co_management,6,0,1,30,0,92000602,26.893804534050226,26.893804534050226,817.7646200707443,0.975,8.789634152932388
forest_co_management,6,0,1,30,0,92000603,28.29555646681436,28.29555646681436,812.0431508345804,0.975,8.63035709397883
forest_co_management,6,0,1,30,0,92000604,28.807673024506514,28.807673024506514,831.6013632598352,0.9875,8.79773204429221
forest_co_management,6,0,1,30,0,92000605,24.909095934377255,24.909095934377255,832.3726444484166,0.9875,8.809028094358926
forest_co_management,6,0,1,30,0,92000606,27.33757813703958,27.33757813703958,824.7495012474369,0.9875,8.794495967100408
forest_co_management,6,0,1,30,0,92000607,26.208119744988178,26.208119744988178,833.1729568492259,0.9875,8.866844422908546
forest_co_management,6,0,1,30,0,92000608,30.650175968528192,30.650175968528192,829.2651663706438,0.9875,8.828967906209128
forest_co_management,6,0,1,30,0,92000609,25.642035122692697,25.642035122692697,818.0236035394132,0.9875,8.631829900063693
forest_co_management,6,0,1,30,0,92000610,26.370843110223845,26.370843110223845,820.6089235419436,0.975,8.842552689206977
forest_co_management,6,0,1,30,0,92000611,32.63581043507986,32.63581043507986,827.6889349669095,0.9875,8.886835008026727
forest_co_management,6,0,1,30,0,92000612,29.408770203994877,29.408770203994877,834.9676816156552,0.975,8.798244771236424
forest_co_management,6,0,1,30,0,92000613,26.707019332390896,26.707019332390896,842.1829542348132,0.975,8.861495625085956
forest_co_management,6,0,1,30,0,92000614,31.410753233911045,31.410753233911045,833.1577561828637,0.9875,8.764894853622167
forest_co_management,6,0,1,30,0,92000615,29.835622120773845,29.835622120773845,820.9405227898085,0.9875,8.730416922697033
forest_co_management,6,0,6,30,1,92000600,27.782423995756293,27.782423995756293,829.0278382517067,0.9875,8.810102480587853
forest_co_management,6,0,6,30,1,92000601,28.267680683762457,28.267680683762457,818.31374365369,0.9875,8.787638478859833
forest_co_management,6,0,6,30,1,92000602,28.99076246131741,28.99076246131741,821.0489953549018,0.975,8.795427703862845
forest_co_management,6,0,6,30,1,92000603,28.617196917138408,28.617196917138408,814.3751532455392,0.9875,8.667525267194467
forest_co_management,6,0,6,30,1,92000604,27.958778938577076,27.958778938577076,831.4607858589809,0.9875,8.795254015400896
forest_co_management,6,0,6,30,1,92000605,24.35545047011572,24.35545047011572,828.8289681096305,0.9875,8.763642094829024
forest_co_management,6,0,6,30,1,92000606,32.01192899608132,32.01192899608132,829.6451094683118,0.9625,8.844282928785614
forest_co_management,6,0,6,30,1,92000607,25.532854638228194,25.532854638228194,833.0980812556046,0.9875,8.877817106349488
forest_co_management,6,0,6,30,1,92000608,29.658072298176872,29.658072298176872,828.418396602005,0.9875,8.825527677326843
forest_co_management,6,0,6,30,1,92000609,29.886835626222858,29.886835626222858,822.8820234130048,0.9625,8.683926620796061
forest_co_management,6,0,6,30,1,92000610,32.80803628800598,32.80803628800598,828.1844042257744,0.9625,8.914289100070544
forest_co_management,6,0,6,30,1,92000611,32.27952769432717,32.27952769432717,821.2629708349273,0.9875,8.760653579788034
forest_co_management,6,0,6,30,1,92000612,29.018124682734797,29.018124682734797,836.0398951349528,0.9875,8.798888646765267
forest_co_management,6,0,6,30,1,92000613,26.084663496265286,26.084663496265286,840.9949299683785,0.9875,8.8536380531516
forest_co_management,6,0,6,30,1,92000614,32.173584619267864,32.173584619267864,835.4609468102485,0.9875,8.784304860710034
forest_co_management,6,0,6,30,1,92000615,32.34486585895847,32.34486585895847,825.5276512377226,0.9875,8.773583688523185
forest_co_management,6,0,12,30,1,92000600,27.782423995756293,27.782423995756293,829.0278382517067,0.9875,8.810102480587853
forest_co_management,6,0,12,30,1,92000601,28.267680683762457,28.267680683762457,818.31374365369,0.9875,8.787638478859833
forest_co_management,6,0,12,30,1,92000602,28.99076246131741,28.99076246131741,821.0489953549018,0.975,8.795427703862845
forest_co_management,6,0,12,30,1,92000603,28.617196917138408,28.617196917138408,814.3751532455392,0.9875,8.667525267194467
forest_co_management,6,0,12,30,1,92000604,27.958778938577076,27.958778938577076,831.4607858589809,0.9875,8.795254015400896
forest_co_management,6,0,12,30,1,92000605,24.35545047011572,24.35545047011572,828.8289681096305,0.9875,8.763642094829024
forest_co_management,6,0,12,30,1,92000606,32.01192899608132,32.01192899608132,829.6451094683118,0.9625,8.844282928785614
forest_co_management,6,0,12,30,1,92000607,25.532854638228194,25.532854638228194,833.0980812556046,0.9875,8.877817106349488
forest_co_management,6,0,12,30,1,92000608,29.658072298176872,29.658072298176872,828.418396602005,0.9875,8.825527677326843
forest_co_management,6,0,12,30,1,92000609,29.886835626222858,29.886835626222858,822.8820234130048,0.9625,8.683926620796061
forest_co_management,6,0,12,30,1,92000610,32.80803628800598,32.80803628800598,828.1844042257744,0.9625,8.914289100070544
forest_co_management,6,0,12,30,1,92000611,32.27952769432717,32.27952769432717,821.2629708349273,0.9875,8.760653579788034
forest_co_management,6,0,12,30,1,92000612,29.018124682734797,29.018124682734797,836.0398951349528,0.9875,8.798888646765267
forest_co_management,6,0,12,30,1,92000613,26.084663496265286,26.084663496265286,840.9949299683785,0.9875,8.8536380531516
forest_co_management,6,0,12,30,1,92000614,32.173584619267864,32.173584619267864,835.4609468102485,0.9875,8.784304860710034
forest_co_management,6,0,12,30,1,92000615,32.34486585895847,32.34486585895847,825.5276512377226,0.9875,8.773583688523185
forest_co_management,6,0,1,60,0,92000600,28.030713765131996,28.030713765131996,829.1941603684854,0.9875,8.794236675239853
forest_co_management,6,0,1,60,0,92000601,28.365299921598037,28.365299921598037,818.6558720806967,0.9875,8.77931857065808
forest_co_management,6,0,1,60,0,92000602,26.893804534050226,26.893804534050226,817.7646200707443,0.975,8.789634152932388
forest_co_management,6,0,1,60,0,92000603,28.29555646681436,28.29555646681436,812.0431508345804,0.975,8.63035709397883
forest_co_management,6,0,1,60,0,92000604,28.807673024506514,28.807673024506514,831.6013632598352,0.9875,8.79773204429221
forest_co_management,6,0,1,60,0,92000605,24.909095934377255,24.909095934377255,832.3726444484166,0.9875,8.809028094358926
forest_co_management,6,0,1,60,0,92000606,27.33757813703958,27.33757813703958,824.7495012474369,0.9875,8.794495967100408
forest_co_management,6,0,1,60,0,92000607,26.208119744988178,26.208119744988178,833.1729568492259,0.9875,8.866844422908546
forest_co_management,6,0,1,60,0,92000608,30.650175968528192,30.650175968528192,829.2651663706438,0.9875,8.828967906209128
forest_co_management,6,0,1,60,0,92000609,25.642035122692697,25.642035122692697,818.0236035394132,0.9875,8.631829900063693
forest_co_management,6,0,1,60,0,92000610,26.370843110223845,26.370843110223845,820.6089235419436,0.975,8.842552689206977
forest_co_management,6,0,1,60,0,92000611,32.63581043507986,32.63581043507986,827.6889349669095,0.9875,8.886835008026727
forest_co_management,6,0,1,60,0,92000612,29.408770203994877,29.408770203994877,834.9676816156552,0.975,8.798244771236424
forest_co_management,6,0,1,60,0,92000613,26.707019332390896,26.707019332390896,842.1829542348132,0.975,8.861495625085956
forest_co_management,6,0,1,60,0,92000614,31.410753233911045,31.410753233911045,833.1577561828637,0.9875,8.764894853622167
forest_co_management,6,0,1,60,0,92000615,29.835622120773845,29.835622120773845,820.9405227898085,0.9875,8.730416922697033
forest_co_management,6,0,6,60,1,92000600,27.782423995756293,27.782423995756293,829.0278382517067,0.9875,8.810102480587853
forest_co_management,6,0,6,60,1,92000601,28.267680683762457,28.267680683762457,818.31374365369,0.9875,8.787638478859833
forest_co_management,6,0,6,60,1,92000602,28.99076246131741,28.99076246131741,821.0489953549018,0.975,8.795427703862845
forest_co_management,6,0,6,60,1,92000603,28.617196917138408,28.617196917138408,814.3751532455392,0.9875,8.667525267194467
forest_co_management,6,0,6,60,1,92000604,27.958778938577076,27.958778938577076,831.4607858589809,0.9875,8.795254015400896
forest_co_management,6,0,6,60,1,92000605,24.35545047011572,24.35545047011572,828.8289681096305,0.9875,8.763642094829024
forest_co_management,6,0,6,60,1,92000606,32.01192899608132,32.01192899608132,829.6451094683118,0.9625,8.844282928785614
forest_co_management,6,0,6,60,1,92000607,25.532854638228194,25.532854638228194,833.0980812556046,0.9875,8.877817106349488
forest_co_management,6,0,6,60,1,92000608,29.658072298176872,29.658072298176872,828.418396602005,0.9875,8.825527677326843
forest_co_management,6,0,6,60,1,92000609,29.886835626222858,29.886835626222858,822.8820234130048,0.9625,8.683926620796061
forest_co_management,6,0,6,60,1,92000610,32.80803628800598,32.80803628800598,828.1844042257744,0.9625,8.914289100070544
forest_co_management,6,0,6,60,1,92000611,32.27952769432717,32.27952769432717,821.2629708349273,0.9875,8.760653579788034
forest_co_management,6,0,6,60,1,92000612,29.018124682734797,29.018124682734797,836.0398951349528,0.9875,8.798888646765267
forest_co_management,6,0,6,60,1,92000613,26.084663496265286,26.084663496265286,840.9949299683785,0.9875,8.8536380531516
forest_co_management,6,0,6,60,1,92000614,32.173584619267864,32.173584619267864,835.4609468102485,0.9875,8.784304860710034
forest_co_management,6,0,6,60,1,92000615,32.34486585895847,32.34486585895847,825.5276512377226,0.9875,8.773583688523185
forest_co_management,6,0,12,60,1,92000600,27.782423995756293,27.782423995756293,829.0278382517067,0.9875,8.810102480587853
forest_co_management,6,0,12,60,1,92000601,28.267680683762457,28.267680683762457,818.31374365369,0.9875,8.787638478859833
forest_co_management,6,0,12,60,1,92000602,28.99076246131741,28.99076246131741,821.0489953549018,0.975,8.795427703862845
forest_co_management,6,0,12,60,1,92000603,28.617196917138408,28.617196917138408,814.3751532455392,0.9875,8.667525267194467
forest_co_management,6,0,12,60,1,92000604,27.958778938577076,27.958778938577076,831.4607858589809,0.9875,8.795254015400896
forest_co_management,6,0,12,60,1,92000605,24.35545047011572,24.35545047011572,828.8289681096305,0.9875,8.763642094829024
forest_co_management,6,0,12,60,1,92000606,32.01192899608132,32.01192899608132,829.6451094683118,0.9625,8.844282928785614
forest_co_management,6,0,12,60,1,92000607,25.532854638228194,25.532854638228194,833.0980812556046,0.9875,8.877817106349488
forest_co_management,6,0,12,60,1,92000608,29.658072298176872,29.658072298176872,828.418396602005,0.9875,8.825527677326843
forest_co_management,6,0,12,60,1,92000609,29.886835626222858,29.886835626222858,822.8820234130048,0.9625,8.683926620796061
forest_co_management,6,0,12,60,1,92000610,32.80803628800598,32.80803628800598,828.1844042257744,0.9625,8.914289100070544
forest_co_management,6,0,12,60,1,92000611,32.27952769432717,32.27952769432717,821.2629708349273,0.9875,8.760653579788034
forest_co_management,6,0,12,60,1,92000612,29.018124682734797,29.018124682734797,836.0398951349528,0.9875,8.798888646765267
forest_co_management,6,0,12,60,1,92000613,26.084663496265286,26.084663496265286,840.9949299683785,0.9875,8.8536380531516
forest_co_management,6,0,12,60,1,92000614,32.173584619267864,32.173584619267864,835.4609468102485,0.9875,8.784304860710034
forest_co_management,6,0,12,60,1,92000615,32.34486585895847,32.34486585895847,825.5276512377226,0.9875,8.773583688523185
forest_co_management,7,1,1,30,0,92000700,215.1270126309737,215.1270126309737,764.5917154504215,0.975,7.303888295239166
forest_co_management,7,1,1,30,0,92000701,220.49328987628544,220.49328987628544,761.0360869816482,0.9875,7.309540018181354
forest_co_management,7,1,1,30,0,92000702,65.41685434943658,90.41685434943658,342.87523480043586,0.9696969696969697,7.471101496865348
forest_co_management,7,1,1,30,0,92000703,75.51431839578392,100.51431839578392,401.90906216123557,0.9230769230769231,7.634818703348512
forest_co_management,7,1,1,30,0,92000704,86.6120103903959,111.6120103903959,439.7354426156061,0.9772727272727273,7.558634515710671
forest_co_management,7,1,1,30,0,92000705,217.81015125362958,217.81015125362958,774.9726812163943,0.9625,7.355152174985292
forest_co_management,7,1,1,30,0,92000706,209.76073538566197,209.76073538566197,780.8030255363024,0.9875,7.49096058162956
forest_co_management,7,1,1,30,0,92000707,209.760735385662,209.760735385662,777.6014348896798,0.9625,7.486861075870435
forest_co_management,7,1,1,30,0,92000708,207.0775967630061,207.0775967630061,774.1818397049003,0.975,7.460001430394395
forest_co_management,7,1,1,30,0,92000709,215.12701263097372,215.12701263097372,771.8960359066465,0.975,7.508420177545744
forest_co_management,7,1,1,30,0,92000710,215.1270126309737,215.1270126309737,771.9492414219759,0.9875,7.415741971504479
forest_co_management,7,1,1,30,0,92000711,212.44387400831783,212.44387400831783,770.7341124604538,0.9875,7.292154948019702
forest_co_management,7,1,1,30,0,92000712,131.6378688131199,156.6378688131199,561.7396113672842,0.9655172413793104,7.4016413911039445
forest_co_management,7,1,1,30,0,92000713,215.12701263097372,215.12701263097372,776.0105606720545,0.975,7.421457134547585
forest_co_management,7,1,1,30,0,92000714,212.44387400831783,212.44387400831783,755.4750932864977,0.9875,7.368049273414651
forest_co_management,7,1,1,30,0,92000715,209.760735385662,209.760735385662,747.019429191339,0.9875,7.3135047971644624
forest_co_management,7,1,6,30,4,92000700,216.01847927482484,216.01847927482484,770.1451553886803,0.9875,7.068663151762117
forest_co_management,7,1,6,30,4,92000701,222.3929482956524,222.3929482956524,767.5977186954227,0.9875,7.071743412699459
forest_co_management,7,1,6,30,4,92000702,67.93733033306033,92.93733033306033,343.84171968592375,0.9696969696969697,7.189862361450602
forest_co_management,7,1,6,30,4,92000703,135.51416325187228,160.51416325187228,601.0092367870868,0.9833333333333333,7.266896912553075
forest_co_management,7,1,6,30,4,92000704,87.80427174308721,112.80427174308721,440.98961488310374,0.9772727272727273,7.281497202378954
forest_co_management,7,1,6,30,4,92000705,218.09794908197568,218.09794908197568,780.1901462275293,0.9875,7.149672264403125
forest_co_management,7,1,6,30,4,92000706,211.58742046177318,211.58742046177318,790.4869141644858,0.9875,7.276056878121272
forest_co_management,7,1,6,30,4,92000707,211.72348006114822,211.72348006114822,781.118170663302,0.9875,7.244124194880186
forest_co_management,7,1,6,30,4,92000708,208.72408765265536,208.72408765265536,782.0442949870932,0.9875,7.227919397239494
forest_co_management,7,1,6,30,4,92000709,215.2346162728579,215.2346162728579,773.5576306466667,0.9875,7.2215091961333515
forest_co_management,7,1,6,30,4,92000710,216.01847927482493,216.01847927482493,774.394699163963,0.9875,7.178389671209018
forest_co_management,7,1,6,30,4,92000711,213.15514646570713,213.15514646570713,778.5510911920119,0.9875,7.090784219734809
forest_co_management,7,1,6,30,4,92000712,132.4008139967555,157.4008139967555,565.7073733797712,0.9827586206896551,7.156887138805605
forest_co_management,7,1,6,30,4,92000713,216.6662826774168,216.6662826774168,780.6578129147694,0.9875,7.156388657278977
forest_co_management,7,1,6,30,4,92000714,120.04446699092725,145.04446699092725,540.9500709895194,0.9818181818181818,7.212723298701049
forest_co_management,7,1,6,30,4,92000715,22.959907954784143,47.95990795478414,207.48761625480486,0.9444444444444444,7.558003359311333
forest_co_management,7,1,12,30,10,92000700,215.3659242407034,215.3659242407034,765.0376165954633,0.9875,7.038063627303569
forest_co_management,7,1,12,30,10,92000701,221.88204728409946,221.88204728409946,762.4248443894624,0.9875,7.047440347897643
forest_co_management,7,1,12,30,10,92000702,94.47463121904215,119.47463121904215,421.0024624705621,0.9761904761904762,7.136213503553121
forest_co_management,7,1,12,30,10,92000703,135.43842267329492,160.43842267329492,600.5288764481514,0.9666666666666667,7.2718491877605365
forest_co_management,7,1,12,30,10,92000704,88.88997220200972,113.88997220200972,440.6549911768475,0.9772727272727273,7.254469369164323
forest_co_management,7,1,12,30,10,92000705,217.53796525516876,217.53796525516876,775.1702084661551,0.9875,7.100094055461693
forest_co_management,7,1,12,30,10,92000706,213.19388322623806,213.19388322623806,785.056792956643,0.9875,7.215068188087311
forest_co_management,7,1,12,30,10,92000707,211.0218422117727,211.0218422117727,775.7545595195189,0.9875,7.203055303543434
forest_co_management,7,1,12,30,10,92000708,208.84980119730736,208.84980119730736,775.9540441392016,0.9875,7.181815788648931
forest_co_management,7,1,12,30,10,92000709,215.3659242407034,215.3659242407034,772.1349475163764,0.9875,7.233560222194666
forest_co_management,7,1,12,30,10,92000710,215.3659242407034,215.3659242407034,770.6341619335699,0.9875,7.133137373342069
forest_co_management,7,1,12,30,10,92000711,213.19388322623806,213.19388322623806,769.1786333023348,0.9875,7.026882669840111
forest_co_management,7,1,12,30,10,92000712,132.33491763246596,157.33491763246596,564.3916351178069,0.9827586206896551,7.157832605339363
forest_co_management,7,1,12,30,10,92000713,215.3659242407034,215.3659242407034,779.8051061528577,0.9875,7.181620140541679
forest_co_management,7,1,12,30,10,92000714,118.99149601336111,143.99149601336111,535.2351267175458,0.9818181818181818,7.1766289903298315
forest_co_management,7,1,12,30,10,92000715,22.47991449764894,47.47991449764894,208.05045089600057,0.9444444444444444,7.574486491378701
forest_co_management,7,1,1,60,0,92000700,215.1270126309737,215.1270126309737,764.5917154504215,0.975,7.303888295239166
forest_co_management,7,1,1,60,0,92000701,220.49328987628544,220.49328987628544,761.0360869816482,0.9875,7.309540018181354
forest_co_management,7,1,1,60,0,92000702,65.41685434943658,90.41685434943658,342.87523480043586,0.9696969696969697,7.471101496865348
forest_co_management,7,1,1,60,0,92000703,75.51431839578392,100.51431839578392,401.90906216123557,0.9230769230769231,7.634818703348512
forest_co_management,7,1,1,60,0,92000704,86.6120103903959,111.6120103903959,439.7354426156061,0.9772727272727273,7.558634515710671
forest_co_management,7,1,1,60,0,92000705,217.81015125362958,217.81015125362958,774.9726812163943,0.9625,7.355152174985292
forest_co_management,7,1,1,60,0,92000706,209.76073538566197,209.76073538566197,780.8030255363024,0.9875,7.49096058162956
forest_co_management,7,1,1,60,0,92000707,209.760735385662,209.760735385662,777.6014348896798,0.9625,7.486861075870435
forest_co_management,7,1,1,60,0,92000708,207.0775967630061,207.0775967630061,774.1818397049003,0.975,7.460001430394395
forest_co_management,7,1,1,60,0,92000709,215.12701263097372,215.12701263097372,771.8960359066465,0.975,7.508420177545744
forest_co_management,7,1,1,60,0,92000710,215.1270126309737,215.1270126309737,771.9492414219759,0.9875,7.415741971504479
forest_co_management,7,1,1,60,0,92000711,212.44387400831783,212.44387400831783,770.7341124604538,0.9875,7.292154948019702
forest_co_management,7,1,1,60,0,92000712,131.6378688131199,156.6378688131199,561.7396113672842,0.9655172413793104,7.4016413911039445
forest_co_management,7,1,1,60,0,92000713,215.12701263097372,215.12701263097372,776.0105606720545,0.975,7.421457134547585
forest_co_management,7,1,1,60,0,92000714,212.44387400831783,212.44387400831783,755.4750932864977,0.9875,7.368049273414651
forest_co_management,7,1,1,60,0,92000715,209.760735385662,209.760735385662,747.019429191339,0.9875,7.3135047971644624
forest_co_management,7,1,6,60,4,92000700,216.01847927482484,216.01847927482484,770.1451553886803,0.9875,7.068663151762117
forest_co_management,7,1,6,60,4,92000701,222.3929482956524,222.3929482956524,767.5977186954227,0.9875,7.071743412699459
forest_co_management,7,1,6,60,4,92000702,67.93733033306033,92.93733033306033,343.84171968592375,0.9696969696969697,7.189862361450602
forest_co_management,7,1,6,60,4,92000703,135.51416325187228,160.51416325187228,601.0092367870868,0.9833333333333333,7.266896912553075
forest_co_management,7,1,6,60,4,92000704,87.80427174308721,112.80427174308721,440.98961488310374,0.9772727272727273,7.281497202378954
forest_co_management,7,1,6,60,4,92000705,218.09794908197568,218.09794908197568,780.1901462275293,0.9875,7.149672264403125
forest_co_management,7,1,6,60,4,92000706,211.58742046177318,211.58742046177318,790.4869141644858,0.9875,7.276056878121272
forest_co_management,7,1,6,60,4,92000707,211.72348006114822,211.72348006114822,781.118170663302,0.9875,7.244124194880186
forest_co_management,7,1,6,60,4,92000708,208.72408765265536,208.72408765265536,782.0442949870932,0.9875,7.227919397239494
forest_co_management,7,1,6,60,4,92000709,215.2346162728579,215.2346162728579,773.5576306466667,0.9875,7.2215091961333515
forest_co_management,7,1,6,60,4,92000710,216.01847927482493,216.01847927482493,774.394699163963,0.9875,7.178389671209018
forest_co_management,7,1,6,60,4,92000711,213.15514646570713,213.15514646570713,778.5510911920119,0.9875,7.090784219734809
forest_co_management,7,1,6,60,4,92000712,132.4008139967555,157.4008139967555,565.7073733797712,0.9827586206896551,7.156887138805605
forest_co_management,7,1,6,60,4,92000713,216.6662826774168,216.6662826774168,780.6578129147694,0.9875,7.156388657278977
forest_co_management,7,1,6,60,4,92000714,120.04446699092725,145.04446699092725,540.9500709895194,0.9818181818181818,7.212723298701049
forest_co_management,7,1,6,60,4,92000715,22.959907954784143,47.95990795478414,207.48761625480486,0.9444444444444444,7.558003359311333
forest_co_management,7,1,12,60,4,92000700,216.01847927482484,216.01847927482484,770.1451553886803,0.9875,7.068663151762117
forest_co_management,7,1,12,60,4,92000701,222.3929482956524,222.3929482956524,767.5977186954227,0.9875,7.071743412699459
forest_co_management,7,1,12,60,4,92000702,67.93733033306033,92.93733033306033,343.84171968592375,0.9696969696969697,7.189862361450602
forest_co_management,7,1,12,60,4,92000703,135.51416325187228,160.51416325187228,601.0092367870868,0.9833333333333333,7.266896912553075
forest_co_management,7,1,12,60,4,92000704,87.80427174308721,112.80427174308721,440.98961488310374,0.9772727272727273,7.281497202378954
forest_co_management,7,1,12,60,4,92000705,218.09794908197568,218.09794908197568,780.1901462275293,0.9875,7.149672264403125
forest_co_management,7,1,12,60,4,92000706,211.58742046177318,211.58742046177318,790.4869141644858,0.9875,7.276056878121272
forest_co_management,7,1,12,60,4,92000707,211.72348006114822,211.72348006114822,781.118170663302,0.9875,7.244124194880186
forest_co_management,7,1,12,60,4,92000708,208.72408765265536,208.72408765265536,782.0442949870932,0.9875,7.227919397239494
forest_co_management,7,1,12,60,4,92000709,215.2346162728579,215.2346162728579,773.5576306466667,0.9875,7.2215091961333515
forest_co_management,7,1,12,60,4,92000710,216.01847927482493,216.01847927482493,774.394699163963,0.9875,7.178389671209018
forest_co_management,7,1,12,60,4,92000711,213.15514646570713,213.15514646570713,778.5510911920119,0.9875,7.090784219734809
forest_co_management,7,1,12,60,4,92000712,132.4008139967555,157.4008139967555,565.7073733797712,0.9827586206896551,7.156887138805605
forest_co_management,7,1,12,60,4,92000713,216.6662826774168,216.6662826774168,780.6578129147694,0.9875,7.156388657278977
forest_co_management,7,1,12,60,4,92000714,120.04446699092725,145.04446699092725,540.9500709895194,0.9818181818181818,7.212723298701049
forest_co_management,7,1,12,60,4,92000715,22.959907954784143,47.95990795478414,207.48761625480486,0.9444444444444444,7.558003359311333
forest_co_management,8,2,1,30,0,92000800,181.69836577812043,181.69836577812043,841.0966567939521,0.825,9.794627799945035
forest_co_management,8,2,1,30,0,92000801,25.840019292156065,50.840019292156065,267.02433723965817,0.8333333333333334,9.084861013239532
forest_co_management,8,2,1,30,0,92000802,175.82718107207228,175.82718107207228,840.4719789371932,0.7875,9.810390748349187
forest_co_management,8,2,1,30,0,92000803,169.95599636602407,169.95599636602407,834.303040707479,0.8,9.801664069806778
forest_co_management,8,2,1,30,0,92000804,172.89158871904814,172.89158871904814,842.150756996967,0.7875,9.835217599373811
forest_co_management,8,2,1,30,0,92000805,175.82718107207228,175.82718107207228,835.0459807003692,0.8375,9.783640577651425
forest_co_management,8,2,1,30,0,92000806,56.397315556026186,81.39731555602619,382.1116434345687,0.8888888888888888,8.970878432492635
forest_co_management,8,2,1,30,0,92000807,180.2305696016084,180.2305696016084,846.4547395970474,0.7375,9.870507056296594
forest_co_management,8,2,1,30,0,92000808,172.89158871904817,172.89158871904817,841.4439403618603,0.75,9.827652589389643
forest_co_management,8,2,1,30,0,92000809,172.89158871904814,172.89158871904814,833.6644308275136,0.85,9.741096446901341
forest_co_management,8,2,1,30,0,92000810,175.82718107207225,175.82718107207225,834.2809874035399,0.7625,9.857559824214695
forest_co_management,8,2,1,30,0,92000811,174.3593848955602,174.3593848955602,838.1073646380012,0.775,9.851119177733974
forest_co_management,8,2,1,30,0,92000812,180.23056960160838,180.23056960160838,838.2321232126703,0.825,9.756644564913612
forest_co_management,8,2,1,30,0,92000813,165.55260783648797,165.55260783648797,823.3466019053191,0.8125,9.798018533971485
forest_co_management,8,2,1,30,0,92000814,178.7627734250963,178.7627734250963,828.4875560972846,0.8875,9.569314971502584
forest_co_management,8,2,1,30,0,92000815,167.020404013,167.020404013,837.9015218300694,0.825,9.824719611604632
forest_co_management,8,2,6,30,3,92000800,147.48023559946242,172.48023559946242,754.1275451810876,0.9014084507042254,9.246812522588314
forest_co_management,8,2,6,30,3,92000801,26.0152809519537,51.0152809519537,240.9858813345217,0.8571428571428571,8.628413629664003
forest_co_management,8,2,6,30,3,92000802,194.34392743601398,194.34392743601398,858.988725301135,0.9625,9.463274760691194
forest_co_management,8,2,6,30,3,92000803,192.93912366811972,192.93912366811972,855.9977755243606,0.975,9.360098033265434
forest_co_management,8,2,6,30,3,92000804,194.34392743601398,194.34392743601398,860.7172547638129,0.9375,9.477416439129367
forest_co_management,8,2,6,30,3,92000805,194.34392743601398,194.34392743601398,852.256044845529,0.8875,9.511871660978077
forest_co_management,8,2,6,30,3,92000806,45.44967369555509,70.44967369555509,314.0295342154016,0.896551724137931,8.539598567811645
forest_co_management,8,2,6,30,3,92000807,194.34392743601398,194.34392743601398,862.1472561627909,0.9375,9.677020785939575
forest_co_management,8,2,6,30,3,92000808,194.34392743601398,194.34392743601398,859.0754756399757,0.95,9.57557908953346
forest_co_management,8,2,6,30,3,92000809,95.0601508796145,120.0601508796145,536.0209697582494,0.94,8.820098368377536
forest_co_management,8,2,6,30,3,92000810,194.34392743601398,194.34392743601398,855.9743409637254,0.95,9.539139120922252
forest_co_management,8,2,6,30,3,92000811,194.34392743601398,194.34392743601398,855.8685522045099,0.95,9.540973730002255
forest_co_management,8,2,6,30,3,92000812,195.51868274448944,195.51868274448944,851.9227878906457,0.95,9.51868079993931
forest_co_management,8,2,6,30,3,92000813,194.34392743601398,194.34392743601398,847.963688069511,0.9625,9.206761519744328
forest_co_management,8,2,6,30,3,92000814,194.34392743601398,194.34392743601398,843.4062241320273,0.9375,9.47403689085635
forest_co_management,8,2,6,30,3,92000815,191.53431990022548,191.53431990022548,858.8854005245681,0.95,9.214291259887823
forest_co_management,8,2,12,30,3,92000800,147.48023559946242,172.48023559946242,754.1275451810876,0.9014084507042254,9.246812522588314
forest_co_management,8,2,12,30,3,92000801,26.0152809519537,51.0152809519537,240.9858813345217,0.8571428571428571,8.628413629664003
forest_co_management,8,2,12,30,3,92000802,194.34392743601398,194.34392743601398,858.988725301135,0.9625,9.463274760691194
forest_co_management,8,2,12,30,3,92000803,192.93912366811972,192.93912366811972,855.9977755243606,0.975,9.360098033265434
forest_co_management,8,2,12,30,3,92000804,194.34392743601398,194.34392743601398,860.7172547638129,0.9375,9.477416439129367
forest_co_management,8,2,12,30,3,92000805,194.34392743601398,194.34392743601398,852.256044845529,0.8875,9.511871660978077
forest_co_management,8,2,12,30,3,92000806,45.44967369555509,70.44967369555509,314.0295342154016,0.896551724137931,8.539598567811645
forest_co_management,8,2,12,30,3,92000807,194.34392743601398,194.34392743601398,862.1472561627909,0.9375,9.677020785939575
forest_co_management,8,2,12,30,3,92000808,194.34392743601398,194.34392743601398,859.0754756399757,0.95,9.57557908953346
forest_co_management,8,2,12,30,3,92000809,95.0601508796145,120.0601508796145,536.0209697582494,0.94,8.820098368377536
forest_co_management,8,2,12,30,3,92000810,194.34392743601398,194.34392743601398,855.9743409637254,0.95,9.539139120922252
forest_co_management,8,2,12,30,3,92000811,194.34392743601398,194.34392743601398,855.8685522045099,0.95,9.540973730002255
forest_co_management,8,2,12,30,3,92000812,195.51868274448944,195.51868274448944,851.9227878906457,0.95,9.51868079993931
forest_co_management,8,2,12,30,3,92000813,194.34392743601398,194.34392743601398,847.963688069511,0.9625,9.206761519744328
forest_co_management,8,2,12,30,3,92000814,194.34392743601398,194.34392743601398,843.4062241320273,0.9375,9.47403689085635
forest_co_management,8,2,12,30,3,92000815,191.53431990022548,191.53431990022548,858.8854005245681,0.95,9.214291259887823
forest_co_management,8,2,1,60,0,92000800,181.69836577812043,181.69836577812043,841.0966567939521,0.825,9.794627799945035
forest_co_management,8,2,1,60,0,92000801,25.840019292156065,50.840019292156065,267.02433723965817,0.8333333333333334,9.084861013239532
forest_co_management,8,2,1,60,0,92000802,175.82718107207228,175.82718107207228,840.4719789371932,0.7875,9.810390748349187
forest_co_management,8,2,1,60,0,92000803,169.95599636602407,169.95599636602407,834.303040707479,0.8,9.801664069806778
forest_co_management,8,2,1,60,0,92000804,172.89158871904814,172.89158871904814,842.150756996967,0.7875,9.835217599373811
forest_co_management,8,2,1,60,0,92000805,175.82718107207228,175.82718107207228,835.0459807003692,0.8375,9.783640577651425
forest_co_management,8,2,1,60,0,92000806,56.397315556026186,81.39731555602619,382.1116434345687,0.8888888888888888,8.970878432492635
forest_co_management,8,2,1,60,0,92000807,180.2305696016084,180.2305696016084,846.4547395970474,0.7375,9.870507056296594
forest_co_management,8,2,1,60,0,92000808,172.89158871904817,172.89158871904817,841.4439403618603,0.75,9.827652589389643
forest_co_management,8,2,1,60,0,92000809,172.89158871904814,172.89158871904814,833.6644308275136,0.85,9.741096446901341
forest_co_management,8,2,1,60,0,92000810,175.82718107207225,175.82718107207225,834.2809874035399,0.7625,9.857559824214695
forest_co_management,8,2,1,60,0,92000811,174.3593848955602,174.3593848955602,838.1073646380012,0.775,9.851119177733974
forest_co_management,8,2,1,60,0,92000812,180.23056960160838,180.23056960160838,838.2321232126703,0.825,9.756644564913612
forest_co_management,8,2,1,60,0,92000813,165.55260783648797,165.55260783648797,823.3466019053191,0.8125,9.798018533971485
forest_co_management,8,2,1,60,0,92000814,178.7627734250963,178.7627734250963,828.4875560972846,0.8875,9.569314971502584
forest_co_management,8,2,1,60,0,92000815,167.020404013,167.020404013,837.9015218300694,0.825,9.824719611604632
forest_co_management,8,2,6,60,3,92000800,147.48023559946242,172.48023559946242,754.1275451810876,0.9014084507042254,9.246812522588314
forest_co_management,8,2,6,60,3,92000801,26.0152809519537,51.0152809519537,240.9858813345217,0.8571428571428571,8.628413629664003
forest_co_management,8,2,6,60,3,92000802,194.34392743601398,194.34392743601398,858.988725301135,0.9625,9.463274760691194
forest_co_management,8,2,6,60,3,92000803,192.93912366811972,192.93912366811972,855.9977755243606,0.975,9.360098033265434
forest_co_management,8,2,6,60,3,92000804,194.34392743601398,194.34392743601398,860.7172547638129,0.9375,9.477416439129367
forest_co_management,8,2,6,60,3,92000805,194.34392743601398,194.34392743601398,852.256044845529,0.8875,9.511871660978077
forest_co_management,8,2,6,60,3,92000806,45.44967369555509,70.44967369555509,314.0295342154016,0.896551724137931,8.539598567811645
forest_co_management,8,2,6,60,3,92000807,194.34392743601398,194.34392743601398,862.1472561627909,0.9375,9.677020785939575
forest_co_management,8,2,6,60,3,92000808,194.34392743601398,194.34392743601398,859.0754756399757,0.95,9.57557908953346
forest_co_management,8,2,6,60,3,92000809,95.0601508796145,120.0601508796145,536.0209697582494,0.94,8.820098368377536
forest_co_management,8,2,6,60,3,92000810,194.34392743601398,194.34392743601398,855.9743409637254,0.95,9.539139120922252
forest_co_management,8,2,6,60,3,92000811,194.34392743601398,194.34392743601398,855.8685522045099,0.95,9.540973730002255
forest_co_management,8,2,6,60,3,92000812,195.51868274448944,195.51868274448944,851.9227878906457,0.95,9.51868079993931
forest_co_management,8,2,6,60,3,92000813,194.34392743601398,194.34392743601398,847.963688069511,0.9625,9.206761519744328
forest_co_management,8,2,6,60,3,92000814,194.34392743601398,194.34392743601398,843.4062241320273,0.9375,9.47403689085635
forest_co_management,8,2,6,60,3,92000815,191.53431990022548,191.53431990022548,858.8854005245681,0.95,9.214291259887823
forest_co_management,8,2,12,60,3,92000800,147.48023559946242,172.48023559946242,754.1275451810876,0.9014084507042254,9.246812522588314
forest_co_management,8,2,12,60,3,92000801,26.0152809519537,51.0152809519537,240.9858813345217,0.8571428571428571,8.628413629664003
forest_co_management,8,2,12,60,3,92000802,194.34392743601398,194.34392743601398,858.988725301135,0.9625,9.463274760691194
forest_co_management,8,2,12,60,3,92000803,192.93912366811972,192.93912366811972,855.9977755243606,0.975,9.360098033265434
forest_co_management,8,2,12,60,3,92000804,194.34392743601398,194.34392743601398,860.7172547638129,0.9375,9.477416439129367
forest_co_management,8,2,12,60,3,92000805,194.34392743601398,194.34392743601398,852.256044845529,0.8875,9.511871660978077
forest_co_management,8,2,12,60,3,92000806,45.44967369555509,70.44967369555509,314.0295342154016,0.896551724137931,8.539598567811645
forest_co_management,8,2,12,60,3,92000807,194.34392743601398,194.34392743601398,862.1472561627909,0.9375,9.677020785939575
forest_co_management,8,2,12,60,3,92000808,194.34392743601398,194.34392743601398,859.0754756399757,0.95,9.57557908953346
forest_co_management,8,2,12,60,3,92000809,95.0601508796145,120.0601508796145,536.0209697582494,0.94,8.820098368377536
forest_co_management,8,2,12,60,3,92000810,194.34392743601398,194.34392743601398,855.9743409637254,0.95,9.539139120922252
forest_co_management,8,2,12,60,3,92000811,194.34392743601398,194.34392743601398,855.8685522045099,0.95,9.540973730002255
forest_co_management,8,2,12,60,3,92000812,195.51868274448944,195.51868274448944,851.9227878906457,0.95,9.51868079993931
forest_co_management,8,2,12,60,3,92000813,194.34392743601398,194.34392743601398,847.963688069511,0.9625,9.206761519744328
forest_co_management,8,2,12,60,3,92000814,194.34392743601398,194.34392743601398,843.4062241320273,0.9375,9.47403689085635
forest_co_management,8,2,12,60,3,92000815,191.53431990022548,191.53431990022548,858.8854005245681,0.95,9.214291259887823
forest_co_management,9,3,1,30,0,92000900,197.72878678497796,197.72878678497796,793.7175759953861,0.9875,8.92343090460291
forest_co_management,9,3,1,30,0,92000901,200.6246373672203,200.6246373672203,806.5559052254057,0.9875,8.978698116631955
forest_co_management,9,3,1,30,0,92000902,193.6745959698387,193.6745959698387,801.5303411616269,0.9875,8.970339169814043
forest_co_management,9,3,1,30,0,92000903,191.9370856204933,191.9370856204933,788.556770114156,0.9875,8.866536017067741
forest_co_management,9,3,1,30,0,92000904,193.09542585339022,193.09542585339022,788.5122209494155,0.9875,8.908073816515959
forest_co_management,9,3,1,30,0,92000905,195.99127643563256,195.99127643563256,807.8260966370951,0.9875,8.962206794345917
forest_co_management,9,3,1,30,0,92000906,191.9370856204933,191.9370856204933,793.7064692063627,0.975,8.968118264177471
forest_co_management,9,3,1,30,0,92000907,195.99127643563256,195.99127643563256,803.1500991060667,0.9875,8.92703050080791
forest_co_management,9,3,1,30,0,92000908,197.72878678497796,197.72878678497796,805.114981574653,0.95,8.944755201032697
forest_co_management,9,3,1,30,0,92000909,193.6745959698387,193.6745959698387,801.3433206842597,0.9875,8.95638508873823
forest_co_management,9,3,1,30,0,92000910,198.30795690142642,198.30795690142642,801.0939614407163,0.9875,8.95456186070482
forest_co_management,9,3,1,30,0,92000911,194.83293620273562,194.83293620273562,809.0688541906621,0.9625,8.947459089816888
forest_co_management,9,3,1,30,0,92000912,194.25376608628716,194.25376608628716,800.5674623057598,0.9875,8.92478494242411
forest_co_management,9,3,1,30,0,92000913,195.99127643563256,195.99127643563256,797.0355335147922,0.9875,8.977954493664834
forest_co_management,9,3,1,30,0,92000914,194.83293620273562,194.83293620273562,795.0849754466269,0.9875,8.961302264065196
forest_co_management,9,3,1,30,0,92000915,197.1496166685295,197.1496166685295,802.9174992159358,0.975,8.965400277622745
forest_co_management,9,3,6,30,1,92000900,211.2196878778822,211.2196878778822,801.6744557088681,0.9875,8.293461393296
forest_co_management,9,3,6,30,1,92000901,214.5340919129826,214.5340919129826,812.8144276912442,0.9875,8.29096028247432
forest_co_management,9,3,6,30,1,92000902,206.8004824977483,206.8004824977483,806.6952121723148,0.9875,8.307408714378758
forest_co_management,9,3,6,30,1,92000903,204.59087980768138,204.59087980768138,797.5376802006579,0.9875,8.227190392985838
forest_co_management,9,3,6,30,1,92000904,206.8004824977483,206.8004824977483,796.8340465260305,1.0,8.295908898103734
forest_co_management,9,3,6,30,1,92000905,209.0100851878153,209.0100851878153,817.5428441472493,1.0,8.343201926292993
forest_co_management,9,3,6,30,1,92000906,204.59087980768138,204.59087980768138,798.8703263231853,0.9875,8.278168839360191
forest_co_management,9,3,6,30,1,92000907,209.01008518781526,209.01008518781526,806.9228364979888,0.9875,8.244828909978663
forest_co_management,9,3,6,30,1,92000908,212.3244892229156,212.3244892229156,816.8007273116677,0.975,8.323915324145121
forest_co_management,9,3,6,30,1,92000909,206.80048249774828,206.80048249774828,805.4952257468807,1.0,8.284332025135496
forest_co_management,9,3,6,30,1,92000910,213.4292905679491,213.4292905679491,814.3749485531907,0.9875,8.386176351402245
forest_co_management,9,3,6,30,1,92000911,207.90528384278184,207.90528384278184,812.8930739147406,0.9625,8.298769936648034
forest_co_management,9,3,6,30,1,92000912,207.9052838427818,207.9052838427818,806.4879025059828,0.9875,8.258581876230602
forest_co_management,9,3,6,30,1,92000913,211.2196878778822,211.2196878778822,805.2494200307117,0.9875,8.308347636248989
forest_co_management,9,3,6,30,1,92000914,210.1148865328487,210.1148865328487,805.0804097197829,0.9875,8.274795137206777
forest_co_management,9,3,6,30,1,92000915,211.21968787788225,211.21968787788225,808.6544813318958,0.9875,8.285511072528859
forest_co_management,9,3,12,30,11,92000900,214.67719478847874,214.67719478847874,806.7901108084046,0.9875,8.465871053435482
forest_co_management,9,3,12,30,11,92000901,218.86058494805013,218.86058494805013,818.9818133822614,0.9875,8.50709911718145
forest_co_management,9,3,12,30,11,92000902,211.88826801543112,211.88826801543112,817.3837949376407,0.9875,8.541941408739781
forest_co_management,9,3,12,30,11,92000903,207.7048778558597,207.7048778558597,804.5363216704854,0.9875,8.499982097744907
forest_co_management,9,3,12,30,11,92000904,209.0993412423835,209.0993412423835,800.5397849599874,0.9875,8.447958099377288
forest_co_management,9,3,12,30,11,92000905,214.6771947884787,214.6771947884787,820.658606791133,0.9875,8.491332601008805
forest_co_management,9,3,12,30,11,92000906,209.0993412423835,209.0993412423835,807.3643062867321,0.9875,8.438731590230068
forest_co_management,9,3,12,30,11,92000907,213.28273140195492,213.28273140195492,814.633583244972,0.975,8.5140459014857
forest_co_management,9,3,12,30,11,92000908,214.6771947884788,214.6771947884788,819.1943057063268,0.9625,8.492294082544229
forest_co_management,9,3,12,30,11,92000909,210.49380462890736,210.49380462890736,812.2809637839348,0.9875,8.50664675404315
forest_co_management,9,3,12,30,11,92000910,216.07165817500257,216.07165817500257,814.7435576805856,0.9875,8.564145764714873
forest_co_management,9,3,12,30,11,92000911,210.4938046289073,210.4938046289073,818.7937048798218,0.9625,8.48849554023916
forest_co_management,9,3,12,30,11,92000912,211.8882680154311,211.8882680154311,811.2917728923059,0.9875,8.460351514848611
forest_co_management,9,3,12,30,11,92000913,214.67719478847872,214.67719478847872,809.0242342482952,0.9875,8.48791559277426
forest_co_management,9,3,12,30,11,92000914,213.28273140195495,213.28273140195495,805.9194869897348,0.9875,8.455150230114432
forest_co_management,9,3,12,30,11,92000915,214.6771947884787,214.6771947884787,815.4360786455389,0.975,8.501087513245063
forest_co_management,9,3,1,60,0,92000900,197.72878678497796,197.72878678497796,793.7175759953861,0.9875,8.92343090460291
forest_co_management,9,3,1,60,0,92000901,200.6246373672203,200.6246373672203,806.5559052254057,0.9875,8.978698116631955
forest_co_management,9,3,1,60,0,92000902,193.6745959698387,193.6745959698387,801.5303411616269,0.9875,8.970339169814043
forest_co_management,9,3,1,60,0,92000903,191.9370856204933,191.9370856204933,788.556770114156,0.9875,8.866536017067741
forest_co_management,9,3,1,60,0,92000904,193.09542585339022,193.09542585339022,788.5122209494155,0.9875,8.908073816515959
forest_co_management,9,3,1,60,0,92000905,195.99127643563256,195.99127643563256,807.8260966370951,0.9875,8.962206794345917
forest_co_management,9,3,1,60,0,92000906,191.9370856204933,191.9370856204933,793.7064692063627,0.975,8.968118264177471
forest_co_management,9,3,1,60,0,92000907,195.99127643563256,195.99127643563256,803.1500991060667,0.9875,8.92703050080791
forest_co_management,9,3,1,60,0,92000908,197.72878678497796,197.72878678497796,805.114981574653,0.95,8.944755201032697
forest_co_management,9,3,1,60,0,92000909,193.6745959698387,193.6745959698387,801.3433206842597,0.9875,8.95638508873823
forest_co_management,9,3,1,60,0,92000910,198.30795690142642,198.30795690142642,801.0939614407163,0.9875,8.95456186070482
forest_co_management,9,3,1,60,0,92000911,194.83293620273562,194.83293620273562,809.0688541906621,0.9625,8.947459089816888
forest_co_management,9,3,1,60,0,92000912,194.25376608628716,194.25376608628716,800.5674623057598,0.9875,8.92478494242411
forest_co_management,9,3,1,60,0,92000913,195.99127643563256,195.99127643563256,797.0355335147922,0.9875,8.977954493664834
forest_co_management,9,3,1,60,0,92000914,194.83293620273562,194.83293620273562,795.0849754466269,0.9875,8.961302264065196
forest_co_management,9,3,1,60,0,92000915,197.1496166685295,197.1496166685295,802.9174992159358,0.975,8.965400277622745
forest_co_management,9,3,6,60,5,92000900,214.1150227532921,214.1150227532921,808.6397950307155,0.9875,8.633766084518257
forest_co_management,9,3,6,60,5,92000901,218.0329165770575,218.0329165770575,815.1022481262321,0.9875,8.624418700475694
forest_co_management,9,3,6,60,5,92000902,211.17660238546802,211.17660238546802,818.5122017464416,0.9875,8.6772009883968
forest_co_management,9,3,6,60,5,92000903,207.25870856170258,207.25870856170258,802.2364270429224,0.9875,8.6127060685867
forest_co_management,9,3,6,60,5,92000904,209.2176554735853,209.2176554735853,802.9406073574498,0.9875,8.651133461399873
forest_co_management,9,3,6,60,5,92000905,214.1150227532921,214.1150227532921,820.4938319509723,0.9875,8.65403703361564
forest_co_management,9,3,6,60,5,92000906,209.2176554735853,209.2176554735853,807.0771131331126,0.975,8.608103948440398
forest_co_management,9,3,6,60,5,92000907,212.15607584140938,212.15607584140938,811.9568786438908,0.975,8.615313651132087
forest_co_management,9,3,6,60,5,92000908,214.11502275329204,214.11502275329204,819.4506528237135,0.95,8.65621193490924
forest_co_management,9,3,6,60,5,92000909,210.19712892952663,210.19712892952663,812.6169898596199,0.9875,8.66133102936624
forest_co_management,9,3,6,60,5,92000910,215.09449620923343,215.09449620923343,814.6002148269704,0.9875,8.675686033418959
forest_co_management,9,3,6,60,5,92000911,211.17660238546804,211.17660238546804,817.9430810599084,0.95,8.634976264028218
forest_co_management,9,3,6,60,5,92000912,211.17660238546804,211.17660238546804,811.3005999189972,0.9875,8.620134199132085
forest_co_management,9,3,6,60,5,92000913,214.1150227532921,214.1150227532921,807.1208800315508,0.9875,8.61996226573736
forest_co_management,9,3,6,60,5,92000914,212.1560758414094,212.1560758414094,807.8344640039779,0.9875,8.596683311400323
forest_co_management,9,3,6,60,5,92000915,215.09449620923345,215.09449620923345,812.6703675464346,0.975,8.617370625553047
forest_co_management,9,3,12,60,11,92000900,214.67719478847874,214.67719478847874,806.7901108084046,0.9875,8.465871053435482
forest_co_management,9,3,12,60,11,92000901,218.86058494805013,218.86058494805013,818.9818133822614,0.9875,8.50709911718145
forest_co_management,9,3,12,60,11,92000902,211.88826801543112,211.88826801543112,817.3837949376407,0.9875,8.541941408739781
forest_co_management,9,3,12,60,11,92000903,207.7048778558597,207.7048778558597,804.5363216704854,0.9875,8.499982097744907
forest_co_management,9,3,12,60,11,92000904,209.0993412423835,209.0993412423835,800.5397849599874,0.9875,8.447958099377288
forest_co_management,9,3,12,60,11,92000905,214.6771947884787,214.6771947884787,820.658606791133,0.9875,8.491332601008805
forest_co_management,9,3,12,60,11,92000906,209.0993412423835,209.0993412423835,807.3643062867321,0.9875,8.438731590230068
forest_co_management,9,3,12,60,11,92000907,213.28273140195492,213.28273140195492,814.633583244972,0.975,8.5140459014857
forest_co_management,9,3,12,60,11,92000908,214.6771947884788,214.6771947884788,819.1943057063268,0.9625,8.492294082544229
forest_co_management,9,3,12,60,11,92000909,210.49380462890736,210.49380462890736,812.2809637839348,0.9875,8.50664675404315
forest_co_management,9,3,12,60,11,92000910,216.07165817500257,216.07165817500257,814.7435576805856,0.9875,8.564145764714873
forest_co_management,9,3,12,60,11,92000911,210.4938046289073,210.4938046289073,818.7937048798218,0.9625,8.48849554023916
forest_co_management,9,3,12,60,11,92000912,211.8882680154311,211.8882680154311,811.2917728923059,0.9875,8.460351514848611
forest_co_management,9,3,12,60,11,92000913,214.67719478847872,214.67719478847872,809.0242342482952,0.9875,8.48791559277426
forest_co_management,9,3,12,60,11,92000914,213.28273140195495,213.28273140195495,805.9194869897348,0.9875,8.455150230114432
forest_co_management,9,3,12,60,11,92000915,214.6771947884787,214.6771947884787,815.4360786455389,0.975,8.501087513245063
