stress_regime,scenario_preset,condition,condition_label,actor_capability_level,overseer_capability_level,capability_gap,n_runs,garden_failure_rate_mean,garden_failure_rate_sem,mean_patch_health_mean,mean_patch_health_sem,global_unsafe_rate_mean,global_unsafe_rate_sem,local_pass_global_fail_rate_mean,local_pass_global_fail_rate_sem,mean_welfare_mean,mean_welfare_sem,governance_budget_spent_mean,governance_budget_spent_sem
held_out_average,community_irrigation,bottom_up_only,Local oversight,high_actor,limited_overseer,1,5,0.0,0.0,12.455959643261254,0.13818169915348938,0.026251302083333334,0.008265027779995755,0.0002473958333333333,0.00022227138399344415,16.257846258707637,0.04446763088689455,0.0,0.0
held_out_average,community_irrigation,bottom_up_only,Local oversight,high_actor,strong_overseer,0,5,0.0,0.0,12.455959643261254,0.13818169915348938,0.026251302083333334,0.008265027779995755,0.0002473958333333333,0.00022227138399344415,16.257846258707637,0.04446763088689455,0.0,0.0
held_out_average,community_irrigation,bottom_up_only,Local oversight,high_actor,weak_overseer,2,5,0.0,0.0,12.455959643261254,0.13818169915348938,0.026251302083333334,0.008265027779995755,0.0002473958333333333,0.00022227138399344415,16.257846258707637,0.04446763088689455,0.0,0.0
held_out_average,community_irrigation,bottom_up_only,Local oversight,low_actor,limited_overseer,-1,5,0.0,0.0,11.934094872932551,0.2994206930797979,0.08424218749999998,0.037439504788738254,0.0003854166666666653,0.00032477388259454957,15.689305720820633,0.11193632967743537,0.0,0.0
held_out_average,community_irrigation,bottom_up_only,Local oversight,low_actor,strong_overseer,-2,5,0.0,0.0,11.934094872932551,0.2994206930797979,0.08424218749999998,0.037439504788738254,0.0003854166666666653,0.00032477388259454957,15.689305720820633,0.11193632967743537,0.0,0.0
held_out_average,community_irrigation,bottom_up_only,Local oversight,low_actor,weak_overseer,0,5,0.0,0.0,11.934094872932551,0.2994206930797979,0.08424218749999998,0.037439504788738254,0.0003854166666666653,0.00032477388259454957,15.689305720820633,0.11193632967743537,0.0,0.0
held_out_average,community_irrigation,bottom_up_only,Local oversight,medium_actor,limited_overseer,0,5,0.00010416666666666666,0.00010416666666666665,12.184349314248374,0.19534833962026232,0.05031640624999999,0.01448842679309442,0.002018229166666667,0.0017488389780844207,16.009156692220195,0.1532533270452178,0.0,0.0
held_out_average,community_irrigation,bottom_up_only,Local oversight,medium_actor,strong_overseer,-1,5,0.00010416666666666666,0.00010416666666666665,12.184349314248374,0.19534833962026232,0.05031640624999999,0.01448842679309442,0.002018229166666667,0.0017488389780844207,16.009156692220195,0.1532533270452178,0.0,0.0
held_out_average,community_irrigation,bottom_up_only,Local oversight,medium_actor,weak_overseer,1,5,0.00010416666666666666,0.00010416666666666665,12.184349314248374,0.19534833962026232,0.05031640624999999,0.01448842679309442,0.002018229166666667,0.0017488389780844207,16.009156692220195,0.1532533270452178,0.0,0.0
held_out_average,community_irrigation,hybrid,Hybrid oversight,high_actor,limited_overseer,1,5,0.0,0.0,14.501340274494728,0.1868241225518647,0.050589843749999995,0.013310400728160535,0.0025234374999999936,0.0010038982280537669,13.958454550373347,0.15539407996243151,3.3318666666666674,0.09286107229528344
held_out_average,community_irrigation,hybrid,Hybrid oversight,high_actor,strong_overseer,0,5,0.0,0.0,14.999028429464962,0.03221741275148761,0.0,0.0,0.0,0.0,14.636055406297086,0.08757835082429158,0.0,0.0
held_out_average,community_irrigation,hybrid,Hybrid oversight,high_actor,weak_overseer,2,5,0.00010416666666666666,0.00010416666666666665,14.259286778480178,0.14904519235377783,0.06475651041666666,0.024321574954071695,0.026496383101851838,0.012093469632192691,13.75669487862567,0.44380585662024735,2.3498458333333336,0.04876143055094885
held_out_average,community_irrigation,hybrid,Hybrid oversight,low_actor,limited_overseer,-1,5,0.0,0.0,14.632411624325181,0.11583978373507206,0.033229166666666664,0.014088068420020647,0.0013463541666666628,0.0008285855146441565,13.876903845581188,0.4120412444652167,3.3182375,0.05780098894410603
held_out_average,community_irrigation,hybrid,Hybrid oversight,low_actor,strong_overseer,-2,5,0.0,0.0,15.099440810768822,0.04707777350989454,0.0,0.0,0.0,0.0,14.440013874307505,0.2024213653257733,0.0,0.0
held_out_average,community_irrigation,hybrid,Hybrid oversight,low_actor,weak_overseer,0,5,0.0,0.0,14.372540136275251,0.1159010188576924,0.04616276041666666,0.014929267065157967,0.01072005208333333,0.004369454687232764,13.37085307786215,0.19074029493949948,2.3763958333333335,0.035796369015896334
held_out_average,community_irrigation,hybrid,Hybrid oversight,medium_actor,limited_overseer,0,5,0.0,0.0,14.385243004189693,0.07443299916816518,0.060532552083333316,0.008865802470376785,0.003093749999999996,0.0007872663309355058,13.944932767868966,0.14402062095625145,3.3671750000000005,0.025109876036451702
held_out_average,community_irrigation,hybrid,Hybrid oversight,medium_actor,strong_overseer,-1,5,0.0,0.0,14.988137310974958,0.02170128937974542,0.0,0.0,0.0,0.0,14.562227108177359,0.1331684246734205,0.0,0.0
held_out_average,community_irrigation,hybrid,Hybrid oversight,medium_actor,weak_overseer,1,5,0.0015625,0.0015625,14.203610559457658,0.0793557245268018,0.06558017113095237,0.011675828564861743,0.01891887337199836,0.007364461641390373,13.209604414877258,0.46710739989557676,2.4246041666666667,0.06364956276580208
held_out_average,community_irrigation,none,No oversight,high_actor,limited_overseer,1,5,0.012291666666666666,0.012291666666666668,12.381488274785195,0.06322239268876208,0.05909997828522694,0.002064386166953734,0.00015104166666666667,0.00013686438176247935,16.36485680394428,0.050261325929755914,0.0,0.0
held_out_average,community_irrigation,none,No oversight,high_actor,strong_overseer,0,5,0.012291666666666666,0.012291666666666668,12.381488274785195,0.06322239268876208,0.05909997828522694,0.002064386166953734,0.00015104166666666667,0.00013686438176247935,16.36485680394428,0.050261325929755914,0.0,0.0
held_out_average,community_irrigation,none,No oversight,high_actor,weak_overseer,2,5,0.012291666666666666,0.012291666666666668,12.381488274785195,0.06322239268876208,0.05909997828522694,0.002064386166953734,0.00015104166666666667,0.00013686438176247935,16.36485680394428,0.050261325929755914,0.0,0.0
held_out_average,community_irrigation,none,No oversight,low_actor,limited_overseer,-1,5,0.012291666666666666,0.012291666666666668,12.026566780959891,0.3477057894535216,0.12694763453522695,0.06242565440533196,0.0001822916666666667,0.00015828481901345286,15.761215513506329,0.26741741583042555,0.0,0.0
held_out_average,community_irrigation,none,No oversight,low_actor,strong_overseer,-2,5,0.012291666666666666,0.012291666666666668,12.026566780959891,0.3477057894535216,0.12694763453522695,0.06242565440533196,0.0001822916666666667,0.00015828481901345286,15.761215513506329,0.26741741583042555,0.0,0.0
held_out_average,community_irrigation,none,No oversight,low_actor,weak_overseer,0,5,0.012291666666666666,0.012291666666666668,12.026566780959891,0.3477057894535216,0.12694763453522695,0.06242565440533196,0.0001822916666666667,0.00015828481901345286,15.761215513506329,0.26741741583042555,0.0,0.0
held_out_average,community_irrigation,none,No oversight,medium_actor,limited_overseer,0,5,0.012291666666666666,0.012291666666666668,12.163131978007822,0.21876666737671482,0.06406612411856027,0.0038590321547877647,0.00013802083333333334,0.0001222398995610879,16.243286426641987,0.07024754344973821,0.0,0.0
held_out_average,community_irrigation,none,No oversight,medium_actor,strong_overseer,-1,5,0.012291666666666666,0.012291666666666668,12.163131978007822,0.21876666737671482,0.06406612411856027,0.0038590321547877647,0.00013802083333333334,0.0001222398995610879,16.243286426641987,0.07024754344973821,0.0,0.0
held_out_average,community_irrigation,none,No oversight,medium_actor,weak_overseer,1,5,0.012291666666666666,0.012291666666666668,12.163131978007822,0.21876666737671482,0.06406612411856027,0.0038590321547877647,0.00013802083333333334,0.0001222398995610879,16.243286426641987,0.07024754344973821,0.0,0.0
held_out_average,community_irrigation,top_down_only,Global signal,high_actor,limited_overseer,1,5,0.0,0.0,14.284211377997797,0.045340604324262235,0.07457552083333333,0.0038082767852435783,0.005027343749999992,0.0013710563439618864,13.683515562938826,0.22555672377342315,3.4738750000000005,0.030100226998555756
held_out_average,community_irrigation,top_down_only,Global signal,high_actor,strong_overseer,0,5,0.0,0.0,14.966538063220625,0.017649084756601978,0.0,0.0,0.0,0.0,14.638405303815517,0.10341218728668722,0.0,0.0
held_out_average,community_irrigation,top_down_only,Global signal,high_actor,weak_overseer,2,5,0.00010416666666666666,0.00010416666666666665,14.106284157753171,0.1178117216047123,0.09122526041666665,0.01546388867302497,0.03423567708333332,0.012596571907736194,13.037787783867099,0.31632709989601704,2.4551458333333334,0.03902243445282467
held_out_average,community_irrigation,top_down_only,Global signal,low_actor,limited_overseer,-1,5,0.0,0.0,14.644512562842854,0.12413057552818808,0.031122395833333327,0.011919110489952277,0.001658854166666664,0.0013251207468607713,13.643184463780264,0.2945348122166308,3.3893458333333335,0.03963297482075198
held_out_average,community_irrigation,top_down_only,Global signal,low_actor,strong_overseer,-2,5,0.0,0.0,15.0440367288267,0.0454868719037545,0.0,0.0,0.0,0.0,14.268607517258872,0.3039527567410986,0.0,0.0
held_out_average,community_irrigation,top_down_only,Global signal,low_actor,weak_overseer,0,5,0.0,0.0,14.394940652249804,0.09568018184791093,0.05995703124999998,0.010835751503262808,0.01584374999999999,0.00500459527671667,12.970690257199971,0.2999351066135065,2.3680458333333334,0.03225501643263325
held_out_average,community_irrigation,top_down_only,Global signal,medium_actor,limited_overseer,0,5,0.0,0.0,14.275094611566876,0.05258540333028786,0.07984765624999997,0.0044395932318441154,0.008391927083333325,0.0006447252180775055,13.296287745569472,0.3044782432475062,3.5376312499999996,0.05202215569504708
held_out_average,community_irrigation,top_down_only,Global signal,medium_actor,strong_overseer,-1,5,0.0,0.0,14.967490325928964,0.038725211447440684,0.0,0.0,0.0,0.0,14.4789261846909,0.20762578759178438,0.0,0.0
held_out_average,community_irrigation,top_down_only,Global signal,medium_actor,weak_overseer,1,5,0.0005208333333333334,0.00016470196146710307,14.172862997159616,0.047106177061490964,0.0913655303030303,0.010200178280257995,0.04326215459887333,0.008256270596823457,12.108804457037783,0.3700506896594316,2.540004166666667,0.04342073787293975
held_out_average,forest_co_management,bottom_up_only,Local oversight,high_actor,limited_overseer,1,5,0.09791666666666667,0.019390814558344655,11.240062908516057,0.24217682505213445,0.20128737641459066,0.036527427943338485,0.024966650554331893,0.010238647437947604,13.537551804630777,0.12220401635625987,0.0,0.0
held_out_average,forest_co_management,bottom_up_only,Local oversight,high_actor,strong_overseer,0,5,0.09791666666666667,0.019390814558344655,11.240062908516057,0.24217682505213445,0.20128737641459066,0.036527427943338485,0.024966650554331893,0.010238647437947604,13.537551804630777,0.12220401635625987,0.0,0.0
held_out_average,forest_co_management,bottom_up_only,Local oversight,high_actor,weak_overseer,2,5,0.09791666666666667,0.019390814558344655,11.240062908516057,0.24217682505213445,0.20128737641459066,0.036527427943338485,0.024966650554331893,0.010238647437947604,13.537551804630777,0.12220401635625987,0.0,0.0
held_out_average,forest_co_management,bottom_up_only,Local oversight,low_actor,limited_overseer,-1,5,0.0934375,0.016287683336565155,10.96989713671979,0.49635460929465974,0.2642790130189009,0.08836059971636376,0.027500148796259942,0.009982814023771725,13.187515263904064,0.14989458915767276,0.0,0.0
held_out_average,forest_co_management,bottom_up_only,Local oversight,low_actor,strong_overseer,-2,5,0.0934375,0.016287683336565155,10.96989713671979,0.49635460929465974,0.2642790130189009,0.08836059971636376,0.027500148796259942,0.009982814023771725,13.187515263904064,0.14989458915767276,0.0,0.0
held_out_average,forest_co_management,bottom_up_only,Local oversight,low_actor,weak_overseer,0,5,0.0934375,0.016287683336565155,10.96989713671979,0.49635460929465974,0.2642790130189009,0.08836059971636376,0.027500148796259942,0.009982814023771725,13.187515263904064,0.14989458915767276,0.0,0.0
held_out_average,forest_co_management,bottom_up_only,Local oversight,medium_actor,limited_overseer,0,5,0.09333333333333334,0.01632993161855452,10.960978602235368,0.22593667129791625,0.2089022382509295,0.04324495309872652,0.015861372321069593,0.004030632169769345,13.389967171668738,0.07633771003159852,0.0,0.0
held_out_average,forest_co_management,bottom_up_only,Local oversight,medium_actor,strong_overseer,-1,5,0.09333333333333334,0.01632993161855452,10.960978602235368,0.22593667129791625,0.2089022382509295,0.04324495309872652,0.015861372321069593,0.004030632169769345,13.389967171668738,0.07633771003159852,0.0,0.0
held_out_average,forest_co_management,bottom_up_only,Local oversight,medium_actor,weak_overseer,1,5,0.09333333333333334,0.01632993161855452,10.960978602235368,0.22593667129791625,0.2089022382509295,0.04324495309872652,0.015861372321069593,0.004030632169769345,13.389967171668738,0.07633771003159852,0.0,0.0
held_out_average,forest_co_management,hybrid,Hybrid oversight,high_actor,limited_overseer,1,5,0.00020833333333333332,0.0002083333333333333,14.042051348794825,0.19101076880320533,0.0766708622685185,0.022771572243396265,0.03240364583333332,0.01567029910892386,10.666562514540582,0.3460793931164288,3.858858333333333,0.1151528697208538
held_out_average,forest_co_management,hybrid,Hybrid oversight,high_actor,strong_overseer,0,5,0.0,0.0,14.336444223200388,0.006827911899881826,1.3020833333333335e-06,1.3020833333333333e-06,0.0,0.0,12.073267423563493,0.07393032650630502,0.0,0.0
held_out_average,forest_co_management,hybrid,Hybrid oversight,high_actor,weak_overseer,2,5,0.004062499999999999,0.0019445994481869238,13.85163041454895,0.10216460721782929,0.0445406995583321,0.012500441002684246,0.014042150194343971,0.005204048546464278,11.075582213647428,0.41244838130974715,2.748083333333333,0.040241575205252615
held_out_average,forest_co_management,hybrid,Hybrid oversight,low_actor,limited_overseer,-1,5,0.000625,0.000625,14.117137995068678,0.15003516446612722,0.05520176429914342,0.015266902351854053,0.01756024270761613,0.008483736510502164,10.580370959982758,0.3373911339727728,3.88036875,0.06344605969892404
held_out_average,forest_co_management,hybrid,Hybrid oversight,low_actor,strong_overseer,-2,5,0.0,0.0,14.380354113651581,0.015947343061857366,0.0,0.0,0.0,0.0,12.022084060269018,0.1043674878050596,0.0,0.0
held_out_average,forest_co_management,hybrid,Hybrid oversight,low_actor,weak_overseer,0,5,0.013437499999999996,0.00955186182040502,13.607548020421188,0.12908212249431225,0.09151934196305402,0.01415899837913575,0.035505080595437125,0.010729932716611323,10.40577087486179,0.37438585915486927,2.6708125,0.048942433144999825
held_out_average,forest_co_management,hybrid,Hybrid oversight,medium_actor,limited_overseer,0,5,0.0010416666666666667,0.0008068715304598785,14.205933020189713,0.28083890851318066,0.060558176161705835,0.02512842437997877,0.025576126540745574,0.01350488448838677,10.496250934624333,0.34943309892333335,3.8108187500000006,0.10261288454926525
held_out_average,forest_co_management,hybrid,Hybrid oversight,medium_actor,strong_overseer,-1,5,0.0,0.0,14.335463162207372,0.008192284808033062,1.3020833333333335e-06,1.3020833333333333e-06,0.0,0.0,12.045663812620372,0.08921110356729718,0.0,0.0
held_out_average,forest_co_management,hybrid,Hybrid oversight,medium_actor,weak_overseer,1,5,0.0225,0.010690920911247802,13.66586024439481,0.18954256848754453,0.08914018230313488,0.023327708588185586,0.03496490754528621,0.01727655655837426,10.171318701616602,0.46386874607621253,2.6801208333333335,0.057561368745669965
held_out_average,forest_co_management,none,No oversight,high_actor,limited_overseer,1,5,0.11479166666666667,0.022462111231409707,11.053014448543408,0.210030920640143,0.2441752274735717,0.03358759438690288,0.032232582081096625,0.01484184344836319,13.465986089293708,0.12417127137833238,0.0,0.0
held_out_average,forest_co_management,none,No oversight,high_actor,strong_overseer,0,5,0.11479166666666667,0.022462111231409707,11.053014448543408,0.210030920640143,0.2441752274735717,0.03358759438690288,0.032232582081096625,0.01484184344836319,13.465986089293708,0.12417127137833238,0.0,0.0
held_out_average,forest_co_management,none,No oversight,high_actor,weak_overseer,2,5,0.11479166666666667,0.022462111231409707,11.053014448543408,0.210030920640143,0.2441752274735717,0.03358759438690288,0.032232582081096625,0.01484184344836319,13.465986089293708,0.12417127137833238,0.0,0.0
held_out_average,forest_co_management,none,No oversight,low_actor,limited_overseer,-1,5,0.1328125,0.029877861903831814,10.259567754855848,0.5116435155676141,0.38081996669485774,0.095946382925389,0.04943594148887516,0.027423028283252,13.073181397330913,0.22608041529206513,0.0,0.0
held_out_average,forest_co_management,none,No oversight,low_actor,strong_overseer,-2,5,0.1328125,0.029877861903831814,10.259567754855848,0.5116435155676141,0.38081996669485774,0.095946382925389,0.04943594148887516,0.027423028283252,13.073181397330913,0.22608041529206513,0.0,0.0
held_out_average,forest_co_management,none,No oversight,low_actor,weak_overseer,0,5,0.1328125,0.029877861903831814,10.259567754855848,0.5116435155676141,0.38081996669485774,0.095946382925389,0.04943594148887516,0.027423028283252,13.073181397330913,0.22608041529206513,0.0,0.0
held_out_average,forest_co_management,none,No oversight,medium_actor,limited_overseer,0,5,0.1296875,0.021688815802223455,10.609841335410376,0.21627347018533397,0.28960805940334,0.03050377406036911,0.041180903256187486,0.02025050359640902,13.571070229898178,0.09542589401425774,0.0,0.0
held_out_average,forest_co_management,none,No oversight,medium_actor,strong_overseer,-1,5,0.1296875,0.021688815802223455,10.609841335410376,0.21627347018533397,0.28960805940334,0.03050377406036911,0.041180903256187486,0.02025050359640902,13.571070229898178,0.09542589401425774,0.0,0.0
held_out_average,forest_co_management,none,No oversight,medium_actor,weak_overseer,1,5,0.1296875,0.021688815802223455,10.609841335410376,0.21627347018533397,0.28960805940334,0.03050377406036911,0.041180903256187486,0.02025050359640902,13.571070229898178,0.09542589401425774,0.0,0.0
held_out_average,forest_co_management,top_down_only,Global signal,high_actor,limited_overseer,1,5,0.00020833333333333332,0.0002083333333333333,13.66451870825654,0.10909175845833742,0.11811033740942027,0.01602677779749024,0.05097135416666665,0.014993765686911763,10.734002842314547,0.09827572415921916,3.9679875000000004,0.03372533312834815
held_out_average,forest_co_management,top_down_only,Global signal,high_actor,strong_overseer,0,5,0.0,0.0,14.325223433727933,0.009842563988574403,1.3020833333333335e-06,1.3020833333333333e-06,0.0,0.0,12.13282597347594,0.032979807471813546,0.0,0.0
held_out_average,forest_co_management,top_down_only,Global signal,high_actor,weak_overseer,2,5,0.009583333333333334,0.0041490513055530065,13.3356444681048,0.07048327095005295,0.1383405846843347,0.010639338426606922,0.0646573215706028,0.0030235929324746082,11.225276101376826,0.31267406847157003,2.667491666666667,0.013727299126901932
held_out_average,forest_co_management,top_down_only,Global signal,low_actor,limited_overseer,-1,5,0.0,0.0,14.000966986160815,0.13874715526414608,0.07073437499999999,0.018043642213419676,0.02515494791666666,0.01015044037897631,10.902773100790345,0.22936487413772688,3.859970833333334,0.04052821207988779
held_out_average,forest_co_management,top_down_only,Global signal,low_actor,strong_overseer,-2,5,0.0,0.0,14.346312372987857,0.013085036603484009,2.604166666666667e-06,1.5947198846244647e-06,0.0,0.0,12.132895331070253,0.05364792505272451,0.0,0.0
held_out_average,forest_co_management,top_down_only,Global signal,low_actor,weak_overseer,0,5,0.0035416666666666674,0.002337375590866341,13.648796561493404,0.119016336604041,0.11260250946969694,0.016066813139620995,0.057365265338949534,0.014958320143813557,10.439060254300985,0.1252598342062849,2.6975041666666666,0.034622934404893446
held_out_average,forest_co_management,top_down_only,Global signal,medium_actor,limited_overseer,0,5,0.0,0.0,13.897282617183038,0.10135545545441724,0.0993684895833333,0.010443724826163743,0.04959374999999998,0.007965427771607102,9.839886270087204,0.28407734751575037,4.10164375,0.04001357603815374
held_out_average,forest_co_management,top_down_only,Global signal,medium_actor,strong_overseer,-1,5,0.0,0.0,14.316454926612241,0.010523373431955122,1.3020833333333335e-06,1.3020833333333333e-06,0.0,0.0,12.10479239154147,0.034240265865806425,0.0,0.0
held_out_average,forest_co_management,top_down_only,Global signal,medium_actor,weak_overseer,1,5,0.004583333333333333,0.0021998658418690494,13.514772413505204,0.10491258793452322,0.1355687687955053,0.013418382738168826,0.06647087231047574,0.005771421018536367,10.463193371264934,0.34793556103722295,2.705520833333334,0.041709307868235054
low_init,community_irrigation,bottom_up_only,Local oversight,high_actor,limited_overseer,1,5,0.0,0.0,12.556400138060107,0.1330412441919484,0.01827083333333333,0.008248841689256117,2.0833333333333336e-05,2.0833333333333333e-05,16.472453989687107,0.04388257801678763,0.0,0.0
low_init,community_irrigation,bottom_up_only,Local oversight,high_actor,strong_overseer,0,5,0.0,0.0,12.556400138060107,0.1330412441919484,0.01827083333333333,0.008248841689256117,2.0833333333333336e-05,2.0833333333333333e-05,16.472453989687107,0.04388257801678763,0.0,0.0
low_init,community_irrigation,bottom_up_only,Local oversight,high_actor,weak_overseer,2,5,0.0,0.0,12.556400138060107,0.1330412441919484,0.01827083333333333,0.008248841689256117,2.0833333333333336e-05,2.0833333333333333e-05,16.472453989687107,0.04388257801678763,0.0,0.0
low_init,community_irrigation,bottom_up_only,Local oversight,low_actor,limited_overseer,-1,5,0.0,0.0,12.046851730343201,0.2813886505972419,0.057046875,0.02465544024159667,3.6458333333333336e-05,2.551551815399144e-05,15.897826314475044,0.10101827878292609,0.0,0.0
low_init,community_irrigation,bottom_up_only,Local oversight,low_actor,strong_overseer,-2,5,0.0,0.0,12.046851730343201,0.2813886505972419,0.057046875,0.02465544024159667,3.6458333333333336e-05,2.551551815399144e-05,15.897826314475044,0.10101827878292609,0.0,0.0
low_init,community_irrigation,bottom_up_only,Local oversight,low_actor,weak_overseer,0,5,0.0,0.0,12.046851730343201,0.2813886505972419,0.057046875,0.02465544024159667,3.6458333333333336e-05,2.551551815399144e-05,15.897826314475044,0.10101827878292609,0.0,0.0
low_init,community_irrigation,bottom_up_only,Local oversight,medium_actor,limited_overseer,0,5,0.0,0.0,12.275694120667199,0.1940003037472456,0.03747916666666666,0.011627729270976854,0.0015104166666666656,0.0014845120550762338,16.219753366723012,0.14983085648736966,0.0,0.0
low_init,community_irrigation,bottom_up_only,Local oversight,medium_actor,strong_overseer,-1,5,0.0,0.0,12.275694120667199,0.1940003037472456,0.03747916666666666,0.011627729270976854,0.0015104166666666656,0.0014845120550762338,16.219753366723012,0.14983085648736966,0.0,0.0
low_init,community_irrigation,bottom_up_only,Local oversight,medium_actor,weak_overseer,1,5,0.0,0.0,12.275694120667199,0.1940003037472456,0.03747916666666666,0.011627729270976854,0.0015104166666666656,0.0014845120550762338,16.219753366723012,0.14983085648736966,0.0,0.0
low_init,community_irrigation,hybrid,Hybrid oversight,high_actor,limited_overseer,1,5,0.0,0.0,14.537458145168149,0.18437481095087305,0.050140624999999994,0.013177645841913334,0.0022083333333333334,0.0008520600928982194,14.16191079530319,0.13599109030478912,3.29385,0.08965927072193307
low_init,community_irrigation,hybrid,Hybrid oversight,high_actor,strong_overseer,0,5,0.0,0.0,14.991139444086091,0.034106198709028944,0.0,0.0,0.0,0.0,14.879287548209462,0.09066753060732094,0.0,0.0
low_init,community_irrigation,hybrid,Hybrid oversight,high_actor,weak_overseer,2,5,0.00041666666666666664,0.0004166666666666666,14.325642062290555,0.14244744542044468,0.06484895833333333,0.02237980197782903,0.023990740740740736,0.010642563033991097,13.665546057317233,0.5920793850167226,2.3481499999999995,0.07228953359004799
low_init,community_irrigation,hybrid,Hybrid oversight,low_actor,limited_overseer,-1,5,0.0,0.0,14.669759958916217,0.11381345472719279,0.03377083333333333,0.014573946942077363,0.0015104166666666666,0.0010769732676676952,14.087747061330436,0.3980488090196379,3.2784750000000003,0.0511597810242034
low_init,community_irrigation,hybrid,Hybrid oversight,low_actor,strong_overseer,-2,5,0.0,0.0,15.10042660156065,0.051268936002099225,0.0,0.0,0.0,0.0,14.671661805609352,0.20136463215616227,0.0,0.0
low_init,community_irrigation,hybrid,Hybrid oversight,low_actor,weak_overseer,0,5,0.0,0.0,14.39998303744557,0.11154111790520026,0.05043749999999999,0.01494209789838879,0.011989583333333331,0.0035171350923461128,13.39645828955263,0.24937601175661392,2.3731,0.04051962316102052
low_init,community_irrigation,hybrid,Hybrid oversight,medium_actor,limited_overseer,0,5,0.0,0.0,14.42227126781476,0.07545620118377078,0.060302083333333326,0.009165610882617836,0.0031875000000000002,0.0010762677743241275,14.179384179977314,0.14727403002447342,3.321158333333334,0.025113763380089155
low_init,community_irrigation,hybrid,Hybrid oversight,medium_actor,strong_overseer,-1,5,0.0,0.0,14.97998179390911,0.024696444140943647,0.0,0.0,0.0,0.0,14.80644631173134,0.13656437330841348,0.0,0.0
low_init,community_irrigation,hybrid,Hybrid oversight,medium_actor,weak_overseer,1,5,0.005833333333333334,0.005833333333333334,14.180993284934834,0.1150692211168736,0.07385937499999999,0.013899385302374135,0.02395153515466015,0.01057253874711621,13.068577050007818,0.6737268204084313,2.423166666666667,0.0815450412348905
low_init,community_irrigation,none,No oversight,high_actor,limited_overseer,1,5,0.010833333333333334,0.010833333333333332,12.48124298742434,0.06826816383993177,0.05696163207295106,0.0038181293136263826,5.208333333333334e-06,5.208333333333333e-06,16.58942741234665,0.05002889116959882,0.0,0.0
low_init,community_irrigation,none,No oversight,high_actor,strong_overseer,0,5,0.010833333333333334,0.010833333333333332,12.48124298742434,0.06826816383993177,0.05696163207295106,0.0038181293136263826,5.208333333333334e-06,5.208333333333333e-06,16.58942741234665,0.05002889116959882,0.0,0.0
low_init,community_irrigation,none,No oversight,high_actor,weak_overseer,2,5,0.010833333333333334,0.010833333333333332,12.48124298742434,0.06826816383993177,0.05696163207295106,0.0038181293136263826,5.208333333333334e-06,5.208333333333333e-06,16.58942741234665,0.05002889116959882,0.0,0.0
low_init,community_irrigation,none,No oversight,low_actor,limited_overseer,-1,5,0.010833333333333334,0.010833333333333332,12.127767194877665,0.31886102573214775,0.11158663207295105,0.05264705021173477,5.208333333333334e-06,5.208333333333333e-06,15.956868395090495,0.2606459717605416,0.0,0.0
low_init,community_irrigation,none,No oversight,low_actor,strong_overseer,-2,5,0.010833333333333334,0.010833333333333332,12.127767194877665,0.31886102573214775,0.11158663207295105,0.05264705021173477,5.208333333333334e-06,5.208333333333333e-06,15.956868395090495,0.2606459717605416,0.0,0.0
low_init,community_irrigation,none,No oversight,low_actor,weak_overseer,0,5,0.010833333333333334,0.010833333333333332,12.127767194877665,0.31886102573214775,0.11158663207295105,0.05264705021173477,5.208333333333334e-06,5.208333333333333e-06,15.956868395090495,0.2606459717605416,0.0,0.0
low_init,community_irrigation,none,No oversight,medium_actor,limited_overseer,0,5,0.010833333333333334,0.010833333333333332,12.238750097323782,0.2263880883711197,0.05923246540628439,0.0037140746666579627,5.208333333333334e-06,5.208333333333333e-06,16.4410732650651,0.07033784670715852,0.0,0.0
low_init,community_irrigation,none,No oversight,medium_actor,strong_overseer,-1,5,0.010833333333333334,0.010833333333333332,12.238750097323782,0.2263880883711197,0.05923246540628439,0.0037140746666579627,5.208333333333334e-06,5.208333333333333e-06,16.4410732650651,0.07033784670715852,0.0,0.0
low_init,community_irrigation,none,No oversight,medium_actor,weak_overseer,1,5,0.010833333333333334,0.010833333333333332,12.238750097323782,0.2263880883711197,0.05923246540628439,0.0037140746666579627,5.208333333333334e-06,5.208333333333333e-06,16.4410732650651,0.07033784670715852,0.0,0.0
low_init,community_irrigation,top_down_only,Global signal,high_actor,limited_overseer,1,5,0.0,0.0,14.302826637698766,0.0442875697288427,0.07670312499999998,0.00420224555803617,0.004781249999999999,0.0015617315818840848,13.963399305559397,0.20650991571911706,3.4240749999999998,0.03347138703430144
low_init,community_irrigation,top_down_only,Global signal,high_actor,strong_overseer,0,5,0.0,0.0,14.958039600870322,0.01903222448219674,0.0,0.0,0.0,0.0,14.884735025023872,0.10932087254383775,0.0,0.0
low_init,community_irrigation,top_down_only,Global signal,high_actor,weak_overseer,2,5,0.00041666666666666664,0.0004166666666666666,14.211870246911284,0.0958681528465843,0.08821354166666667,0.012545083629210644,0.03157291666666666,0.00966481158115902,12.691621577500289,0.4958325505023809,2.4902333333333333,0.05186614315288487
low_init,community_irrigation,top_down_only,Global signal,low_actor,limited_overseer,-1,5,0.0,0.0,14.680776763886513,0.12589441480087743,0.03144791666666667,0.012042477625518395,0.0014635416666666666,0.0012207237845473981,13.882081436614277,0.30197143554358347,3.341208333333333,0.03770791666436466
low_init,community_irrigation,top_down_only,Global signal,low_actor,strong_overseer,-2,5,0.0,0.0,15.040378351410634,0.04591305348585072,0.0,0.0,0.0,0.0,14.50952203543988,0.315704955550157,0.0,0.0
low_init,community_irrigation,top_down_only,Global signal,low_actor,weak_overseer,0,5,0.0,0.0,14.435466296536813,0.09486101810564954,0.06432291666666666,0.010763657521594944,0.017802083333333323,0.0044774675798736315,13.024987992869473,0.29438801769851347,2.35575,0.036529316613129005
low_init,community_irrigation,top_down_only,Global signal,medium_actor,limited_overseer,0,5,0.0,0.0,14.28191178159843,0.05289200238676874,0.08244791666666666,0.004914408192000758,0.007531249999999998,0.0008217125948539829,13.616835963582764,0.3028455154888751,3.4826333333333332,0.050831892739149905
low_init,community_irrigation,top_down_only,Global signal,medium_actor,strong_overseer,-1,5,0.0,0.0,14.956674137977057,0.03987401844866013,0.0,0.0,0.0,0.0,14.716747867079206,0.2221326392517863,0.0,0.0
low_init,community_irrigation,top_down_only,Global signal,medium_actor,weak_overseer,1,5,0.0008333333333333333,0.0005103103630798287,14.241721186924428,0.04072781965327343,0.09034374999999999,0.009077978579809833,0.040912223193473186,0.007136148697359107,11.87745088724845,0.47962481687425007,2.5574,0.06062387112351043
low_init,forest_co_management,bottom_up_only,Local oversight,high_actor,limited_overseer,1,5,0.095,0.01740051084818425,11.41103695555598,0.2308037885485381,0.18259135364146345,0.02958033455698583,0.015999945182204947,0.007974466613546094,13.938638847766976,0.11553982278098889,0.0,0.0
low_init,forest_co_management,bottom_up_only,Local oversight,high_actor,strong_overseer,0,5,0.095,0.01740051084818425,11.41103695555598,0.2308037885485381,0.18259135364146345,0.02958033455698583,0.015999945182204947,0.007974466613546094,13.938638847766976,0.11553982278098889,0.0,0.0
low_init,forest_co_management,bottom_up_only,Local oversight,high_actor,weak_overseer,2,5,0.095,0.01740051084818425,11.41103695555598,0.2308037885485381,0.18259135364146345,0.02958033455698583,0.015999945182204947,0.007974466613546094,13.938638847766976,0.11553982278098889,0.0,0.0
low_init,forest_co_management,bottom_up_only,Local oversight,low_actor,limited_overseer,-1,5,0.09333333333333334,0.01632993161855452,11.09103033709047,0.5046749848010321,0.25453080682172546,0.08887995750694509,0.018640983541993304,0.008698783575584365,13.541891670963434,0.15260721101268387,0.0,0.0
low_init,forest_co_management,bottom_up_only,Local oversight,low_actor,strong_overseer,-2,5,0.09333333333333334,0.01632993161855452,11.09103033709047,0.5046749848010321,0.25453080682172546,0.08887995750694509,0.018640983541993304,0.008698783575584365,13.541891670963434,0.15260721101268387,0.0,0.0
low_init,forest_co_management,bottom_up_only,Local oversight,low_actor,weak_overseer,0,5,0.09333333333333334,0.01632993161855452,11.09103033709047,0.5046749848010321,0.25453080682172546,0.08887995750694509,0.018640983541993304,0.008698783575584365,13.541891670963434,0.15260721101268387,0.0,0.0
low_init,forest_co_management,bottom_up_only,Local oversight,medium_actor,limited_overseer,0,5,0.09333333333333334,0.01632993161855452,11.071801346620385,0.23130275462533226,0.19463528914495773,0.03862190805609807,0.009948853912363673,0.0037119468343950884,13.762747511641123,0.07636407257349258,0.0,0.0
low_init,forest_co_management,bottom_up_only,Local oversight,medium_actor,strong_overseer,-1,5,0.09333333333333334,0.01632993161855452,11.071801346620385,0.23130275462533226,0.19463528914495773,0.03862190805609807,0.009948853912363673,0.0037119468343950884,13.762747511641123,0.07636407257349258,0.0,0.0
low_init,forest_co_management,bottom_up_only,Local oversight,medium_actor,weak_overseer,1,5,0.09333333333333334,0.01632993161855452,11.071801346620385,0.23130275462533226,0.19463528914495773,0.03862190805609807,0.009948853912363673,0.0037119468343950884,13.762747511641123,0.07636407257349258,0.0,0.0
low_init,forest_co_management,hybrid,Hybrid oversight,high_actor,limited_overseer,1,5,0.0,0.0,14.156931618397891,0.1926077578330672,0.07342708333333334,0.022510499515407463,0.02924479166666666,0.014220345320302375,10.913057434529737,0.3643423931300572,3.803241666666666,0.12257999896326205
low_init,forest_co_management,hybrid,Hybrid oversight,high_actor,strong_overseer,0,5,0.0,0.0,14.397539270704186,0.007197132665789721,0.0,0.0,0.0,0.0,12.503187413154837,0.07492625081252904,0.0,0.0
low_init,forest_co_management,hybrid,Hybrid oversight,high_actor,weak_overseer,2,5,0.008749999999999999,0.005605676686280713,13.911050355020667,0.1426263945088578,0.04846874999999999,0.012256071009267257,0.01447116367428867,0.005624168973194793,11.180409346624062,0.42316543234485066,2.7216333333333336,0.043389759736601426
low_init,forest_co_management,hybrid,Hybrid oversight,low_actor,limited_overseer,-1,5,0.00041666666666666664,0.0004166666666666666,14.198035400837478,0.14837587852193854,0.04902722837552741,0.012330091440030265,0.013208728902953581,0.00635613161853285,10.880121250032342,0.3825077783875011,3.826616666666667,0.06975660363005073
low_init,forest_co_management,hybrid,Hybrid oversight,low_actor,strong_overseer,-2,5,0.0,0.0,14.439934071153465,0.017154364559413948,0.0,0.0,0.0,0.0,12.462197973587545,0.1139321655256603,0.0,0.0
low_init,forest_co_management,hybrid,Hybrid oversight,low_actor,weak_overseer,0,5,0.014166666666666666,0.008574631511356949,13.770431519100436,0.13100655610316364,0.08355081644144144,0.015966166840025692,0.02820876462236756,0.010535060565931165,10.537423819049266,0.5127779863204022,2.63955,0.06768183635379747
low_init,forest_co_management,hybrid,Hybrid oversight,medium_actor,limited_overseer,0,5,0.0,0.0,14.335739005757125,0.27115484099930387,0.04804687499999998,0.017176788012925236,0.017218749999999998,0.007125960316923468,10.746930626313839,0.3793424633230834,3.7632833333333338,0.11660089768212681
low_init,forest_co_management,hybrid,Hybrid oversight,medium_actor,strong_overseer,-1,5,0.0,0.0,14.394248322775876,0.00940661119849108,0.0,0.0,0.0,0.0,12.501354497618681,0.0933261413014056,0.0,0.0
low_init,forest_co_management,hybrid,Hybrid oversight,medium_actor,weak_overseer,1,5,0.01583333333333333,0.010470693227607552,13.833130555201041,0.21491595561471416,0.0743888290229885,0.025993006206794848,0.027978148974504187,0.014562717487128032,10.14859383297431,0.5794882104963968,2.68835,0.0808585931322907
low_init,forest_co_management,none,No oversight,high_actor,limited_overseer,1,5,0.10541666666666667,0.024549765217252526,11.25620863551117,0.21359059658926652,0.2131397782387366,0.030045048447979433,0.017716717218727262,0.008214049798631122,13.902874905297741,0.1165697540626144,0.0,0.0
low_init,forest_co_management,none,No oversight,high_actor,strong_overseer,0,5,0.10541666666666667,0.024549765217252526,11.25620863551117,0.21359059658926652,0.2131397782387366,0.030045048447979433,0.017716717218727262,0.008214049798631122,13.902874905297741,0.1165697540626144,0.0,0.0
low_init,forest_co_management,none,No oversight,high_actor,weak_overseer,2,5,0.10541666666666667,0.024549765217252526,11.25620863551117,0.21359059658926652,0.2131397782387366,0.030045048447979433,0.017716717218727262,0.008214049798631122,13.902874905297741,0.1165697540626144,0.0,0.0
low_init,forest_co_management,none,No oversight,low_actor,limited_overseer,-1,5,0.11541666666666665,0.029349131635838525,10.609804880341201,0.5249061897261843,0.3163569551004763,0.09838077000781716,0.021386651979520242,0.011055879638211832,13.553612859229622,0.21036325037912432,0.0,0.0
low_init,forest_co_management,none,No oversight,low_actor,strong_overseer,-2,5,0.11541666666666665,0.029349131635838525,10.609804880341201,0.5249061897261843,0.3163569551004763,0.09838077000781716,0.021386651979520242,0.011055879638211832,13.553612859229622,0.21036325037912432,0.0,0.0
low_init,forest_co_management,none,No oversight,low_actor,weak_overseer,0,5,0.11541666666666665,0.029349131635838525,10.609804880341201,0.5249061897261843,0.3163569551004763,0.09838077000781716,0.021386651979520242,0.011055879638211832,13.553612859229622,0.21036325037912432,0.0,0.0
low_init,forest_co_management,none,No oversight,medium_actor,limited_overseer,0,5,0.10666666666666666,0.0251333250442073,10.89990616943881,0.24086563378611997,0.23642353595478593,0.029465703719348802,0.018758257542964812,0.008762320586073733,14.067833407405024,0.06254877761445655,0.0,0.0
low_init,forest_co_management,none,No oversight,medium_actor,strong_overseer,-1,5,0.10666666666666666,0.0251333250442073,10.89990616943881,0.24086563378611997,0.23642353595478593,0.029465703719348802,0.018758257542964812,0.008762320586073733,14.067833407405024,0.06254877761445655,0.0,0.0
low_init,forest_co_management,none,No oversight,medium_actor,weak_overseer,1,5,0.10666666666666666,0.0251333250442073,10.89990616943881,0.24086563378611997,0.23642353595478593,0.029465703719348802,0.018758257542964812,0.008762320586073733,14.067833407405024,0.06254877761445655,0.0,0.0
low_init,forest_co_management,top_down_only,Global signal,high_actor,limited_overseer,1,5,0.0,0.0,13.779694619215126,0.11250393112094792,0.11255208333333333,0.015658507907849124,0.04188020833333333,0.012853897067168695,11.123310826392007,0.15724478262058844,3.894025,0.04014408208427352
low_init,forest_co_management,top_down_only,Global signal,high_actor,strong_overseer,0,5,0.0,0.0,14.384679307704982,0.011147686767806276,0.0,0.0,0.0,0.0,12.612870161447807,0.03620873469399738,0.0,0.0
low_init,forest_co_management,top_down_only,Global signal,high_actor,weak_overseer,2,5,0.03,0.013382072377293105,13.289523867905595,0.11287629201305992,0.1531591435185185,0.012855134549428398,0.07074039849039848,0.009986819184712602,11.229368521401186,0.3962609501608349,2.5996333333333337,0.018008497222761946
low_init,forest_co_management,top_down_only,Global signal,low_actor,limited_overseer,-1,5,0.0,0.0,14.114532820127812,0.1399789516050341,0.06624999999999999,0.017542396173840253,0.02103645833333333,0.007350693009302855,11.234244028040042,0.23829835446986733,3.789141666666667,0.043219093404677465
low_init,forest_co_management,top_down_only,Global signal,low_actor,strong_overseer,-2,5,0.0,0.0,14.405732591722018,0.013417480830966463,0.0,0.0,0.0,0.0,12.608124312142886,0.05680949807975621,0.0,0.0
low_init,forest_co_management,top_down_only,Global signal,low_actor,weak_overseer,0,5,0.009166666666666667,0.009166666666666667,13.751104973272907,0.17322345354143007,0.11329166666666665,0.022812991397390122,0.05106632545695046,0.019261790122762402,10.739124680998046,0.16310181365084345,2.631333333333333,0.0429100237577292
low_init,forest_co_management,top_down_only,Global signal,medium_actor,limited_overseer,0,5,0.0,0.0,14.049320366725425,0.10746322351116569,0.09514583333333333,0.010483472623238323,0.044072916666666656,0.0071262420107173225,9.939870704275277,0.3212673276122827,4.076275,0.0476223362480488
low_init,forest_co_management,top_down_only,Global signal,medium_actor,strong_overseer,-1,5,0.0,0.0,14.376474761368934,0.010445973603393319,0.0,0.0,0.0,0.0,12.584056756432483,0.042951534701778205,0.0,0.0
low_init,forest_co_management,top_down_only,Global signal,medium_actor,weak_overseer,1,5,0.009166666666666667,0.009166666666666667,13.669078726569357,0.16677103673656837,0.12966666666666665,0.0199840200374609,0.056274658790283795,0.009446894628000435,10.605078615591196,0.4051131419748832,2.661266666666667,0.06383386857913106
noisy_weather,community_irrigation,bottom_up_only,Local oversight,high_actor,limited_overseer,1,5,0.0,0.0,12.56342955084995,0.1344874462075552,0.018390625,0.006837712567155896,2.0833333333333336e-05,1.518477055949297e-05,16.55153974547898,0.04570835771193743,0.0,0.0
noisy_weather,community_irrigation,bottom_up_only,Local oversight,high_actor,strong_overseer,0,5,0.0,0.0,12.56342955084995,0.1344874462075552,0.018390625,0.006837712567155896,2.0833333333333336e-05,1.518477055949297e-05,16.55153974547898,0.04570835771193743,0.0,0.0
noisy_weather,community_irrigation,bottom_up_only,Local oversight,high_actor,weak_overseer,2,5,0.0,0.0,12.56342955084995,0.1344874462075552,0.018390625,0.006837712567155896,2.0833333333333336e-05,1.518477055949297e-05,16.55153974547898,0.04570835771193743,0.0,0.0
noisy_weather,community_irrigation,bottom_up_only,Local oversight,low_actor,limited_overseer,-1,5,0.0,0.0,12.085519261433987,0.28595304841520686,0.05738541666666667,0.02463148340033275,2.0833333333333336e-05,1.518477055949297e-05,15.979935093202352,0.10574332191150765,0.0,0.0
noisy_weather,community_irrigation,bottom_up_only,Local oversight,low_actor,strong_overseer,-2,5,0.0,0.0,12.085519261433987,0.28595304841520686,0.05738541666666667,0.02463148340033275,2.0833333333333336e-05,1.518477055949297e-05,15.979935093202352,0.10574332191150765,0.0,0.0
noisy_weather,community_irrigation,bottom_up_only,Local oversight,low_actor,weak_overseer,0,5,0.0,0.0,12.085519261433987,0.28595304841520686,0.05738541666666667,0.02463148340033275,2.0833333333333336e-05,1.518477055949297e-05,15.979935093202352,0.10574332191150765,0.0,0.0
noisy_weather,community_irrigation,bottom_up_only,Local oversight,medium_actor,limited_overseer,0,5,0.0,0.0,12.295097958451311,0.19484289142942154,0.03672916666666666,0.010549230061137753,0.000953125,0.0009337163230205413,16.318330258525954,0.1441637609482828,0.0,0.0
noisy_weather,community_irrigation,bottom_up_only,Local oversight,medium_actor,strong_overseer,-1,5,0.0,0.0,12.295097958451311,0.19484289142942154,0.03672916666666666,0.010549230061137753,0.000953125,0.0009337163230205413,16.318330258525954,0.1441637609482828,0.0,0.0
noisy_weather,community_irrigation,bottom_up_only,Local oversight,medium_actor,weak_overseer,1,5,0.0,0.0,12.295097958451311,0.19484289142942154,0.03672916666666666,0.010549230061137753,0.000953125,0.0009337163230205413,16.318330258525954,0.1441637609482828,0.0,0.0
noisy_weather,community_irrigation,hybrid,Hybrid oversight,high_actor,limited_overseer,1,5,0.0,0.0,14.590139902164031,0.18502231031377958,0.042505208333333336,0.011792167014929278,0.0005104166666666666,0.0002465858450784545,14.185506574681693,0.1716489982748689,3.2817416666666674,0.09457540477047932
noisy_weather,community_irrigation,hybrid,Hybrid oversight,high_actor,strong_overseer,0,5,0.0,0.0,15.043228567604107,0.0323880685760309,0.0,0.0,0.0,0.0,14.829229660421353,0.0944272437261796,0.0,0.0
noisy_weather,community_irrigation,hybrid,Hybrid oversight,high_actor,weak_overseer,2,5,0.0,0.0,14.342117494402675,0.13644158598751355,0.058546875,0.022380789824014286,0.020708333333333332,0.009972895531930462,14.124732692720851,0.37132160642508066,2.29305,0.04023169528562721
noisy_weather,community_irrigation,hybrid,Hybrid oversight,low_actor,limited_overseer,-1,5,0.0,0.0,14.721515593809603,0.10663072085927627,0.026442708333333332,0.013042738345378509,0.0001666666666666667,0.00010239376693404948,14.120982258984355,0.413077897961216,3.2607749999999998,0.057677585972465126
noisy_weather,community_irrigation,hybrid,Hybrid oversight,low_actor,strong_overseer,-2,5,0.0,0.0,15.150163099708129,0.046976949355394315,0.0,0.0,0.0,0.0,14.65015242603236,0.21396471935475114,0.0,0.0
noisy_weather,community_irrigation,hybrid,Hybrid oversight,low_actor,weak_overseer,0,5,0.0,0.0,14.465502249531204,0.11183729970680922,0.039260416666666666,0.014410547740326015,0.007526041666666665,0.004295241166650307,13.699708247507337,0.18601903166499895,2.3224,0.03657077802775811
noisy_weather,community_irrigation,hybrid,Hybrid oversight,medium_actor,limited_overseer,0,5,0.0,0.0,14.474349185047723,0.07238784703776736,0.05152604166666667,0.009232241334390238,0.0005052083333333333,0.00015746058810240597,14.219508140898526,0.12786268129187736,3.310341666666667,0.022826319634482332
noisy_weather,community_irrigation,hybrid,Hybrid oversight,medium_actor,strong_overseer,-1,5,0.0,0.0,15.031074591873699,0.021281065891524287,0.0,0.0,0.0,0.0,14.753169855439271,0.13395951207961562,0.0,0.0
noisy_weather,community_irrigation,hybrid,Hybrid oversight,medium_actor,weak_overseer,1,5,0.0,0.0,14.30858298783178,0.08066944692948401,0.056713541666666666,0.010747523611529398,0.013114583333333329,0.005189736329790082,13.618024998413626,0.36894404774981987,2.3704666666666667,0.05429424463053147
noisy_weather,community_irrigation,none,No oversight,high_actor,limited_overseer,1,5,0.012916666666666668,0.012916666666666668,12.478210793295961,0.056292322095523796,0.05427306358798754,0.004167068261559583,1.5625e-05,1.5625e-05,16.668990641767557,0.046074589865091796,0.0,0.0
noisy_weather,community_irrigation,none,No oversight,high_actor,strong_overseer,0,5,0.012916666666666668,0.012916666666666668,12.478210793295961,0.056292322095523796,0.05427306358798754,0.004167068261559583,1.5625e-05,1.5625e-05,16.668990641767557,0.046074589865091796,0.0,0.0
noisy_weather,community_irrigation,none,No oversight,high_actor,weak_overseer,2,5,0.012916666666666668,0.012916666666666668,12.478210793295961,0.056292322095523796,0.05427306358798754,0.004167068261559583,1.5625e-05,1.5625e-05,16.668990641767557,0.046074589865091796,0.0,0.0
noisy_weather,community_irrigation,none,No oversight,low_actor,limited_overseer,-1,5,0.012916666666666668,0.012916666666666668,12.187829380795709,0.3036176626204107,0.10152827192132086,0.04488891009436516,2.0833333333333336e-05,2.0833333333333333e-05,16.07431102041629,0.24921655804305134,0.0,0.0
noisy_weather,community_irrigation,none,No oversight,low_actor,strong_overseer,-2,5,0.012916666666666668,0.012916666666666668,12.187829380795709,0.3036176626204107,0.10152827192132086,0.04488891009436516,2.0833333333333336e-05,2.0833333333333333e-05,16.07431102041629,0.24921655804305134,0.0,0.0
noisy_weather,community_irrigation,none,No oversight,low_actor,weak_overseer,0,5,0.012916666666666668,0.012916666666666668,12.187829380795709,0.3036176626204107,0.10152827192132086,0.04488891009436516,2.0833333333333336e-05,2.0833333333333333e-05,16.07431102041629,0.24921655804305134,0.0,0.0
noisy_weather,community_irrigation,none,No oversight,medium_actor,limited_overseer,0,5,0.012916666666666668,0.012916666666666668,12.269997157627735,0.21444563967317926,0.057736605254654204,0.003955219074726942,1.5625e-05,1.5625e-05,16.54462437859983,0.06566133564011911,0.0,0.0
noisy_weather,community_irrigation,none,No oversight,medium_actor,strong_overseer,-1,5,0.012916666666666668,0.012916666666666668,12.269997157627735,0.21444563967317926,0.057736605254654204,0.003955219074726942,1.5625e-05,1.5625e-05,16.54462437859983,0.06566133564011911,0.0,0.0
noisy_weather,community_irrigation,none,No oversight,medium_actor,weak_overseer,1,5,0.012916666666666668,0.012916666666666668,12.269997157627735,0.21444563967317926,0.057736605254654204,0.003955219074726942,1.5625e-05,1.5625e-05,16.54462437859983,0.06566133564011911,0.0,0.0
noisy_weather,community_irrigation,top_down_only,Global signal,high_actor,limited_overseer,1,5,0.0,0.0,14.37779937372764,0.04220955410382332,0.06459895833333333,0.0037501500982692164,0.0011822916666666668,0.0005079527050039534,13.92129805878101,0.2328756699146054,3.4248,0.028778052135650475
noisy_weather,community_irrigation,top_down_only,Global signal,high_actor,strong_overseer,0,5,0.0,0.0,15.009143390762663,0.01820111466347891,0.0,0.0,0.0,0.0,14.828789452473933,0.10515399806067562,0.0,0.0
noisy_weather,community_irrigation,top_down_only,Global signal,high_actor,weak_overseer,2,5,0.0,0.0,14.172051867419265,0.1271660694729705,0.08263541666666666,0.016061389559811255,0.027718749999999997,0.01254547014153111,13.581684799473853,0.2626779919724746,2.3842166666666667,0.03661015152173566
noisy_weather,community_irrigation,top_down_only,Global signal,low_actor,limited_overseer,-1,5,0.0,0.0,14.726770289493649,0.11393691793928654,0.024281249999999997,0.010688978384184778,0.00032812499999999997,0.000315157967170169,13.893915796289178,0.3030162820881625,3.3342333333333336,0.040221907466923654
noisy_weather,community_irrigation,top_down_only,Global signal,low_actor,strong_overseer,-2,5,0.0,0.0,15.087553645336936,0.0434540166766981,0.0,0.0,0.0,0.0,14.452449505318503,0.3159212731483136,0.0,0.0
noisy_weather,community_irrigation,top_down_only,Global signal,low_actor,weak_overseer,0,5,0.0,0.0,14.468963365995458,0.0961916218723215,0.0513125,0.010671729475785086,0.010286458333333331,0.00427718024325996,13.348116741362215,0.31039691607662134,2.3123333333333336,0.02956006126891864
noisy_weather,community_irrigation,top_down_only,Global signal,medium_actor,limited_overseer,0,5,0.0,0.0,14.36704458191473,0.04573031277465758,0.07025520833333332,0.004143239805926,0.002442708333333333,0.0006176543153727748,13.515322827316272,0.3036835060118653,3.488916666666667,0.0515291112436024
noisy_weather,community_irrigation,top_down_only,Global signal,medium_actor,strong_overseer,-1,5,0.0,0.0,15.008798148473142,0.03777863355945723,0.0,0.0,0.0,0.0,14.66496607663693,0.22075861946935446,0.0,0.0
noisy_weather,community_irrigation,top_down_only,Global signal,medium_actor,weak_overseer,1,5,0.0,0.0,14.240983359507762,0.061521303565317355,0.083234375,0.01055196764908617,0.035598958333333326,0.009251208160589379,12.577325895179149,0.3746461442253931,2.4803166666666665,0.04245068544139713
noisy_weather,forest_co_management,bottom_up_only,Local oversight,high_actor,limited_overseer,1,5,0.09625,0.01811901242096575,11.441692395777727,0.22677707542294656,0.17932061837384689,0.030044489605274106,0.015554215498549203,0.007929677374847654,14.05159565329052,0.13392596043716373,0.0,0.0
noisy_weather,forest_co_management,bottom_up_only,Local oversight,high_actor,strong_overseer,0,5,0.09625,0.01811901242096575,11.441692395777727,0.22677707542294656,0.17932061837384689,0.030044489605274106,0.015554215498549203,0.007929677374847654,14.05159565329052,0.13392596043716373,0.0,0.0
noisy_weather,forest_co_management,bottom_up_only,Local oversight,high_actor,weak_overseer,2,5,0.09625,0.01811901242096575,11.441692395777727,0.22677707542294656,0.17932061837384689,0.030044489605274106,0.015554215498549203,0.007929677374847654,14.05159565329052,0.13392596043716373,0.0,0.0
noisy_weather,forest_co_management,bottom_up_only,Local oversight,low_actor,limited_overseer,-1,5,0.09333333333333334,0.01632993161855452,11.168749425093818,0.4708532824457189,0.24052121338090307,0.08086220510018649,0.01724866119239547,0.008024435315942918,13.68957064798193,0.1463012809547306,0.0,0.0
noisy_weather,forest_co_management,bottom_up_only,Local oversight,low_actor,strong_overseer,-2,5,0.09333333333333334,0.01632993161855452,11.168749425093818,0.4708532824457189,0.24052121338090307,0.08086220510018649,0.01724866119239547,0.008024435315942918,13.68957064798193,0.1463012809547306,0.0,0.0
noisy_weather,forest_co_management,bottom_up_only,Local oversight,low_actor,weak_overseer,0,5,0.09333333333333334,0.01632993161855452,11.168749425093818,0.4708532824457189,0.24052121338090307,0.08086220510018649,0.01724866119239547,0.008024435315942918,13.68957064798193,0.1463012809547306,0.0,0.0
noisy_weather,forest_co_management,bottom_up_only,Local oversight,medium_actor,limited_overseer,0,5,0.09333333333333334,0.01632993161855452,11.140135666759791,0.18742426886246888,0.18160617471586443,0.030667010651579184,0.00809183248869177,0.0036719342126217665,13.912284455292868,0.06925065362549886,0.0,0.0
noisy_weather,forest_co_management,bottom_up_only,Local oversight,medium_actor,strong_overseer,-1,5,0.09333333333333334,0.01632993161855452,11.140135666759791,0.18742426886246888,0.18160617471586443,0.030667010651579184,0.00809183248869177,0.0036719342126217665,13.912284455292868,0.06925065362549886,0.0,0.0
noisy_weather,forest_co_management,bottom_up_only,Local oversight,medium_actor,weak_overseer,1,5,0.09333333333333334,0.01632993161855452,11.140135666759791,0.18742426886246888,0.18160617471586443,0.030667010651579184,0.00809183248869177,0.0036719342126217665,13.912284455292868,0.06925065362549886,0.0,0.0
noisy_weather,forest_co_management,hybrid,Hybrid oversight,high_actor,limited_overseer,1,5,0.0,0.0,14.207949839224927,0.18529921482676098,0.06226562499999999,0.021389725221518933,0.02081249999999999,0.013391903725571103,11.030431796087598,0.36409225015332464,3.7793666666666668,0.12433914083845231
noisy_weather,forest_co_management,hybrid,Hybrid oversight,high_actor,strong_overseer,0,5,0.0,0.0,14.439604569446947,0.008106275587964146,0.0,0.0,0.0,0.0,12.303892335652467,0.10165805098326072,0.0,0.0
noisy_weather,forest_co_management,hybrid,Hybrid oversight,high_actor,weak_overseer,2,5,0.0,0.0,14.066074498627156,0.0869992276159349,0.028734374999999996,0.009272660458997037,0.00528645833333333,0.002307062394553103,11.609788796812186,0.3905545434211936,2.692283333333333,0.048066574202407515
noisy_weather,forest_co_management,hybrid,Hybrid oversight,low_actor,limited_overseer,-1,5,0.0,0.0,14.260696123993224,0.15546949014692982,0.04422916666666667,0.016010628878581675,0.010890625,0.007060992264699968,10.992810966957139,0.3410920476074899,3.7906750000000002,0.06513553364374597
noisy_weather,forest_co_management,hybrid,Hybrid oversight,low_actor,strong_overseer,-2,5,0.0,0.0,14.4873654456461,0.01717719449644576,0.0,0.0,0.0,0.0,12.207989544886303,0.13180916853273764,0.0,0.0
noisy_weather,forest_co_management,hybrid,Hybrid oversight,low_actor,weak_overseer,0,5,0.003333333333333333,0.0028412878535387194,13.86356870980966,0.0964381244462859,0.06382291666666666,0.010319535426313073,0.01845181154432799,0.006321522803771066,10.923305019154828,0.36066810971332075,2.6363833333333337,0.06042114121361458
noisy_weather,forest_co_management,hybrid,Hybrid oversight,medium_actor,limited_overseer,0,5,0.0,0.0,14.336031021821597,0.27790196882785395,0.05261458333333332,0.025567902226042154,0.018786458333333332,0.012910413577974188,10.902911057964392,0.35993009797874403,3.7196666666666665,0.10577649884701855
noisy_weather,forest_co_management,hybrid,Hybrid oversight,medium_actor,strong_overseer,-1,5,0.0,0.0,14.443990864698355,0.007671355819435581,0.0,0.0,0.0,0.0,12.223812115222936,0.10738223803522572,0.0,0.0
noisy_weather,forest_co_management,hybrid,Hybrid oversight,medium_actor,weak_overseer,1,5,0.0025,0.0012147816447594375,13.998003644042083,0.14618471137189387,0.057751601135792294,0.019634883370310018,0.018833843954248364,0.010950119499559357,10.68824384232639,0.44239558749473673,2.668166666666667,0.06739183720764873
noisy_weather,forest_co_management,none,No oversight,high_actor,limited_overseer,1,5,0.11125,0.02358495283014151,11.224190111654062,0.20535674541019244,0.21881454361843966,0.032278409139877326,0.018877476202996527,0.010280862189539651,13.991673050090593,0.13829243369315786,0.0,0.0
noisy_weather,forest_co_management,none,No oversight,high_actor,strong_overseer,0,5,0.11125,0.02358495283014151,11.224190111654062,0.20535674541019244,0.21881454361843966,0.032278409139877326,0.018877476202996527,0.010280862189539651,13.991673050090593,0.13829243369315786,0.0,0.0
noisy_weather,forest_co_management,none,No oversight,high_actor,weak_overseer,2,5,0.11125,0.02358495283014151,11.224190111654062,0.20535674541019244,0.21881454361843966,0.032278409139877326,0.018877476202996527,0.010280862189539651,13.991673050090593,0.13829243369315786,0.0,0.0
noisy_weather,forest_co_management,none,No oversight,low_actor,limited_overseer,-1,5,0.13041666666666668,0.034721111093332764,10.576734294120842,0.503837455281981,0.3271892930380402,0.09593254272373489,0.023400776344389425,0.014842852335491378,13.640501540929668,0.22512414882768889,0.0,0.0
noisy_weather,forest_co_management,none,No oversight,low_actor,strong_overseer,-2,5,0.13041666666666668,0.034721111093332764,10.576734294120842,0.503837455281981,0.3271892930380402,0.09593254272373489,0.023400776344389425,0.014842852335491378,13.640501540929668,0.22512414882768889,0.0,0.0
noisy_weather,forest_co_management,none,No oversight,low_actor,weak_overseer,0,5,0.13041666666666668,0.034721111093332764,10.576734294120842,0.503837455281981,0.3271892930380402,0.09593254272373489,0.023400776344389425,0.014842852335491378,13.640501540929668,0.22512414882768889,0.0,0.0
noisy_weather,forest_co_management,none,No oversight,medium_actor,limited_overseer,0,5,0.11583333333333332,0.023685951649776615,10.83431505831796,0.21623295577201096,0.2530284042497252,0.02792727116293087,0.020780520237616208,0.011959805515795265,14.113963373783076,0.08864604017547587,0.0,0.0
noisy_weather,forest_co_management,none,No oversight,medium_actor,strong_overseer,-1,5,0.11583333333333332,0.023685951649776615,10.83431505831796,0.21623295577201096,0.2530284042497252,0.02792727116293087,0.020780520237616208,0.011959805515795265,14.113963373783076,0.08864604017547587,0.0,0.0
noisy_weather,forest_co_management,none,No oversight,medium_actor,weak_overseer,1,5,0.11583333333333332,0.023685951649776615,10.83431505831796,0.21623295577201096,0.2530284042497252,0.02792727116293087,0.020780520237616208,0.011959805515795265,14.113963373783076,0.08864604017547587,0.0,0.0
noisy_weather,forest_co_management,top_down_only,Global signal,high_actor,limited_overseer,1,5,0.0,0.0,13.81776854524783,0.1095150566623967,0.10364583333333333,0.01573433750202417,0.03770833333333332,0.01263373286304121,11.056990373781638,0.07070581838156219,3.906733333333333,0.027791015734505924
noisy_weather,forest_co_management,top_down_only,Global signal,high_actor,strong_overseer,0,5,0.0,0.0,14.439259791938252,0.008697639761137915,0.0,0.0,0.0,0.0,12.273360295295724,0.03988677047485089,0.0,0.0
noisy_weather,forest_co_management,top_down_only,Global signal,high_actor,weak_overseer,2,5,0.0,0.0,13.552350236868156,0.1168541435685942,0.121875,0.013875986302844787,0.044317708333333324,0.004024532112427271,11.719450682786539,0.29556611543879663,2.6133333333333337,0.022315369018782654
noisy_weather,forest_co_management,top_down_only,Global signal,low_actor,limited_overseer,-1,5,0.0,0.0,14.147645290022634,0.1483475568905214,0.05700520833333332,0.01896688079981275,0.015223958333333325,0.009706814583011168,11.272554043067124,0.2405925610934002,3.783116666666667,0.04337046165818899
noisy_weather,forest_co_management,top_down_only,Global signal,low_actor,strong_overseer,-2,5,0.0,0.0,14.45747684823497,0.013622515711129156,0.0,0.0,0.0,0.0,12.296446391697726,0.07001169053340037,0.0,0.0
noisy_weather,forest_co_management,top_down_only,Global signal,low_actor,weak_overseer,0,5,0.0,0.0,13.861161267145789,0.10576727711591118,0.09686979166666668,0.014596878939793468,0.042427083333333324,0.012856869735373425,10.837288378723388,0.12106486527804121,2.6502333333333334,0.035038534342761635
noisy_weather,forest_co_management,top_down_only,Global signal,medium_actor,limited_overseer,0,5,0.0,0.0,14.039130887030804,0.11318231001839013,0.08702604166666666,0.011510895069243693,0.03507291666666666,0.008621771707377315,10.256901222963515,0.3113365782234035,4.023241666666666,0.043777147133077454
noisy_weather,forest_co_management,top_down_only,Global signal,medium_actor,strong_overseer,-1,5,0.0,0.0,14.429071008973727,0.012265511119755084,0.0,0.0,0.0,0.0,12.240048746385721,0.027835248067657054,0.0,0.0
noisy_weather,forest_co_management,top_down_only,Global signal,medium_actor,weak_overseer,1,5,0.0,0.0,13.721441215122747,0.11641222677442159,0.12166666666666666,0.012803848281511782,0.05020312499999998,0.005070355969467832,10.898833351774686,0.3232703162348846,2.6568,0.03947472468414305
slow_regen,community_irrigation,bottom_up_only,Local oversight,high_actor,limited_overseer,1,5,0.0,0.0,12.138393380594781,0.16810212540716418,0.05194791666666667,0.01332852442168857,0.0009427083333333334,0.000848430945595718,15.47983243240672,0.05684264391427815,0.0,0.0
slow_regen,community_irrigation,bottom_up_only,Local oversight,high_actor,strong_overseer,0,5,0.0,0.0,12.138393380594781,0.16810212540716418,0.05194791666666667,0.01332852442168857,0.0009427083333333334,0.000848430945595718,15.47983243240672,0.05684264391427815,0.0,0.0
slow_regen,community_irrigation,bottom_up_only,Local oversight,high_actor,weak_overseer,2,5,0.0,0.0,12.138393380594781,0.16810212540716418,0.05194791666666667,0.01332852442168857,0.0009427083333333334,0.000848430945595718,15.47983243240672,0.05684264391427815,0.0,0.0
slow_regen,community_irrigation,bottom_up_only,Local oversight,low_actor,limited_overseer,-1,5,0.0,0.0,11.505340898357428,0.38964466128355557,0.17482291666666666,0.08887720063399118,0.00146875,0.0012514260528687306,14.910539874606062,0.15708116213785037,0.0,0.0
slow_regen,community_irrigation,bottom_up_only,Local oversight,low_actor,strong_overseer,-2,5,0.0,0.0,11.505340898357428,0.38964466128355557,0.17482291666666666,0.08887720063399118,0.00146875,0.0012514260528687306,14.910539874606062,0.15708116213785037,0.0,0.0
slow_regen,community_irrigation,bottom_up_only,Local oversight,low_actor,weak_overseer,0,5,0.0,0.0,11.505340898357428,0.38964466128355557,0.17482291666666666,0.08887720063399118,0.00146875,0.0012514260528687306,14.910539874606062,0.15708116213785037,0.0,0.0
slow_regen,community_irrigation,bottom_up_only,Local oversight,medium_actor,limited_overseer,0,5,0.00041666666666666664,0.0004166666666666666,11.862705149112955,0.2188069067272916,0.09561979166666666,0.028167066101010857,0.00453125,0.0035506167549142474,15.204496891054967,0.18071635036978925,0.0,0.0
slow_regen,community_irrigation,bottom_up_only,Local oversight,medium_actor,strong_overseer,-1,5,0.00041666666666666664,0.0004166666666666666,11.862705149112955,0.2188069067272916,0.09561979166666666,0.028167066101010857,0.00453125,0.0035506167549142474,15.204496891054967,0.18071635036978925,0.0,0.0
slow_regen,community_irrigation,bottom_up_only,Local oversight,medium_actor,weak_overseer,1,5,0.00041666666666666664,0.0004166666666666666,11.862705149112955,0.2188069067272916,0.09561979166666666,0.028167066101010857,0.00453125,0.0035506167549142474,15.204496891054967,0.18071635036978925,0.0,0.0
slow_regen,community_irrigation,hybrid,Hybrid oversight,high_actor,limited_overseer,1,5,0.0,0.0,14.320295251761326,0.1902531931855256,0.06125520833333333,0.015551411782218966,0.006989583333333334,0.0029203450577074603,13.244385397497075,0.17486740080018973,3.473775,0.09672936867306066
slow_regen,community_irrigation,hybrid,Hybrid oversight,high_actor,strong_overseer,0,5,0.0,0.0,14.937978969751294,0.030101212954984954,0.0,0.0,0.0,0.0,13.958112391748859,0.0800021088616894,0.0,0.0
slow_regen,community_irrigation,hybrid,Hybrid oversight,high_actor,weak_overseer,2,5,0.0,0.0,14.053274382403137,0.18157187885883255,0.07419791666666667,0.0293400323327587,0.03919791666666666,0.01740551712438293,13.014279457376597,0.5177553126497204,2.4726166666666662,0.054834426280900884
slow_regen,community_irrigation,hybrid,Hybrid oversight,low_actor,limited_overseer,-1,5,0.0,0.0,14.44196284162833,0.1255868452807878,0.042307291666666656,0.01433638240113462,0.0036145833333333316,0.0021951966532304484,13.162417678152451,0.4193557984013677,3.469983333333334,0.06494243257386585
slow_regen,community_irrigation,hybrid,Hybrid oversight,low_actor,strong_overseer,-2,5,0.0,0.0,15.022169868393865,0.04372977666170968,0.0,0.0,0.0,0.0,13.7662749315209,0.1982884723755857,0.0,0.0
slow_regen,community_irrigation,hybrid,Hybrid oversight,low_actor,weak_overseer,0,5,0.0,0.0,14.172418124776081,0.1250739952383553,0.05362499999999999,0.0156939416555402,0.015536458333333327,0.005551852471357219,12.68671858522311,0.15840769860943377,2.4867,0.03483854227400706
slow_regen,community_irrigation,hybrid,Hybrid oversight,medium_actor,limited_overseer,0,5,0.0,0.0,14.201373446125013,0.07343184061315734,0.07284895833333331,0.007508624056466946,0.008187499999999997,0.0027042060900118055,13.164419183681739,0.15692883291163914,3.5218083333333334,0.029330565091915766
slow_regen,community_irrigation,hybrid,Hybrid oversight,medium_actor,strong_overseer,-1,5,0.0,0.0,14.929565557971518,0.020366764898682735,0.0,0.0,0.0,0.0,13.900523091000602,0.12493995142634719,0.0,0.0
slow_regen,community_irrigation,hybrid,Hybrid oversight,medium_actor,weak_overseer,1,5,0.00041666666666666664,0.0004166666666666666,14.036538737493814,0.0734097107480982,0.07074776785714285,0.01235780227011937,0.024213541666666664,0.008274570648845958,12.513801310252026,0.46774505047412523,2.5382000000000002,0.06591103326117377
slow_regen,community_irrigation,none,No oversight,high_actor,limited_overseer,1,5,0.013333333333333332,0.01333333333333333,12.08873570563322,0.09976504416301996,0.06909495202332479,0.0036354102828377254,0.0005729166666666667,0.0005163216043629632,15.560391861598635,0.09667510849223848,0.0,0.0
slow_regen,community_irrigation,none,No oversight,high_actor,strong_overseer,0,5,0.013333333333333332,0.01333333333333333,12.08873570563322,0.09976504416301996,0.06909495202332479,0.0036354102828377254,0.0005729166666666667,0.0005163216043629632,15.560391861598635,0.09667510849223848,0.0,0.0
slow_regen,community_irrigation,none,No oversight,high_actor,weak_overseer,2,5,0.013333333333333332,0.01333333333333333,12.08873570563322,0.09976504416301996,0.06909495202332479,0.0036354102828377254,0.0005729166666666667,0.0005163216043629632,15.560391861598635,0.09667510849223848,0.0,0.0
slow_regen,community_irrigation,none,No oversight,low_actor,limited_overseer,-1,5,0.013333333333333332,0.01333333333333333,11.602876744049357,0.4878294955854864,0.19371474368999145,0.10987538917302697,0.0006927083333333335,0.0005967804608084768,14.972485462753761,0.32013913530300947,0.0,0.0
slow_regen,community_irrigation,none,No oversight,low_actor,strong_overseer,-2,5,0.013333333333333332,0.01333333333333333,11.602876744049357,0.4878294955854864,0.19371474368999145,0.10987538917302697,0.0006927083333333335,0.0005967804608084768,14.972485462753761,0.32013913530300947,0.0,0.0
slow_regen,community_irrigation,none,No oversight,low_actor,weak_overseer,0,5,0.013333333333333332,0.01333333333333333,11.602876744049357,0.4878294955854864,0.19371474368999145,0.10987538917302697,0.0006927083333333335,0.0005967804608084768,14.972485462753761,0.32013913530300947,0.0,0.0
slow_regen,community_irrigation,none,No oversight,medium_actor,limited_overseer,0,5,0.013333333333333332,0.01333333333333333,11.882879708655087,0.21869096821208106,0.08101161868999143,0.007265776889749725,0.0005208333333333333,0.0004578447917128807,15.476258923843343,0.07853527938639498,0.0,0.0
slow_regen,community_irrigation,none,No oversight,medium_actor,strong_overseer,-1,5,0.013333333333333332,0.01333333333333333,11.882879708655087,0.21869096821208106,0.08101161868999143,0.007265776889749725,0.0005208333333333333,0.0004578447917128807,15.476258923843343,0.07853527938639498,0.0,0.0
slow_regen,community_irrigation,none,No oversight,medium_actor,weak_overseer,1,5,0.013333333333333332,0.01333333333333333,11.882879708655087,0.21869096821208106,0.08101161868999143,0.007265776889749725,0.0005208333333333333,0.0004578447917128807,15.476258923843343,0.07853527938639498,0.0,0.0
slow_regen,community_irrigation,top_down_only,Global signal,high_actor,limited_overseer,1,5,0.0,0.0,14.120036064877135,0.05629795073332653,0.08523958333333333,0.004401468482755215,0.013104166666666662,0.003122996319447834,12.839970785864214,0.2615226076074253,3.6296666666666666,0.03085231679127009
slow_regen,community_irrigation,top_down_only,Global signal,high_actor,strong_overseer,0,5,0.0,0.0,14.911801100964059,0.01603951663211862,0.0,0.0,0.0,0.0,13.960115084712289,0.09051540943109326,0.0,0.0
slow_regen,community_irrigation,top_down_only,Global signal,high_actor,weak_overseer,2,5,0.0,0.0,13.912822047583552,0.12451333317804554,0.10595312500000001,0.018145943957756934,0.04778125,0.014760685442889282,12.153960441238155,0.32951862063724213,2.57815,0.043164731295095286
slow_regen,community_irrigation,top_down_only,Global signal,low_actor,limited_overseer,-1,5,0.0,0.0,14.46240248147986,0.13108980238855206,0.04110416666666666,0.013298290232656945,0.004578125,0.0035211896546765817,12.891754744245244,0.2750823726323412,3.544383333333333,0.042556446175768876
slow_regen,community_irrigation,top_down_only,Global signal,low_actor,strong_overseer,-2,5,0.0,0.0,14.982488788040996,0.04723953226472928,0.0,0.0,0.0,0.0,13.622399323894546,0.26819799733089716,0.0,0.0
slow_regen,community_irrigation,top_down_only,Global signal,low_actor,weak_overseer,0,5,0.0,0.0,14.215138420055833,0.09303527847004164,0.07046875,0.010434047998686262,0.024776041666666658,0.006508362175832373,12.177249089544569,0.2693997962005627,2.487266666666667,0.0346812509386075
slow_regen,community_irrigation,top_down_only,Global signal,medium_actor,limited_overseer,0,5,0.0,0.0,14.126627850663187,0.06620739838458059,0.09050520833333332,0.004833480657327277,0.021213541666666662,0.0013495916306218156,12.42328272516794,0.32596379987703045,3.6993083333333336,0.05607927269846572
slow_regen,community_irrigation,top_down_only,Global signal,medium_actor,strong_overseer,-1,5,0.0,0.0,14.915684439755328,0.0381718437930255,0.0,0.0,0.0,0.0,13.825161344794665,0.17114517273116434,0.0,0.0
slow_regen,community_irrigation,top_down_only,Global signal,medium_actor,weak_overseer,1,5,0.00125,0.0005103103630798287,14.005691025765543,0.043829919945400725,0.1024777462121212,0.010552487320608749,0.057495770202020194,0.008315300597775691,11.256410688121159,0.3166280202236344,2.656833333333333,0.036569103154925155
slow_regen,forest_co_management,bottom_up_only,Local oversight,high_actor,limited_overseer,1,5,0.10666666666666666,0.026666666666666665,10.668059135271431,0.314307710278866,0.26555313716920453,0.058757830201323934,0.05206280250990878,0.020479660460316268,12.158461021832515,0.11165955162887001,0.0,0.0
slow_regen,forest_co_management,bottom_up_only,Local oversight,high_actor,strong_overseer,0,5,0.10666666666666666,0.026666666666666665,10.668059135271431,0.314307710278866,0.26555313716920453,0.058757830201323934,0.05206280250990878,0.020479660460316268,12.158461021832515,0.11165955162887001,0.0,0.0
slow_regen,forest_co_management,bottom_up_only,Local oversight,high_actor,weak_overseer,2,5,0.10666666666666666,0.026666666666666665,10.668059135271431,0.314307710278866,0.26555313716920453,0.058757830201323934,0.05206280250990878,0.020479660460316268,12.158461021832515,0.11165955162887001,0.0,0.0
slow_regen,forest_co_management,bottom_up_only,Local oversight,low_actor,limited_overseer,-1,5,0.09375,0.016164303951059018,10.458459726069083,0.5583780297091838,0.32413438840075537,0.10705142883928351,0.056231103090653024,0.016253195976579652,11.889606747829925,0.15763551754573452,0.0,0.0
slow_regen,forest_co_management,bottom_up_only,Local oversight,low_actor,strong_overseer,-2,5,0.09375,0.016164303951059018,10.458459726069083,0.5583780297091838,0.32413438840075537,0.10705142883928351,0.056231103090653024,0.016253195976579652,11.889606747829925,0.15763551754573452,0.0,0.0
slow_regen,forest_co_management,bottom_up_only,Local oversight,low_actor,weak_overseer,0,5,0.09375,0.016164303951059018,10.458459726069083,0.5583780297091838,0.32413438840075537,0.10705142883928351,0.056231103090653024,0.016253195976579652,11.889606747829925,0.15763551754573452,0.0,0.0
slow_regen,forest_co_management,bottom_up_only,Local oversight,medium_actor,limited_overseer,0,5,0.09333333333333334,0.01632993161855452,10.48565444100425,0.3178998727297354,0.2822087871134925,0.07580812837958041,0.0374352564491509,0.007808698995448453,12.036186484057804,0.10813805010958336,0.0,0.0
slow_regen,forest_co_management,bottom_up_only,Local oversight,medium_actor,strong_overseer,-1,5,0.09333333333333334,0.01632993161855452,10.48565444100425,0.3178998727297354,0.2822087871134925,0.07580812837958041,0.0374352564491509,0.007808698995448453,12.036186484057804,0.10813805010958336,0.0,0.0
slow_regen,forest_co_management,bottom_up_only,Local oversight,medium_actor,weak_overseer,1,5,0.09333333333333334,0.01632993161855452,10.48565444100425,0.3178998727297354,0.2822087871134925,0.07580812837958041,0.0374352564491509,0.007808698995448453,12.036186484057804,0.10813805010958336,0.0,0.0
slow_regen,forest_co_management,hybrid,Hybrid oversight,high_actor,limited_overseer,1,5,0.0008333333333333333,0.0008333333333333332,13.644348708796926,0.17813805241889163,0.09980844907407406,0.023410369195639495,0.0543125,0.01958945251527184,9.668801201043967,0.29571774209501317,4.072516666666667,0.09259727767776625
slow_regen,forest_co_management,hybrid,Hybrid oversight,high_actor,strong_overseer,0,5,0.0,0.0,14.122894334616722,0.0065818985037752135,5.208333333333334e-06,5.208333333333333e-06,0.0,0.0,11.024241690298311,0.05520713052990799,0.0,0.0
slow_regen,forest_co_management,hybrid,Hybrid oversight,high_actor,weak_overseer,2,5,0.0075,0.004249182927993987,13.368520096235608,0.12054459614775728,0.06979821489999508,0.020460015691146482,0.03082243710308724,0.011704977339814774,9.861321990483386,0.45075078459990575,2.891433333333333,0.03180655942132413
slow_regen,forest_co_management,hybrid,Hybrid oversight,low_actor,limited_overseer,-1,5,0.0020833333333333333,0.0020833333333333333,13.768310432942139,0.13324256472121238,0.07950899548771294,0.016698929293423384,0.03396453359417765,0.014004606676584444,9.443679736259103,0.2759970281345024,4.105391666666666,0.05503478319309618
slow_regen,forest_co_management,hybrid,Hybrid oversight,low_actor,strong_overseer,-2,5,0.0,0.0,14.165597611771855,0.013498448374219924,0.0,0.0,0.0,0.0,11.003266059466831,0.06976523834658573,0.0,0.0
slow_regen,forest_co_management,hybrid,Hybrid oversight,low_actor,weak_overseer,0,5,0.030833333333333334,0.022663372922454024,12.978928500112698,0.19881780613860145,0.1466315830871879,0.020499950719179167,0.0743939143262572,0.019388611738866034,9.16112231821026,0.30837263833628253,2.784616666666667,0.03905157380524718
slow_regen,forest_co_management,hybrid,Hybrid oversight,medium_actor,limited_overseer,0,5,0.004166666666666667,0.003227486121839514,13.83653451702186,0.27589750965692733,0.08334207964682339,0.030534116446551015,0.04431492282964898,0.02001525564469881,9.457953018061994,0.26212811338902636,4.029341666666666,0.08149518390678064
slow_regen,forest_co_management,hybrid,Hybrid oversight,medium_actor,strong_overseer,-1,5,0.0,0.0,14.119284106565777,0.00778748048005626,5.208333333333334e-06,5.208333333333333e-06,0.0,0.0,11.019256316993852,0.06574089270731524,0.0,0.0
slow_regen,forest_co_management,hybrid,Hybrid oversight,medium_actor,weak_overseer,1,5,0.06958333333333333,0.037642091909633996,12.853789343382473,0.3019665272187056,0.16115496716342687,0.03466829990017825,0.07265844398038654,0.03170615140378068,9.171819502068882,0.416995704143712,2.6923000000000004,0.0649279814700702
slow_regen,forest_co_management,none,No oversight,high_actor,limited_overseer,1,5,0.1375,0.01748014746950253,10.466303621047052,0.26362279713526793,0.3372336386466738,0.056857960642800374,0.07508622028290929,0.032430973299374596,12.018441409787357,0.14658257084081458,0.0,0.0
slow_regen,forest_co_management,none,No oversight,high_actor,strong_overseer,0,5,0.1375,0.01748014746950253,10.466303621047052,0.26362279713526793,0.3372336386466738,0.056857960642800374,0.07508622028290929,0.032430973299374596,12.018441409787357,0.14658257084081458,0.0,0.0
slow_regen,forest_co_management,none,No oversight,high_actor,weak_overseer,2,5,0.1375,0.01748014746950253,10.466303621047052,0.26362279713526793,0.3372336386466738,0.056857960642800374,0.07508622028290929,0.032430973299374596,12.018441409787357,0.14658257084081458,0.0,0.0
slow_regen,forest_co_management,none,No oversight,low_actor,limited_overseer,-1,5,0.16625,0.032989108050991624,9.168403987877017,0.5947469050466958,0.5741948557089505,0.11606122700475713,0.13198506479744201,0.07237216513476714,11.448943408858144,0.30424784384857256,0.0,0.0
slow_regen,forest_co_management,none,No oversight,low_actor,strong_overseer,-2,5,0.16625,0.032989108050991624,9.168403987877017,0.5947469050466958,0.5741948557089505,0.11606122700475713,0.13198506479744201,0.07237216513476714,11.448943408858144,0.30424784384857256,0.0,0.0
slow_regen,forest_co_management,none,No oversight,low_actor,weak_overseer,0,5,0.16625,0.032989108050991624,9.168403987877017,0.5947469050466958,0.5741948557089505,0.11606122700475713,0.13198506479744201,0.07237216513476714,11.448943408858144,0.30424784384857256,0.0,0.0
slow_regen,forest_co_management,none,No oversight,medium_actor,limited_overseer,0,5,0.18791666666666668,0.04470874106679563,9.769685056605349,0.3144611428935301,0.4430810687071073,0.07236586949180637,0.10763516342769841,0.05219058676373049,11.95318504308316,0.22425647487296343,0.0,0.0
slow_regen,forest_co_management,none,No oversight,medium_actor,strong_overseer,-1,5,0.18791666666666668,0.04470874106679563,9.769685056605349,0.3144611428935301,0.4430810687071073,0.07236586949180637,0.10763516342769841,0.05219058676373049,11.95318504308316,0.22425647487296343,0.0,0.0
slow_regen,forest_co_management,none,No oversight,medium_actor,weak_overseer,1,5,0.18791666666666668,0.04470874106679563,9.769685056605349,0.3144611428935301,0.4430810687071073,0.07236586949180637,0.10763516342769841,0.05219058676373049,11.95318504308316,0.22425647487296343,0.0,0.0
slow_regen,forest_co_management,top_down_only,Global signal,high_actor,limited_overseer,1,5,0.0008333333333333333,0.0008333333333333332,13.330378388389011,0.0957663417338713,0.13837884963768116,0.01631580492682986,0.07878645833333332,0.02013169666231518,9.568035614656907,0.09613245201575821,4.180891666666666,0.03602919967424569
slow_regen,forest_co_management,top_down_only,Global signal,high_actor,strong_overseer,0,5,0.0,0.0,14.10638218911852,0.009310438920892321,5.208333333333334e-06,5.208333333333333e-06,0.0,0.0,11.104728204951718,0.02422116580517937,0.0,0.0
slow_regen,forest_co_management,top_down_only,Global signal,high_actor,weak_overseer,2,5,0.007916666666666666,0.003510895738823482,13.014070733425033,0.04887917988808164,0.14689136295386293,0.009495069557363102,0.09405755766380766,0.006050346836456427,10.160208477607485,0.3256280333939754,2.8592833333333334,0.007208434488692954
slow_regen,forest_co_management,top_down_only,Global signal,low_actor,limited_overseer,-1,5,0.0,0.0,13.641522504986984,0.10693831759560637,0.095046875,0.01529178640819376,0.04593229166666666,0.01310120869917506,9.791514733215662,0.2054187702276238,4.087125,0.03419404898679179
slow_regen,forest_co_management,top_down_only,Global signal,low_actor,strong_overseer,-2,5,0.0,0.0,14.1292347205314,0.013153086843656799,1.0416666666666668e-05,6.378879538497859e-06,0.0,0.0,11.10024907349133,0.03596992898801297,0.0,0.0
slow_regen,forest_co_management,top_down_only,Global signal,low_actor,weak_overseer,0,5,0.005,0.0026841872347344005,13.171510274552626,0.12956554500651357,0.13507670454545453,0.014742078397193556,0.08998848589884773,0.015714275438124873,9.26328135698657,0.12129157256724366,2.8719166666666665,0.022669316634311355
slow_regen,forest_co_management,top_down_only,Global signal,medium_actor,limited_overseer,0,5,0.0,0.0,13.48211774213839,0.07348816453353674,0.11963541666666666,0.008565076058406293,0.07790104166666667,0.006952157392098792,8.972821222941532,0.21115028905209798,4.2664333333333335,0.027711195340912646
slow_regen,forest_co_management,top_down_only,Global signal,medium_actor,strong_overseer,-1,5,0.0,0.0,14.09625306972068,0.008917703044122304,5.208333333333334e-06,5.208333333333333e-06,0.0,0.0,11.084636886709795,0.030020107835842816,0.0,0.0
slow_regen,forest_co_management,top_down_only,Global signal,medium_actor,weak_overseer,1,5,0.008749999999999999,0.004187448175467037,13.016770414021673,0.056164065426574546,0.15647463658553012,0.010476175317407231,0.10367937138729175,0.005275171141983211,9.331488856444064,0.3684646035046986,2.867033333333334,0.0312385490131095
strong_externality,community_irrigation,bottom_up_only,Local oversight,high_actor,limited_overseer,1,5,0.0,0.0,12.565615503540178,0.13031354310222745,0.016395833333333335,0.007938286849943077,5.208333333333334e-06,5.208333333333333e-06,16.527558867257746,0.044324839233395044,0.0,0.0
strong_externality,community_irrigation,bottom_up_only,Local oversight,high_actor,strong_overseer,0,5,0.0,0.0,12.565615503540178,0.13031354310222745,0.016395833333333335,0.007938286849943077,5.208333333333334e-06,5.208333333333333e-06,16.527558867257746,0.044324839233395044,0.0,0.0
strong_externality,community_irrigation,bottom_up_only,Local oversight,high_actor,weak_overseer,2,5,0.0,0.0,12.565615503540178,0.13031354310222745,0.016395833333333335,0.007938286849943077,5.208333333333334e-06,5.208333333333333e-06,16.527558867257746,0.044324839233395044,0.0,0.0
strong_externality,community_irrigation,bottom_up_only,Local oversight,low_actor,limited_overseer,-1,5,0.0,0.0,12.098667601595583,0.2654428196767617,0.04771354166666667,0.019670654237450777,1.5625e-05,1.0416666666666666e-05,15.96892160099907,0.09649864842807049,0.0,0.0
strong_externality,community_irrigation,bottom_up_only,Local oversight,low_actor,strong_overseer,-2,5,0.0,0.0,12.098667601595583,0.2654428196767617,0.04771354166666667,0.019670654237450777,1.5625e-05,1.0416666666666666e-05,15.96892160099907,0.09649864842807049,0.0,0.0
strong_externality,community_irrigation,bottom_up_only,Local oversight,low_actor,weak_overseer,0,5,0.0,0.0,12.098667601595583,0.2654428196767617,0.04771354166666667,0.019670654237450777,1.5625e-05,1.0416666666666666e-05,15.96892160099907,0.09649864842807049,0.0,0.0
strong_externality,community_irrigation,bottom_up_only,Local oversight,medium_actor,limited_overseer,0,5,0.0,0.0,12.303900028762031,0.1836570207560268,0.03143749999999999,0.010280448534490724,0.0010781249999999999,0.0010716264491546377,16.29404625257684,0.1450735509244412,0.0,0.0
strong_externality,community_irrigation,bottom_up_only,Local oversight,medium_actor,strong_overseer,-1,5,0.0,0.0,12.303900028762031,0.1836570207560268,0.03143749999999999,0.010280448534490724,0.0010781249999999999,0.0010716264491546377,16.29404625257684,0.1450735509244412,0.0,0.0
strong_externality,community_irrigation,bottom_up_only,Local oversight,medium_actor,weak_overseer,1,5,0.0,0.0,12.303900028762031,0.1836570207560268,0.03143749999999999,0.010280448534490724,0.0010781249999999999,0.0010716264491546377,16.29404625257684,0.1450735509244412,0.0,0.0
strong_externality,community_irrigation,hybrid,Hybrid oversight,high_actor,limited_overseer,1,5,0.0,0.0,14.557467798885401,0.18787544522588032,0.04845833333333333,0.013066153940534415,0.00038541666666666667,0.00020856107343933253,14.242015434011432,0.14693377260478518,3.2781,0.09066518323694536
strong_externality,community_irrigation,hybrid,Hybrid oversight,high_actor,strong_overseer,0,5,0.0,0.0,15.023766736418361,0.03265765049016809,0.0,0.0,0.0,0.0,14.877592024808672,0.08775240242527957,0.0,0.0
strong_externality,community_irrigation,hybrid,Hybrid oversight,high_actor,weak_overseer,2,5,0.0,0.0,14.316113174824338,0.14031554826408443,0.06143229166666664,0.023459181233288696,0.02208854166666666,0.01064441266817231,14.222221307087995,0.308568790491708,2.2855666666666665,0.0313986619495516
strong_externality,community_irrigation,hybrid,Hybrid oversight,low_actor,limited_overseer,-1,5,0.0,0.0,14.696408102946572,0.11793384660379438,0.030395833333333334,0.014585782439439431,9.375e-05,5.799754544614606e-05,14.136468383857508,0.419449571333472,3.2637166666666664,0.057945215385837606
strong_externality,community_irrigation,hybrid,Hybrid oversight,low_actor,strong_overseer,-2,5,0.0,0.0,15.125003673412646,0.049337524598375065,0.0,0.0,0.0,0.0,14.6719663340674,0.19705367399298465,0.0,0.0
strong_externality,community_irrigation,hybrid,Hybrid oversight,low_actor,weak_overseer,0,5,0.0,0.0,14.452257133348144,0.11668221961959166,0.04132812499999999,0.01499123776557238,0.007828124999999995,0.004707981872944309,13.700527189165518,0.20714299438130093,2.3233833333333336,0.03934716917673011
strong_externality,community_irrigation,hybrid,Hybrid oversight,medium_actor,limited_overseer,0,5,0.0,0.0,14.442978117771279,0.07717468807114342,0.05745312500000001,0.009760527836435558,0.0004947916666666666,0.0001879696086731103,14.21641956691828,0.1560947415868269,3.3153916666666667,0.023745400139348657
strong_externality,community_irrigation,hybrid,Hybrid oversight,medium_actor,strong_overseer,-1,5,0.0,0.0,15.01192730014551,0.021777461558808452,0.0,0.0,0.0,0.0,14.788769174538226,0.13860355588306866,0.0,0.0
strong_externality,community_irrigation,hybrid,Hybrid oversight,medium_actor,weak_overseer,1,5,0.0,0.0,14.288327227570202,0.07935079812596452,0.060999999999999985,0.010917667410992541,0.014395833333333335,0.005771255202314575,13.638014300835565,0.3713700692254424,2.3665833333333333,0.05443081745563706
strong_externality,community_irrigation,none,No oversight,high_actor,limited_overseer,1,5,0.012083333333333333,0.012083333333333331,12.477763612787262,0.06461648794571029,0.056070265456644376,0.003495485421245294,1.0416666666666668e-05,1.0416666666666666e-05,16.64061730006428,0.054991519357643126,0.0,0.0
strong_externality,community_irrigation,none,No oversight,high_actor,strong_overseer,0,5,0.012083333333333333,0.012083333333333331,12.477763612787262,0.06461648794571029,0.056070265456644376,0.003495485421245294,1.0416666666666668e-05,1.0416666666666666e-05,16.64061730006428,0.054991519357643126,0.0,0.0
strong_externality,community_irrigation,none,No oversight,high_actor,weak_overseer,2,5,0.012083333333333333,0.012083333333333331,12.477763612787262,0.06461648794571029,0.056070265456644376,0.003495485421245294,1.0416666666666668e-05,1.0416666666666666e-05,16.64061730006428,0.054991519357643126,0.0,0.0
strong_externality,community_irrigation,none,No oversight,low_actor,limited_overseer,-1,5,0.012083333333333333,0.012083333333333331,12.187793804116836,0.28547572808370186,0.10096089045664436,0.04268868061632608,1.0416666666666668e-05,1.0416666666666666e-05,16.041197175764772,0.24481553105162618,0.0,0.0
strong_externality,community_irrigation,none,No oversight,low_actor,strong_overseer,-2,5,0.012083333333333333,0.012083333333333331,12.187793804116836,0.28547572808370186,0.10096089045664436,0.04268868061632608,1.0416666666666668e-05,1.0416666666666666e-05,16.041197175764772,0.24481553105162618,0.0,0.0
strong_externality,community_irrigation,none,No oversight,low_actor,weak_overseer,0,5,0.012083333333333333,0.012083333333333331,12.187793804116836,0.28547572808370186,0.10096089045664436,0.04268868061632608,1.0416666666666668e-05,1.0416666666666666e-05,16.041197175764772,0.24481553105162618,0.0,0.0
strong_externality,community_irrigation,none,No oversight,medium_actor,limited_overseer,0,5,0.012083333333333333,0.012083333333333331,12.26090094842468,0.21811465229641736,0.05828380712331105,0.003482634262903278,1.0416666666666668e-05,1.0416666666666666e-05,16.511189139059674,0.07367144605530362,0.0,0.0
strong_externality,community_irrigation,none,No oversight,medium_actor,strong_overseer,-1,5,0.012083333333333333,0.012083333333333331,12.26090094842468,0.21811465229641736,0.05828380712331105,0.003482634262903278,1.0416666666666668e-05,1.0416666666666666e-05,16.511189139059674,0.07367144605530362,0.0,0.0
strong_externality,community_irrigation,none,No oversight,medium_actor,weak_overseer,1,5,0.012083333333333333,0.012083333333333331,12.26090094842468,0.21811465229641736,0.05828380712331105,0.003482634262903278,1.0416666666666668e-05,1.0416666666666666e-05,16.511189139059674,0.07367144605530362,0.0,0.0
strong_externality,community_irrigation,top_down_only,Global signal,high_actor,limited_overseer,1,5,0.0,0.0,14.336183435687644,0.04214135767095834,0.07176041666666666,0.003056903457039448,0.0010416666666666654,0.0004691115503815568,14.009394101550686,0.20710874944386848,3.4169583333333335,0.029285081052000277
strong_externality,community_irrigation,top_down_only,Global signal,high_actor,strong_overseer,0,5,0.0,0.0,14.98716816028546,0.01789638542485609,0.0,0.0,0.0,0.0,14.879981653051974,0.11193314305796187,0.0,0.0
strong_externality,community_irrigation,top_down_only,Global signal,high_actor,weak_overseer,2,5,0.0,0.0,14.12839246909859,0.13260587029630874,0.08809895833333332,0.01675466676800659,0.029869791666666656,0.013488821668490551,13.723884317256097,0.23860816515699634,2.3679833333333336,0.03400799946744548
strong_externality,community_irrigation,top_down_only,Global signal,low_actor,limited_overseer,-1,5,0.0,0.0,14.708100716511392,0.12613622814317124,0.02765625,0.011947577802336415,0.00026562499999999996,0.0002462831336986852,13.904985877972365,0.3006041878452202,3.337558333333333,0.03876700478141462
strong_externality,community_irrigation,top_down_only,Global signal,low_actor,strong_overseer,-2,5,0.0,0.0,15.06572613051824,0.04542646402155299,0.0,0.0,0.0,0.0,14.490059204382552,0.31622026672362513,0.0,0.0
strong_externality,community_irrigation,top_down_only,Global signal,low_actor,weak_overseer,0,5,0.0,0.0,14.460194526411115,0.10231280714686365,0.053723958333333335,0.011631658436056753,0.010510416666666664,0.004965918458568643,13.332407205023623,0.3411937779045212,2.3168333333333333,0.029355708795545908
strong_externality,community_irrigation,top_down_only,Global signal,medium_actor,limited_overseer,0,5,0.0,0.0,14.324794232091168,0.047758432782222866,0.07618229166666665,0.004004414136148346,0.002380208333333333,0.0007279379528465624,13.629709466210915,0.29097264961680286,3.4796666666666667,0.05006338517042384
strong_externality,community_irrigation,top_down_only,Global signal,medium_actor,strong_overseer,-1,5,0.0,0.0,14.988804577510333,0.039301994296617904,0.0,0.0,0.0,0.0,14.708829450252797,0.21815842582376993,0.0,0.0
strong_externality,community_irrigation,top_down_only,Global signal,medium_actor,weak_overseer,1,5,0.0,0.0,14.203056416440734,0.054899690518458555,0.08940624999999999,0.011191032888987316,0.039041666666666655,0.009827558470467191,12.724030357602377,0.3874261704580326,2.465466666666667,0.04135163069470313
strong_externality,forest_co_management,bottom_up_only,Local oversight,high_actor,limited_overseer,1,5,0.09375,0.016588357697828654,11.439463147459097,0.20585368487035383,0.1776843964738478,0.027968551800680096,0.016249639026664646,0.00803732251267168,14.00151169563311,0.1344443502443528,0.0,0.0
strong_externality,forest_co_management,bottom_up_only,Local oversight,high_actor,strong_overseer,0,5,0.09375,0.016588357697828654,11.439463147459097,0.20585368487035383,0.1776843964738478,0.027968551800680096,0.016249639026664646,0.00803732251267168,14.00151169563311,0.1344443502443528,0.0,0.0
strong_externality,forest_co_management,bottom_up_only,Local oversight,high_actor,weak_overseer,2,5,0.09375,0.016588357697828654,11.439463147459097,0.20585368487035383,0.1776843964738478,0.027968551800680096,0.016249639026664646,0.00803732251267168,14.00151169563311,0.1344443502443528,0.0,0.0
strong_externality,forest_co_management,bottom_up_only,Local oversight,low_actor,limited_overseer,-1,5,0.09333333333333334,0.01632993161855452,11.161349058625794,0.45229967201311194,0.2379296434722198,0.07757534850196052,0.017879847359997984,0.00825518398183871,13.628991988840975,0.14745468725801278,0.0,0.0
strong_externality,forest_co_management,bottom_up_only,Local oversight,low_actor,strong_overseer,-2,5,0.09333333333333334,0.01632993161855452,11.161349058625794,0.45229967201311194,0.2379296434722198,0.07757534850196052,0.017879847359997984,0.00825518398183871,13.628991988840975,0.14745468725801278,0.0,0.0
strong_externality,forest_co_management,bottom_up_only,Local oversight,low_actor,weak_overseer,0,5,0.09333333333333334,0.01632993161855452,11.161349058625794,0.45229967201311194,0.2379296434722198,0.07757534850196052,0.017879847359997984,0.00825518398183871,13.628991988840975,0.14745468725801278,0.0,0.0
strong_externality,forest_co_management,bottom_up_only,Local oversight,medium_actor,limited_overseer,0,5,0.09333333333333334,0.01632993161855452,11.146322954557052,0.17667709373814877,0.17715870202940334,0.028473259936669326,0.007969546434072057,0.003576655000247285,13.848650235683149,0.06683587545072467,0.0,0.0
strong_externality,forest_co_management,bottom_up_only,Local oversight,medium_actor,strong_overseer,-1,5,0.09333333333333334,0.01632993161855452,11.146322954557052,0.17667709373814877,0.17715870202940334,0.028473259936669326,0.007969546434072057,0.003576655000247285,13.848650235683149,0.06683587545072467,0.0,0.0
strong_externality,forest_co_management,bottom_up_only,Local oversight,medium_actor,weak_overseer,1,5,0.09333333333333334,0.01632993161855452,11.146322954557052,0.17667709373814877,0.17715870202940334,0.028473259936669326,0.007969546434072057,0.003576655000247285,13.848650235683149,0.06683587545072467,0.0,0.0
strong_externality,forest_co_management,hybrid,Hybrid oversight,high_actor,limited_overseer,1,5,0.0,0.0,14.158975228759553,0.21143255762986152,0.07118229166666665,0.024255267048636966,0.025244791666666665,0.016199843719105364,11.053959626501026,0.36660707894075484,3.780308333333334,0.12167738223360264
strong_externality,forest_co_management,hybrid,Hybrid oversight,high_actor,strong_overseer,0,5,0.0,0.0,14.385738718033696,0.007646144897663747,0.0,0.0,0.0,0.0,12.461748255148354,0.08189571889411187,0.0,0.0
strong_externality,forest_co_management,hybrid,Hybrid oversight,high_actor,weak_overseer,2,5,0.0,0.0,14.060876708312374,0.0810893545279868,0.031161458333333326,0.010138407805248354,0.005588541666666664,0.0026610021828603397,11.650808720670074,0.39698679256892094,2.686983333333333,0.04823944472916098
strong_externality,forest_co_management,hybrid,Hybrid oversight,low_actor,limited_overseer,-1,5,0.0,0.0,14.241510022501867,0.16456358512323918,0.04804166666666666,0.016696521519097132,0.012177083333333328,0.007989834578839674,11.004871886682446,0.3627849545610553,3.7987916666666672,0.06409188418244202
strong_externality,forest_co_management,hybrid,Hybrid oversight,low_actor,strong_overseer,-2,5,0.0,0.0,14.428519326034897,0.016800767874729793,0.0,0.0,0.0,0.0,12.414882663135396,0.11480031171158792,0.0,0.0
strong_externality,forest_co_management,hybrid,Hybrid oversight,low_actor,weak_overseer,0,5,0.005416666666666667,0.005416666666666666,13.81726335266195,0.11269748815187476,0.07207205165692007,0.011799263555346759,0.020965831888795812,0.007777575444989562,11.001232343032804,0.3476990528159024,2.6227,0.05660568164455262
strong_externality,forest_co_management,hybrid,Hybrid oversight,medium_actor,limited_overseer,0,5,0.0,0.0,14.315427536158268,0.3012440357557487,0.058229166666666665,0.028125273677294994,0.021984374999999997,0.01513128940486631,10.877209036157105,0.40600145014297967,3.7309833333333335,0.1079557792699297
strong_externality,forest_co_management,hybrid,Hybrid oversight,medium_actor,strong_overseer,-1,5,0.0,0.0,14.384329354789477,0.008714597375997836,0.0,0.0,0.0,0.0,12.438232320646028,0.10188292673651583,0.0,0.0
strong_externality,forest_co_management,hybrid,Hybrid oversight,medium_actor,weak_overseer,1,5,0.0020833333333333333,0.001613743060919757,13.978517434953641,0.16161459616020082,0.06326533189033189,0.021935041991014943,0.02038919327200577,0.012413195051266398,10.676617629096834,0.43056844003797057,2.671666666666667,0.06597104267951372
strong_externality,forest_co_management,none,No oversight,high_actor,limited_overseer,1,5,0.10500000000000001,0.02470836846540504,11.265355425961346,0.20000076580357157,0.20751294939043693,0.029365749027680535,0.01724991461975347,0.009155162322303897,13.950954991999144,0.13482255198029364,0.0,0.0
strong_externality,forest_co_management,none,No oversight,high_actor,strong_overseer,0,5,0.10500000000000001,0.02470836846540504,11.265355425961346,0.20000076580357157,0.20751294939043693,0.029365749027680535,0.01724991461975347,0.009155162322303897,13.950954991999144,0.13482255198029364,0.0,0.0
strong_externality,forest_co_management,none,No oversight,high_actor,weak_overseer,2,5,0.10500000000000001,0.02470836846540504,11.265355425961346,0.20000076580357157,0.20751294939043693,0.029365749027680535,0.01724991461975347,0.009155162322303897,13.950954991999144,0.13482255198029364,0.0,0.0
strong_externality,forest_co_management,none,No oversight,low_actor,limited_overseer,-1,5,0.11916666666666667,0.029947871376777343,10.683327857084333,0.5036468360261812,0.30553876293196425,0.09490292418726415,0.020971272834148992,0.011559806156595622,13.649667780306222,0.21333944090010926,0.0,0.0
strong_externality,forest_co_management,none,No oversight,low_actor,strong_overseer,-2,5,0.11916666666666667,0.029947871376777343,10.683327857084333,0.5036468360261812,0.30553876293196425,0.09490292418726415,0.020971272834148992,0.011559806156595622,13.649667780306222,0.21333944090010926,0.0,0.0
strong_externality,forest_co_management,none,No oversight,low_actor,weak_overseer,0,5,0.11916666666666667,0.029947871376777343,10.683327857084333,0.5036468360261812,0.30553876293196425,0.09490292418726415,0.020971272834148992,0.011559806156595622,13.649667780306222,0.21333944090010926,0.0,0.0
strong_externality,forest_co_management,none,No oversight,medium_actor,limited_overseer,0,5,0.10833333333333335,0.025060690222825956,10.93545905727939,0.2260649551505407,0.22589922870174134,0.026180444573554774,0.017549671816470543,0.008921843133934638,14.149299095321453,0.045593253008029855,0.0,0.0
strong_externality,forest_co_management,none,No oversight,medium_actor,strong_overseer,-1,5,0.10833333333333335,0.025060690222825956,10.93545905727939,0.2260649551505407,0.22589922870174134,0.026180444573554774,0.017549671816470543,0.008921843133934638,14.149299095321453,0.045593253008029855,0.0,0.0
strong_externality,forest_co_management,none,No oversight,medium_actor,weak_overseer,1,5,0.10833333333333335,0.025060690222825956,10.93545905727939,0.2260649551505407,0.22589922870174134,0.026180444573554774,0.017549671816470543,0.008921843133934638,14.149299095321453,0.045593253008029855,0.0,0.0
strong_externality,forest_co_management,top_down_only,Global signal,high_actor,limited_overseer,1,5,0.0,0.0,13.730233280174195,0.12307944305120826,0.11786458333333334,0.017370617406034825,0.04551041666666666,0.015384610447026947,11.187674554427636,0.10728149972497356,3.8903,0.034692136577007995
strong_externality,forest_co_management,top_down_only,Global signal,high_actor,strong_overseer,0,5,0.0,0.0,14.370572446149975,0.010676312845991673,0.0,0.0,0.0,0.0,12.54034523220851,0.03816177066989035,0.0,0.0
strong_externality,forest_co_management,top_down_only,Global signal,high_actor,weak_overseer,2,5,0.00041666666666666664,0.0004166666666666666,13.486633034220421,0.11931672953395524,0.13143683226495725,0.014382552848492589,0.04951362179487178,0.004609545082123201,11.792076723712094,0.2566074329310112,2.597716666666667,0.016756188740614915
strong_externality,forest_co_management,top_down_only,Global signal,low_actor,limited_overseer,-1,5,0.0,0.0,14.100167329505833,0.16143143974068402,0.06463541666666667,0.020762446131882925,0.01842708333333333,0.011299681724484666,11.31277959883855,0.2463749193839759,3.7805,0.043089306887620596
strong_externality,forest_co_management,top_down_only,Global signal,low_actor,strong_overseer,-2,5,0.0,0.0,14.392805331463038,0.01253401780463497,0.0,0.0,0.0,0.0,12.526761546949068,0.060561819722097475,0.0,0.0
strong_externality,forest_co_management,top_down_only,Global signal,low_actor,weak_overseer,0,5,0.0,0.0,13.8114097310023,0.10528693067089262,0.105171875,0.01473193126238437,0.04597916666666666,0.013840935391548537,10.91654660049594,0.1555311802890956,2.6365333333333334,0.0408457515130602
strong_externality,forest_co_management,top_down_only,Global signal,medium_actor,limited_overseer,0,5,0.0,0.0,14.01856147283753,0.11996965831289327,0.09566666666666665,0.011968050208908357,0.04132812499999999,0.010023156375961571,10.189951930168496,0.29745125462481464,4.040625,0.04172582467063352
strong_externality,forest_co_management,top_down_only,Global signal,medium_actor,strong_overseer,-1,5,0.0,0.0,14.36402086638562,0.011047274947237309,0.0,0.0,0.0,0.0,12.510427176637874,0.04445767810189199,0.0,0.0
strong_externality,forest_co_management,top_down_only,Global signal,medium_actor,weak_overseer,1,5,0.00041666666666666664,0.0004166666666666666,13.651799298307049,0.11517798920022745,0.1344671052631579,0.012422856768800505,0.05572633406432749,0.004975909310877305,11.01737266124979,0.3011650451852307,2.6369833333333332,0.03534934189234965
