scenario_preset,condition,actor_capability_level,overseer_capability_level,capability_gap,run_id,generation,condition_label,stress_regime,garden_failure_rate,mean_patch_health,global_unsafe_rate,local_pass_global_fail_rate,mean_welfare,governance_budget_spent
community_irrigation,bottom_up_only,high_actor,limited_overseer,1,0,14,Local oversight,held_out_average,0.0,12.749663785546185,0.0,0.0,16.968059811966775,0.0
community_irrigation,bottom_up_only,high_actor,limited_overseer,1,0,14,Local oversight,noisy_weather,0.0,12.791474656235811,0.0,0.0,17.22814841325819,0.0
community_irrigation,bottom_up_only,high_actor,limited_overseer,1,0,14,Local oversight,strong_externality,0.0,12.767190808678418,0.0,0.0,17.20835710929493,0.0
community_irrigation,bottom_up_only,high_actor,limited_overseer,1,0,14,Local oversight,low_init,0.0,12.81187552834145,0.0,0.0,17.200266158412717,0.0
community_irrigation,bottom_up_only,high_actor,limited_overseer,1,0,14,Local oversight,slow_regen,0.0,12.628114148929049,0.0,0.0,16.235467566901264,0.0
community_irrigation,bottom_up_only,high_actor,limited_overseer,1,1,14,Local oversight,held_out_average,0.0,12.125495801977069,0.048828125,0.0,16.755351342304223,0.0
community_irrigation,bottom_up_only,high_actor,limited_overseer,1,1,14,Local oversight,noisy_weather,0.0,12.45783349985486,0.009765625,0.0,17.294695928067448,0.0
community_irrigation,bottom_up_only,high_actor,limited_overseer,1,1,14,Local oversight,strong_externality,0.0,12.50182661205474,0.0,0.0,17.295854835152266,0.0
community_irrigation,bottom_up_only,high_actor,limited_overseer,1,1,14,Local oversight,low_init,0.0,12.402629646275756,0.000390625,0.0,17.210679048659536,0.0
community_irrigation,bottom_up_only,high_actor,limited_overseer,1,1,14,Local oversight,slow_regen,0.0,11.139693449722923,0.18515625,0.0,15.22017555733765,0.0
community_irrigation,bottom_up_only,high_actor,limited_overseer,1,2,14,Local oversight,held_out_average,0.0,12.86228025611964,0.0,0.0,17.18839071643984,0.0
community_irrigation,bottom_up_only,high_actor,limited_overseer,1,2,14,Local oversight,noisy_weather,0.0,12.947874863674365,0.0,0.0,17.48763552380276,0.0
community_irrigation,bottom_up_only,high_actor,limited_overseer,1,2,14,Local oversight,strong_externality,0.0,12.911358930845456,0.0,0.0,17.439816323102235,0.0
community_irrigation,bottom_up_only,high_actor,limited_overseer,1,2,14,Local oversight,low_init,0.0,12.928379925206348,0.0,0.0,17.40808783191112,0.0
community_irrigation,bottom_up_only,high_actor,limited_overseer,1,2,14,Local oversight,slow_regen,0.0,12.661507304752378,0.0,0.0,16.418023186943245,0.0
community_irrigation,bottom_up_only,high_actor,limited_overseer,1,3,14,Local oversight,held_out_average,0.0,12.4098297636939,0.00732421875,0.0,16.96321853068844,0.0
community_irrigation,bottom_up_only,high_actor,limited_overseer,1,3,14,Local oversight,noisy_weather,0.0,12.515605284725453,0.001953125,0.0,17.314666889048233,0.0
community_irrigation,bottom_up_only,high_actor,limited_overseer,1,3,14,Local oversight,strong_externality,0.0,12.767860280200278,0.0,0.0,17.491887309929055,0.0
community_irrigation,bottom_up_only,high_actor,limited_overseer,1,3,14,Local oversight,low_init,0.0,12.6823175168526,0.0,0.0,17.337334350028172,0.0
community_irrigation,bottom_up_only,high_actor,limited_overseer,1,3,14,Local oversight,slow_regen,0.0,11.67353597299728,0.02734375,0.0,15.708985573748295,0.0
community_irrigation,bottom_up_only,high_actor,limited_overseer,1,4,14,Local oversight,held_out_average,0.0,12.468488673492349,0.00849609375,0.0,16.930055287488507,0.0
community_irrigation,bottom_up_only,high_actor,limited_overseer,1,4,14,Local oversight,noisy_weather,0.0,12.640832185104047,0.00078125,0.0,17.341446259829635,0.0
community_irrigation,bottom_up_only,high_actor,limited_overseer,1,4,14,Local oversight,strong_externality,0.0,12.719084792673211,0.00078125,0.0,17.3432257048291,0.0
community_irrigation,bottom_up_only,high_actor,limited_overseer,1,4,14,Local oversight,low_init,0.0,12.738930690949635,0.00078125,0.0,17.317473788746266,0.0
community_irrigation,bottom_up_only,high_actor,limited_overseer,1,4,14,Local oversight,slow_regen,0.0,11.775107025242496,0.031640625,0.0,15.718075396549017,0.0
community_irrigation,bottom_up_only,high_actor,strong_overseer,0,0,14,Local oversight,held_out_average,0.0,12.749663785546185,0.0,0.0,16.968059811966775,0.0
community_irrigation,bottom_up_only,high_actor,strong_overseer,0,0,14,Local oversight,noisy_weather,0.0,12.791474656235811,0.0,0.0,17.22814841325819,0.0
community_irrigation,bottom_up_only,high_actor,strong_overseer,0,0,14,Local oversight,strong_externality,0.0,12.767190808678418,0.0,0.0,17.20835710929493,0.0
community_irrigation,bottom_up_only,high_actor,strong_overseer,0,0,14,Local oversight,low_init,0.0,12.81187552834145,0.0,0.0,17.200266158412717,0.0
community_irrigation,bottom_up_only,high_actor,strong_overseer,0,0,14,Local oversight,slow_regen,0.0,12.628114148929049,0.0,0.0,16.235467566901264,0.0
community_irrigation,bottom_up_only,high_actor,strong_overseer,0,1,14,Local oversight,held_out_average,0.0,12.125495801977069,0.048828125,0.0,16.755351342304223,0.0
community_irrigation,bottom_up_only,high_actor,strong_overseer,0,1,14,Local oversight,noisy_weather,0.0,12.45783349985486,0.009765625,0.0,17.294695928067448,0.0
community_irrigation,bottom_up_only,high_actor,strong_overseer,0,1,14,Local oversight,strong_externality,0.0,12.50182661205474,0.0,0.0,17.295854835152266,0.0
community_irrigation,bottom_up_only,high_actor,strong_overseer,0,1,14,Local oversight,low_init,0.0,12.402629646275756,0.000390625,0.0,17.210679048659536,0.0
community_irrigation,bottom_up_only,high_actor,strong_overseer,0,1,14,Local oversight,slow_regen,0.0,11.139693449722923,0.18515625,0.0,15.22017555733765,0.0
community_irrigation,bottom_up_only,high_actor,strong_overseer,0,2,14,Local oversight,held_out_average,0.0,12.86228025611964,0.0,0.0,17.18839071643984,0.0
community_irrigation,bottom_up_only,high_actor,strong_overseer,0,2,14,Local oversight,noisy_weather,0.0,12.947874863674365,0.0,0.0,17.48763552380276,0.0
community_irrigation,bottom_up_only,high_actor,strong_overseer,0,2,14,Local oversight,strong_externality,0.0,12.911358930845456,0.0,0.0,17.439816323102235,0.0
community_irrigation,bottom_up_only,high_actor,strong_overseer,0,2,14,Local oversight,low_init,0.0,12.928379925206348,0.0,0.0,17.40808783191112,0.0
community_irrigation,bottom_up_only,high_actor,strong_overseer,0,2,14,Local oversight,slow_regen,0.0,12.661507304752378,0.0,0.0,16.418023186943245,0.0
community_irrigation,bottom_up_only,high_actor,strong_overseer,0,3,14,Local oversight,held_out_average,0.0,12.4098297636939,0.00732421875,0.0,16.96321853068844,0.0
community_irrigation,bottom_up_only,high_actor,strong_overseer,0,3,14,Local oversight,noisy_weather,0.0,12.515605284725453,0.001953125,0.0,17.314666889048233,0.0
community_irrigation,bottom_up_only,high_actor,strong_overseer,0,3,14,Local oversight,strong_externality,0.0,12.767860280200278,0.0,0.0,17.491887309929055,0.0
community_irrigation,bottom_up_only,high_actor,strong_overseer,0,3,14,Local oversight,low_init,0.0,12.6823175168526,0.0,0.0,17.337334350028172,0.0
community_irrigation,bottom_up_only,high_actor,strong_overseer,0,3,14,Local oversight,slow_regen,0.0,11.67353597299728,0.02734375,0.0,15.708985573748295,0.0
community_irrigation,bottom_up_only,high_actor,strong_overseer,0,4,14,Local oversight,held_out_average,0.0,12.468488673492349,0.00849609375,0.0,16.930055287488507,0.0
community_irrigation,bottom_up_only,high_actor,strong_overseer,0,4,14,Local oversight,noisy_weather,0.0,12.640832185104047,0.00078125,0.0,17.341446259829635,0.0
community_irrigation,bottom_up_only,high_actor,strong_overseer,0,4,14,Local oversight,strong_externality,0.0,12.719084792673211,0.00078125,0.0,17.3432257048291,0.0
community_irrigation,bottom_up_only,high_actor,strong_overseer,0,4,14,Local oversight,low_init,0.0,12.738930690949635,0.00078125,0.0,17.317473788746266,0.0
community_irrigation,bottom_up_only,high_actor,strong_overseer,0,4,14,Local oversight,slow_regen,0.0,11.775107025242496,0.031640625,0.0,15.718075396549017,0.0
community_irrigation,bottom_up_only,high_actor,weak_overseer,2,0,14,Local oversight,held_out_average,0.0,12.749663785546185,0.0,0.0,16.968059811966775,0.0
community_irrigation,bottom_up_only,high_actor,weak_overseer,2,0,14,Local oversight,noisy_weather,0.0,12.791474656235811,0.0,0.0,17.22814841325819,0.0
community_irrigation,bottom_up_only,high_actor,weak_overseer,2,0,14,Local oversight,strong_externality,0.0,12.767190808678418,0.0,0.0,17.20835710929493,0.0
community_irrigation,bottom_up_only,high_actor,weak_overseer,2,0,14,Local oversight,low_init,0.0,12.81187552834145,0.0,0.0,17.200266158412717,0.0
community_irrigation,bottom_up_only,high_actor,weak_overseer,2,0,14,Local oversight,slow_regen,0.0,12.628114148929049,0.0,0.0,16.235467566901264,0.0
community_irrigation,bottom_up_only,high_actor,weak_overseer,2,1,14,Local oversight,held_out_average,0.0,12.125495801977069,0.048828125,0.0,16.755351342304223,0.0
community_irrigation,bottom_up_only,high_actor,weak_overseer,2,1,14,Local oversight,noisy_weather,0.0,12.45783349985486,0.009765625,0.0,17.294695928067448,0.0
community_irrigation,bottom_up_only,high_actor,weak_overseer,2,1,14,Local oversight,strong_externality,0.0,12.50182661205474,0.0,0.0,17.295854835152266,0.0
community_irrigation,bottom_up_only,high_actor,weak_overseer,2,1,14,Local oversight,low_init,0.0,12.402629646275756,0.000390625,0.0,17.210679048659536,0.0
community_irrigation,bottom_up_only,high_actor,weak_overseer,2,1,14,Local oversight,slow_regen,0.0,11.139693449722923,0.18515625,0.0,15.22017555733765,0.0
community_irrigation,bottom_up_only,high_actor,weak_overseer,2,2,14,Local oversight,held_out_average,0.0,12.86228025611964,0.0,0.0,17.18839071643984,0.0
community_irrigation,bottom_up_only,high_actor,weak_overseer,2,2,14,Local oversight,noisy_weather,0.0,12.947874863674365,0.0,0.0,17.48763552380276,0.0
community_irrigation,bottom_up_only,high_actor,weak_overseer,2,2,14,Local oversight,strong_externality,0.0,12.911358930845456,0.0,0.0,17.439816323102235,0.0
community_irrigation,bottom_up_only,high_actor,weak_overseer,2,2,14,Local oversight,low_init,0.0,12.928379925206348,0.0,0.0,17.40808783191112,0.0
community_irrigation,bottom_up_only,high_actor,weak_overseer,2,2,14,Local oversight,slow_regen,0.0,12.661507304752378,0.0,0.0,16.418023186943245,0.0
community_irrigation,bottom_up_only,high_actor,weak_overseer,2,3,14,Local oversight,held_out_average,0.0,12.4098297636939,0.00732421875,0.0,16.96321853068844,0.0
community_irrigation,bottom_up_only,high_actor,weak_overseer,2,3,14,Local oversight,noisy_weather,0.0,12.515605284725453,0.001953125,0.0,17.314666889048233,0.0
community_irrigation,bottom_up_only,high_actor,weak_overseer,2,3,14,Local oversight,strong_externality,0.0,12.767860280200278,0.0,0.0,17.491887309929055,0.0
community_irrigation,bottom_up_only,high_actor,weak_overseer,2,3,14,Local oversight,low_init,0.0,12.6823175168526,0.0,0.0,17.337334350028172,0.0
community_irrigation,bottom_up_only,high_actor,weak_overseer,2,3,14,Local oversight,slow_regen,0.0,11.67353597299728,0.02734375,0.0,15.708985573748295,0.0
community_irrigation,bottom_up_only,high_actor,weak_overseer,2,4,14,Local oversight,held_out_average,0.0,12.468488673492349,0.00849609375,0.0,16.930055287488507,0.0
community_irrigation,bottom_up_only,high_actor,weak_overseer,2,4,14,Local oversight,noisy_weather,0.0,12.640832185104047,0.00078125,0.0,17.341446259829635,0.0
community_irrigation,bottom_up_only,high_actor,weak_overseer,2,4,14,Local oversight,strong_externality,0.0,12.719084792673211,0.00078125,0.0,17.3432257048291,0.0
community_irrigation,bottom_up_only,high_actor,weak_overseer,2,4,14,Local oversight,low_init,0.0,12.738930690949635,0.00078125,0.0,17.317473788746266,0.0
community_irrigation,bottom_up_only,high_actor,weak_overseer,2,4,14,Local oversight,slow_regen,0.0,11.775107025242496,0.031640625,0.0,15.718075396549017,0.0
community_irrigation,bottom_up_only,low_actor,limited_overseer,-1,0,14,Local oversight,held_out_average,0.0,12.025460829160538,0.0,0.0,16.538049841213905,0.0
community_irrigation,bottom_up_only,low_actor,limited_overseer,-1,0,14,Local oversight,noisy_weather,0.0,12.080283250267271,0.0,0.0,16.826955371986777,0.0
community_irrigation,bottom_up_only,low_actor,limited_overseer,-1,0,14,Local oversight,strong_externality,0.0,12.088194727561309,0.0,0.0,16.805418078248152,0.0
community_irrigation,bottom_up_only,low_actor,limited_overseer,-1,0,14,Local oversight,low_init,0.0,12.138835618439105,0.0,0.0,16.810833615185963,0.0
community_irrigation,bottom_up_only,low_actor,limited_overseer,-1,0,14,Local oversight,slow_regen,0.0,11.794529720374468,0.0,0.0,15.70899229943472,0.0
community_irrigation,bottom_up_only,low_actor,limited_overseer,-1,1,14,Local oversight,held_out_average,0.0,12.848260579760426,0.0,0.0,16.94816016590155,0.0
community_irrigation,bottom_up_only,low_actor,limited_overseer,-1,1,14,Local oversight,noisy_weather,0.0,12.898036549981704,0.0,0.0,17.251755893349642,0.0
community_irrigation,bottom_up_only,low_actor,limited_overseer,-1,1,14,Local oversight,strong_externality,0.0,12.878938803469502,0.0,0.0,17.192581070723502,0.0
community_irrigation,bottom_up_only,low_actor,limited_overseer,-1,1,14,Local oversight,low_init,0.0,12.884384083595602,0.0,0.0,17.161437745027435,0.0
community_irrigation,bottom_up_only,low_actor,limited_overseer,-1,1,14,Local oversight,slow_regen,0.0,12.731682881994896,0.0,0.0,16.186865954505638,0.0
community_irrigation,bottom_up_only,low_actor,limited_overseer,-1,2,14,Local oversight,held_out_average,0.0,13.075869535350105,0.0,0.0,16.99815588225927,0.0
community_irrigation,bottom_up_only,low_actor,limited_overseer,-1,2,14,Local oversight,noisy_weather,0.0,13.13636306297442,0.0,0.0,17.29837531333382,0.0
community_irrigation,bottom_up_only,low_actor,limited_overseer,-1,2,14,Local oversight,strong_externality,0.0,13.110179088218215,0.0,0.0,17.246779506674514,0.0
community_irrigation,bottom_up_only,low_actor,limited_overseer,-1,2,14,Local oversight,low_init,0.0,13.137035229505006,0.0,0.0,17.21770739186172,0.0
community_irrigation,bottom_up_only,low_actor,limited_overseer,-1,2,14,Local oversight,slow_regen,0.0,12.91990076070277,0.0,0.0,16.229761317167004,0.0
community_irrigation,bottom_up_only,low_actor,limited_overseer,-1,3,14,Local oversight,held_out_average,0.0,12.181720362980666,0.07373046875,0.0,16.92316393152906,0.0
community_irrigation,bottom_up_only,low_actor,limited_overseer,-1,3,14,Local oversight,noisy_weather,0.0,12.669371171509995,0.0,0.0,17.40553398433117,0.0
community_irrigation,bottom_up_only,low_actor,limited_overseer,-1,3,14,Local oversight,strong_externality,0.0,12.742765289660635,0.0,0.0,17.401642903995914,0.0
community_irrigation,bottom_up_only,low_actor,limited_overseer,-1,3,14,Local oversight,low_init,0.0,12.64798170207638,0.0,0.0,17.33164257961209,0.0
community_irrigation,bottom_up_only,low_actor,limited_overseer,-1,3,14,Local oversight,slow_regen,0.0,10.666763288675648,0.294921875,0.0,15.55383625817706,0.0
community_irrigation,bottom_up_only,low_actor,limited_overseer,-1,4,14,Local oversight,held_out_average,0.0,12.286345288808093,0.0,0.0,16.915533761470442,0.0
community_irrigation,bottom_up_only,low_actor,limited_overseer,-1,4,14,Local oversight,noisy_weather,0.0,12.356662193787344,0.0,0.0,17.22756510700866,0.0
community_irrigation,bottom_up_only,low_actor,limited_overseer,-1,4,14,Local oversight,strong_externality,0.0,12.343577665507658,0.0,0.0,17.15265405099154,0.0
community_irrigation,bottom_up_only,low_actor,limited_overseer,-1,4,14,Local oversight,low_init,0.0,12.325399102595313,0.0,0.0,17.107310753481805,0.0
community_irrigation,bottom_up_only,low_actor,limited_overseer,-1,4,14,Local oversight,slow_regen,0.0,12.11974219334206,0.0,0.0,16.174605134399776,0.0
community_irrigation,bottom_up_only,low_actor,strong_overseer,-2,0,14,Local oversight,held_out_average,0.0,12.025460829160538,0.0,0.0,16.538049841213905,0.0
community_irrigation,bottom_up_only,low_actor,strong_overseer,-2,0,14,Local oversight,noisy_weather,0.0,12.080283250267271,0.0,0.0,16.826955371986777,0.0
community_irrigation,bottom_up_only,low_actor,strong_overseer,-2,0,14,Local oversight,strong_externality,0.0,12.088194727561309,0.0,0.0,16.805418078248152,0.0
community_irrigation,bottom_up_only,low_actor,strong_overseer,-2,0,14,Local oversight,low_init,0.0,12.138835618439105,0.0,0.0,16.810833615185963,0.0
community_irrigation,bottom_up_only,low_actor,strong_overseer,-2,0,14,Local oversight,slow_regen,0.0,11.794529720374468,0.0,0.0,15.70899229943472,0.0
community_irrigation,bottom_up_only,low_actor,strong_overseer,-2,1,14,Local oversight,held_out_average,0.0,12.848260579760426,0.0,0.0,16.94816016590155,0.0
community_irrigation,bottom_up_only,low_actor,strong_overseer,-2,1,14,Local oversight,noisy_weather,0.0,12.898036549981704,0.0,0.0,17.251755893349642,0.0
community_irrigation,bottom_up_only,low_actor,strong_overseer,-2,1,14,Local oversight,strong_externality,0.0,12.878938803469502,0.0,0.0,17.192581070723502,0.0
community_irrigation,bottom_up_only,low_actor,strong_overseer,-2,1,14,Local oversight,low_init,0.0,12.884384083595602,0.0,0.0,17.161437745027435,0.0
community_irrigation,bottom_up_only,low_actor,strong_overseer,-2,1,14,Local oversight,slow_regen,0.0,12.731682881994896,0.0,0.0,16.186865954505638,0.0
community_irrigation,bottom_up_only,low_actor,strong_overseer,-2,2,14,Local oversight,held_out_average,0.0,13.075869535350105,0.0,0.0,16.99815588225927,0.0
community_irrigation,bottom_up_only,low_actor,strong_overseer,-2,2,14,Local oversight,noisy_weather,0.0,13.13636306297442,0.0,0.0,17.29837531333382,0.0
community_irrigation,bottom_up_only,low_actor,strong_overseer,-2,2,14,Local oversight,strong_externality,0.0,13.110179088218215,0.0,0.0,17.246779506674514,0.0
community_irrigation,bottom_up_only,low_actor,strong_overseer,-2,2,14,Local oversight,low_init,0.0,13.137035229505006,0.0,0.0,17.21770739186172,0.0
community_irrigation,bottom_up_only,low_actor,strong_overseer,-2,2,14,Local oversight,slow_regen,0.0,12.91990076070277,0.0,0.0,16.229761317167004,0.0
community_irrigation,bottom_up_only,low_actor,strong_overseer,-2,3,14,Local oversight,held_out_average,0.0,12.181720362980666,0.07373046875,0.0,16.92316393152906,0.0
community_irrigation,bottom_up_only,low_actor,strong_overseer,-2,3,14,Local oversight,noisy_weather,0.0,12.669371171509995,0.0,0.0,17.40553398433117,0.0
community_irrigation,bottom_up_only,low_actor,strong_overseer,-2,3,14,Local oversight,strong_externality,0.0,12.742765289660635,0.0,0.0,17.401642903995914,0.0
community_irrigation,bottom_up_only,low_actor,strong_overseer,-2,3,14,Local oversight,low_init,0.0,12.64798170207638,0.0,0.0,17.33164257961209,0.0
community_irrigation,bottom_up_only,low_actor,strong_overseer,-2,3,14,Local oversight,slow_regen,0.0,10.666763288675648,0.294921875,0.0,15.55383625817706,0.0
community_irrigation,bottom_up_only,low_actor,strong_overseer,-2,4,14,Local oversight,held_out_average,0.0,12.286345288808093,0.0,0.0,16.915533761470442,0.0
community_irrigation,bottom_up_only,low_actor,strong_overseer,-2,4,14,Local oversight,noisy_weather,0.0,12.356662193787344,0.0,0.0,17.22756510700866,0.0
community_irrigation,bottom_up_only,low_actor,strong_overseer,-2,4,14,Local oversight,strong_externality,0.0,12.343577665507658,0.0,0.0,17.15265405099154,0.0
community_irrigation,bottom_up_only,low_actor,strong_overseer,-2,4,14,Local oversight,low_init,0.0,12.325399102595313,0.0,0.0,17.107310753481805,0.0
community_irrigation,bottom_up_only,low_actor,strong_overseer,-2,4,14,Local oversight,slow_regen,0.0,12.11974219334206,0.0,0.0,16.174605134399776,0.0
community_irrigation,bottom_up_only,low_actor,weak_overseer,0,0,14,Local oversight,held_out_average,0.0,12.025460829160538,0.0,0.0,16.538049841213905,0.0
community_irrigation,bottom_up_only,low_actor,weak_overseer,0,0,14,Local oversight,noisy_weather,0.0,12.080283250267271,0.0,0.0,16.826955371986777,0.0
community_irrigation,bottom_up_only,low_actor,weak_overseer,0,0,14,Local oversight,strong_externality,0.0,12.088194727561309,0.0,0.0,16.805418078248152,0.0
community_irrigation,bottom_up_only,low_actor,weak_overseer,0,0,14,Local oversight,low_init,0.0,12.138835618439105,0.0,0.0,16.810833615185963,0.0
community_irrigation,bottom_up_only,low_actor,weak_overseer,0,0,14,Local oversight,slow_regen,0.0,11.794529720374468,0.0,0.0,15.70899229943472,0.0
community_irrigation,bottom_up_only,low_actor,weak_overseer,0,1,14,Local oversight,held_out_average,0.0,12.848260579760426,0.0,0.0,16.94816016590155,0.0
community_irrigation,bottom_up_only,low_actor,weak_overseer,0,1,14,Local oversight,noisy_weather,0.0,12.898036549981704,0.0,0.0,17.251755893349642,0.0
community_irrigation,bottom_up_only,low_actor,weak_overseer,0,1,14,Local oversight,strong_externality,0.0,12.878938803469502,0.0,0.0,17.192581070723502,0.0
community_irrigation,bottom_up_only,low_actor,weak_overseer,0,1,14,Local oversight,low_init,0.0,12.884384083595602,0.0,0.0,17.161437745027435,0.0
community_irrigation,bottom_up_only,low_actor,weak_overseer,0,1,14,Local oversight,slow_regen,0.0,12.731682881994896,0.0,0.0,16.186865954505638,0.0
community_irrigation,bottom_up_only,low_actor,weak_overseer,0,2,14,Local oversight,held_out_average,0.0,13.075869535350105,0.0,0.0,16.99815588225927,0.0
community_irrigation,bottom_up_only,low_actor,weak_overseer,0,2,14,Local oversight,noisy_weather,0.0,13.13636306297442,0.0,0.0,17.29837531333382,0.0
community_irrigation,bottom_up_only,low_actor,weak_overseer,0,2,14,Local oversight,strong_externality,0.0,13.110179088218215,0.0,0.0,17.246779506674514,0.0
community_irrigation,bottom_up_only,low_actor,weak_overseer,0,2,14,Local oversight,low_init,0.0,13.137035229505006,0.0,0.0,17.21770739186172,0.0
community_irrigation,bottom_up_only,low_actor,weak_overseer,0,2,14,Local oversight,slow_regen,0.0,12.91990076070277,0.0,0.0,16.229761317167004,0.0
community_irrigation,bottom_up_only,low_actor,weak_overseer,0,3,14,Local oversight,held_out_average,0.0,12.181720362980666,0.07373046875,0.0,16.92316393152906,0.0
community_irrigation,bottom_up_only,low_actor,weak_overseer,0,3,14,Local oversight,noisy_weather,0.0,12.669371171509995,0.0,0.0,17.40553398433117,0.0
community_irrigation,bottom_up_only,low_actor,weak_overseer,0,3,14,Local oversight,strong_externality,0.0,12.742765289660635,0.0,0.0,17.401642903995914,0.0
community_irrigation,bottom_up_only,low_actor,weak_overseer,0,3,14,Local oversight,low_init,0.0,12.64798170207638,0.0,0.0,17.33164257961209,0.0
community_irrigation,bottom_up_only,low_actor,weak_overseer,0,3,14,Local oversight,slow_regen,0.0,10.666763288675648,0.294921875,0.0,15.55383625817706,0.0
community_irrigation,bottom_up_only,low_actor,weak_overseer,0,4,14,Local oversight,held_out_average,0.0,12.286345288808093,0.0,0.0,16.915533761470442,0.0
community_irrigation,bottom_up_only,low_actor,weak_overseer,0,4,14,Local oversight,noisy_weather,0.0,12.356662193787344,0.0,0.0,17.22756510700866,0.0
community_irrigation,bottom_up_only,low_actor,weak_overseer,0,4,14,Local oversight,strong_externality,0.0,12.343577665507658,0.0,0.0,17.15265405099154,0.0
community_irrigation,bottom_up_only,low_actor,weak_overseer,0,4,14,Local oversight,low_init,0.0,12.325399102595313,0.0,0.0,17.107310753481805,0.0
community_irrigation,bottom_up_only,low_actor,weak_overseer,0,4,14,Local oversight,slow_regen,0.0,12.11974219334206,0.0,0.0,16.174605134399776,0.0
community_irrigation,bottom_up_only,medium_actor,limited_overseer,0,0,14,Local oversight,held_out_average,0.0,12.85594245401231,9.765625e-05,0.0,16.81182369872979,0.0
community_irrigation,bottom_up_only,medium_actor,limited_overseer,0,0,14,Local oversight,noisy_weather,0.0,13.170556055445328,0.0,0.0,17.35001178630301,0.0
community_irrigation,bottom_up_only,medium_actor,limited_overseer,0,0,14,Local oversight,strong_externality,0.0,13.24841011024354,0.0,0.0,17.392298389486815,0.0
community_irrigation,bottom_up_only,medium_actor,limited_overseer,0,0,14,Local oversight,low_init,0.0,13.12826235533841,0.0,0.0,17.24175037568623,0.0
community_irrigation,bottom_up_only,medium_actor,limited_overseer,0,0,14,Local oversight,slow_regen,0.0,11.876541295021962,0.000390625,0.0,15.2632342434431,0.0
community_irrigation,bottom_up_only,medium_actor,limited_overseer,0,1,14,Local oversight,held_out_average,0.0,12.988063817712789,0.0,0.0,17.006468199181395,0.0
community_irrigation,bottom_up_only,medium_actor,limited_overseer,0,1,14,Local oversight,noisy_weather,0.0,13.043491771813288,0.0,0.0,17.30464501886046,0.0
community_irrigation,bottom_up_only,medium_actor,limited_overseer,0,1,14,Local oversight,strong_externality,0.0,13.013807486598296,0.0,0.0,17.25925327609147,0.0
community_irrigation,bottom_up_only,medium_actor,limited_overseer,0,1,14,Local oversight,low_init,0.0,13.031039684664004,0.0,0.0,17.233913927538804,0.0
community_irrigation,bottom_up_only,medium_actor,limited_overseer,0,1,14,Local oversight,slow_regen,0.0,12.863916327775552,0.0,0.0,16.228060574234846,0.0
community_irrigation,bottom_up_only,medium_actor,limited_overseer,0,2,14,Local oversight,held_out_average,0.0,11.084717127341513,0.17607421875,0.0009765625,15.765459692376409,0.0
community_irrigation,bottom_up_only,medium_actor,limited_overseer,0,2,14,Local oversight,noisy_weather,0.0,11.116761090359908,0.147265625,0.0,16.020667913371657,0.0
community_irrigation,bottom_up_only,medium_actor,limited_overseer,0,2,14,Local oversight,strong_externality,0.0,11.240089317853684,0.1351562499999999,0.0,16.103335975740542,0.0
community_irrigation,bottom_up_only,medium_actor,limited_overseer,0,2,14,Local oversight,low_init,0.0,11.4092338068038,0.10625,0.0,16.24709670402521,0.0
community_irrigation,bottom_up_only,medium_actor,limited_overseer,0,2,14,Local oversight,slow_regen,0.0,10.572784294348647,0.315625,0.00390625,14.690738176368216,0.0
community_irrigation,bottom_up_only,medium_actor,limited_overseer,0,3,14,Local oversight,held_out_average,0.0,12.554017019769413,0.0,0.0,16.66199494003212,0.0
community_irrigation,bottom_up_only,medium_actor,limited_overseer,0,3,14,Local oversight,noisy_weather,0.0,12.61811993971873,0.0,0.0,16.9815086931455,0.0
community_irrigation,bottom_up_only,medium_actor,limited_overseer,0,3,14,Local oversight,strong_externality,0.0,12.588098161893686,0.0,0.0,16.896367852615462,0.0
community_irrigation,bottom_up_only,medium_actor,limited_overseer,0,3,14,Local oversight,low_init,0.0,12.582313643854611,0.0,0.0,16.88367238235049,0.0
community_irrigation,bottom_up_only,medium_actor,limited_overseer,0,3,14,Local oversight,slow_regen,0.0,12.427536333610616,0.0,0.0,15.88643083201703,0.0
community_irrigation,bottom_up_only,medium_actor,limited_overseer,0,4,14,Local oversight,held_out_average,0.0,12.542567300838844,0.00029296875,0.0,17.06163836433551,0.0
community_irrigation,bottom_up_only,medium_actor,limited_overseer,0,4,14,Local oversight,noisy_weather,0.0,12.672281890940384,0.0,0.0,17.373545215474607,0.0
community_irrigation,bottom_up_only,medium_actor,limited_overseer,0,4,14,Local oversight,strong_externality,0.0,12.853327729872785,0.0,0.0,17.538909120271757,0.0
community_irrigation,bottom_up_only,medium_actor,limited_overseer,0,4,14,Local oversight,low_init,0.0,12.837290694932488,0.0,0.0,17.491342158196815,0.0
community_irrigation,bottom_up_only,medium_actor,limited_overseer,0,4,14,Local oversight,slow_regen,0.0,11.807368887609718,0.001171875,0.0,15.84275696339887,0.0
community_irrigation,bottom_up_only,medium_actor,strong_overseer,-1,0,14,Local oversight,held_out_average,0.0,12.85594245401231,9.765625e-05,0.0,16.81182369872979,0.0
community_irrigation,bottom_up_only,medium_actor,strong_overseer,-1,0,14,Local oversight,noisy_weather,0.0,13.170556055445328,0.0,0.0,17.35001178630301,0.0
community_irrigation,bottom_up_only,medium_actor,strong_overseer,-1,0,14,Local oversight,strong_externality,0.0,13.24841011024354,0.0,0.0,17.392298389486815,0.0
community_irrigation,bottom_up_only,medium_actor,strong_overseer,-1,0,14,Local oversight,low_init,0.0,13.12826235533841,0.0,0.0,17.24175037568623,0.0
community_irrigation,bottom_up_only,medium_actor,strong_overseer,-1,0,14,Local oversight,slow_regen,0.0,11.876541295021962,0.000390625,0.0,15.2632342434431,0.0
community_irrigation,bottom_up_only,medium_actor,strong_overseer,-1,1,14,Local oversight,held_out_average,0.0,12.988063817712789,0.0,0.0,17.006468199181395,0.0
community_irrigation,bottom_up_only,medium_actor,strong_overseer,-1,1,14,Local oversight,noisy_weather,0.0,13.043491771813288,0.0,0.0,17.30464501886046,0.0
community_irrigation,bottom_up_only,medium_actor,strong_overseer,-1,1,14,Local oversight,strong_externality,0.0,13.013807486598296,0.0,0.0,17.25925327609147,0.0
community_irrigation,bottom_up_only,medium_actor,strong_overseer,-1,1,14,Local oversight,low_init,0.0,13.031039684664004,0.0,0.0,17.233913927538804,0.0
community_irrigation,bottom_up_only,medium_actor,strong_overseer,-1,1,14,Local oversight,slow_regen,0.0,12.863916327775552,0.0,0.0,16.228060574234846,0.0
community_irrigation,bottom_up_only,medium_actor,strong_overseer,-1,2,14,Local oversight,held_out_average,0.0,11.084717127341513,0.17607421875,0.0009765625,15.765459692376409,0.0
community_irrigation,bottom_up_only,medium_actor,strong_overseer,-1,2,14,Local oversight,noisy_weather,0.0,11.116761090359908,0.147265625,0.0,16.020667913371657,0.0
community_irrigation,bottom_up_only,medium_actor,strong_overseer,-1,2,14,Local oversight,strong_externality,0.0,11.240089317853684,0.1351562499999999,0.0,16.103335975740542,0.0
community_irrigation,bottom_up_only,medium_actor,strong_overseer,-1,2,14,Local oversight,low_init,0.0,11.4092338068038,0.10625,0.0,16.24709670402521,0.0
community_irrigation,bottom_up_only,medium_actor,strong_overseer,-1,2,14,Local oversight,slow_regen,0.0,10.572784294348647,0.315625,0.00390625,14.690738176368216,0.0
community_irrigation,bottom_up_only,medium_actor,strong_overseer,-1,3,14,Local oversight,held_out_average,0.0,12.554017019769413,0.0,0.0,16.66199494003212,0.0
community_irrigation,bottom_up_only,medium_actor,strong_overseer,-1,3,14,Local oversight,noisy_weather,0.0,12.61811993971873,0.0,0.0,16.9815086931455,0.0
community_irrigation,bottom_up_only,medium_actor,strong_overseer,-1,3,14,Local oversight,strong_externality,0.0,12.588098161893686,0.0,0.0,16.896367852615462,0.0
community_irrigation,bottom_up_only,medium_actor,strong_overseer,-1,3,14,Local oversight,low_init,0.0,12.582313643854611,0.0,0.0,16.88367238235049,0.0
community_irrigation,bottom_up_only,medium_actor,strong_overseer,-1,3,14,Local oversight,slow_regen,0.0,12.427536333610616,0.0,0.0,15.88643083201703,0.0
community_irrigation,bottom_up_only,medium_actor,strong_overseer,-1,4,14,Local oversight,held_out_average,0.0,12.542567300838844,0.00029296875,0.0,17.06163836433551,0.0
community_irrigation,bottom_up_only,medium_actor,strong_overseer,-1,4,14,Local oversight,noisy_weather,0.0,12.672281890940384,0.0,0.0,17.373545215474607,0.0
community_irrigation,bottom_up_only,medium_actor,strong_overseer,-1,4,14,Local oversight,strong_externality,0.0,12.853327729872785,0.0,0.0,17.538909120271757,0.0
community_irrigation,bottom_up_only,medium_actor,strong_overseer,-1,4,14,Local oversight,low_init,0.0,12.837290694932488,0.0,0.0,17.491342158196815,0.0
community_irrigation,bottom_up_only,medium_actor,strong_overseer,-1,4,14,Local oversight,slow_regen,0.0,11.807368887609718,0.001171875,0.0,15.84275696339887,0.0
community_irrigation,bottom_up_only,medium_actor,weak_overseer,1,0,14,Local oversight,held_out_average,0.0,12.85594245401231,9.765625e-05,0.0,16.81182369872979,0.0
community_irrigation,bottom_up_only,medium_actor,weak_overseer,1,0,14,Local oversight,noisy_weather,0.0,13.170556055445328,0.0,0.0,17.35001178630301,0.0
community_irrigation,bottom_up_only,medium_actor,weak_overseer,1,0,14,Local oversight,strong_externality,0.0,13.24841011024354,0.0,0.0,17.392298389486815,0.0
community_irrigation,bottom_up_only,medium_actor,weak_overseer,1,0,14,Local oversight,low_init,0.0,13.12826235533841,0.0,0.0,17.24175037568623,0.0
community_irrigation,bottom_up_only,medium_actor,weak_overseer,1,0,14,Local oversight,slow_regen,0.0,11.876541295021962,0.000390625,0.0,15.2632342434431,0.0
community_irrigation,bottom_up_only,medium_actor,weak_overseer,1,1,14,Local oversight,held_out_average,0.0,12.988063817712789,0.0,0.0,17.006468199181395,0.0
community_irrigation,bottom_up_only,medium_actor,weak_overseer,1,1,14,Local oversight,noisy_weather,0.0,13.043491771813288,0.0,0.0,17.30464501886046,0.0
community_irrigation,bottom_up_only,medium_actor,weak_overseer,1,1,14,Local oversight,strong_externality,0.0,13.013807486598296,0.0,0.0,17.25925327609147,0.0
community_irrigation,bottom_up_only,medium_actor,weak_overseer,1,1,14,Local oversight,low_init,0.0,13.031039684664004,0.0,0.0,17.233913927538804,0.0
community_irrigation,bottom_up_only,medium_actor,weak_overseer,1,1,14,Local oversight,slow_regen,0.0,12.863916327775552,0.0,0.0,16.228060574234846,0.0
community_irrigation,bottom_up_only,medium_actor,weak_overseer,1,2,14,Local oversight,held_out_average,0.0,11.084717127341513,0.17607421875,0.0009765625,15.765459692376409,0.0
community_irrigation,bottom_up_only,medium_actor,weak_overseer,1,2,14,Local oversight,noisy_weather,0.0,11.116761090359908,0.147265625,0.0,16.020667913371657,0.0
community_irrigation,bottom_up_only,medium_actor,weak_overseer,1,2,14,Local oversight,strong_externality,0.0,11.240089317853684,0.1351562499999999,0.0,16.103335975740542,0.0
community_irrigation,bottom_up_only,medium_actor,weak_overseer,1,2,14,Local oversight,low_init,0.0,11.4092338068038,0.10625,0.0,16.24709670402521,0.0
community_irrigation,bottom_up_only,medium_actor,weak_overseer,1,2,14,Local oversight,slow_regen,0.0,10.572784294348647,0.315625,0.00390625,14.690738176368216,0.0
community_irrigation,bottom_up_only,medium_actor,weak_overseer,1,3,14,Local oversight,held_out_average,0.0,12.554017019769413,0.0,0.0,16.66199494003212,0.0
community_irrigation,bottom_up_only,medium_actor,weak_overseer,1,3,14,Local oversight,noisy_weather,0.0,12.61811993971873,0.0,0.0,16.9815086931455,0.0
community_irrigation,bottom_up_only,medium_actor,weak_overseer,1,3,14,Local oversight,strong_externality,0.0,12.588098161893686,0.0,0.0,16.896367852615462,0.0
community_irrigation,bottom_up_only,medium_actor,weak_overseer,1,3,14,Local oversight,low_init,0.0,12.582313643854611,0.0,0.0,16.88367238235049,0.0
community_irrigation,bottom_up_only,medium_actor,weak_overseer,1,3,14,Local oversight,slow_regen,0.0,12.427536333610616,0.0,0.0,15.88643083201703,0.0
community_irrigation,bottom_up_only,medium_actor,weak_overseer,1,4,14,Local oversight,held_out_average,0.0,12.542567300838844,0.00029296875,0.0,17.06163836433551,0.0
community_irrigation,bottom_up_only,medium_actor,weak_overseer,1,4,14,Local oversight,noisy_weather,0.0,12.672281890940384,0.0,0.0,17.373545215474607,0.0
community_irrigation,bottom_up_only,medium_actor,weak_overseer,1,4,14,Local oversight,strong_externality,0.0,12.853327729872785,0.0,0.0,17.538909120271757,0.0
community_irrigation,bottom_up_only,medium_actor,weak_overseer,1,4,14,Local oversight,low_init,0.0,12.837290694932488,0.0,0.0,17.491342158196815,0.0
community_irrigation,bottom_up_only,medium_actor,weak_overseer,1,4,14,Local oversight,slow_regen,0.0,11.807368887609718,0.001171875,0.0,15.84275696339887,0.0
community_irrigation,hybrid,high_actor,limited_overseer,1,0,14,Hybrid oversight,held_out_average,0.0,13.633820329985976,0.1369140625,0.01455078125,14.793079698639731,3.5296875
community_irrigation,hybrid,high_actor,limited_overseer,1,0,14,Hybrid oversight,noisy_weather,0.0,13.80348285279321,0.1195312499999999,0.003125,14.768562637950575,3.5225
community_irrigation,hybrid,high_actor,limited_overseer,1,0,14,Hybrid oversight,strong_externality,0.0,13.70193988912852,0.130859375,0.003125,15.143560077828017,3.47875
community_irrigation,hybrid,high_actor,limited_overseer,1,0,14,Hybrid oversight,low_init,0.0,13.651883505977205,0.14140625,0.01484375,15.066348126304275,3.490625
community_irrigation,hybrid,high_actor,limited_overseer,1,0,14,Hybrid oversight,slow_regen,0.0,13.377975072044975,0.155859375,0.037109375,14.193847952476062,3.626875
community_irrigation,hybrid,high_actor,limited_overseer,1,1,14,Hybrid oversight,held_out_average,0.0,13.676072650441297,0.106640625,0.0,15.22022551513536,3.572343750000001
community_irrigation,hybrid,high_actor,limited_overseer,1,1,14,Hybrid oversight,noisy_weather,0.0,13.79588546065054,0.089453125,0.0,15.462520884042007,3.5250000000000004
community_irrigation,hybrid,high_actor,limited_overseer,1,1,14,Hybrid oversight,strong_externality,0.0,13.769930769100991,0.105859375,0.0,15.46041541264109,3.538125
community_irrigation,hybrid,high_actor,limited_overseer,1,1,14,Hybrid oversight,low_init,0.0,13.760105057641663,0.1007812499999999,0.0,15.386888933933667,3.545625
community_irrigation,hybrid,high_actor,limited_overseer,1,1,14,Hybrid oversight,slow_regen,0.0,13.378369314371993,0.13046875,0.0,14.571076829924674,3.680625
community_irrigation,hybrid,high_actor,limited_overseer,1,2,14,Hybrid oversight,held_out_average,0.0,15.061351812059195,0.0,0.0,14.52260396385995,3.1050000000000004
community_irrigation,hybrid,high_actor,limited_overseer,1,2,14,Hybrid oversight,noisy_weather,0.0,15.160872074513057,0.0,0.0,14.74591251753254,3.055625
community_irrigation,hybrid,high_actor,limited_overseer,1,2,14,Hybrid oversight,strong_externality,0.0,15.16686810990194,0.0,0.0,14.665925868568028,3.0775
community_irrigation,hybrid,high_actor,limited_overseer,1,2,14,Hybrid oversight,low_init,0.0,15.139834393506051,0.0,0.0,14.550728992448835,3.1187500000000004
community_irrigation,hybrid,high_actor,limited_overseer,1,2,14,Hybrid oversight,slow_regen,0.0,14.777832670315735,0.0,0.0,14.127848476890396,3.168125
community_irrigation,hybrid,high_actor,limited_overseer,1,3,14,Hybrid oversight,held_out_average,0.0,13.72200139189822,0.1350585937499999,0.009375,14.592606626666145,3.4890625
community_irrigation,hybrid,high_actor,limited_overseer,1,3,14,Hybrid oversight,noisy_weather,0.0,13.857361288010967,0.12421875,0.001171875,14.783748251243344,3.45375
community_irrigation,hybrid,high_actor,limited_overseer,1,3,14,Hybrid oversight,strong_externality,0.0,13.7776537416106,0.134765625,0.00078125,15.027700971854433,3.42375
community_irrigation,hybrid,high_actor,limited_overseer,1,3,14,Hybrid oversight,low_init,0.0,13.756601890637512,0.139453125,0.00859375,14.965975246546032,3.4325
community_irrigation,hybrid,high_actor,limited_overseer,1,3,14,Hybrid oversight,slow_regen,0.0,13.4963886473338,0.141796875,0.026953125,13.593002037020767,3.64625
community_irrigation,hybrid,high_actor,limited_overseer,1,4,14,Hybrid oversight,held_out_average,0.0,13.758069212891488,0.1253906249999999,0.01123046875,14.328250487255026,3.59796875
community_irrigation,hybrid,high_actor,limited_overseer,1,4,14,Hybrid oversight,noisy_weather,0.0,13.917339793274907,0.111328125,0.00234375,14.378535257579546,3.583125
community_irrigation,hybrid,high_actor,limited_overseer,1,4,14,Hybrid oversight,strong_externality,0.0,13.812633258119511,0.1234375,0.00078125,14.7269119419345,3.5337500000000004
community_irrigation,hybrid,high_actor,limited_overseer,1,4,14,Hybrid oversight,low_init,0.0,13.718856585604728,0.13203125,0.012109375,14.805989797113348,3.5275000000000003
community_irrigation,hybrid,high_actor,limited_overseer,1,4,14,Hybrid oversight,slow_regen,0.0,13.583447214566805,0.134765625,0.0296875,13.401564952392713,3.7475
community_irrigation,hybrid,high_actor,strong_overseer,0,0,14,Hybrid oversight,held_out_average,0.0,14.689035081623343,0.0,0.0,15.341765625000004,0.0
community_irrigation,hybrid,high_actor,strong_overseer,0,0,14,Hybrid oversight,noisy_weather,0.0,14.728116719295466,0.0,0.0,15.589687500000002,0.0
community_irrigation,hybrid,high_actor,strong_overseer,0,0,14,Hybrid oversight,strong_externality,0.0,14.70312604127756,0.0,0.0,15.589687500000002,0.0
community_irrigation,hybrid,high_actor,strong_overseer,0,0,14,Hybrid oversight,low_init,0.0,14.651236647776098,0.0,0.0,15.624281250000005,0.0
community_irrigation,hybrid,high_actor,strong_overseer,0,0,14,Hybrid oversight,slow_regen,0.0,14.673660918144249,0.0,0.0,14.563406250000003,0.0
community_irrigation,hybrid,high_actor,strong_overseer,0,1,14,Hybrid oversight,held_out_average,0.0,14.683616978203291,0.0,0.0,15.364828125000006,0.0
community_irrigation,hybrid,high_actor,strong_overseer,0,1,14,Hybrid oversight,noisy_weather,0.0,14.72739679844851,0.0,0.0,15.612750000000002,0.0
community_irrigation,hybrid,high_actor,strong_overseer,0,1,14,Hybrid oversight,strong_externality,0.0,14.688380981410935,0.0,0.0,15.635812500000002,0.0
community_irrigation,hybrid,high_actor,strong_overseer,0,1,14,Hybrid oversight,low_init,0.0,14.666542422990862,0.0,0.0,15.635812500000002,0.0
community_irrigation,hybrid,high_actor,strong_overseer,0,1,14,Hybrid oversight,slow_regen,0.0,14.652147709962858,0.0,0.0,14.574937500000004,0.0
community_irrigation,hybrid,high_actor,strong_overseer,0,2,14,Hybrid oversight,held_out_average,0.0,14.704155900850822,0.0,0.0,15.35088866736722,0.0
community_irrigation,hybrid,high_actor,strong_overseer,0,2,14,Hybrid oversight,noisy_weather,0.0,14.749244555371432,0.0,0.0,15.62891005694222,0.0
community_irrigation,hybrid,high_actor,strong_overseer,0,2,14,Hybrid oversight,strong_externality,0.0,14.713743792585392,0.0,0.0,15.605980457802016,0.0
community_irrigation,hybrid,high_actor,strong_overseer,0,2,14,Hybrid oversight,low_init,0.0,14.66532638369988,0.0,0.0,15.651839656082426,0.0
community_irrigation,hybrid,high_actor,strong_overseer,0,2,14,Hybrid oversight,slow_regen,0.0,14.688308871746573,0.0,0.0,14.516824498642226,0.0
community_irrigation,hybrid,high_actor,strong_overseer,0,3,14,Hybrid oversight,held_out_average,0.0,14.694217627660525,0.0,0.0,15.347531250000008,0.0
community_irrigation,hybrid,high_actor,strong_overseer,0,3,14,Hybrid oversight,noisy_weather,0.0,14.72179963071641,0.0,0.0,15.60121875,0.0
community_irrigation,hybrid,high_actor,strong_overseer,0,3,14,Hybrid oversight,strong_externality,0.0,14.698119293353422,0.0,0.0,15.589687500000002,0.0
community_irrigation,hybrid,high_actor,strong_overseer,0,3,14,Hybrid oversight,low_init,0.0,14.688256123550111,0.0,0.0,15.612750000000002,0.0
community_irrigation,hybrid,high_actor,strong_overseer,0,3,14,Hybrid oversight,slow_regen,0.0,14.668695463022146,0.0,0.0,14.586468750000002,0.0
community_irrigation,hybrid,high_actor,strong_overseer,0,4,14,Hybrid oversight,held_out_average,0.0,14.688688502664192,0.0,0.0,15.375458682597165,0.0
community_irrigation,hybrid,high_actor,strong_overseer,0,4,14,Hybrid oversight,noisy_weather,0.0,14.748331176287408,0.0,0.0,15.599253602939251,0.0
community_irrigation,hybrid,high_actor,strong_overseer,0,4,14,Hybrid oversight,strong_externality,0.0,14.702481896652609,0.0,0.0,15.623626200979752,0.0
community_irrigation,hybrid,high_actor,strong_overseer,0,4,14,Hybrid oversight,low_init,0.0,14.645867633503505,0.0,0.0,15.669751200979752,0.0
community_irrigation,hybrid,high_actor,strong_overseer,0,4,14,Hybrid oversight,slow_regen,0.0,14.65807330421325,0.0,0.0,14.609203725489875,0.0
community_irrigation,hybrid,high_actor,weak_overseer,2,0,14,Hybrid oversight,held_out_average,0.0,13.383595953744894,0.14208984375,0.0396484374999999,15.081385153218102,2.471875
community_irrigation,hybrid,high_actor,weak_overseer,2,0,14,Hybrid oversight,noisy_weather,0.0,13.388644097004272,0.14765625,0.0421875,15.35462200535364,2.390000000000001
community_irrigation,hybrid,high_actor,weak_overseer,2,0,14,Hybrid oversight,strong_externality,0.0,13.41271997411728,0.144921875,0.0375,15.30332595225983,2.39
community_irrigation,hybrid,high_actor,weak_overseer,2,0,14,Hybrid oversight,low_init,0.0,13.509317596288533,0.12265625,0.030078125,15.132037821612355,2.5225
community_irrigation,hybrid,high_actor,weak_overseer,2,0,14,Hybrid oversight,slow_regen,0.0,13.22370214756949,0.153125,0.048828125,14.535554833646582,2.585
community_irrigation,hybrid,high_actor,weak_overseer,2,1,14,Hybrid oversight,held_out_average,0.0,13.10976774176751,0.198828125,0.10546875,15.02409388545127,2.3540625
community_irrigation,hybrid,high_actor,weak_overseer,2,1,14,Hybrid oversight,noisy_weather,0.0,13.32032914158798,0.18125,0.091015625,15.252734392157404,2.307500000000001
community_irrigation,hybrid,high_actor,weak_overseer,2,1,14,Hybrid oversight,strong_externality,0.0,13.270620057600304,0.1875,0.096875,15.264483577759048,2.3062500000000004
community_irrigation,hybrid,high_actor,weak_overseer,2,1,14,Hybrid oversight,low_init,0.0,13.163120965288314,0.18671875,0.0812499999999999,15.090175059598126,2.39875
community_irrigation,hybrid,high_actor,weak_overseer,2,1,14,Hybrid oversight,slow_regen,0.0,12.68500080259344,0.23984375,0.152734375,14.488982512290503,2.4037500000000005
community_irrigation,hybrid,high_actor,weak_overseer,2,2,14,Hybrid oversight,held_out_average,0.0,13.962901160385872,0.037109375,0.0001953125,15.718216282252689,2.6784375
community_irrigation,hybrid,high_actor,weak_overseer,2,2,14,Hybrid oversight,noisy_weather,0.0,13.930710846060002,0.029296875,0.0,16.006972987304042,2.64
community_irrigation,hybrid,high_actor,weak_overseer,2,2,14,Hybrid oversight,strong_externality,0.0,13.932318398096449,0.03984375,0.000390625,15.955628666085826,2.6525
community_irrigation,hybrid,high_actor,weak_overseer,2,2,14,Hybrid oversight,low_init,0.0,13.85128177700677,0.0582031249999999,0.0,15.907789849202263,2.53625
community_irrigation,hybrid,high_actor,weak_overseer,2,2,14,Hybrid oversight,slow_regen,0.0,14.137293620380266,0.02109375,0.000390625,15.00247362641862,2.885
community_irrigation,hybrid,high_actor,weak_overseer,2,3,14,Hybrid oversight,held_out_average,0.0,13.595799858095546,0.127734375,0.04580078125,14.255564272580884,2.4115625000000005
community_irrigation,hybrid,high_actor,weak_overseer,2,3,14,Hybrid oversight,noisy_weather,0.0,13.6746626715521,0.1234375,0.032421875,14.821424946985598,2.327500000000001
community_irrigation,hybrid,high_actor,weak_overseer,2,3,14,Hybrid oversight,strong_externality,0.0,13.535979074346676,0.1359375,0.040625,15.105635662761925,2.2875000000000005
community_irrigation,hybrid,high_actor,weak_overseer,2,3,14,Hybrid oversight,low_init,0.0,13.835324987248802,0.096875,0.0265625,13.810221785190798,2.50375
community_irrigation,hybrid,high_actor,weak_overseer,2,3,14,Hybrid oversight,slow_regen,0.0,13.337232699234605,0.1546874999999999,0.08359375,13.28497469538522,2.5275
community_irrigation,hybrid,high_actor,weak_overseer,2,4,14,Hybrid oversight,held_out_average,0.0,13.970588817134589,0.04541015625,0.00068359375,15.71116080856538,2.4096875000000004
community_irrigation,hybrid,high_actor,weak_overseer,2,4,14,Hybrid oversight,noisy_weather,0.0,14.023430914625912,0.0445312499999999,0.000390625,15.95135380568873,2.35875
community_irrigation,hybrid,high_actor,weak_overseer,2,4,14,Hybrid oversight,strong_externality,0.0,14.01187569926477,0.0386718749999999,0.00078125,15.961938832605426,2.365
community_irrigation,hybrid,high_actor,weak_overseer,2,4,14,Hybrid oversight,low_init,0.0,13.894986281647924,0.071875,0.001171875,15.903222574261374,2.2975000000000003
community_irrigation,hybrid,high_actor,weak_overseer,2,4,14,Hybrid oversight,slow_regen,0.0,13.952062372999745,0.0265625,0.000390625,15.028128021706,2.6175
community_irrigation,hybrid,low_actor,limited_overseer,-1,0,14,Hybrid oversight,held_out_average,0.0,13.676590639038034,0.14365234375,0.01064453125,15.011501711997642,3.4171875000000003
community_irrigation,hybrid,low_actor,limited_overseer,-1,0,14,Hybrid oversight,noisy_weather,0.0,13.809092991459607,0.1328125,0.0015625,15.337906660077463,3.3625
community_irrigation,hybrid,low_actor,limited_overseer,-1,0,14,Hybrid oversight,strong_externality,0.0,13.752315173795632,0.13984375,0.0,15.338163529728874,3.364375
community_irrigation,hybrid,low_actor,limited_overseer,-1,0,14,Hybrid oversight,low_init,0.0,13.696057830650084,0.1484375,0.0125,15.21913988492263,3.386875
community_irrigation,hybrid,low_actor,limited_overseer,-1,0,14,Hybrid oversight,slow_regen,0.0,13.448896560246803,0.153515625,0.028515625,14.1507967732616,3.5550000000000006
community_irrigation,hybrid,low_actor,limited_overseer,-1,1,14,Hybrid oversight,held_out_average,0.0,13.970214499472377,0.06025390625,0.00029296875,15.401248452803207,3.41234375
community_irrigation,hybrid,low_actor,limited_overseer,-1,1,14,Hybrid oversight,noisy_weather,0.0,14.085375588771262,0.036328125,0.0,15.68218755381336,3.361875
community_irrigation,hybrid,low_actor,limited_overseer,-1,1,14,Hybrid oversight,strong_externality,0.0,14.008262179121282,0.057421875,0.0,15.685432850353118,3.3675
community_irrigation,hybrid,low_actor,limited_overseer,-1,1,14,Hybrid oversight,low_init,0.0,14.045075375492589,0.055078125,0.0,15.608663109821748,3.371875
community_irrigation,hybrid,low_actor,limited_overseer,-1,1,14,Hybrid oversight,slow_regen,0.0,13.742144854504373,0.0921874999999999,0.001171875,14.628710297224607,3.548125
community_irrigation,hybrid,low_actor,limited_overseer,-1,2,14,Hybrid oversight,held_out_average,0.0,13.727463638129027,0.13291015625,0.00673828125,14.887149657946727,3.431875
community_irrigation,hybrid,low_actor,limited_overseer,-1,2,14,Hybrid oversight,noisy_weather,0.0,13.870328321341066,0.120703125,0.0015625,15.031845031904666,3.400625
community_irrigation,hybrid,low_actor,limited_overseer,-1,2,14,Hybrid oversight,strong_externality,0.0,13.77202343331659,0.135546875,0.001171875,15.198178163461694,3.38875
community_irrigation,hybrid,low_actor,limited_overseer,-1,2,14,Hybrid oversight,low_init,0.0,13.785553667746315,0.13203125,0.000390625,15.187642553899709,3.38875
community_irrigation,hybrid,low_actor,limited_overseer,-1,2,14,Hybrid oversight,slow_regen,0.0,13.481949130112138,0.143359375,0.023828125,14.130932882520842,3.5493750000000004
community_irrigation,hybrid,low_actor,limited_overseer,-1,3,14,Hybrid oversight,held_out_average,0.0,14.311079673953168,0.011328125,0.0,15.216156451104291,3.27515625
community_irrigation,hybrid,low_actor,limited_overseer,-1,3,14,Hybrid oversight,noisy_weather,0.0,14.398501033332764,0.003515625,0.0,15.489193702267142,3.228125
community_irrigation,hybrid,low_actor,limited_overseer,-1,3,14,Hybrid oversight,strong_externality,0.0,14.41953224155684,0.001171875,0.0,15.466387959107823,3.2318750000000005
community_irrigation,hybrid,low_actor,limited_overseer,-1,3,14,Hybrid oversight,low_init,0.0,14.377108074249495,0.0140625,0.0,15.452468076500072,3.231875
community_irrigation,hybrid,low_actor,limited_overseer,-1,3,14,Hybrid oversight,slow_regen,0.0,14.049177346673572,0.0265625,0.0,14.456576066542135,3.4087500000000004
community_irrigation,hybrid,low_actor,limited_overseer,-1,4,14,Hybrid oversight,held_out_average,0.0,14.053454564970334,0.0349609375,0.0,14.961271026047438,3.5059375
community_irrigation,hybrid,low_actor,limited_overseer,-1,4,14,Hybrid oversight,noisy_weather,0.0,14.181881778028028,0.0203125,0.0,15.083625256785036,3.47875
community_irrigation,hybrid,low_actor,limited_overseer,-1,4,14,Hybrid oversight,strong_externality,0.0,14.126772767937458,0.02109375,0.0,15.421149632639452,3.4275
community_irrigation,hybrid,low_actor,limited_overseer,-1,4,14,Hybrid oversight,low_init,0.0,14.061164278334685,0.027734375,0.0,15.432996449840877,3.43125
community_irrigation,hybrid,low_actor,limited_overseer,-1,4,14,Hybrid oversight,slow_regen,0.0,13.84399943558117,0.070703125,0.0,13.907312764924392,3.68625
community_irrigation,hybrid,low_actor,strong_overseer,-2,0,14,Hybrid oversight,held_out_average,0.0,14.702943310102969,0.0,0.0,15.3475378394417,0.0
community_irrigation,hybrid,low_actor,strong_overseer,-2,0,14,Hybrid oversight,noisy_weather,0.0,14.754311055069024,0.0,0.0,15.602593725997416,0.0
community_irrigation,hybrid,low_actor,strong_overseer,-2,0,14,Hybrid oversight,strong_externality,0.0,14.712651218125792,0.0,0.0,15.596333408720358,0.0
community_irrigation,hybrid,low_actor,strong_overseer,-2,0,14,Hybrid oversight,low_init,0.0,14.663207638328515,0.0,0.0,15.648469793003368,0.0
community_irrigation,hybrid,low_actor,strong_overseer,-2,0,14,Hybrid oversight,slow_regen,0.0,14.681603328888537,0.0,0.0,14.542754430045656,0.0
community_irrigation,hybrid,low_actor,strong_overseer,-2,1,14,Hybrid oversight,held_out_average,0.0,14.76509976885336,0.0,0.0,15.374960802388852,0.0
community_irrigation,hybrid,low_actor,strong_overseer,-2,1,14,Hybrid oversight,noisy_weather,0.0,14.84059413788357,0.0,0.0,15.63336913159997,0.0
community_irrigation,hybrid,low_actor,strong_overseer,-2,1,14,Hybrid oversight,strong_externality,0.0,14.755208786278647,0.0,0.0,15.648818362326494,0.0
community_irrigation,hybrid,low_actor,strong_overseer,-2,1,14,Hybrid oversight,low_init,0.0,14.711291288321306,0.0,0.0,15.6377981479487,0.0
community_irrigation,hybrid,low_actor,strong_overseer,-2,1,14,Hybrid oversight,slow_regen,0.0,14.753304862929916,0.0,0.0,14.57985756768026,0.0
community_irrigation,hybrid,low_actor,strong_overseer,-2,2,14,Hybrid oversight,held_out_average,0.0,14.697185031740377,0.0,0.0,15.366373834177264,0.0
community_irrigation,hybrid,low_actor,strong_overseer,-2,2,14,Hybrid oversight,noisy_weather,0.0,14.72567090178214,0.0,0.0,15.634087720338094,0.0
community_irrigation,hybrid,low_actor,strong_overseer,-2,2,14,Hybrid oversight,strong_externality,0.0,14.700384295635288,0.0,0.0,15.634087720338094,0.0
community_irrigation,hybrid,low_actor,strong_overseer,-2,2,14,Hybrid oversight,low_init,0.0,14.69375920021976,0.0,0.0,15.645602296086944,0.0
community_irrigation,hybrid,low_actor,strong_overseer,-2,2,14,Hybrid oversight,slow_regen,0.0,14.66892572932432,0.0,0.0,14.55171759994592,0.0
community_irrigation,hybrid,low_actor,strong_overseer,-2,3,14,Hybrid oversight,held_out_average,0.0,14.742077449759096,0.0,0.0,15.22573645498269,0.0
community_irrigation,hybrid,low_actor,strong_overseer,-2,3,14,Hybrid oversight,noisy_weather,0.0,14.8046847272834,0.0,0.0,15.447123838949697,0.0
community_irrigation,hybrid,low_actor,strong_overseer,-2,3,14,Hybrid oversight,strong_externality,0.0,14.740604650062007,0.0,0.0,15.497925422836852,0.0
community_irrigation,hybrid,low_actor,strong_overseer,-2,3,14,Hybrid oversight,low_init,0.0,14.68694632440404,0.0,0.0,15.520247020418132,0.0
community_irrigation,hybrid,low_actor,strong_overseer,-2,3,14,Hybrid oversight,slow_regen,0.0,14.73607409728693,0.0,0.0,14.437649537726085,0.0
community_irrigation,hybrid,low_actor,strong_overseer,-2,4,14,Hybrid oversight,held_out_average,0.0,14.710502182790623,0.0,0.0,15.326014023335894,0.0
community_irrigation,hybrid,low_actor,strong_overseer,-2,4,14,Hybrid oversight,noisy_weather,0.0,14.762257122642918,0.0,0.0,15.618326966680009,0.0
community_irrigation,hybrid,low_actor,strong_overseer,-2,4,14,Hybrid oversight,strong_externality,0.0,14.708643795326896,0.0,0.0,15.584271089785547,0.0
community_irrigation,hybrid,low_actor,strong_overseer,-2,4,14,Hybrid oversight,low_init,0.0,14.673133850694215,0.0,0.0,15.584271089785547,0.0
community_irrigation,hybrid,low_actor,strong_overseer,-2,4,14,Hybrid oversight,slow_regen,0.0,14.697973962498464,0.0,0.0,14.51718694709248,0.0
community_irrigation,hybrid,low_actor,weak_overseer,0,0,14,Hybrid oversight,held_out_average,0.0,14.029921232235033,0.0357421874999999,0.0005859375,14.422005104765113,2.4450000000000003
community_irrigation,hybrid,low_actor,weak_overseer,0,0,14,Hybrid oversight,noisy_weather,0.0,14.113222640101933,0.02734375,0.0,14.73188333972151,2.4137500000000003
community_irrigation,hybrid,low_actor,weak_overseer,0,0,14,Hybrid oversight,strong_externality,0.0,14.10140082983398,0.0281249999999999,0.0,14.765457791992231,2.41625
community_irrigation,hybrid,low_actor,weak_overseer,0,0,14,Hybrid oversight,low_init,0.0,14.00862080773332,0.05078125,0.00078125,14.559298022263818,2.40125
community_irrigation,hybrid,low_actor,weak_overseer,0,0,14,Hybrid oversight,slow_regen,0.0,13.896440651270892,0.03671875,0.0015625,13.631381265082888,2.54875
community_irrigation,hybrid,low_actor,weak_overseer,0,1,14,Hybrid oversight,held_out_average,0.0,14.099870351851791,0.04580078125,0.008984375,13.82395201335436,2.5865625
community_irrigation,hybrid,low_actor,weak_overseer,0,1,14,Hybrid oversight,noisy_weather,0.0,14.20084666372134,0.0359375,0.00234375,14.09418328183951,2.5275
community_irrigation,hybrid,low_actor,weak_overseer,0,1,14,Hybrid oversight,strong_externality,0.0,14.15983007279714,0.040625,0.0015625,14.478781276261872,2.47875
community_irrigation,hybrid,low_actor,weak_overseer,0,1,14,Hybrid oversight,low_init,0.0,14.215927484694909,0.040625,0.0109375,13.57544343440276,2.62375
community_irrigation,hybrid,low_actor,weak_overseer,0,1,14,Hybrid oversight,slow_regen,0.0,13.822877186193775,0.066015625,0.02109375,13.147400060913297,2.71625
community_irrigation,hybrid,low_actor,weak_overseer,0,2,14,Hybrid oversight,held_out_average,0.0,13.261528761248858,0.19189453125,0.09072265625,14.036551311078142,2.3143750000000005
community_irrigation,hybrid,low_actor,weak_overseer,0,2,14,Hybrid oversight,noisy_weather,0.0,13.322639171279942,0.184375,0.0871093749999999,14.336712938772564,2.2687500000000003
community_irrigation,hybrid,low_actor,weak_overseer,0,2,14,Hybrid oversight,strong_externality,0.0,13.220117658555852,0.196875,0.0984375,14.412149233832936,2.2625
community_irrigation,hybrid,low_actor,weak_overseer,0,2,14,Hybrid oversight,low_init,0.0,13.33044074252734,0.184375,0.076171875,14.289307048369782,2.3225
community_irrigation,hybrid,low_actor,weak_overseer,0,2,14,Hybrid oversight,slow_regen,0.0,13.1729174726323,0.201953125,0.101171875,13.108036023337291,2.4037500000000005
community_irrigation,hybrid,low_actor,weak_overseer,0,3,14,Hybrid oversight,held_out_average,0.0,14.363399423042765,0.00029296875,0.0,15.79471803541658,2.5909375
community_irrigation,hybrid,low_actor,weak_overseer,0,3,14,Hybrid oversight,noisy_weather,0.0,14.44096513250771,0.000390625,0.0,16.11583334875889,2.49875
community_irrigation,hybrid,low_actor,weak_overseer,0,3,14,Hybrid oversight,strong_externality,0.0,14.452362930262804,0.0,0.0,16.050910643067233,2.51375
community_irrigation,hybrid,low_actor,weak_overseer,0,3,14,Hybrid oversight,low_init,0.0,14.22199251502064,0.0,0.0,15.771829888724785,2.6225
community_irrigation,hybrid,low_actor,weak_overseer,0,3,14,Hybrid oversight,slow_regen,0.0,14.338277114379904,0.00078125,0.0,15.240298261115418,2.72875
community_irrigation,hybrid,low_actor,weak_overseer,0,4,14,Hybrid oversight,held_out_average,0.0,13.755308296970467,0.1166015624999999,0.041015625,14.107179974991348,2.481875
community_irrigation,hybrid,low_actor,weak_overseer,0,4,14,Hybrid oversight,noisy_weather,0.0,13.838052913724692,0.1062499999999999,0.02734375,14.66366853235064,2.40625
community_irrigation,hybrid,low_actor,weak_overseer,0,4,14,Hybrid oversight,strong_externality,0.0,13.777144174452204,0.110546875,0.02734375,14.960802207304264,2.3712500000000003
community_irrigation,hybrid,low_actor,weak_overseer,0,4,14,Hybrid oversight,low_init,0.0,13.824826866242644,0.119140625,0.031640625,14.183970542292492,2.465
community_irrigation,hybrid,low_actor,weak_overseer,0,4,14,Hybrid oversight,slow_regen,0.0,13.581209233462337,0.13046875,0.077734375,12.620278618017991,2.685
community_irrigation,hybrid,medium_actor,limited_overseer,0,0,14,Hybrid oversight,held_out_average,0.0,13.796429448460266,0.07021484375,0.0,15.243540580256308,3.5570312500000005
community_irrigation,hybrid,medium_actor,limited_overseer,0,0,14,Hybrid oversight,noisy_weather,0.0,13.902378603621557,0.056640625,0.0,15.53362048688748,3.49625
community_irrigation,hybrid,medium_actor,limited_overseer,0,0,14,Hybrid oversight,strong_externality,0.0,13.881788070689066,0.07109375,0.0,15.490375918493797,3.515000000000001
community_irrigation,hybrid,medium_actor,limited_overseer,0,0,14,Hybrid oversight,low_init,0.0,13.827377393413448,0.068359375,0.0,15.473686145199032,3.505625
community_irrigation,hybrid,medium_actor,limited_overseer,0,0,14,Hybrid oversight,slow_regen,0.0,13.574173726116989,0.084765625,0.0,14.476479770444923,3.71125
community_irrigation,hybrid,medium_actor,limited_overseer,0,1,14,Hybrid oversight,held_out_average,0.0,13.809660227218773,0.12197265625,0.01083984375,14.341404239553835,3.53640625
community_irrigation,hybrid,medium_actor,limited_overseer,0,1,14,Hybrid oversight,noisy_weather,0.0,13.922843018683658,0.1046875,0.001953125,14.661647003289731,3.48
community_irrigation,hybrid,medium_actor,limited_overseer,0,1,14,Hybrid oversight,strong_externality,0.0,13.85249131962182,0.123046875,0.001171875,14.826204564057711,3.46125
community_irrigation,hybrid,medium_actor,limited_overseer,0,1,14,Hybrid oversight,low_init,0.0,13.848330286884575,0.123828125,0.01328125,14.531038187235986,3.505
community_irrigation,hybrid,medium_actor,limited_overseer,0,1,14,Hybrid oversight,slow_regen,0.0,13.614976283685037,0.136328125,0.026953125,13.346727203631906,3.699375
community_irrigation,hybrid,medium_actor,limited_overseer,0,2,14,Hybrid oversight,held_out_average,0.0,13.651277112386012,0.1271484375,0.0013671875,14.251016536390114,3.675625
community_irrigation,hybrid,medium_actor,limited_overseer,0,2,14,Hybrid oversight,noisy_weather,0.0,13.678018172126864,0.1234374999999999,0.0,14.912516583058189,3.5750000000000006
community_irrigation,hybrid,medium_actor,limited_overseer,0,2,14,Hybrid oversight,strong_externality,0.0,13.73294314448804,0.12109375,0.000390625,14.444889454448653,3.64375
community_irrigation,hybrid,medium_actor,limited_overseer,0,2,14,Hybrid oversight,low_init,0.0,13.71317017538274,0.123046875,0.000390625,14.371199710426076,3.656250000000001
community_irrigation,hybrid,medium_actor,limited_overseer,0,2,14,Hybrid oversight,slow_regen,0.0,13.480976957546398,0.141015625,0.0046875,13.275460397627548,3.8275
community_irrigation,hybrid,medium_actor,limited_overseer,0,3,14,Hybrid oversight,held_out_average,0.0,13.839656463967827,0.10771484375,0.00224609375,15.25569985571595,3.38890625
community_irrigation,hybrid,medium_actor,limited_overseer,0,3,14,Hybrid oversight,noisy_weather,0.0,13.982311242366976,0.085546875,0.0,15.575919104544116,3.334375
community_irrigation,hybrid,medium_actor,limited_overseer,0,3,14,Hybrid oversight,strong_externality,0.0,13.870148351663763,0.112109375,0.0,15.594741335736646,3.330625
community_irrigation,hybrid,medium_actor,limited_overseer,0,3,14,Hybrid oversight,low_init,0.0,13.89779396385252,0.108203125,0.006640625,15.49880301760534,3.348125
community_irrigation,hybrid,medium_actor,limited_overseer,0,3,14,Hybrid oversight,slow_regen,0.0,13.60837229798804,0.1249999999999999,0.00234375,14.353335964977692,3.5425000000000004
community_irrigation,hybrid,medium_actor,limited_overseer,0,4,14,Hybrid oversight,held_out_average,0.0,13.6663567830909,0.1435546875,0.0107421875,14.885573195048682,3.4471875
community_irrigation,hybrid,medium_actor,limited_overseer,0,4,14,Hybrid oversight,noisy_weather,0.0,13.811062506084369,0.1328125,0.001171875,15.1538775458182,3.403125
community_irrigation,hybrid,medium_actor,limited_overseer,0,4,14,Hybrid oversight,strong_externality,0.0,13.734886017213622,0.139453125,0.001171875,15.212926679557905,3.39875
community_irrigation,hybrid,medium_actor,limited_overseer,0,4,14,Hybrid oversight,low_init,0.0,13.744396378476894,0.14140625,0.00234375,15.167601080210112,3.4018749999999995
community_irrigation,hybrid,medium_actor,limited_overseer,0,4,14,Hybrid oversight,slow_regen,0.0,13.375082230588712,0.1605468749999999,0.03828125,14.007887474608513,3.585
community_irrigation,hybrid,medium_actor,strong_overseer,-1,0,14,Hybrid oversight,held_out_average,0.0,14.689035081623343,0.0,0.0,15.341765625000004,0.0
community_irrigation,hybrid,medium_actor,strong_overseer,-1,0,14,Hybrid oversight,noisy_weather,0.0,14.728116719295466,0.0,0.0,15.589687500000002,0.0
community_irrigation,hybrid,medium_actor,strong_overseer,-1,0,14,Hybrid oversight,strong_externality,0.0,14.70312604127756,0.0,0.0,15.589687500000002,0.0
community_irrigation,hybrid,medium_actor,strong_overseer,-1,0,14,Hybrid oversight,low_init,0.0,14.651236647776098,0.0,0.0,15.624281250000005,0.0
community_irrigation,hybrid,medium_actor,strong_overseer,-1,0,14,Hybrid oversight,slow_regen,0.0,14.673660918144249,0.0,0.0,14.563406250000003,0.0
community_irrigation,hybrid,medium_actor,strong_overseer,-1,1,14,Hybrid oversight,held_out_average,0.0,14.683616978203291,0.0,0.0,15.364828125000006,0.0
community_irrigation,hybrid,medium_actor,strong_overseer,-1,1,14,Hybrid oversight,noisy_weather,0.0,14.72739679844851,0.0,0.0,15.612750000000002,0.0
community_irrigation,hybrid,medium_actor,strong_overseer,-1,1,14,Hybrid oversight,strong_externality,0.0,14.688380981410935,0.0,0.0,15.635812500000002,0.0
community_irrigation,hybrid,medium_actor,strong_overseer,-1,1,14,Hybrid oversight,low_init,0.0,14.666542422990862,0.0,0.0,15.635812500000002,0.0
community_irrigation,hybrid,medium_actor,strong_overseer,-1,1,14,Hybrid oversight,slow_regen,0.0,14.652147709962858,0.0,0.0,14.574937500000004,0.0
community_irrigation,hybrid,medium_actor,strong_overseer,-1,2,14,Hybrid oversight,held_out_average,0.0,14.699952793634656,0.0,0.0,15.361945312500008,0.0
community_irrigation,hybrid,medium_actor,strong_overseer,-1,2,14,Hybrid oversight,noisy_weather,0.0,14.740501374328437,0.0,0.0,15.624281250000005,0.0
community_irrigation,hybrid,medium_actor,strong_overseer,-1,2,14,Hybrid oversight,strong_externality,0.0,14.707627945907582,0.0,0.0,15.635812500000002,0.0
community_irrigation,hybrid,medium_actor,strong_overseer,-1,2,14,Hybrid oversight,low_init,0.0,14.690158154237077,0.0,0.0,15.624281250000005,0.0
community_irrigation,hybrid,medium_actor,strong_overseer,-1,2,14,Hybrid oversight,slow_regen,0.0,14.661523700065528,0.0,0.0,14.563406250000003,0.0
community_irrigation,hybrid,medium_actor,strong_overseer,-1,3,14,Hybrid oversight,held_out_average,0.0,14.696430498847125,0.0,0.0,15.353899840285674,0.0
community_irrigation,hybrid,medium_actor,strong_overseer,-1,3,14,Hybrid oversight,noisy_weather,0.0,14.739850951705302,0.0,0.0,15.5897832319287,0.0
community_irrigation,hybrid,medium_actor,strong_overseer,-1,3,14,Hybrid oversight,strong_externality,0.0,14.6868384165501,0.0,0.0,15.636143091543056,0.0
community_irrigation,hybrid,medium_actor,strong_overseer,-1,3,14,Hybrid oversight,low_init,0.0,14.687548212434145,0.0,0.0,15.61310876930018,0.0
community_irrigation,hybrid,medium_actor,strong_overseer,-1,3,14,Hybrid oversight,slow_regen,0.0,14.671484414698943,0.0,0.0,14.57656426837078,0.0
community_irrigation,hybrid,medium_actor,strong_overseer,-1,4,14,Hybrid oversight,held_out_average,0.0,14.689886966127473,0.0,0.0,15.373214868349958,0.0
community_irrigation,hybrid,medium_actor,strong_overseer,-1,4,14,Hybrid oversight,noisy_weather,0.0,14.752623965869043,0.0,0.0,15.589419443755547,0.0
community_irrigation,hybrid,medium_actor,strong_overseer,-1,4,14,Hybrid oversight,strong_externality,0.0,14.700679440016597,0.0,0.0,15.624012175820445,0.0
community_irrigation,hybrid,medium_actor,strong_overseer,-1,4,14,Hybrid oversight,low_init,0.0,14.648847281579094,0.0,0.0,15.670135818573634,0.0
community_irrigation,hybrid,medium_actor,strong_overseer,-1,4,14,Hybrid oversight,slow_regen,0.0,14.657397177045157,0.0,0.0,14.609292035250206,0.0
community_irrigation,hybrid,medium_actor,weak_overseer,1,0,14,Hybrid oversight,held_out_average,0.0,13.408930626956966,0.11162109375,0.02314453125,15.224719828995628,2.4856250000000006
community_irrigation,hybrid,medium_actor,weak_overseer,1,0,14,Hybrid oversight,noisy_weather,0.0,13.486696374761728,0.102734375,0.01875,15.498843482045965,2.45625
community_irrigation,hybrid,medium_actor,weak_overseer,1,0,14,Hybrid oversight,strong_externality,0.0,13.473555094649772,0.108203125,0.02421875,15.377403327258264,2.4537500000000003
community_irrigation,hybrid,medium_actor,weak_overseer,1,0,14,Hybrid oversight,low_init,0.0,13.43471743826708,0.128125,0.027734375,15.35760638103459,2.4075
community_irrigation,hybrid,medium_actor,weak_overseer,1,0,14,Hybrid oversight,slow_regen,0.0,13.240753600149286,0.107421875,0.021875,14.665026125643696,2.625
community_irrigation,hybrid,medium_actor,weak_overseer,1,1,14,Hybrid oversight,held_out_average,0.0,13.668033987186648,0.1001953125,0.02939453125,12.896856789138182,2.6575
community_irrigation,hybrid,medium_actor,weak_overseer,1,1,14,Hybrid oversight,noisy_weather,0.0,13.715801380384905,0.084765625,0.020703125,13.254957382749842,2.64375
community_irrigation,hybrid,medium_actor,weak_overseer,1,1,14,Hybrid oversight,strong_externality,0.0,13.6813703130093,0.0886718749999999,0.021484375,13.27956626223316,2.61875
community_irrigation,hybrid,medium_actor,weak_overseer,1,1,14,Hybrid oversight,low_init,0.0,13.891195284984686,0.105078125,0.03515625,12.319929112305502,2.6675000000000004
community_irrigation,hybrid,medium_actor,weak_overseer,1,1,14,Hybrid oversight,slow_regen,0.0,13.383768970367692,0.122265625,0.040234375,12.732974399264227,2.7
community_irrigation,hybrid,medium_actor,weak_overseer,1,2,14,Hybrid oversight,held_out_average,0.0,13.46540593752761,0.10517578125,0.019921875,14.18950119710238,2.6584375
community_irrigation,hybrid,medium_actor,weak_overseer,1,2,14,Hybrid oversight,noisy_weather,0.0,13.533482329204666,0.08359375,0.013671875,14.459176118412556,2.68375
community_irrigation,hybrid,medium_actor,weak_overseer,1,2,14,Hybrid oversight,strong_externality,0.0,13.47988510646871,0.096875,0.01640625,14.62520729869872,2.6325000000000003
community_irrigation,hybrid,medium_actor,weak_overseer,1,2,14,Hybrid oversight,low_init,0.0,13.488815563931317,0.11484375,0.019140625,14.621691762727927,2.5975
community_irrigation,hybrid,medium_actor,weak_overseer,1,2,14,Hybrid oversight,slow_regen,0.0,13.359440750505753,0.125390625,0.03046875,13.051929608570322,2.72
community_irrigation,hybrid,medium_actor,weak_overseer,1,3,14,Hybrid oversight,held_out_average,0.0,13.704543795183149,0.13056640625,0.06337890625,13.286143269611449,2.5778125000000003
community_irrigation,hybrid,medium_actor,weak_overseer,1,3,14,Hybrid oversight,noisy_weather,0.0,13.77680828892164,0.121484375,0.047265625,14.121055709929834,2.46875
community_irrigation,hybrid,medium_actor,weak_overseer,1,3,14,Hybrid oversight,strong_externality,0.0,13.640898334095128,0.13671875,0.054296875,14.710123753162463,2.39625
community_irrigation,hybrid,medium_actor,weak_overseer,1,3,14,Hybrid oversight,low_init,0.0,13.858542343503895,0.132421875,0.068359375,12.318591905218938,2.6987500000000004
community_irrigation,hybrid,medium_actor,weak_overseer,1,3,14,Hybrid oversight,slow_regen,0.0,13.541926214211934,0.131640625,0.08359375,11.99480171013455,2.7475
community_irrigation,hybrid,medium_actor,weak_overseer,1,4,14,Hybrid oversight,held_out_average,0.0,13.97446951771487,0.0849609375,0.01650390625,13.715294278041032,2.4975
community_irrigation,hybrid,medium_actor,weak_overseer,1,4,14,Hybrid oversight,noisy_weather,0.0,14.096471186545614,0.07578125,0.005078125,14.466338660623206,2.3750000000000004
community_irrigation,hybrid,medium_actor,weak_overseer,1,4,14,Hybrid oversight,strong_externality,0.0,13.971253501264496,0.090625,0.003125,15.124881901017382,2.2887500000000003
community_irrigation,hybrid,medium_actor,weak_overseer,1,4,14,Hybrid oversight,low_init,0.0,14.065278962951464,0.07265625,0.017578125,12.36034433771484,2.72625
community_irrigation,hybrid,medium_actor,weak_overseer,1,4,14,Hybrid oversight,slow_regen,0.0,13.7648744200979,0.10078125,0.0402343749999999,12.909612212808709,2.6
community_irrigation,none,high_actor,limited_overseer,1,0,14,No oversight,held_out_average,0.0,12.637916351188249,0.0,0.0,16.962790476604596,0.0
community_irrigation,none,high_actor,limited_overseer,1,0,14,No oversight,noisy_weather,0.0,12.740822108144776,0.0,0.0,17.284238165272377,0.0
community_irrigation,none,high_actor,limited_overseer,1,0,14,No oversight,strong_externality,0.0,12.664629697292686,0.0,0.0,17.19852909816803,0.0
community_irrigation,none,high_actor,limited_overseer,1,0,14,No oversight,low_init,0.0,12.67512930504547,0.0,0.0,17.170119538342227,0.0
community_irrigation,none,high_actor,limited_overseer,1,0,14,No oversight,slow_regen,0.0,12.471084294270064,0.0,0.0,16.198275104635748,0.0
community_irrigation,none,high_actor,limited_overseer,1,1,14,No oversight,held_out_average,0.0,12.805573100398815,0.0,0.0,17.25059099193991,0.0
community_irrigation,none,high_actor,limited_overseer,1,1,14,No oversight,noisy_weather,0.0,12.878028575607605,0.0,0.0,17.546120620662407,0.0
community_irrigation,none,high_actor,limited_overseer,1,1,14,No oversight,strong_externality,0.0,12.842422933843562,0.0,0.0,17.503136358659322,0.0
community_irrigation,none,high_actor,limited_overseer,1,1,14,No oversight,low_init,0.0,12.859470247373094,0.0,0.0,17.461046367566432,0.0
community_irrigation,none,high_actor,limited_overseer,1,1,14,No oversight,slow_regen,0.0,12.642370644771002,0.0,0.0,16.49206062087148,0.0
community_irrigation,none,high_actor,limited_overseer,1,2,14,No oversight,held_out_average,0.0,12.579149766290794,0.0029296875,0.0,17.266658437635,0.0
community_irrigation,none,high_actor,limited_overseer,1,2,14,No oversight,noisy_weather,0.0,12.679064848642962,0.0,0.0,17.60288724289895,0.0
community_irrigation,none,high_actor,limited_overseer,1,2,14,No oversight,strong_externality,0.0,12.688221745442071,0.0,0.0,17.564350854470923,0.0
community_irrigation,none,high_actor,limited_overseer,1,2,14,No oversight,low_init,0.0,12.699500983704056,0.0,0.0,17.52756356141186,0.0
community_irrigation,none,high_actor,limited_overseer,1,2,14,No oversight,slow_regen,0.0,12.249811487374082,0.01171875,0.0,16.371832091758282,0.0
community_irrigation,none,high_actor,limited_overseer,1,3,14,No oversight,held_out_average,0.0,12.74732418527504,0.0,0.0,17.269032042439697,0.0
community_irrigation,none,high_actor,limited_overseer,1,3,14,No oversight,noisy_weather,0.0,12.876936562546668,0.0,0.0,17.55540707459687,0.0
community_irrigation,none,high_actor,limited_overseer,1,3,14,No oversight,strong_externality,0.0,12.802632089955775,0.0,0.0,17.521346565188033,0.0
community_irrigation,none,high_actor,limited_overseer,1,3,14,No oversight,low_init,0.0,12.79109905642284,0.0,0.0,17.482612335515498,0.0
community_irrigation,none,high_actor,limited_overseer,1,3,14,No oversight,slow_regen,0.0,12.51862903217488,0.0,0.0,16.516762194458387,0.0
community_irrigation,none,high_actor,limited_overseer,1,4,14,No oversight,held_out_average,0.0,12.747224966426035,0.0001953125,0.0,17.25547513287846,0.0
community_irrigation,none,high_actor,limited_overseer,1,4,14,No oversight,noisy_weather,0.0,12.773218266621736,0.0,0.0,17.539194272751438,0.0
community_irrigation,none,high_actor,limited_overseer,1,4,14,No oversight,strong_externality,0.0,12.811216686273244,0.0,0.0,17.51281432780394,0.0
community_irrigation,none,high_actor,limited_overseer,1,4,14,No oversight,low_init,0.0,12.831388651731572,0.0,0.0,17.476416868644225,0.0
community_irrigation,none,high_actor,limited_overseer,1,4,14,No oversight,slow_regen,0.0,12.573076261077588,0.00078125,0.0,16.493475062314246,0.0
community_irrigation,none,high_actor,strong_overseer,0,0,14,No oversight,held_out_average,0.0,12.637916351188249,0.0,0.0,16.962790476604596,0.0
community_irrigation,none,high_actor,strong_overseer,0,0,14,No oversight,noisy_weather,0.0,12.740822108144776,0.0,0.0,17.284238165272377,0.0
community_irrigation,none,high_actor,strong_overseer,0,0,14,No oversight,strong_externality,0.0,12.664629697292686,0.0,0.0,17.19852909816803,0.0
community_irrigation,none,high_actor,strong_overseer,0,0,14,No oversight,low_init,0.0,12.67512930504547,0.0,0.0,17.170119538342227,0.0
community_irrigation,none,high_actor,strong_overseer,0,0,14,No oversight,slow_regen,0.0,12.471084294270064,0.0,0.0,16.198275104635748,0.0
community_irrigation,none,high_actor,strong_overseer,0,1,14,No oversight,held_out_average,0.0,12.805573100398815,0.0,0.0,17.25059099193991,0.0
community_irrigation,none,high_actor,strong_overseer,0,1,14,No oversight,noisy_weather,0.0,12.878028575607605,0.0,0.0,17.546120620662407,0.0
community_irrigation,none,high_actor,strong_overseer,0,1,14,No oversight,strong_externality,0.0,12.842422933843562,0.0,0.0,17.503136358659322,0.0
community_irrigation,none,high_actor,strong_overseer,0,1,14,No oversight,low_init,0.0,12.859470247373094,0.0,0.0,17.461046367566432,0.0
community_irrigation,none,high_actor,strong_overseer,0,1,14,No oversight,slow_regen,0.0,12.642370644771002,0.0,0.0,16.49206062087148,0.0
community_irrigation,none,high_actor,strong_overseer,0,2,14,No oversight,held_out_average,0.0,12.579149766290794,0.0029296875,0.0,17.266658437635,0.0
community_irrigation,none,high_actor,strong_overseer,0,2,14,No oversight,noisy_weather,0.0,12.679064848642962,0.0,0.0,17.60288724289895,0.0
community_irrigation,none,high_actor,strong_overseer,0,2,14,No oversight,strong_externality,0.0,12.688221745442071,0.0,0.0,17.564350854470923,0.0
community_irrigation,none,high_actor,strong_overseer,0,2,14,No oversight,low_init,0.0,12.699500983704056,0.0,0.0,17.52756356141186,0.0
community_irrigation,none,high_actor,strong_overseer,0,2,14,No oversight,slow_regen,0.0,12.249811487374082,0.01171875,0.0,16.371832091758282,0.0
community_irrigation,none,high_actor,strong_overseer,0,3,14,No oversight,held_out_average,0.0,12.74732418527504,0.0,0.0,17.269032042439697,0.0
community_irrigation,none,high_actor,strong_overseer,0,3,14,No oversight,noisy_weather,0.0,12.876936562546668,0.0,0.0,17.55540707459687,0.0
community_irrigation,none,high_actor,strong_overseer,0,3,14,No oversight,strong_externality,0.0,12.802632089955775,0.0,0.0,17.521346565188033,0.0
community_irrigation,none,high_actor,strong_overseer,0,3,14,No oversight,low_init,0.0,12.79109905642284,0.0,0.0,17.482612335515498,0.0
community_irrigation,none,high_actor,strong_overseer,0,3,14,No oversight,slow_regen,0.0,12.51862903217488,0.0,0.0,16.516762194458387,0.0
community_irrigation,none,high_actor,strong_overseer,0,4,14,No oversight,held_out_average,0.0,12.747224966426035,0.0001953125,0.0,17.25547513287846,0.0
community_irrigation,none,high_actor,strong_overseer,0,4,14,No oversight,noisy_weather,0.0,12.773218266621736,0.0,0.0,17.539194272751438,0.0
community_irrigation,none,high_actor,strong_overseer,0,4,14,No oversight,strong_externality,0.0,12.811216686273244,0.0,0.0,17.51281432780394,0.0
community_irrigation,none,high_actor,strong_overseer,0,4,14,No oversight,low_init,0.0,12.831388651731572,0.0,0.0,17.476416868644225,0.0
community_irrigation,none,high_actor,strong_overseer,0,4,14,No oversight,slow_regen,0.0,12.573076261077588,0.00078125,0.0,16.493475062314246,0.0
community_irrigation,none,high_actor,weak_overseer,2,0,14,No oversight,held_out_average,0.0,12.637916351188249,0.0,0.0,16.962790476604596,0.0
community_irrigation,none,high_actor,weak_overseer,2,0,14,No oversight,noisy_weather,0.0,12.740822108144776,0.0,0.0,17.284238165272377,0.0
community_irrigation,none,high_actor,weak_overseer,2,0,14,No oversight,strong_externality,0.0,12.664629697292686,0.0,0.0,17.19852909816803,0.0
community_irrigation,none,high_actor,weak_overseer,2,0,14,No oversight,low_init,0.0,12.67512930504547,0.0,0.0,17.170119538342227,0.0
community_irrigation,none,high_actor,weak_overseer,2,0,14,No oversight,slow_regen,0.0,12.471084294270064,0.0,0.0,16.198275104635748,0.0
community_irrigation,none,high_actor,weak_overseer,2,1,14,No oversight,held_out_average,0.0,12.805573100398815,0.0,0.0,17.25059099193991,0.0
community_irrigation,none,high_actor,weak_overseer,2,1,14,No oversight,noisy_weather,0.0,12.878028575607605,0.0,0.0,17.546120620662407,0.0
community_irrigation,none,high_actor,weak_overseer,2,1,14,No oversight,strong_externality,0.0,12.842422933843562,0.0,0.0,17.503136358659322,0.0
community_irrigation,none,high_actor,weak_overseer,2,1,14,No oversight,low_init,0.0,12.859470247373094,0.0,0.0,17.461046367566432,0.0
community_irrigation,none,high_actor,weak_overseer,2,1,14,No oversight,slow_regen,0.0,12.642370644771002,0.0,0.0,16.49206062087148,0.0
community_irrigation,none,high_actor,weak_overseer,2,2,14,No oversight,held_out_average,0.0,12.579149766290794,0.0029296875,0.0,17.266658437635,0.0
community_irrigation,none,high_actor,weak_overseer,2,2,14,No oversight,noisy_weather,0.0,12.679064848642962,0.0,0.0,17.60288724289895,0.0
community_irrigation,none,high_actor,weak_overseer,2,2,14,No oversight,strong_externality,0.0,12.688221745442071,0.0,0.0,17.564350854470923,0.0
community_irrigation,none,high_actor,weak_overseer,2,2,14,No oversight,low_init,0.0,12.699500983704056,0.0,0.0,17.52756356141186,0.0
community_irrigation,none,high_actor,weak_overseer,2,2,14,No oversight,slow_regen,0.0,12.249811487374082,0.01171875,0.0,16.371832091758282,0.0
community_irrigation,none,high_actor,weak_overseer,2,3,14,No oversight,held_out_average,0.0,12.74732418527504,0.0,0.0,17.269032042439697,0.0
community_irrigation,none,high_actor,weak_overseer,2,3,14,No oversight,noisy_weather,0.0,12.876936562546668,0.0,0.0,17.55540707459687,0.0
community_irrigation,none,high_actor,weak_overseer,2,3,14,No oversight,strong_externality,0.0,12.802632089955775,0.0,0.0,17.521346565188033,0.0
community_irrigation,none,high_actor,weak_overseer,2,3,14,No oversight,low_init,0.0,12.79109905642284,0.0,0.0,17.482612335515498,0.0
community_irrigation,none,high_actor,weak_overseer,2,3,14,No oversight,slow_regen,0.0,12.51862903217488,0.0,0.0,16.516762194458387,0.0
community_irrigation,none,high_actor,weak_overseer,2,4,14,No oversight,held_out_average,0.0,12.747224966426035,0.0001953125,0.0,17.25547513287846,0.0
community_irrigation,none,high_actor,weak_overseer,2,4,14,No oversight,noisy_weather,0.0,12.773218266621736,0.0,0.0,17.539194272751438,0.0
community_irrigation,none,high_actor,weak_overseer,2,4,14,No oversight,strong_externality,0.0,12.811216686273244,0.0,0.0,17.51281432780394,0.0
community_irrigation,none,high_actor,weak_overseer,2,4,14,No oversight,low_init,0.0,12.831388651731572,0.0,0.0,17.476416868644225,0.0
community_irrigation,none,high_actor,weak_overseer,2,4,14,No oversight,slow_regen,0.0,12.573076261077588,0.00078125,0.0,16.493475062314246,0.0
community_irrigation,none,low_actor,limited_overseer,-1,0,14,No oversight,held_out_average,0.0,12.347691601495008,0.0,0.0,16.916967176299828,0.0
community_irrigation,none,low_actor,limited_overseer,-1,0,14,No oversight,noisy_weather,0.0,12.472405637514532,0.0,0.0,17.231693812425846,0.0
community_irrigation,none,low_actor,limited_overseer,-1,0,14,No oversight,strong_externality,0.0,12.420729636180656,0.0,0.0,17.173205367912036,0.0
community_irrigation,none,low_actor,limited_overseer,-1,0,14,No oversight,low_init,0.0,12.389728319458936,0.0,0.0,17.117608781682264,0.0
community_irrigation,none,low_actor,limited_overseer,-1,0,14,No oversight,slow_regen,0.0,12.107902812825904,0.0,0.0,16.145360743179175,0.0
community_irrigation,none,low_actor,limited_overseer,-1,1,14,No oversight,held_out_average,0.0,12.899986210329,0.0,0.0,16.973321070627055,0.0
community_irrigation,none,low_actor,limited_overseer,-1,1,14,No oversight,noisy_weather,0.0,12.940360573220644,0.0,0.0,17.275228891724915,0.0
community_irrigation,none,low_actor,limited_overseer,-1,1,14,No oversight,strong_externality,0.0,12.929112419396716,0.0,0.0,17.219111101166316,0.0
community_irrigation,none,low_actor,limited_overseer,-1,1,14,No oversight,low_init,0.0,12.955618537351803,0.0,0.0,17.178331175546464,0.0
community_irrigation,none,low_actor,limited_overseer,-1,1,14,No oversight,slow_regen,0.0,12.774853311346838,0.0,0.0,16.220613114070524,0.0
community_irrigation,none,low_actor,limited_overseer,-1,2,14,No oversight,held_out_average,0.0,12.800517055426724,0.0,0.0,16.906426253037328,0.0
community_irrigation,none,low_actor,limited_overseer,-1,2,14,No oversight,noisy_weather,0.0,12.860072407778512,0.0,0.0,17.223583174792324,0.0
community_irrigation,none,low_actor,limited_overseer,-1,2,14,No oversight,strong_externality,0.0,12.83466036399101,0.0,0.0,17.151490734528295,0.0
community_irrigation,none,low_actor,limited_overseer,-1,2,14,No oversight,low_init,0.0,12.852301708503347,0.0,0.0,17.116707918390507,0.0
community_irrigation,none,low_actor,limited_overseer,-1,2,14,No oversight,slow_regen,0.0,12.655033741434028,0.0,0.0,16.13392318443818,0.0
community_irrigation,none,low_actor,limited_overseer,-1,3,14,No oversight,held_out_average,0.0,12.619860937341947,0.040234375,0.0,16.87417010871448,0.0
community_irrigation,none,low_actor,limited_overseer,-1,3,14,No oversight,noisy_weather,0.0,13.026985849099356,0.0,0.0,17.366038580220764,0.0
community_irrigation,none,low_actor,limited_overseer,-1,3,14,No oversight,strong_externality,0.0,13.2349379343568,0.0,0.0,17.396484245088047,0.0
community_irrigation,none,low_actor,limited_overseer,-1,3,14,No oversight,low_init,0.0,13.222931788597684,0.0,0.0,17.381874793134173,0.0
community_irrigation,none,low_actor,limited_overseer,-1,3,14,No oversight,slow_regen,0.0,10.994588177313952,0.1609375,0.0,15.352282816414938,0.0
community_irrigation,none,low_actor,limited_overseer,-1,4,14,No oversight,held_out_average,0.0,13.487040819063951,0.0,0.0,17.222199451116868,0.0
community_irrigation,none,low_actor,limited_overseer,-1,4,14,No oversight,noisy_weather,0.0,13.619611809192715,0.0,0.0,17.480155016563973,0.0
community_irrigation,none,low_actor,limited_overseer,-1,4,14,No oversight,strong_externality,0.0,13.574095970700554,0.0,0.0,17.441614636185378,0.0
community_irrigation,none,low_actor,limited_overseer,-1,4,14,No oversight,low_init,0.0,13.557316561943928,0.0,0.0,17.399254049919012,0.0
community_irrigation,none,low_actor,limited_overseer,-1,4,14,No oversight,slow_regen,0.0,13.19713893441861,0.0,0.0,16.567774101799117,0.0
community_irrigation,none,low_actor,strong_overseer,-2,0,14,No oversight,held_out_average,0.0,12.347691601495008,0.0,0.0,16.916967176299828,0.0
community_irrigation,none,low_actor,strong_overseer,-2,0,14,No oversight,noisy_weather,0.0,12.472405637514532,0.0,0.0,17.231693812425846,0.0
community_irrigation,none,low_actor,strong_overseer,-2,0,14,No oversight,strong_externality,0.0,12.420729636180656,0.0,0.0,17.173205367912036,0.0
community_irrigation,none,low_actor,strong_overseer,-2,0,14,No oversight,low_init,0.0,12.389728319458936,0.0,0.0,17.117608781682264,0.0
community_irrigation,none,low_actor,strong_overseer,-2,0,14,No oversight,slow_regen,0.0,12.107902812825904,0.0,0.0,16.145360743179175,0.0
community_irrigation,none,low_actor,strong_overseer,-2,1,14,No oversight,held_out_average,0.0,12.899986210329,0.0,0.0,16.973321070627055,0.0
community_irrigation,none,low_actor,strong_overseer,-2,1,14,No oversight,noisy_weather,0.0,12.940360573220644,0.0,0.0,17.275228891724915,0.0
community_irrigation,none,low_actor,strong_overseer,-2,1,14,No oversight,strong_externality,0.0,12.929112419396716,0.0,0.0,17.219111101166316,0.0
community_irrigation,none,low_actor,strong_overseer,-2,1,14,No oversight,low_init,0.0,12.955618537351803,0.0,0.0,17.178331175546464,0.0
community_irrigation,none,low_actor,strong_overseer,-2,1,14,No oversight,slow_regen,0.0,12.774853311346838,0.0,0.0,16.220613114070524,0.0
community_irrigation,none,low_actor,strong_overseer,-2,2,14,No oversight,held_out_average,0.0,12.800517055426724,0.0,0.0,16.906426253037328,0.0
community_irrigation,none,low_actor,strong_overseer,-2,2,14,No oversight,noisy_weather,0.0,12.860072407778512,0.0,0.0,17.223583174792324,0.0
community_irrigation,none,low_actor,strong_overseer,-2,2,14,No oversight,strong_externality,0.0,12.83466036399101,0.0,0.0,17.151490734528295,0.0
community_irrigation,none,low_actor,strong_overseer,-2,2,14,No oversight,low_init,0.0,12.852301708503347,0.0,0.0,17.116707918390507,0.0
community_irrigation,none,low_actor,strong_overseer,-2,2,14,No oversight,slow_regen,0.0,12.655033741434028,0.0,0.0,16.13392318443818,0.0
community_irrigation,none,low_actor,strong_overseer,-2,3,14,No oversight,held_out_average,0.0,12.619860937341947,0.040234375,0.0,16.87417010871448,0.0
community_irrigation,none,low_actor,strong_overseer,-2,3,14,No oversight,noisy_weather,0.0,13.026985849099356,0.0,0.0,17.366038580220764,0.0
community_irrigation,none,low_actor,strong_overseer,-2,3,14,No oversight,strong_externality,0.0,13.2349379343568,0.0,0.0,17.396484245088047,0.0
community_irrigation,none,low_actor,strong_overseer,-2,3,14,No oversight,low_init,0.0,13.222931788597684,0.0,0.0,17.381874793134173,0.0
community_irrigation,none,low_actor,strong_overseer,-2,3,14,No oversight,slow_regen,0.0,10.994588177313952,0.1609375,0.0,15.352282816414938,0.0
community_irrigation,none,low_actor,strong_overseer,-2,4,14,No oversight,held_out_average,0.0,13.487040819063951,0.0,0.0,17.222199451116868,0.0
community_irrigation,none,low_actor,strong_overseer,-2,4,14,No oversight,noisy_weather,0.0,13.619611809192715,0.0,0.0,17.480155016563973,0.0
community_irrigation,none,low_actor,strong_overseer,-2,4,14,No oversight,strong_externality,0.0,13.574095970700554,0.0,0.0,17.441614636185378,0.0
community_irrigation,none,low_actor,strong_overseer,-2,4,14,No oversight,low_init,0.0,13.557316561943928,0.0,0.0,17.399254049919012,0.0
community_irrigation,none,low_actor,strong_overseer,-2,4,14,No oversight,slow_regen,0.0,13.19713893441861,0.0,0.0,16.567774101799117,0.0
community_irrigation,none,low_actor,weak_overseer,0,0,14,No oversight,held_out_average,0.0,12.347691601495008,0.0,0.0,16.916967176299828,0.0
community_irrigation,none,low_actor,weak_overseer,0,0,14,No oversight,noisy_weather,0.0,12.472405637514532,0.0,0.0,17.231693812425846,0.0
community_irrigation,none,low_actor,weak_overseer,0,0,14,No oversight,strong_externality,0.0,12.420729636180656,0.0,0.0,17.173205367912036,0.0
community_irrigation,none,low_actor,weak_overseer,0,0,14,No oversight,low_init,0.0,12.389728319458936,0.0,0.0,17.117608781682264,0.0
community_irrigation,none,low_actor,weak_overseer,0,0,14,No oversight,slow_regen,0.0,12.107902812825904,0.0,0.0,16.145360743179175,0.0
community_irrigation,none,low_actor,weak_overseer,0,1,14,No oversight,held_out_average,0.0,12.899986210329,0.0,0.0,16.973321070627055,0.0
community_irrigation,none,low_actor,weak_overseer,0,1,14,No oversight,noisy_weather,0.0,12.940360573220644,0.0,0.0,17.275228891724915,0.0
community_irrigation,none,low_actor,weak_overseer,0,1,14,No oversight,strong_externality,0.0,12.929112419396716,0.0,0.0,17.219111101166316,0.0
community_irrigation,none,low_actor,weak_overseer,0,1,14,No oversight,low_init,0.0,12.955618537351803,0.0,0.0,17.178331175546464,0.0
community_irrigation,none,low_actor,weak_overseer,0,1,14,No oversight,slow_regen,0.0,12.774853311346838,0.0,0.0,16.220613114070524,0.0
community_irrigation,none,low_actor,weak_overseer,0,2,14,No oversight,held_out_average,0.0,12.800517055426724,0.0,0.0,16.906426253037328,0.0
community_irrigation,none,low_actor,weak_overseer,0,2,14,No oversight,noisy_weather,0.0,12.860072407778512,0.0,0.0,17.223583174792324,0.0
community_irrigation,none,low_actor,weak_overseer,0,2,14,No oversight,strong_externality,0.0,12.83466036399101,0.0,0.0,17.151490734528295,0.0
community_irrigation,none,low_actor,weak_overseer,0,2,14,No oversight,low_init,0.0,12.852301708503347,0.0,0.0,17.116707918390507,0.0
community_irrigation,none,low_actor,weak_overseer,0,2,14,No oversight,slow_regen,0.0,12.655033741434028,0.0,0.0,16.13392318443818,0.0
community_irrigation,none,low_actor,weak_overseer,0,3,14,No oversight,held_out_average,0.0,12.619860937341947,0.040234375,0.0,16.87417010871448,0.0
community_irrigation,none,low_actor,weak_overseer,0,3,14,No oversight,noisy_weather,0.0,13.026985849099356,0.0,0.0,17.366038580220764,0.0
community_irrigation,none,low_actor,weak_overseer,0,3,14,No oversight,strong_externality,0.0,13.2349379343568,0.0,0.0,17.396484245088047,0.0
community_irrigation,none,low_actor,weak_overseer,0,3,14,No oversight,low_init,0.0,13.222931788597684,0.0,0.0,17.381874793134173,0.0
community_irrigation,none,low_actor,weak_overseer,0,3,14,No oversight,slow_regen,0.0,10.994588177313952,0.1609375,0.0,15.352282816414938,0.0
community_irrigation,none,low_actor,weak_overseer,0,4,14,No oversight,held_out_average,0.0,13.487040819063951,0.0,0.0,17.222199451116868,0.0
community_irrigation,none,low_actor,weak_overseer,0,4,14,No oversight,noisy_weather,0.0,13.619611809192715,0.0,0.0,17.480155016563973,0.0
community_irrigation,none,low_actor,weak_overseer,0,4,14,No oversight,strong_externality,0.0,13.574095970700554,0.0,0.0,17.441614636185378,0.0
community_irrigation,none,low_actor,weak_overseer,0,4,14,No oversight,low_init,0.0,13.557316561943928,0.0,0.0,17.399254049919012,0.0
community_irrigation,none,low_actor,weak_overseer,0,4,14,No oversight,slow_regen,0.0,13.19713893441861,0.0,0.0,16.567774101799117,0.0
community_irrigation,none,medium_actor,limited_overseer,0,0,14,No oversight,held_out_average,0.0,12.682166683101022,0.0,0.0,16.933379659777266,0.0
community_irrigation,none,medium_actor,limited_overseer,0,0,14,No oversight,noisy_weather,0.0,12.787249957336591,0.0,0.0,17.24067610483752,0.0
community_irrigation,none,medium_actor,limited_overseer,0,0,14,No oversight,strong_externality,0.0,12.716077133000065,0.0,0.0,17.172422936173803,0.0
community_irrigation,none,medium_actor,limited_overseer,0,0,14,No oversight,low_init,0.0,12.724408290135276,0.0,0.0,17.155291734200333,0.0
community_irrigation,none,medium_actor,limited_overseer,0,0,14,No oversight,slow_regen,0.0,12.50093135193216,0.0,0.0,16.165127863897403,0.0
community_irrigation,none,medium_actor,limited_overseer,0,1,14,No oversight,held_out_average,0.0,12.920049689439765,0.0,0.0,17.15251889860489,0.0
community_irrigation,none,medium_actor,limited_overseer,0,1,14,No oversight,noisy_weather,0.0,12.95944927656131,0.0,0.0,17.448632248807392,0.0
community_irrigation,none,medium_actor,limited_overseer,0,1,14,No oversight,strong_externality,0.0,12.977288628435833,0.0,0.0,17.40209866762911,0.0
community_irrigation,none,medium_actor,limited_overseer,0,1,14,No oversight,low_init,0.0,12.994581396492055,0.0,0.0,17.37110602857183,0.0
community_irrigation,none,medium_actor,limited_overseer,0,1,14,No oversight,slow_regen,0.0,12.748879456269853,0.0,0.0,16.38823864941122,0.0
community_irrigation,none,medium_actor,limited_overseer,0,2,14,No oversight,held_out_average,0.0,12.561430532674724,0.00048828125,0.0,17.100256608059958,0.0
community_irrigation,none,medium_actor,limited_overseer,0,2,14,No oversight,noisy_weather,0.0,12.732419104669052,0.0,0.0,17.522266459180013,0.0
community_irrigation,none,medium_actor,limited_overseer,0,2,14,No oversight,strong_externality,0.0,12.860220290791968,0.0,0.0,17.58910074949319,0.0
community_irrigation,none,medium_actor,limited_overseer,0,2,14,No oversight,low_init,0.0,12.86823453661973,0.0,0.0,17.541634773804937,0.0
community_irrigation,none,medium_actor,limited_overseer,0,2,14,No oversight,slow_regen,0.0,11.784848198618135,0.001953125,0.0,15.748024449761688,0.0
community_irrigation,none,medium_actor,limited_overseer,0,3,14,No oversight,held_out_average,0.0,12.719417804897624,0.0,0.0,17.21630114942397,0.0
community_irrigation,none,medium_actor,limited_overseer,0,3,14,No oversight,noisy_weather,0.0,12.797667357090198,0.0,0.0,17.508520219113848,0.0
community_irrigation,none,medium_actor,limited_overseer,0,3,14,No oversight,strong_externality,0.0,12.793022103249786,0.0,0.0,17.457987040761765,0.0
community_irrigation,none,medium_actor,limited_overseer,0,3,14,No oversight,low_init,0.0,12.79843303810863,0.0,0.0,17.423163826592756,0.0
community_irrigation,none,medium_actor,limited_overseer,0,3,14,No oversight,slow_regen,0.0,12.488548721141882,0.0,0.0,16.475533511227507,0.0
community_irrigation,none,medium_actor,limited_overseer,0,4,14,No oversight,held_out_average,0.0,12.184461583288876,0.0,0.0,17.10107484706089,0.0
community_irrigation,none,medium_actor,limited_overseer,0,4,14,No oversight,noisy_weather,0.0,12.284397862414975,0.0,0.0,17.423980888130338,0.0
community_irrigation,none,medium_actor,limited_overseer,0,4,14,No oversight,strong_externality,0.0,12.237719163980396,0.0,0.0,17.347918673149913,0.0
community_irrigation,none,medium_actor,limited_overseer,0,4,14,No oversight,low_init,0.0,12.231350472648485,0.0,0.0,17.320311267234953,0.0
community_irrigation,none,medium_actor,limited_overseer,0,4,14,No oversight,slow_regen,0.0,11.984378834111649,0.0,0.0,16.312088559728352,0.0
community_irrigation,none,medium_actor,strong_overseer,-1,0,14,No oversight,held_out_average,0.0,12.682166683101022,0.0,0.0,16.933379659777266,0.0
community_irrigation,none,medium_actor,strong_overseer,-1,0,14,No oversight,noisy_weather,0.0,12.787249957336591,0.0,0.0,17.24067610483752,0.0
community_irrigation,none,medium_actor,strong_overseer,-1,0,14,No oversight,strong_externality,0.0,12.716077133000065,0.0,0.0,17.172422936173803,0.0
community_irrigation,none,medium_actor,strong_overseer,-1,0,14,No oversight,low_init,0.0,12.724408290135276,0.0,0.0,17.155291734200333,0.0
community_irrigation,none,medium_actor,strong_overseer,-1,0,14,No oversight,slow_regen,0.0,12.50093135193216,0.0,0.0,16.165127863897403,0.0
community_irrigation,none,medium_actor,strong_overseer,-1,1,14,No oversight,held_out_average,0.0,12.920049689439765,0.0,0.0,17.15251889860489,0.0
community_irrigation,none,medium_actor,strong_overseer,-1,1,14,No oversight,noisy_weather,0.0,12.95944927656131,0.0,0.0,17.448632248807392,0.0
community_irrigation,none,medium_actor,strong_overseer,-1,1,14,No oversight,strong_externality,0.0,12.977288628435833,0.0,0.0,17.40209866762911,0.0
community_irrigation,none,medium_actor,strong_overseer,-1,1,14,No oversight,low_init,0.0,12.994581396492055,0.0,0.0,17.37110602857183,0.0
community_irrigation,none,medium_actor,strong_overseer,-1,1,14,No oversight,slow_regen,0.0,12.748879456269853,0.0,0.0,16.38823864941122,0.0
community_irrigation,none,medium_actor,strong_overseer,-1,2,14,No oversight,held_out_average,0.0,12.561430532674724,0.00048828125,0.0,17.100256608059958,0.0
community_irrigation,none,medium_actor,strong_overseer,-1,2,14,No oversight,noisy_weather,0.0,12.732419104669052,0.0,0.0,17.522266459180013,0.0
community_irrigation,none,medium_actor,strong_overseer,-1,2,14,No oversight,strong_externality,0.0,12.860220290791968,0.0,0.0,17.58910074949319,0.0
community_irrigation,none,medium_actor,strong_overseer,-1,2,14,No oversight,low_init,0.0,12.86823453661973,0.0,0.0,17.541634773804937,0.0
community_irrigation,none,medium_actor,strong_overseer,-1,2,14,No oversight,slow_regen,0.0,11.784848198618135,0.001953125,0.0,15.748024449761688,0.0
community_irrigation,none,medium_actor,strong_overseer,-1,3,14,No oversight,held_out_average,0.0,12.719417804897624,0.0,0.0,17.21630114942397,0.0
community_irrigation,none,medium_actor,strong_overseer,-1,3,14,No oversight,noisy_weather,0.0,12.797667357090198,0.0,0.0,17.508520219113848,0.0
community_irrigation,none,medium_actor,strong_overseer,-1,3,14,No oversight,strong_externality,0.0,12.793022103249786,0.0,0.0,17.457987040761765,0.0
community_irrigation,none,medium_actor,strong_overseer,-1,3,14,No oversight,low_init,0.0,12.79843303810863,0.0,0.0,17.423163826592756,0.0
community_irrigation,none,medium_actor,strong_overseer,-1,3,14,No oversight,slow_regen,0.0,12.488548721141882,0.0,0.0,16.475533511227507,0.0
community_irrigation,none,medium_actor,strong_overseer,-1,4,14,No oversight,held_out_average,0.0,12.184461583288876,0.0,0.0,17.10107484706089,0.0
community_irrigation,none,medium_actor,strong_overseer,-1,4,14,No oversight,noisy_weather,0.0,12.284397862414975,0.0,0.0,17.423980888130338,0.0
community_irrigation,none,medium_actor,strong_overseer,-1,4,14,No oversight,strong_externality,0.0,12.237719163980396,0.0,0.0,17.347918673149913,0.0
community_irrigation,none,medium_actor,strong_overseer,-1,4,14,No oversight,low_init,0.0,12.231350472648485,0.0,0.0,17.320311267234953,0.0
community_irrigation,none,medium_actor,strong_overseer,-1,4,14,No oversight,slow_regen,0.0,11.984378834111649,0.0,0.0,16.312088559728352,0.0
community_irrigation,none,medium_actor,weak_overseer,1,0,14,No oversight,held_out_average,0.0,12.682166683101022,0.0,0.0,16.933379659777266,0.0
community_irrigation,none,medium_actor,weak_overseer,1,0,14,No oversight,noisy_weather,0.0,12.787249957336591,0.0,0.0,17.24067610483752,0.0
community_irrigation,none,medium_actor,weak_overseer,1,0,14,No oversight,strong_externality,0.0,12.716077133000065,0.0,0.0,17.172422936173803,0.0
community_irrigation,none,medium_actor,weak_overseer,1,0,14,No oversight,low_init,0.0,12.724408290135276,0.0,0.0,17.155291734200333,0.0
community_irrigation,none,medium_actor,weak_overseer,1,0,14,No oversight,slow_regen,0.0,12.50093135193216,0.0,0.0,16.165127863897403,0.0
community_irrigation,none,medium_actor,weak_overseer,1,1,14,No oversight,held_out_average,0.0,12.920049689439765,0.0,0.0,17.15251889860489,0.0
community_irrigation,none,medium_actor,weak_overseer,1,1,14,No oversight,noisy_weather,0.0,12.95944927656131,0.0,0.0,17.448632248807392,0.0
community_irrigation,none,medium_actor,weak_overseer,1,1,14,No oversight,strong_externality,0.0,12.977288628435833,0.0,0.0,17.40209866762911,0.0
community_irrigation,none,medium_actor,weak_overseer,1,1,14,No oversight,low_init,0.0,12.994581396492055,0.0,0.0,17.37110602857183,0.0
community_irrigation,none,medium_actor,weak_overseer,1,1,14,No oversight,slow_regen,0.0,12.748879456269853,0.0,0.0,16.38823864941122,0.0
community_irrigation,none,medium_actor,weak_overseer,1,2,14,No oversight,held_out_average,0.0,12.561430532674724,0.00048828125,0.0,17.100256608059958,0.0
community_irrigation,none,medium_actor,weak_overseer,1,2,14,No oversight,noisy_weather,0.0,12.732419104669052,0.0,0.0,17.522266459180013,0.0
community_irrigation,none,medium_actor,weak_overseer,1,2,14,No oversight,strong_externality,0.0,12.860220290791968,0.0,0.0,17.58910074949319,0.0
community_irrigation,none,medium_actor,weak_overseer,1,2,14,No oversight,low_init,0.0,12.86823453661973,0.0,0.0,17.541634773804937,0.0
community_irrigation,none,medium_actor,weak_overseer,1,2,14,No oversight,slow_regen,0.0,11.784848198618135,0.001953125,0.0,15.748024449761688,0.0
community_irrigation,none,medium_actor,weak_overseer,1,3,14,No oversight,held_out_average,0.0,12.719417804897624,0.0,0.0,17.21630114942397,0.0
community_irrigation,none,medium_actor,weak_overseer,1,3,14,No oversight,noisy_weather,0.0,12.797667357090198,0.0,0.0,17.508520219113848,0.0
community_irrigation,none,medium_actor,weak_overseer,1,3,14,No oversight,strong_externality,0.0,12.793022103249786,0.0,0.0,17.457987040761765,0.0
community_irrigation,none,medium_actor,weak_overseer,1,3,14,No oversight,low_init,0.0,12.79843303810863,0.0,0.0,17.423163826592756,0.0
community_irrigation,none,medium_actor,weak_overseer,1,3,14,No oversight,slow_regen,0.0,12.488548721141882,0.0,0.0,16.475533511227507,0.0
community_irrigation,none,medium_actor,weak_overseer,1,4,14,No oversight,held_out_average,0.0,12.184461583288876,0.0,0.0,17.10107484706089,0.0
community_irrigation,none,medium_actor,weak_overseer,1,4,14,No oversight,noisy_weather,0.0,12.284397862414975,0.0,0.0,17.423980888130338,0.0
community_irrigation,none,medium_actor,weak_overseer,1,4,14,No oversight,strong_externality,0.0,12.237719163980396,0.0,0.0,17.347918673149913,0.0
community_irrigation,none,medium_actor,weak_overseer,1,4,14,No oversight,low_init,0.0,12.231350472648485,0.0,0.0,17.320311267234953,0.0
community_irrigation,none,medium_actor,weak_overseer,1,4,14,No oversight,slow_regen,0.0,11.984378834111649,0.0,0.0,16.312088559728352,0.0
community_irrigation,top_down_only,high_actor,limited_overseer,1,0,14,Global signal,held_out_average,0.0,13.797122873297717,0.12939453125,0.01845703125,13.459770455765872,3.65875
community_irrigation,top_down_only,high_actor,limited_overseer,1,0,14,Global signal,noisy_weather,0.0,13.90829646376968,0.116015625,0.00546875,13.668392044613924,3.618125
community_irrigation,top_down_only,high_actor,limited_overseer,1,0,14,Global signal,strong_externality,0.0,13.856679350062269,0.12421875,0.0066406249999999,13.77091525856794,3.613125
community_irrigation,top_down_only,high_actor,limited_overseer,1,0,14,Global signal,low_init,0.0,13.691174761566804,0.1394531249999999,0.01640625,14.25317243390819,3.548125
community_irrigation,top_down_only,high_actor,limited_overseer,1,0,14,Global signal,slow_regen,0.0,13.73234091779211,0.137890625,0.0453125,12.14660208597343,3.855625
community_irrigation,top_down_only,high_actor,limited_overseer,1,1,14,Global signal,held_out_average,0.0,13.756118309145071,0.1293945312499999,0.00263671875,14.994536906348536,3.43875
community_irrigation,top_down_only,high_actor,limited_overseer,1,1,14,Global signal,noisy_weather,0.0,13.88926611885519,0.1171875,0.0,15.280587990646456,3.391875
community_irrigation,top_down_only,high_actor,limited_overseer,1,1,14,Global signal,strong_externality,0.0,13.76617394595616,0.13671875,0.000390625,15.328599733679187,3.390625
community_irrigation,top_down_only,high_actor,limited_overseer,1,1,14,Global signal,low_init,0.0,13.79581656930462,0.13203125,0.0,15.286441312863914,3.39
community_irrigation,top_down_only,high_actor,limited_overseer,1,1,14,Global signal,slow_regen,0.0,13.573216602464322,0.131640625,0.01015625,14.082518588204588,3.5825
community_irrigation,top_down_only,high_actor,limited_overseer,1,2,14,Global signal,held_out_average,0.0,13.78889882257984,0.126953125,0.01962890625,13.621814043817364,3.67453125
community_irrigation,top_down_only,high_actor,limited_overseer,1,2,14,Global signal,noisy_weather,0.0,13.869148727186808,0.114453125,0.005859375,13.79841386772094,3.633125
community_irrigation,top_down_only,high_actor,limited_overseer,1,2,14,Global signal,strong_externality,0.0,13.891833880142968,0.11640625,0.005859375,13.822517763302406,3.643125
community_irrigation,top_down_only,high_actor,limited_overseer,1,2,14,Global signal,low_init,0.0,13.763090673321912,0.130859375,0.01640625,14.113838704321662,3.6000000000000005
community_irrigation,top_down_only,high_actor,limited_overseer,1,2,14,Global signal,slow_regen,0.0,13.631522009667664,0.14609375,0.050390625,12.752485839924448,3.821875
community_irrigation,top_down_only,high_actor,limited_overseer,1,3,14,Global signal,held_out_average,0.0,14.13442807837773,0.09248046875,0.0,11.756769413810396,4.03515625
community_irrigation,top_down_only,high_actor,limited_overseer,1,3,14,Global signal,noisy_weather,0.0,14.198897458497228,0.08359375,0.0,12.006839078216494,3.9875
community_irrigation,top_down_only,high_actor,limited_overseer,1,3,14,Global signal,strong_externality,0.0,14.287806352104516,0.085546875,0.0,11.752513180210144,4.03125
community_irrigation,top_down_only,high_actor,limited_overseer,1,3,14,Global signal,low_init,0.0,14.0826289367246,0.09921875,0.0,12.1104280773901,3.9875
community_irrigation,top_down_only,high_actor,limited_overseer,1,3,14,Global signal,slow_regen,0.0,13.96837956618458,0.1015625,0.0,11.157297319424844,4.134375
community_irrigation,top_down_only,high_actor,limited_overseer,1,4,14,Global signal,held_out_average,0.0,13.720626482546436,0.1189453125,0.00380859375,14.994847381262826,3.4896875
community_irrigation,top_down_only,high_actor,limited_overseer,1,4,14,Global signal,noisy_weather,0.0,13.86550049590872,0.10546875,0.000390625,15.188796790211674,3.455625
community_irrigation,top_down_only,high_actor,limited_overseer,1,4,14,Global signal,strong_externality,0.0,13.792369538131254,0.119921875,0.0,15.192387961655808,3.461875
community_irrigation,top_down_only,high_actor,limited_overseer,1,4,14,Global signal,low_init,0.0,13.741115715159903,0.119140625,0.0,15.274246312577498,3.4468750000000004
community_irrigation,top_down_only,high_actor,limited_overseer,1,4,14,Global signal,slow_regen,0.0,13.48352018098587,0.13125,0.01484375,14.323958460606327,3.594375
community_irrigation,top_down_only,high_actor,strong_overseer,0,0,14,Global signal,held_out_average,0.0,14.689035081623343,0.0,0.0,15.341765625000004,0.0
community_irrigation,top_down_only,high_actor,strong_overseer,0,0,14,Global signal,noisy_weather,0.0,14.728116719295466,0.0,0.0,15.589687500000002,0.0
community_irrigation,top_down_only,high_actor,strong_overseer,0,0,14,Global signal,strong_externality,0.0,14.70312604127756,0.0,0.0,15.589687500000002,0.0
community_irrigation,top_down_only,high_actor,strong_overseer,0,0,14,Global signal,low_init,0.0,14.651236647776098,0.0,0.0,15.624281250000005,0.0
community_irrigation,top_down_only,high_actor,strong_overseer,0,0,14,Global signal,slow_regen,0.0,14.673660918144249,0.0,0.0,14.563406250000003,0.0
community_irrigation,top_down_only,high_actor,strong_overseer,0,1,14,Global signal,held_out_average,0.0,14.683616978203291,0.0,0.0,15.364828125000006,0.0
community_irrigation,top_down_only,high_actor,strong_overseer,0,1,14,Global signal,noisy_weather,0.0,14.72739679844851,0.0,0.0,15.612750000000002,0.0
community_irrigation,top_down_only,high_actor,strong_overseer,0,1,14,Global signal,strong_externality,0.0,14.688380981410935,0.0,0.0,15.635812500000002,0.0
community_irrigation,top_down_only,high_actor,strong_overseer,0,1,14,Global signal,low_init,0.0,14.666542422990862,0.0,0.0,15.635812500000002,0.0
community_irrigation,top_down_only,high_actor,strong_overseer,0,1,14,Global signal,slow_regen,0.0,14.652147709962858,0.0,0.0,14.574937500000004,0.0
community_irrigation,top_down_only,high_actor,strong_overseer,0,2,14,Global signal,held_out_average,0.0,14.704155900850822,0.0,0.0,15.35088866736722,0.0
community_irrigation,top_down_only,high_actor,strong_overseer,0,2,14,Global signal,noisy_weather,0.0,14.749244555371432,0.0,0.0,15.62891005694222,0.0
community_irrigation,top_down_only,high_actor,strong_overseer,0,2,14,Global signal,strong_externality,0.0,14.713743792585392,0.0,0.0,15.605980457802016,0.0
community_irrigation,top_down_only,high_actor,strong_overseer,0,2,14,Global signal,low_init,0.0,14.66532638369988,0.0,0.0,15.651839656082426,0.0
community_irrigation,top_down_only,high_actor,strong_overseer,0,2,14,Global signal,slow_regen,0.0,14.688308871746573,0.0,0.0,14.516824498642226,0.0
community_irrigation,top_down_only,high_actor,strong_overseer,0,3,14,Global signal,held_out_average,0.0,14.694328854200023,0.0,0.0,15.347510685530562,0.0
community_irrigation,top_down_only,high_actor,strong_overseer,0,3,14,Global signal,noisy_weather,0.0,14.722244536874406,0.0,0.0,15.601136492122224,0.0
community_irrigation,top_down_only,high_actor,strong_overseer,0,3,14,Global signal,strong_externality,0.0,14.698119293353422,0.0,0.0,15.589687500000002,0.0
community_irrigation,top_down_only,high_actor,strong_overseer,0,3,14,Global signal,low_init,0.0,14.688256123550111,0.0,0.0,15.612750000000002,0.0
community_irrigation,top_down_only,high_actor,strong_overseer,0,3,14,Global signal,slow_regen,0.0,14.668695463022146,0.0,0.0,14.586468750000002,0.0
community_irrigation,top_down_only,high_actor,strong_overseer,0,4,14,Global signal,held_out_average,0.0,14.689862976010204,0.0,0.0,15.373284541995904,0.0
community_irrigation,top_down_only,high_actor,strong_overseer,0,4,14,Global signal,noisy_weather,0.0,14.753877837588426,0.0,0.0,15.588919417983591,0.0
community_irrigation,top_down_only,high_actor,strong_overseer,0,4,14,Global signal,strong_externality,0.0,14.700208828982271,0.0,0.0,15.624281250000005,0.0
community_irrigation,top_down_only,high_actor,strong_overseer,0,4,14,Global signal,low_init,0.0,14.64837134805132,0.0,0.0,15.670406250000005,0.0
community_irrigation,top_down_only,high_actor,strong_overseer,0,4,14,Global signal,slow_regen,0.0,14.656993889418793,0.0,0.0,14.609531250000003,0.0
community_irrigation,top_down_only,high_actor,weak_overseer,2,0,14,Global signal,held_out_average,0.0078125,13.405735626598492,0.1717773437499999,0.10576171875,12.900507968352104,2.5984375
community_irrigation,top_down_only,high_actor,weak_overseer,2,0,14,Global signal,noisy_weather,0.0,13.43109706922124,0.16796875,0.09140625,14.161164125543376,2.4675
community_irrigation,top_down_only,high_actor,weak_overseer,2,0,14,Global signal,strong_externality,0.0,13.327467399229349,0.18046875,0.09921875,14.561996612758527,2.4225000000000003
community_irrigation,top_down_only,high_actor,weak_overseer,2,0,14,Global signal,low_init,0.03125,13.747805817615571,0.14609375,0.0941406249999999,10.598144435218328,2.8075
community_irrigation,top_down_only,high_actor,weak_overseer,2,0,14,Global signal,slow_regen,0.0,13.116572220327807,0.192578125,0.13828125,12.280726699888184,2.69625
community_irrigation,top_down_only,high_actor,weak_overseer,2,1,14,Global signal,held_out_average,0.0,13.776476753728716,0.12314453125,0.00595703125,15.084681030356258,2.2334375000000004
community_irrigation,top_down_only,high_actor,weak_overseer,2,1,14,Global signal,noisy_weather,0.0,13.879669310468032,0.103515625,0.005078125,15.161057870023544,2.23125
community_irrigation,top_down_only,high_actor,weak_overseer,2,1,14,Global signal,strong_externality,0.0,13.869483678021917,0.10625,0.00234375,15.392364193409351,2.19625
community_irrigation,top_down_only,high_actor,weak_overseer,2,1,14,Global signal,low_init,0.0,13.87383909059142,0.106640625,0.002734375,15.205017695946037,2.21875
community_irrigation,top_down_only,high_actor,weak_overseer,2,1,14,Global signal,slow_regen,0.0,13.482914935833492,0.176171875,0.013671875,14.580284362046095,2.2875
community_irrigation,top_down_only,high_actor,weak_overseer,2,2,14,Global signal,held_out_average,0.0,13.830193826148635,0.09501953125,0.02119140625,14.179876555956808,2.4546875000000004
community_irrigation,top_down_only,high_actor,weak_overseer,2,2,14,Global signal,noisy_weather,0.0,13.955158006685464,0.08515625,0.009765625,14.434166562669787,2.42125
community_irrigation,top_down_only,high_actor,weak_overseer,2,2,14,Global signal,strong_externality,0.0,13.87656767256075,0.08828125,0.006640625,14.839911837536594,2.36625
community_irrigation,top_down_only,high_actor,weak_overseer,2,2,14,Global signal,low_init,0.0,13.80644695995212,0.1015625,0.0234375,14.52784649315612,2.40875
community_irrigation,top_down_only,high_actor,weak_overseer,2,2,14,Global signal,slow_regen,0.0,13.682602665396209,0.105078125,0.044921875,12.917581330464728,2.6225
community_irrigation,top_down_only,high_actor,weak_overseer,2,3,14,Global signal,held_out_average,0.0,13.035622368511008,0.2420898437499999,0.08583984375,14.84017592008632,2.3484375
community_irrigation,top_down_only,high_actor,weak_overseer,2,3,14,Global signal,noisy_weather,0.0,13.06087214895431,0.23203125,0.0875,14.98756601734854,2.345
community_irrigation,top_down_only,high_actor,weak_overseer,2,3,14,Global signal,strong_externality,0.0,13.10763573975862,0.23671875,0.080078125,14.949594439661482,2.3412500000000005
community_irrigation,top_down_only,high_actor,weak_overseer,2,3,14,Global signal,low_init,0.0,13.127649852718092,0.232421875,0.080078125,14.977111963951035,2.3325000000000005
community_irrigation,top_down_only,high_actor,weak_overseer,2,3,14,Global signal,slow_regen,0.0,12.84633173261301,0.2671875,0.095703125,14.44643125938422,2.3750000000000004
community_irrigation,top_down_only,high_actor,weak_overseer,2,4,14,Global signal,held_out_average,0.0,13.595713549556915,0.126953125,0.0412109375,14.67209205755036,2.3915625
community_irrigation,top_down_only,high_actor,weak_overseer,2,4,14,Global signal,noisy_weather,0.0,13.753289637519924,0.108984375,0.023828125,14.827509473490371,2.3687500000000004
community_irrigation,top_down_only,high_actor,weak_overseer,2,4,14,Global signal,strong_externality,0.0,13.65247644440444,0.11484375,0.024609375,15.25368698963509,2.31625
community_irrigation,top_down_only,high_actor,weak_overseer,2,4,14,Global signal,low_init,0.0,13.60255465709877,0.138671875,0.04375,14.859918534749523,2.3725
community_irrigation,top_down_only,high_actor,weak_overseer,2,4,14,Global signal,slow_regen,0.0,13.374533459204528,0.1453125,0.07265625,13.74725323232645,2.50875
community_irrigation,top_down_only,low_actor,limited_overseer,-1,0,14,Global signal,held_out_average,0.0,13.597040688568992,0.1436523437499999,0.0177734375,14.765550652566542,3.50890625
community_irrigation,top_down_only,low_actor,limited_overseer,-1,0,14,Global signal,noisy_weather,0.0,13.747698135045514,0.128125,0.00390625,15.081138341896583,3.45625
community_irrigation,top_down_only,low_actor,limited_overseer,-1,0,14,Global signal,strong_externality,0.0,13.67138951751718,0.1359375,0.001953125,15.150830911986958,3.4525
community_irrigation,top_down_only,low_actor,limited_overseer,-1,0,14,Global signal,low_init,0.0,13.6468055940448,0.141796875,0.016015625,14.749606433788015,3.508125
community_irrigation,top_down_only,low_actor,limited_overseer,-1,0,14,Global signal,slow_regen,0.0,13.32226950766847,0.16875,0.04921875,14.080626922594613,3.61875
community_irrigation,top_down_only,low_actor,limited_overseer,-1,1,14,Global signal,held_out_average,0.0,13.815068174052948,0.09384765625,0.00400390625,14.877562884033296,3.58265625
community_irrigation,top_down_only,low_actor,limited_overseer,-1,1,14,Global signal,noisy_weather,0.0,13.899169884117743,0.084375,0.0,15.150314747073386,3.535
community_irrigation,top_down_only,low_actor,limited_overseer,-1,1,14,Global signal,strong_externality,0.0,13.918808777950003,0.087109375,0.0,14.963318935267914,3.5675000000000003
community_irrigation,top_down_only,low_actor,limited_overseer,-1,1,14,Global signal,low_init,0.0,13.821769489466709,0.091015625,0.00390625,15.481113056143547,3.48375
community_irrigation,top_down_only,low_actor,limited_overseer,-1,1,14,Global signal,slow_regen,0.0,13.62052454467734,0.112890625,0.012109375,13.915504797648335,3.744375
community_irrigation,top_down_only,low_actor,limited_overseer,-1,2,14,Global signal,held_out_average,0.0,13.813571429335791,0.1166015625,0.00126953125,15.077043087939677,3.39953125
community_irrigation,top_down_only,low_actor,limited_overseer,-1,2,14,Global signal,noisy_weather,0.0,13.901572238200233,0.10234375,0.0,15.427828129479224,3.34375
community_irrigation,top_down_only,low_actor,limited_overseer,-1,2,14,Global signal,strong_externality,0.0,13.846330816354127,0.1234375,0.0,15.366202495205924,3.355
community_irrigation,top_down_only,low_actor,limited_overseer,-1,2,14,Global signal,low_init,0.0,13.884206061679755,0.11171875,0.0,15.249249508600403,3.369375
community_irrigation,top_down_only,low_actor,limited_overseer,-1,2,14,Global signal,slow_regen,0.0,13.622176601109054,0.12890625,0.005078125,14.264892218473154,3.53
community_irrigation,top_down_only,low_actor,limited_overseer,-1,3,14,Global signal,held_out_average,0.0,14.381822175126691,0.00517578125,0.0,15.168541347804382,3.2675
community_irrigation,top_down_only,low_actor,limited_overseer,-1,3,14,Global signal,noisy_weather,0.0,14.49178148558321,0.000390625,0.0,15.363092991223052,3.2325
community_irrigation,top_down_only,low_actor,limited_overseer,-1,3,14,Global signal,strong_externality,0.0,14.47002274943653,0.0,0.0,15.484671771640102,3.21125
community_irrigation,top_down_only,low_actor,limited_overseer,-1,3,14,Global signal,low_init,0.0,14.425786306196937,0.0125,0.0,15.449357168003411,3.215
community_irrigation,top_down_only,low_actor,limited_overseer,-1,3,14,Global signal,slow_regen,0.0,14.139698159290091,0.0078125,0.0,14.377043460350963,3.41125
community_irrigation,top_down_only,low_actor,limited_overseer,-1,4,14,Global signal,held_out_average,0.0,13.839685241316964,0.0970703125,0.00244140625,15.098985296554876,3.4523437500000003
community_irrigation,top_down_only,low_actor,limited_overseer,-1,4,14,Global signal,noisy_weather,0.0,13.968104632682437,0.0796875,0.0,15.447203329599496,3.39125
community_irrigation,top_down_only,low_actor,limited_overseer,-1,4,14,Global signal,strong_externality,0.0,13.95165011729096,0.089453125,0.0,15.31328464454144,3.4174999999999995
community_irrigation,top_down_only,low_actor,limited_overseer,-1,4,14,Global signal,low_init,0.0,13.8936761880862,0.0929687499999999,0.001171875,15.309736184964002,3.416875
community_irrigation,top_down_only,low_actor,limited_overseer,-1,4,14,Global signal,slow_regen,0.0,13.54531002720826,0.126171875,0.00859375,14.325717027114564,3.58375
community_irrigation,top_down_only,low_actor,strong_overseer,-2,0,14,Global signal,held_out_average,0.0,14.68863836996655,0.0,0.0,15.343493579954542,0.0
community_irrigation,top_down_only,low_actor,strong_overseer,-2,0,14,Global signal,noisy_weather,0.0,14.726529872668298,0.0,0.0,15.596599319818148,0.0
community_irrigation,top_down_only,low_actor,strong_overseer,-2,0,14,Global signal,strong_externality,0.0,14.70312604127756,0.0,0.0,15.589687500000002,0.0
community_irrigation,top_down_only,low_actor,strong_overseer,-2,0,14,Global signal,low_init,0.0,14.651236647776098,0.0,0.0,15.624281250000005,0.0
community_irrigation,top_down_only,low_actor,strong_overseer,-2,0,14,Global signal,slow_regen,0.0,14.673660918144249,0.0,0.0,14.563406250000003,0.0
community_irrigation,top_down_only,low_actor,strong_overseer,-2,1,14,Global signal,held_out_average,0.0,14.683616978203291,0.0,0.0,15.364828125000006,0.0
community_irrigation,top_down_only,low_actor,strong_overseer,-2,1,14,Global signal,noisy_weather,0.0,14.72739679844851,0.0,0.0,15.612750000000002,0.0
community_irrigation,top_down_only,low_actor,strong_overseer,-2,1,14,Global signal,strong_externality,0.0,14.688380981410935,0.0,0.0,15.635812500000002,0.0
community_irrigation,top_down_only,low_actor,strong_overseer,-2,1,14,Global signal,low_init,0.0,14.666542422990862,0.0,0.0,15.635812500000002,0.0
community_irrigation,top_down_only,low_actor,strong_overseer,-2,1,14,Global signal,slow_regen,0.0,14.652147709962858,0.0,0.0,14.574937500000004,0.0
community_irrigation,top_down_only,low_actor,strong_overseer,-2,2,14,Global signal,held_out_average,0.0,14.699952793634656,0.0,0.0,15.361945312500008,0.0
community_irrigation,top_down_only,low_actor,strong_overseer,-2,2,14,Global signal,noisy_weather,0.0,14.740501374328437,0.0,0.0,15.624281250000005,0.0
community_irrigation,top_down_only,low_actor,strong_overseer,-2,2,14,Global signal,strong_externality,0.0,14.707627945907582,0.0,0.0,15.635812500000002,0.0
community_irrigation,top_down_only,low_actor,strong_overseer,-2,2,14,Global signal,low_init,0.0,14.690158154237077,0.0,0.0,15.624281250000005,0.0
community_irrigation,top_down_only,low_actor,strong_overseer,-2,2,14,Global signal,slow_regen,0.0,14.661523700065528,0.0,0.0,14.563406250000003,0.0
community_irrigation,top_down_only,low_actor,strong_overseer,-2,3,14,Global signal,held_out_average,0.0,14.742077449759096,0.0,0.0,15.22573645498269,0.0
community_irrigation,top_down_only,low_actor,strong_overseer,-2,3,14,Global signal,noisy_weather,0.0,14.8046847272834,0.0,0.0,15.447123838949697,0.0
community_irrigation,top_down_only,low_actor,strong_overseer,-2,3,14,Global signal,strong_externality,0.0,14.740604650062007,0.0,0.0,15.497925422836852,0.0
community_irrigation,top_down_only,low_actor,strong_overseer,-2,3,14,Global signal,low_init,0.0,14.68694632440404,0.0,0.0,15.520247020418132,0.0
community_irrigation,top_down_only,low_actor,strong_overseer,-2,3,14,Global signal,slow_regen,0.0,14.73607409728693,0.0,0.0,14.437649537726085,0.0
community_irrigation,top_down_only,low_actor,strong_overseer,-2,4,14,Global signal,held_out_average,0.0,14.710070145938404,0.0,0.0,15.327281345723405,0.0
community_irrigation,top_down_only,low_actor,strong_overseer,-2,4,14,Global signal,noisy_weather,0.0,14.757406425260136,0.0,0.0,15.61963616722148,0.0
community_irrigation,top_down_only,low_actor,strong_overseer,-2,4,14,Global signal,strong_externality,0.0,14.71450606858498,0.0,0.0,15.585575411318793,0.0
community_irrigation,top_down_only,low_actor,strong_overseer,-2,4,14,Global signal,low_init,0.0,14.670291047593643,0.0,0.0,15.585575411318793,0.0
community_irrigation,top_down_only,low_actor,strong_overseer,-2,4,14,Global signal,slow_regen,0.0,14.698077042314852,0.0,0.0,14.518338393034549,0.0
community_irrigation,top_down_only,low_actor,weak_overseer,0,0,14,Global signal,held_out_average,0.0,13.378061006702293,0.19990234375,0.03525390625,14.911937481166452,2.29375
community_irrigation,top_down_only,low_actor,weak_overseer,0,0,14,Global signal,noisy_weather,0.0,13.515152248604975,0.180859375,0.021875,15.22539037288776,2.2550000000000003
community_irrigation,top_down_only,low_actor,weak_overseer,0,0,14,Global signal,strong_externality,0.0,13.443718203434694,0.198046875,0.021875,15.20135713064625,2.2587500000000005
community_irrigation,top_down_only,low_actor,weak_overseer,0,0,14,Global signal,low_init,0.0,13.36312679896596,0.2015624999999999,0.034375,15.201287425786507,2.2562500000000005
community_irrigation,top_down_only,low_actor,weak_overseer,0,0,14,Global signal,slow_regen,0.0,13.19024677580354,0.219140625,0.062890625,14.019714995345296,2.405
community_irrigation,top_down_only,low_actor,weak_overseer,0,1,14,Global signal,held_out_average,0.0,13.8054513021502,0.10859375,0.04248046875,13.445633014447338,2.59125
community_irrigation,top_down_only,low_actor,weak_overseer,0,1,14,Global signal,noisy_weather,0.0,13.831307083850188,0.0984375,0.0265625,14.089845455255814,2.50875
community_irrigation,top_down_only,low_actor,weak_overseer,0,1,14,Global signal,strong_externality,0.0,13.794818042277631,0.105078125,0.027734375,14.540050022089524,2.45
community_irrigation,top_down_only,low_actor,weak_overseer,0,1,14,Global signal,low_init,0.0,14.076002846592628,0.10078125,0.03671875,12.549045039775212,2.695
community_irrigation,top_down_only,low_actor,weak_overseer,0,1,14,Global signal,slow_regen,0.0,13.519677235880362,0.130078125,0.07890625,12.603591540668802,2.71125
community_irrigation,top_down_only,low_actor,weak_overseer,0,2,14,Global signal,held_out_average,0.0,13.624735790295588,0.1447265625,0.0482421875,13.579337718953632,2.4459375000000003
community_irrigation,top_down_only,low_actor,weak_overseer,0,2,14,Global signal,noisy_weather,0.0,13.730312806335595,0.1234375,0.03515625,13.92345138282325,2.405
community_irrigation,top_down_only,low_actor,weak_overseer,0,2,14,Global signal,strong_externality,0.0,13.71300819795712,0.122265625,0.03125,13.90542529169094,2.405
community_irrigation,top_down_only,low_actor,weak_overseer,0,2,14,Global signal,low_init,0.0,13.55046062392934,0.152734375,0.0542968749999999,13.942119436537402,2.4025
community_irrigation,top_down_only,low_actor,weak_overseer,0,2,14,Global signal,slow_regen,0.0,13.505161532960296,0.18046875,0.072265625,12.546354764762937,2.57125
community_irrigation,top_down_only,low_actor,weak_overseer,0,3,14,Global signal,held_out_average,0.0,13.79901340467984,0.0515625,0.00703125,15.39749479195045,2.295625
community_irrigation,top_down_only,low_actor,weak_overseer,0,3,14,Global signal,noisy_weather,0.0,13.882932510304103,0.0359375,0.0015625,15.735399455620442,2.25
community_irrigation,top_down_only,low_actor,weak_overseer,0,3,14,Global signal,strong_externality,0.0,13.911628098472072,0.031640625,0.003125,15.567843854082149,2.26375
community_irrigation,top_down_only,low_actor,weak_overseer,0,3,14,Global signal,low_init,0.0,13.812618776758416,0.059375,0.014453125,15.644982791841048,2.2575000000000003
community_irrigation,top_down_only,low_actor,weak_overseer,0,3,14,Global signal,slow_regen,0.0,13.588874233184768,0.0792968749999999,0.008984375,14.641753066258165,2.41125
community_irrigation,top_down_only,low_actor,weak_overseer,0,4,14,Global signal,held_out_average,0.0,13.382032808675286,0.16337890625,0.08671875,13.785202540183008,2.5118750000000003
community_irrigation,top_down_only,low_actor,weak_overseer,0,4,14,Global signal,noisy_weather,0.0,13.566994143576114,0.14140625,0.065234375,14.115431491566389,2.46875
community_irrigation,top_down_only,low_actor,weak_overseer,0,4,14,Global signal,strong_externality,0.0,13.4384980896642,0.153515625,0.07578125,14.288659292403134,2.44875
community_irrigation,top_down_only,low_actor,weak_overseer,0,4,14,Global signal,low_init,0.0,13.342661938990055,0.178515625,0.09375,13.856819501420372,2.50125
community_irrigation,top_down_only,low_actor,weak_overseer,0,4,14,Global signal,slow_regen,0.0,13.179977062470776,0.1800781249999999,0.112109375,12.879899875342144,2.62875
community_irrigation,top_down_only,medium_actor,limited_overseer,0,0,14,Global signal,held_out_average,0.0,13.568602384947347,0.1483398437499999,0.01875,14.828445961438602,3.4967187500000003
community_irrigation,top_down_only,medium_actor,limited_overseer,0,0,14,Global signal,noisy_weather,0.0,13.733710076054756,0.13125,0.003515625,14.989687396940273,3.468125
community_irrigation,top_down_only,medium_actor,limited_overseer,0,0,14,Global signal,strong_externality,0.0,13.651938304189564,0.13984375,0.005078125,15.104738968728531,3.455
community_irrigation,top_down_only,medium_actor,limited_overseer,0,0,14,Global signal,low_init,0.0,13.59464081409968,0.15078125,0.016015625,15.081926098972309,3.45875
community_irrigation,top_down_only,medium_actor,limited_overseer,0,0,14,Global signal,slow_regen,0.0,13.29412034544539,0.171484375,0.050390625,14.137431381113288,3.605
community_irrigation,top_down_only,medium_actor,limited_overseer,0,1,14,Global signal,held_out_average,0.0,13.801228157340184,0.127734375,0.02861328125,13.240612858926736,3.77890625
community_irrigation,top_down_only,medium_actor,limited_overseer,0,1,14,Global signal,noisy_weather,0.0,13.97418979981624,0.107421875,0.014453125,12.929466247502315,3.808125
community_irrigation,top_down_only,medium_actor,limited_overseer,0,1,14,Global signal,strong_externality,0.0,13.774678753313776,0.126953125,0.016015625,13.929333098018866,3.6775
community_irrigation,top_down_only,medium_actor,limited_overseer,0,1,14,Global signal,low_init,0.0,13.769405968871276,0.13203125,0.021484375,14.030655368683435,3.66625
community_irrigation,top_down_only,medium_actor,limited_overseer,0,1,14,Global signal,slow_regen,0.0,13.68663810735945,0.14453125,0.0625,12.072996721502331,3.96375
community_irrigation,top_down_only,medium_actor,limited_overseer,0,2,14,Global signal,held_out_average,0.0,13.626643257784732,0.1407226562499999,0.0146484375,14.77045740045576,3.4971875
community_irrigation,top_down_only,medium_actor,limited_overseer,0,2,14,Global signal,noisy_weather,0.0,13.827409472746112,0.12265625,0.002734375,14.826924433704384,3.478125
community_irrigation,top_down_only,medium_actor,limited_overseer,0,2,14,Global signal,strong_externality,0.0,13.71005974903589,0.13515625,0.002734375,14.999505670345044,3.46375
community_irrigation,top_down_only,medium_actor,limited_overseer,0,2,14,Global signal,low_init,0.0,13.627188454658327,0.144140625,0.013671875,15.032143382795926,3.459375
community_irrigation,top_down_only,medium_actor,limited_overseer,0,2,14,Global signal,slow_regen,0.0,13.341915354698596,0.1609375,0.039453125,14.223256114977689,3.5875
community_irrigation,top_down_only,medium_actor,limited_overseer,0,3,14,Global signal,held_out_average,0.0,13.683243119258684,0.13623046875,0.0150390625,14.196927372675908,3.56265625
community_irrigation,top_down_only,medium_actor,limited_overseer,0,3,14,Global signal,noisy_weather,0.0,13.838692964614737,0.1203125,0.001953125,14.13661177706365,3.5543750000000003
community_irrigation,top_down_only,medium_actor,limited_overseer,0,3,14,Global signal,strong_externality,0.0,13.728107587914185,0.130078125,0.001953125,14.59396187404982,3.506875
community_irrigation,top_down_only,medium_actor,limited_overseer,0,3,14,Global signal,low_init,0.0,13.692131713889353,0.135546875,0.007421875,14.640027627588882,3.498125
community_irrigation,top_down_only,medium_actor,limited_overseer,0,3,14,Global signal,slow_regen,0.0,13.474040210616462,0.158984375,0.048828125,13.41710821200128,3.69125
community_irrigation,top_down_only,medium_actor,limited_overseer,0,4,14,Global signal,held_out_average,0.0,13.63891562726682,0.14794921875,0.01884765625,14.526222232481183,3.4925
community_irrigation,top_down_only,medium_actor,limited_overseer,0,4,14,Global signal,noisy_weather,0.0,13.759814679518634,0.13515625,0.00546875,14.72173605861823,3.45125
community_irrigation,top_down_only,medium_actor,limited_overseer,0,4,14,Global signal,strong_externality,0.0,13.740242366445816,0.1390625,0.003125,14.944908336221934,3.430625
community_irrigation,top_down_only,medium_actor,limited_overseer,0,4,14,Global signal,low_init,0.0,13.654868266271846,0.149609375,0.014453125,14.922716951139831,3.435625
community_irrigation,top_down_only,medium_actor,limited_overseer,0,4,14,Global signal,slow_regen,0.0,13.40073719683098,0.16796875,0.05234375,13.515527583944742,3.6525
community_irrigation,top_down_only,medium_actor,strong_overseer,-1,0,14,Global signal,held_out_average,0.0,14.689035081623343,0.0,0.0,15.341765625000004,0.0
community_irrigation,top_down_only,medium_actor,strong_overseer,-1,0,14,Global signal,noisy_weather,0.0,14.728116719295466,0.0,0.0,15.589687500000002,0.0
community_irrigation,top_down_only,medium_actor,strong_overseer,-1,0,14,Global signal,strong_externality,0.0,14.70312604127756,0.0,0.0,15.589687500000002,0.0
community_irrigation,top_down_only,medium_actor,strong_overseer,-1,0,14,Global signal,low_init,0.0,14.651236647776098,0.0,0.0,15.624281250000005,0.0
community_irrigation,top_down_only,medium_actor,strong_overseer,-1,0,14,Global signal,slow_regen,0.0,14.673660918144249,0.0,0.0,14.563406250000003,0.0
community_irrigation,top_down_only,medium_actor,strong_overseer,-1,1,14,Global signal,held_out_average,0.0,14.683616978203291,0.0,0.0,15.364828125000006,0.0
community_irrigation,top_down_only,medium_actor,strong_overseer,-1,1,14,Global signal,noisy_weather,0.0,14.72739679844851,0.0,0.0,15.612750000000002,0.0
community_irrigation,top_down_only,medium_actor,strong_overseer,-1,1,14,Global signal,strong_externality,0.0,14.688380981410935,0.0,0.0,15.635812500000002,0.0
community_irrigation,top_down_only,medium_actor,strong_overseer,-1,1,14,Global signal,low_init,0.0,14.666542422990862,0.0,0.0,15.635812500000002,0.0
community_irrigation,top_down_only,medium_actor,strong_overseer,-1,1,14,Global signal,slow_regen,0.0,14.652147709962858,0.0,0.0,14.574937500000004,0.0
community_irrigation,top_down_only,medium_actor,strong_overseer,-1,2,14,Global signal,held_out_average,0.0,14.699952793634656,0.0,0.0,15.361945312500008,0.0
community_irrigation,top_down_only,medium_actor,strong_overseer,-1,2,14,Global signal,noisy_weather,0.0,14.740501374328437,0.0,0.0,15.624281250000005,0.0
community_irrigation,top_down_only,medium_actor,strong_overseer,-1,2,14,Global signal,strong_externality,0.0,14.707627945907582,0.0,0.0,15.635812500000002,0.0
community_irrigation,top_down_only,medium_actor,strong_overseer,-1,2,14,Global signal,low_init,0.0,14.690158154237077,0.0,0.0,15.624281250000005,0.0
community_irrigation,top_down_only,medium_actor,strong_overseer,-1,2,14,Global signal,slow_regen,0.0,14.661523700065528,0.0,0.0,14.563406250000003,0.0
community_irrigation,top_down_only,medium_actor,strong_overseer,-1,3,14,Global signal,held_out_average,0.0,14.694217627660525,0.0,0.0,15.347531250000008,0.0
community_irrigation,top_down_only,medium_actor,strong_overseer,-1,3,14,Global signal,noisy_weather,0.0,14.72179963071641,0.0,0.0,15.60121875,0.0
community_irrigation,top_down_only,medium_actor,strong_overseer,-1,3,14,Global signal,strong_externality,0.0,14.698119293353422,0.0,0.0,15.589687500000002,0.0
community_irrigation,top_down_only,medium_actor,strong_overseer,-1,3,14,Global signal,low_init,0.0,14.688256123550111,0.0,0.0,15.612750000000002,0.0
community_irrigation,top_down_only,medium_actor,strong_overseer,-1,3,14,Global signal,slow_regen,0.0,14.668695463022146,0.0,0.0,14.586468750000002,0.0
community_irrigation,top_down_only,medium_actor,strong_overseer,-1,4,14,Global signal,held_out_average,0.0,14.689412180596497,0.0,0.0,15.373476562500006,0.0
community_irrigation,top_down_only,medium_actor,strong_overseer,-1,4,14,Global signal,noisy_weather,0.0,14.752074655933596,0.0,0.0,15.589687500000002,0.0
community_irrigation,top_down_only,medium_actor,strong_overseer,-1,4,14,Global signal,strong_externality,0.0,14.700208828982271,0.0,0.0,15.624281250000005,0.0
community_irrigation,top_down_only,medium_actor,strong_overseer,-1,4,14,Global signal,low_init,0.0,14.64837134805132,0.0,0.0,15.670406250000005,0.0
community_irrigation,top_down_only,medium_actor,strong_overseer,-1,4,14,Global signal,slow_regen,0.0,14.656993889418793,0.0,0.0,14.609531250000003,0.0
community_irrigation,top_down_only,medium_actor,weak_overseer,1,0,14,Global signal,held_out_average,0.0,13.371299715535724,0.192578125,0.1174804687499999,11.776852430203316,2.6631249999999995
community_irrigation,top_down_only,medium_actor,weak_overseer,1,0,14,Global signal,noisy_weather,0.0,13.480905094761969,0.169921875,0.1078125,11.653062871278584,2.675
community_irrigation,top_down_only,medium_actor,weak_overseer,1,0,14,Global signal,strong_externality,0.0,13.424334503792728,0.188671875,0.121484375,11.798527973567356,2.67125
community_irrigation,top_down_only,medium_actor,weak_overseer,1,0,14,Global signal,low_init,0.0,13.369561301830649,0.194921875,0.11015625,12.572835866282976,2.565
community_irrigation,top_down_only,medium_actor,weak_overseer,1,0,14,Global signal,slow_regen,0.0,13.210397961757554,0.216796875,0.13046875,11.08298300968435,2.74125
community_irrigation,top_down_only,medium_actor,weak_overseer,1,1,14,Global signal,held_out_average,0.0,14.188650453386622,0.0851562499999999,0.03359375,11.722030119621778,2.73625
community_irrigation,top_down_only,medium_actor,weak_overseer,1,1,14,Global signal,noisy_weather,0.0,14.285381876794949,0.071875,0.019921875,12.076248341589755,2.69375
community_irrigation,top_down_only,medium_actor,weak_overseer,1,1,14,Global signal,strong_externality,0.0,14.225310195907218,0.08046875,0.023828125,12.350937831823408,2.66125
community_irrigation,top_down_only,medium_actor,weak_overseer,1,1,14,Global signal,low_init,0.0,14.245736398171388,0.099609375,0.0421874999999999,11.449089555622376,2.76875
community_irrigation,top_down_only,medium_actor,weak_overseer,1,1,14,Global signal,slow_regen,0.0,13.998173342672924,0.088671875,0.0484375,11.01184474945157,2.82125
community_irrigation,top_down_only,medium_actor,weak_overseer,1,2,14,Global signal,held_out_average,0.0,13.93703479179199,0.03857421875,0.0048828125,14.547758617823678,2.434375
community_irrigation,top_down_only,medium_actor,weak_overseer,1,2,14,Global signal,noisy_weather,0.0,14.025072013534473,0.03359375,0.00234375,14.761724560432286,2.4087500000000004
community_irrigation,top_down_only,medium_actor,weak_overseer,1,2,14,Global signal,strong_externality,0.0,13.95631792559812,0.03515625,0.00234375,15.25119442087587,2.33875
community_irrigation,top_down_only,medium_actor,weak_overseer,1,2,14,Global signal,low_init,0.0,13.931210966001858,0.035546875,0.001953125,15.17374948567241,2.3412500000000005
community_irrigation,top_down_only,medium_actor,weak_overseer,1,2,14,Global signal,slow_regen,0.0,13.835538262033516,0.0499999999999999,0.012890625,13.00436600431415,2.64875
community_irrigation,top_down_only,medium_actor,weak_overseer,1,3,14,Global signal,held_out_average,0.0,13.829977273730648,0.11455078125,0.0771484375,10.403592059940287,2.86875
community_irrigation,top_down_only,medium_actor,weak_overseer,1,3,14,Global signal,noisy_weather,0.0,13.990699739467342,0.1203125,0.0753906249999999,11.428129089071485,2.76125
community_irrigation,top_down_only,medium_actor,weak_overseer,1,3,14,Global signal,strong_externality,0.0,14.075916028889608,0.116015625,0.0734374999999999,11.240836336572958,2.78625
community_irrigation,top_down_only,medium_actor,weak_overseer,1,3,14,Global signal,low_init,0.0,13.33189240514577,0.1078125,0.073046875,9.01876532421235,2.9850000000000003
community_irrigation,top_down_only,medium_actor,weak_overseer,1,3,14,Global signal,slow_regen,0.0,13.92140092141987,0.1140624999999999,0.08671875,9.926637489904362,2.9425
community_irrigation,top_down_only,medium_actor,weak_overseer,1,4,14,Global signal,held_out_average,0.0,13.820585702336494,0.12939453125,0.04228515625,13.811646184102283,2.376875
community_irrigation,top_down_only,medium_actor,weak_overseer,1,4,14,Global signal,noisy_weather,0.0,14.030657916330997,0.1046874999999999,0.01796875,14.185661076807005,2.3287500000000003
community_irrigation,top_down_only,medium_actor,weak_overseer,1,4,14,Global signal,strong_externality,0.0,13.909873688404405,0.112890625,0.02109375,14.289486562804711,2.3175
community_irrigation,top_down_only,medium_actor,weak_overseer,1,4,14,Global signal,low_init,0.0,13.863402620500125,0.139453125,0.0453125,13.615812164719848,2.39625
community_irrigation,top_down_only,medium_actor,weak_overseer,1,4,14,Global signal,slow_regen,0.0,13.478408584110456,0.1605468749999999,0.0847656249999999,13.155624932077574,2.465
forest_co_management,bottom_up_only,high_actor,limited_overseer,1,0,14,Local oversight,held_out_average,0.0,12.30504555700752,0.0,0.0,13.981727897511783,0.0
forest_co_management,bottom_up_only,high_actor,limited_overseer,1,0,14,Local oversight,noisy_weather,0.0,12.415491803225756,0.0,0.0,14.53937704779818,0.0
forest_co_management,bottom_up_only,high_actor,limited_overseer,1,0,14,Local oversight,strong_externality,0.0,12.37982810156642,0.0,0.0,14.42369467569987,0.0
forest_co_management,bottom_up_only,high_actor,limited_overseer,1,0,14,Local oversight,low_init,0.0,12.406141475836488,0.0,0.0,14.446468691430368,0.0
forest_co_management,bottom_up_only,high_actor,limited_overseer,1,0,14,Local oversight,slow_regen,0.0,12.018720847401417,0.0,0.0,12.517371175118717,0.0
forest_co_management,bottom_up_only,high_actor,limited_overseer,1,1,14,Local oversight,held_out_average,0.0,12.23248265670009,0.005859375,0.000390625,14.38076190672029,0.0
forest_co_management,bottom_up_only,high_actor,limited_overseer,1,1,14,Local oversight,noisy_weather,0.0,12.372652775802369,0.0,0.0,14.913369072281045,0.0
forest_co_management,bottom_up_only,high_actor,limited_overseer,1,1,14,Local oversight,strong_externality,0.0,12.387200064863412,0.0,0.0,14.838475925791837,0.0
forest_co_management,bottom_up_only,high_actor,limited_overseer,1,1,14,Local oversight,low_init,0.0,12.410183393493227,0.0,0.0,14.845206983005731,0.0
forest_co_management,bottom_up_only,high_actor,limited_overseer,1,1,14,Local oversight,slow_regen,0.0,11.759894392641352,0.0234375,0.0015625,12.925995645802551,0.0
forest_co_management,bottom_up_only,high_actor,limited_overseer,1,2,14,Local oversight,held_out_average,0.0,11.821141979175986,0.0,0.0,14.21894848259536,0.0
forest_co_management,bottom_up_only,high_actor,limited_overseer,1,2,14,Local oversight,noisy_weather,0.0,11.952032620090916,0.0,0.0,14.751793534396416,0.0
forest_co_management,bottom_up_only,high_actor,limited_overseer,1,2,14,Local oversight,strong_externality,0.0,11.89201679214301,0.0,0.0,14.668322577522428,0.0
forest_co_management,bottom_up_only,high_actor,limited_overseer,1,2,14,Local oversight,low_init,0.0,11.931150944786554,0.0,0.0,14.680627964786392,0.0
forest_co_management,bottom_up_only,high_actor,limited_overseer,1,2,14,Local oversight,slow_regen,0.0,11.50936755968346,0.0,0.0,12.775049853676212,0.0
forest_co_management,bottom_up_only,high_actor,limited_overseer,1,3,14,Local oversight,held_out_average,0.0,12.034715413425054,0.033203125,0.005078125,13.82405091201992,0.0
forest_co_management,bottom_up_only,high_actor,limited_overseer,1,3,14,Local oversight,noisy_weather,0.0,12.160687774450064,0.01796875,0.0015625,14.357217426658746,0.0
forest_co_management,bottom_up_only,high_actor,limited_overseer,1,3,14,Local oversight,strong_externality,0.0,12.33108538209467,0.003125,0.0,14.37199959308406,0.0
forest_co_management,bottom_up_only,high_actor,limited_overseer,1,3,14,Local oversight,low_init,0.0,12.304643794650053,0.008203125,0.000390625,14.357010375028166,0.0
forest_co_management,bottom_up_only,high_actor,limited_overseer,1,3,14,Local oversight,slow_regen,0.0,11.342444702505436,0.103515625,0.018359375,12.209976253308715,0.0
forest_co_management,bottom_up_only,high_actor,limited_overseer,1,4,14,Local oversight,held_out_average,0.0,12.354554025930216,0.0,0.0,14.132784435942146,0.0
forest_co_management,bottom_up_only,high_actor,limited_overseer,1,4,14,Local oversight,noisy_weather,0.0,12.445485185989051,0.0,0.0,14.655829643773483,0.0
forest_co_management,bottom_up_only,high_actor,limited_overseer,1,4,14,Local oversight,strong_externality,0.0,12.427460794796357,0.0,0.0,14.549847535320426,0.0
forest_co_management,bottom_up_only,high_actor,limited_overseer,1,4,14,Local oversight,low_init,0.0,12.453768275905652,0.0,0.0,14.568952670744345,0.0
forest_co_management,bottom_up_only,high_actor,limited_overseer,1,4,14,Local oversight,slow_regen,0.0,12.091501847029791,0.0,0.0,12.756507893930326,0.0
forest_co_management,bottom_up_only,high_actor,strong_overseer,0,0,14,Local oversight,held_out_average,0.0,12.30504555700752,0.0,0.0,13.981727897511783,0.0
forest_co_management,bottom_up_only,high_actor,strong_overseer,0,0,14,Local oversight,noisy_weather,0.0,12.415491803225756,0.0,0.0,14.53937704779818,0.0
forest_co_management,bottom_up_only,high_actor,strong_overseer,0,0,14,Local oversight,strong_externality,0.0,12.37982810156642,0.0,0.0,14.42369467569987,0.0
forest_co_management,bottom_up_only,high_actor,strong_overseer,0,0,14,Local oversight,low_init,0.0,12.406141475836488,0.0,0.0,14.446468691430368,0.0
forest_co_management,bottom_up_only,high_actor,strong_overseer,0,0,14,Local oversight,slow_regen,0.0,12.018720847401417,0.0,0.0,12.517371175118717,0.0
forest_co_management,bottom_up_only,high_actor,strong_overseer,0,1,14,Local oversight,held_out_average,0.0,12.23248265670009,0.005859375,0.000390625,14.38076190672029,0.0
forest_co_management,bottom_up_only,high_actor,strong_overseer,0,1,14,Local oversight,noisy_weather,0.0,12.372652775802369,0.0,0.0,14.913369072281045,0.0
forest_co_management,bottom_up_only,high_actor,strong_overseer,0,1,14,Local oversight,strong_externality,0.0,12.387200064863412,0.0,0.0,14.838475925791837,0.0
forest_co_management,bottom_up_only,high_actor,strong_overseer,0,1,14,Local oversight,low_init,0.0,12.410183393493227,0.0,0.0,14.845206983005731,0.0
forest_co_management,bottom_up_only,high_actor,strong_overseer,0,1,14,Local oversight,slow_regen,0.0,11.759894392641352,0.0234375,0.0015625,12.925995645802551,0.0
forest_co_management,bottom_up_only,high_actor,strong_overseer,0,2,14,Local oversight,held_out_average,0.0,11.821141979175986,0.0,0.0,14.21894848259536,0.0
forest_co_management,bottom_up_only,high_actor,strong_overseer,0,2,14,Local oversight,noisy_weather,0.0,11.952032620090916,0.0,0.0,14.751793534396416,0.0
forest_co_management,bottom_up_only,high_actor,strong_overseer,0,2,14,Local oversight,strong_externality,0.0,11.89201679214301,0.0,0.0,14.668322577522428,0.0
forest_co_management,bottom_up_only,high_actor,strong_overseer,0,2,14,Local oversight,low_init,0.0,11.931150944786554,0.0,0.0,14.680627964786392,0.0
forest_co_management,bottom_up_only,high_actor,strong_overseer,0,2,14,Local oversight,slow_regen,0.0,11.50936755968346,0.0,0.0,12.775049853676212,0.0
forest_co_management,bottom_up_only,high_actor,strong_overseer,0,3,14,Local oversight,held_out_average,0.0,12.034715413425054,0.033203125,0.005078125,13.82405091201992,0.0
forest_co_management,bottom_up_only,high_actor,strong_overseer,0,3,14,Local oversight,noisy_weather,0.0,12.160687774450064,0.01796875,0.0015625,14.357217426658746,0.0
forest_co_management,bottom_up_only,high_actor,strong_overseer,0,3,14,Local oversight,strong_externality,0.0,12.33108538209467,0.003125,0.0,14.37199959308406,0.0
forest_co_management,bottom_up_only,high_actor,strong_overseer,0,3,14,Local oversight,low_init,0.0,12.304643794650053,0.008203125,0.000390625,14.357010375028166,0.0
forest_co_management,bottom_up_only,high_actor,strong_overseer,0,3,14,Local oversight,slow_regen,0.0,11.342444702505436,0.103515625,0.018359375,12.209976253308715,0.0
forest_co_management,bottom_up_only,high_actor,strong_overseer,0,4,14,Local oversight,held_out_average,0.0,12.354554025930216,0.0,0.0,14.132784435942146,0.0
forest_co_management,bottom_up_only,high_actor,strong_overseer,0,4,14,Local oversight,noisy_weather,0.0,12.445485185989051,0.0,0.0,14.655829643773483,0.0
forest_co_management,bottom_up_only,high_actor,strong_overseer,0,4,14,Local oversight,strong_externality,0.0,12.427460794796357,0.0,0.0,14.549847535320426,0.0
forest_co_management,bottom_up_only,high_actor,strong_overseer,0,4,14,Local oversight,low_init,0.0,12.453768275905652,0.0,0.0,14.568952670744345,0.0
forest_co_management,bottom_up_only,high_actor,strong_overseer,0,4,14,Local oversight,slow_regen,0.0,12.091501847029791,0.0,0.0,12.756507893930326,0.0
forest_co_management,bottom_up_only,high_actor,weak_overseer,2,0,14,Local oversight,held_out_average,0.0,12.30504555700752,0.0,0.0,13.981727897511783,0.0
forest_co_management,bottom_up_only,high_actor,weak_overseer,2,0,14,Local oversight,noisy_weather,0.0,12.415491803225756,0.0,0.0,14.53937704779818,0.0
forest_co_management,bottom_up_only,high_actor,weak_overseer,2,0,14,Local oversight,strong_externality,0.0,12.37982810156642,0.0,0.0,14.42369467569987,0.0
forest_co_management,bottom_up_only,high_actor,weak_overseer,2,0,14,Local oversight,low_init,0.0,12.406141475836488,0.0,0.0,14.446468691430368,0.0
forest_co_management,bottom_up_only,high_actor,weak_overseer,2,0,14,Local oversight,slow_regen,0.0,12.018720847401417,0.0,0.0,12.517371175118717,0.0
forest_co_management,bottom_up_only,high_actor,weak_overseer,2,1,14,Local oversight,held_out_average,0.0,12.23248265670009,0.005859375,0.000390625,14.38076190672029,0.0
forest_co_management,bottom_up_only,high_actor,weak_overseer,2,1,14,Local oversight,noisy_weather,0.0,12.372652775802369,0.0,0.0,14.913369072281045,0.0
forest_co_management,bottom_up_only,high_actor,weak_overseer,2,1,14,Local oversight,strong_externality,0.0,12.387200064863412,0.0,0.0,14.838475925791837,0.0
forest_co_management,bottom_up_only,high_actor,weak_overseer,2,1,14,Local oversight,low_init,0.0,12.410183393493227,0.0,0.0,14.845206983005731,0.0
forest_co_management,bottom_up_only,high_actor,weak_overseer,2,1,14,Local oversight,slow_regen,0.0,11.759894392641352,0.0234375,0.0015625,12.925995645802551,0.0
forest_co_management,bottom_up_only,high_actor,weak_overseer,2,2,14,Local oversight,held_out_average,0.0,11.821141979175986,0.0,0.0,14.21894848259536,0.0
forest_co_management,bottom_up_only,high_actor,weak_overseer,2,2,14,Local oversight,noisy_weather,0.0,11.952032620090916,0.0,0.0,14.751793534396416,0.0
forest_co_management,bottom_up_only,high_actor,weak_overseer,2,2,14,Local oversight,strong_externality,0.0,11.89201679214301,0.0,0.0,14.668322577522428,0.0
forest_co_management,bottom_up_only,high_actor,weak_overseer,2,2,14,Local oversight,low_init,0.0,11.931150944786554,0.0,0.0,14.680627964786392,0.0
forest_co_management,bottom_up_only,high_actor,weak_overseer,2,2,14,Local oversight,slow_regen,0.0,11.50936755968346,0.0,0.0,12.775049853676212,0.0
forest_co_management,bottom_up_only,high_actor,weak_overseer,2,3,14,Local oversight,held_out_average,0.0,12.034715413425054,0.033203125,0.005078125,13.82405091201992,0.0
forest_co_management,bottom_up_only,high_actor,weak_overseer,2,3,14,Local oversight,noisy_weather,0.0,12.160687774450064,0.01796875,0.0015625,14.357217426658746,0.0
forest_co_management,bottom_up_only,high_actor,weak_overseer,2,3,14,Local oversight,strong_externality,0.0,12.33108538209467,0.003125,0.0,14.37199959308406,0.0
forest_co_management,bottom_up_only,high_actor,weak_overseer,2,3,14,Local oversight,low_init,0.0,12.304643794650053,0.008203125,0.000390625,14.357010375028166,0.0
forest_co_management,bottom_up_only,high_actor,weak_overseer,2,3,14,Local oversight,slow_regen,0.0,11.342444702505436,0.103515625,0.018359375,12.209976253308715,0.0
forest_co_management,bottom_up_only,high_actor,weak_overseer,2,4,14,Local oversight,held_out_average,0.0,12.354554025930216,0.0,0.0,14.132784435942146,0.0
forest_co_management,bottom_up_only,high_actor,weak_overseer,2,4,14,Local oversight,noisy_weather,0.0,12.445485185989051,0.0,0.0,14.655829643773483,0.0
forest_co_management,bottom_up_only,high_actor,weak_overseer,2,4,14,Local oversight,strong_externality,0.0,12.427460794796357,0.0,0.0,14.549847535320426,0.0
forest_co_management,bottom_up_only,high_actor,weak_overseer,2,4,14,Local oversight,low_init,0.0,12.453768275905652,0.0,0.0,14.568952670744345,0.0
forest_co_management,bottom_up_only,high_actor,weak_overseer,2,4,14,Local oversight,slow_regen,0.0,12.091501847029791,0.0,0.0,12.756507893930326,0.0
forest_co_management,bottom_up_only,low_actor,limited_overseer,-1,0,14,Local oversight,held_out_average,0.0,12.208757278307871,0.00029296875,0.0,13.729251266072223,0.0
forest_co_management,bottom_up_only,low_actor,limited_overseer,-1,0,14,Local oversight,noisy_weather,0.0,12.274031081071216,0.0,0.0,14.196955141707864,0.0
forest_co_management,bottom_up_only,low_actor,limited_overseer,-1,0,14,Local oversight,strong_externality,0.0,12.260377288562225,0.0,0.0,14.143890663291586,0.0
forest_co_management,bottom_up_only,low_actor,limited_overseer,-1,0,14,Local oversight,low_init,0.0,12.267015256993457,0.00078125,0.0,14.151919680562113,0.0
forest_co_management,bottom_up_only,low_actor,limited_overseer,-1,0,14,Local oversight,slow_regen,0.0,12.033605486604596,0.000390625,0.0,12.42423957872734,0.0
forest_co_management,bottom_up_only,low_actor,limited_overseer,-1,1,14,Local oversight,held_out_average,0.0,11.663486300680187,0.00048828125,0.0,14.009705646917356,0.0
forest_co_management,bottom_up_only,low_actor,limited_overseer,-1,1,14,Local oversight,noisy_weather,0.0,11.763919382795404,0.000390625,0.0,14.499504355764705,0.0
forest_co_management,bottom_up_only,low_actor,limited_overseer,-1,1,14,Local oversight,strong_externality,0.0,11.740084718599295,0.0,0.0,14.43743370595931,0.0
forest_co_management,bottom_up_only,low_actor,limited_overseer,-1,1,14,Local oversight,low_init,0.0,11.760536072726309,0.0,0.0,14.429012797876148,0.0
forest_co_management,bottom_up_only,low_actor,limited_overseer,-1,1,14,Local oversight,slow_regen,0.0,11.389405028599748,0.0015625,0.0,12.672871728069268,0.0
forest_co_management,bottom_up_only,low_actor,limited_overseer,-1,2,14,Local oversight,held_out_average,0.0,13.00847715794579,0.0,0.0,14.288660317933822,0.0
forest_co_management,bottom_up_only,low_actor,limited_overseer,-1,2,14,Local oversight,noisy_weather,0.0,13.132598616969632,0.0,0.0,14.792470167914828,0.0
forest_co_management,bottom_up_only,low_actor,limited_overseer,-1,2,14,Local oversight,strong_externality,0.0,13.086679310662095,0.0,0.0,14.72672331124327,0.0
forest_co_management,bottom_up_only,low_actor,limited_overseer,-1,2,14,Local oversight,low_init,0.0,13.108164681424352,0.0,0.0,14.708891952689942,0.0
forest_co_management,bottom_up_only,low_actor,limited_overseer,-1,2,14,Local oversight,slow_regen,0.0,12.70646602272708,0.0,0.0,12.926555839887246,0.0
forest_co_management,bottom_up_only,low_actor,limited_overseer,-1,3,14,Local oversight,held_out_average,0.0,11.472088402517064,0.0021484375,9.765625e-05,14.39983974203606,0.0
forest_co_management,bottom_up_only,low_actor,limited_overseer,-1,3,14,Local oversight,noisy_weather,0.0,11.575628635000648,0.000390625,0.0,14.883211749485632,0.0
forest_co_management,bottom_up_only,low_actor,limited_overseer,-1,3,14,Local oversight,strong_externality,0.0,11.579357916749284,0.00078125,0.0,14.814922861467675,0.0
forest_co_management,bottom_up_only,low_actor,limited_overseer,-1,3,14,Local oversight,low_init,0.0,11.597960815466529,0.0,0.0,14.814582288387475,0.0
forest_co_management,bottom_up_only,low_actor,limited_overseer,-1,3,14,Local oversight,slow_regen,0.0,11.135406242851792,0.007421875,0.000390625,13.086642068803467,0.0
forest_co_management,bottom_up_only,low_actor,limited_overseer,-1,4,14,Local oversight,held_out_average,0.0,11.896664861010684,0.0291015624999999,0.0046875,14.408303343476698,0.0
forest_co_management,bottom_up_only,low_actor,limited_overseer,-1,4,14,Local oversight,noisy_weather,0.0,12.227859878378997,0.0015625,0.0,15.051362246374795,0.0
forest_co_management,bottom_up_only,low_actor,limited_overseer,-1,4,14,Local oversight,strong_externality,0.0,12.304406886146836,0.000390625,0.0,15.05823963956293,0.0
forest_co_management,bottom_up_only,low_actor,limited_overseer,-1,4,14,Local oversight,low_init,0.0,12.24897412569877,0.000390625,0.0,15.006697941317938,0.0
forest_co_management,bottom_up_only,low_actor,limited_overseer,-1,4,14,Local oversight,slow_regen,0.0,10.805418553818138,0.1140625,0.01875,12.516913546651129,0.0
forest_co_management,bottom_up_only,low_actor,strong_overseer,-2,0,14,Local oversight,held_out_average,0.0,12.208757278307871,0.00029296875,0.0,13.729251266072223,0.0
forest_co_management,bottom_up_only,low_actor,strong_overseer,-2,0,14,Local oversight,noisy_weather,0.0,12.274031081071216,0.0,0.0,14.196955141707864,0.0
forest_co_management,bottom_up_only,low_actor,strong_overseer,-2,0,14,Local oversight,strong_externality,0.0,12.260377288562225,0.0,0.0,14.143890663291586,0.0
forest_co_management,bottom_up_only,low_actor,strong_overseer,-2,0,14,Local oversight,low_init,0.0,12.267015256993457,0.00078125,0.0,14.151919680562113,0.0
forest_co_management,bottom_up_only,low_actor,strong_overseer,-2,0,14,Local oversight,slow_regen,0.0,12.033605486604596,0.000390625,0.0,12.42423957872734,0.0
forest_co_management,bottom_up_only,low_actor,strong_overseer,-2,1,14,Local oversight,held_out_average,0.0,11.663486300680187,0.00048828125,0.0,14.009705646917356,0.0
forest_co_management,bottom_up_only,low_actor,strong_overseer,-2,1,14,Local oversight,noisy_weather,0.0,11.763919382795404,0.000390625,0.0,14.499504355764705,0.0
forest_co_management,bottom_up_only,low_actor,strong_overseer,-2,1,14,Local oversight,strong_externality,0.0,11.740084718599295,0.0,0.0,14.43743370595931,0.0
forest_co_management,bottom_up_only,low_actor,strong_overseer,-2,1,14,Local oversight,low_init,0.0,11.760536072726309,0.0,0.0,14.429012797876148,0.0
forest_co_management,bottom_up_only,low_actor,strong_overseer,-2,1,14,Local oversight,slow_regen,0.0,11.389405028599748,0.0015625,0.0,12.672871728069268,0.0
forest_co_management,bottom_up_only,low_actor,strong_overseer,-2,2,14,Local oversight,held_out_average,0.0,13.00847715794579,0.0,0.0,14.288660317933822,0.0
forest_co_management,bottom_up_only,low_actor,strong_overseer,-2,2,14,Local oversight,noisy_weather,0.0,13.132598616969632,0.0,0.0,14.792470167914828,0.0
forest_co_management,bottom_up_only,low_actor,strong_overseer,-2,2,14,Local oversight,strong_externality,0.0,13.086679310662095,0.0,0.0,14.72672331124327,0.0
forest_co_management,bottom_up_only,low_actor,strong_overseer,-2,2,14,Local oversight,low_init,0.0,13.108164681424352,0.0,0.0,14.708891952689942,0.0
forest_co_management,bottom_up_only,low_actor,strong_overseer,-2,2,14,Local oversight,slow_regen,0.0,12.70646602272708,0.0,0.0,12.926555839887246,0.0
forest_co_management,bottom_up_only,low_actor,strong_overseer,-2,3,14,Local oversight,held_out_average,0.0,11.472088402517064,0.0021484375,9.765625e-05,14.39983974203606,0.0
forest_co_management,bottom_up_only,low_actor,strong_overseer,-2,3,14,Local oversight,noisy_weather,0.0,11.575628635000648,0.000390625,0.0,14.883211749485632,0.0
forest_co_management,bottom_up_only,low_actor,strong_overseer,-2,3,14,Local oversight,strong_externality,0.0,11.579357916749284,0.00078125,0.0,14.814922861467675,0.0
forest_co_management,bottom_up_only,low_actor,strong_overseer,-2,3,14,Local oversight,low_init,0.0,11.597960815466529,0.0,0.0,14.814582288387475,0.0
forest_co_management,bottom_up_only,low_actor,strong_overseer,-2,3,14,Local oversight,slow_regen,0.0,11.135406242851792,0.007421875,0.000390625,13.086642068803467,0.0
forest_co_management,bottom_up_only,low_actor,strong_overseer,-2,4,14,Local oversight,held_out_average,0.0,11.896664861010684,0.0291015624999999,0.0046875,14.408303343476698,0.0
forest_co_management,bottom_up_only,low_actor,strong_overseer,-2,4,14,Local oversight,noisy_weather,0.0,12.227859878378997,0.0015625,0.0,15.051362246374795,0.0
forest_co_management,bottom_up_only,low_actor,strong_overseer,-2,4,14,Local oversight,strong_externality,0.0,12.304406886146836,0.000390625,0.0,15.05823963956293,0.0
forest_co_management,bottom_up_only,low_actor,strong_overseer,-2,4,14,Local oversight,low_init,0.0,12.24897412569877,0.000390625,0.0,15.006697941317938,0.0
forest_co_management,bottom_up_only,low_actor,strong_overseer,-2,4,14,Local oversight,slow_regen,0.0,10.805418553818138,0.1140625,0.01875,12.516913546651129,0.0
forest_co_management,bottom_up_only,low_actor,weak_overseer,0,0,14,Local oversight,held_out_average,0.0,12.208757278307871,0.00029296875,0.0,13.729251266072223,0.0
forest_co_management,bottom_up_only,low_actor,weak_overseer,0,0,14,Local oversight,noisy_weather,0.0,12.274031081071216,0.0,0.0,14.196955141707864,0.0
forest_co_management,bottom_up_only,low_actor,weak_overseer,0,0,14,Local oversight,strong_externality,0.0,12.260377288562225,0.0,0.0,14.143890663291586,0.0
forest_co_management,bottom_up_only,low_actor,weak_overseer,0,0,14,Local oversight,low_init,0.0,12.267015256993457,0.00078125,0.0,14.151919680562113,0.0
forest_co_management,bottom_up_only,low_actor,weak_overseer,0,0,14,Local oversight,slow_regen,0.0,12.033605486604596,0.000390625,0.0,12.42423957872734,0.0
forest_co_management,bottom_up_only,low_actor,weak_overseer,0,1,14,Local oversight,held_out_average,0.0,11.663486300680187,0.00048828125,0.0,14.009705646917356,0.0
forest_co_management,bottom_up_only,low_actor,weak_overseer,0,1,14,Local oversight,noisy_weather,0.0,11.763919382795404,0.000390625,0.0,14.499504355764705,0.0
forest_co_management,bottom_up_only,low_actor,weak_overseer,0,1,14,Local oversight,strong_externality,0.0,11.740084718599295,0.0,0.0,14.43743370595931,0.0
forest_co_management,bottom_up_only,low_actor,weak_overseer,0,1,14,Local oversight,low_init,0.0,11.760536072726309,0.0,0.0,14.429012797876148,0.0
forest_co_management,bottom_up_only,low_actor,weak_overseer,0,1,14,Local oversight,slow_regen,0.0,11.389405028599748,0.0015625,0.0,12.672871728069268,0.0
forest_co_management,bottom_up_only,low_actor,weak_overseer,0,2,14,Local oversight,held_out_average,0.0,13.00847715794579,0.0,0.0,14.288660317933822,0.0
forest_co_management,bottom_up_only,low_actor,weak_overseer,0,2,14,Local oversight,noisy_weather,0.0,13.132598616969632,0.0,0.0,14.792470167914828,0.0
forest_co_management,bottom_up_only,low_actor,weak_overseer,0,2,14,Local oversight,strong_externality,0.0,13.086679310662095,0.0,0.0,14.72672331124327,0.0
forest_co_management,bottom_up_only,low_actor,weak_overseer,0,2,14,Local oversight,low_init,0.0,13.108164681424352,0.0,0.0,14.708891952689942,0.0
forest_co_management,bottom_up_only,low_actor,weak_overseer,0,2,14,Local oversight,slow_regen,0.0,12.70646602272708,0.0,0.0,12.926555839887246,0.0
forest_co_management,bottom_up_only,low_actor,weak_overseer,0,3,14,Local oversight,held_out_average,0.0,11.472088402517064,0.0021484375,9.765625e-05,14.39983974203606,0.0
forest_co_management,bottom_up_only,low_actor,weak_overseer,0,3,14,Local oversight,noisy_weather,0.0,11.575628635000648,0.000390625,0.0,14.883211749485632,0.0
forest_co_management,bottom_up_only,low_actor,weak_overseer,0,3,14,Local oversight,strong_externality,0.0,11.579357916749284,0.00078125,0.0,14.814922861467675,0.0
forest_co_management,bottom_up_only,low_actor,weak_overseer,0,3,14,Local oversight,low_init,0.0,11.597960815466529,0.0,0.0,14.814582288387475,0.0
forest_co_management,bottom_up_only,low_actor,weak_overseer,0,3,14,Local oversight,slow_regen,0.0,11.135406242851792,0.007421875,0.000390625,13.086642068803467,0.0
forest_co_management,bottom_up_only,low_actor,weak_overseer,0,4,14,Local oversight,held_out_average,0.0,11.896664861010684,0.0291015624999999,0.0046875,14.408303343476698,0.0
forest_co_management,bottom_up_only,low_actor,weak_overseer,0,4,14,Local oversight,noisy_weather,0.0,12.227859878378997,0.0015625,0.0,15.051362246374795,0.0
forest_co_management,bottom_up_only,low_actor,weak_overseer,0,4,14,Local oversight,strong_externality,0.0,12.304406886146836,0.000390625,0.0,15.05823963956293,0.0
forest_co_management,bottom_up_only,low_actor,weak_overseer,0,4,14,Local oversight,low_init,0.0,12.24897412569877,0.000390625,0.0,15.006697941317938,0.0
forest_co_management,bottom_up_only,low_actor,weak_overseer,0,4,14,Local oversight,slow_regen,0.0,10.805418553818138,0.1140625,0.01875,12.516913546651129,0.0
forest_co_management,bottom_up_only,medium_actor,limited_overseer,0,0,14,Local oversight,held_out_average,0.0,11.899069104495512,0.00078125,0.0,13.721193082543968,0.0
forest_co_management,bottom_up_only,medium_actor,limited_overseer,0,0,14,Local oversight,noisy_weather,0.0,12.005010540887522,0.000390625,0.0,14.252532253854344,0.0
forest_co_management,bottom_up_only,medium_actor,limited_overseer,0,0,14,Local oversight,strong_externality,0.0,11.990025690297305,0.000390625,0.0,14.124417334021814,0.0
forest_co_management,bottom_up_only,medium_actor,limited_overseer,0,0,14,Local oversight,low_init,0.0,12.013992718881989,0.000390625,0.0,14.14891631283179,0.0
forest_co_management,bottom_up_only,medium_actor,limited_overseer,0,0,14,Local oversight,slow_regen,0.0,11.587247467915246,0.001953125,0.0,12.358906429467918,0.0
forest_co_management,bottom_up_only,medium_actor,limited_overseer,0,1,14,Local oversight,held_out_average,0.0,11.956282415623786,0.0,0.0,14.0109402687902,0.0
forest_co_management,bottom_up_only,medium_actor,limited_overseer,0,1,14,Local oversight,noisy_weather,0.0,12.035850165112564,0.0,0.0,14.529442149231787,0.0
forest_co_management,bottom_up_only,medium_actor,limited_overseer,0,1,14,Local oversight,strong_externality,0.0,12.019981811088748,0.0,0.0,14.424400765274765,0.0
forest_co_management,bottom_up_only,medium_actor,limited_overseer,0,1,14,Local oversight,low_init,0.0,12.063074275831834,0.0,0.0,14.455045003047296,0.0
forest_co_management,bottom_up_only,medium_actor,limited_overseer,0,1,14,Local oversight,slow_regen,0.0,11.706223410461996,0.0,0.0,12.63487315760695,0.0
forest_co_management,bottom_up_only,medium_actor,limited_overseer,0,2,14,Local oversight,held_out_average,0.0,11.24105354903313,0.189453125,0.0072265625,13.728823528408965,0.0
forest_co_management,bottom_up_only,medium_actor,limited_overseer,0,2,14,Local oversight,noisy_weather,0.0,11.424837672567875,0.108203125,0.0,14.321623478995878,0.0
forest_co_management,bottom_up_only,medium_actor,limited_overseer,0,2,14,Local oversight,strong_externality,0.0,11.665439485391405,0.06015625,0.0,14.482155819971856,0.0
forest_co_management,bottom_up_only,medium_actor,limited_overseer,0,2,14,Local oversight,low_init,0.0,11.697829596745663,0.051171875,0.0,14.469517787103332,0.0
forest_co_management,bottom_up_only,medium_actor,limited_overseer,0,2,14,Local oversight,slow_regen,0.0,10.176107441427568,0.5382812499999999,0.02890625,11.641997027564784,0.0
forest_co_management,bottom_up_only,medium_actor,limited_overseer,0,3,14,Local oversight,held_out_average,0.0,12.54393707178713,0.0,0.0,13.983767677984272,0.0
forest_co_management,bottom_up_only,medium_actor,limited_overseer,0,3,14,Local oversight,noisy_weather,0.0,12.62449900909182,0.0,0.0,14.511043377367752,0.0
forest_co_management,bottom_up_only,medium_actor,limited_overseer,0,3,14,Local oversight,strong_externality,0.0,12.590475726097784,0.0,0.0,14.39692874372506,0.0
forest_co_management,bottom_up_only,medium_actor,limited_overseer,0,3,14,Local oversight,low_init,0.0,12.619677575440852,0.0,0.0,14.40794465760056,0.0
forest_co_management,bottom_up_only,medium_actor,limited_overseer,0,3,14,Local oversight,slow_regen,0.0,12.34109597651806,0.0,0.0,12.619153933243718,0.0
forest_co_management,bottom_up_only,medium_actor,limited_overseer,0,4,14,Local oversight,held_out_average,0.0,11.761259452563102,0.00361328125,0.0,14.127443769414748,0.0
forest_co_management,bottom_up_only,medium_actor,limited_overseer,0,4,14,Local oversight,noisy_weather,0.0,12.026342076964848,0.000390625,0.0,14.642676156438998,0.0
forest_co_management,bottom_up_only,medium_actor,limited_overseer,0,4,14,Local oversight,strong_externality,0.0,11.985874554902216,0.000390625,0.0,14.55292933844482,0.0
forest_co_management,bottom_up_only,medium_actor,limited_overseer,0,4,14,Local oversight,low_init,0.0,11.946211077785607,0.000390625,0.0,14.528400381698331,0.0
forest_co_management,bottom_up_only,medium_actor,limited_overseer,0,4,14,Local oversight,slow_regen,0.0,11.086610100599742,0.01328125,0.0,12.785769201076835,0.0
forest_co_management,bottom_up_only,medium_actor,strong_overseer,-1,0,14,Local oversight,held_out_average,0.0,11.899069104495512,0.00078125,0.0,13.721193082543968,0.0
forest_co_management,bottom_up_only,medium_actor,strong_overseer,-1,0,14,Local oversight,noisy_weather,0.0,12.005010540887522,0.000390625,0.0,14.252532253854344,0.0
forest_co_management,bottom_up_only,medium_actor,strong_overseer,-1,0,14,Local oversight,strong_externality,0.0,11.990025690297305,0.000390625,0.0,14.124417334021814,0.0
forest_co_management,bottom_up_only,medium_actor,strong_overseer,-1,0,14,Local oversight,low_init,0.0,12.013992718881989,0.000390625,0.0,14.14891631283179,0.0
forest_co_management,bottom_up_only,medium_actor,strong_overseer,-1,0,14,Local oversight,slow_regen,0.0,11.587247467915246,0.001953125,0.0,12.358906429467918,0.0
forest_co_management,bottom_up_only,medium_actor,strong_overseer,-1,1,14,Local oversight,held_out_average,0.0,11.956282415623786,0.0,0.0,14.0109402687902,0.0
forest_co_management,bottom_up_only,medium_actor,strong_overseer,-1,1,14,Local oversight,noisy_weather,0.0,12.035850165112564,0.0,0.0,14.529442149231787,0.0
forest_co_management,bottom_up_only,medium_actor,strong_overseer,-1,1,14,Local oversight,strong_externality,0.0,12.019981811088748,0.0,0.0,14.424400765274765,0.0
forest_co_management,bottom_up_only,medium_actor,strong_overseer,-1,1,14,Local oversight,low_init,0.0,12.063074275831834,0.0,0.0,14.455045003047296,0.0
forest_co_management,bottom_up_only,medium_actor,strong_overseer,-1,1,14,Local oversight,slow_regen,0.0,11.706223410461996,0.0,0.0,12.63487315760695,0.0
forest_co_management,bottom_up_only,medium_actor,strong_overseer,-1,2,14,Local oversight,held_out_average,0.0,11.24105354903313,0.189453125,0.0072265625,13.728823528408965,0.0
forest_co_management,bottom_up_only,medium_actor,strong_overseer,-1,2,14,Local oversight,noisy_weather,0.0,11.424837672567875,0.108203125,0.0,14.321623478995878,0.0
forest_co_management,bottom_up_only,medium_actor,strong_overseer,-1,2,14,Local oversight,strong_externality,0.0,11.665439485391405,0.06015625,0.0,14.482155819971856,0.0
forest_co_management,bottom_up_only,medium_actor,strong_overseer,-1,2,14,Local oversight,low_init,0.0,11.697829596745663,0.051171875,0.0,14.469517787103332,0.0
forest_co_management,bottom_up_only,medium_actor,strong_overseer,-1,2,14,Local oversight,slow_regen,0.0,10.176107441427568,0.5382812499999999,0.02890625,11.641997027564784,0.0
forest_co_management,bottom_up_only,medium_actor,strong_overseer,-1,3,14,Local oversight,held_out_average,0.0,12.54393707178713,0.0,0.0,13.983767677984272,0.0
forest_co_management,bottom_up_only,medium_actor,strong_overseer,-1,3,14,Local oversight,noisy_weather,0.0,12.62449900909182,0.0,0.0,14.511043377367752,0.0
forest_co_management,bottom_up_only,medium_actor,strong_overseer,-1,3,14,Local oversight,strong_externality,0.0,12.590475726097784,0.0,0.0,14.39692874372506,0.0
forest_co_management,bottom_up_only,medium_actor,strong_overseer,-1,3,14,Local oversight,low_init,0.0,12.619677575440852,0.0,0.0,14.40794465760056,0.0
forest_co_management,bottom_up_only,medium_actor,strong_overseer,-1,3,14,Local oversight,slow_regen,0.0,12.34109597651806,0.0,0.0,12.619153933243718,0.0
forest_co_management,bottom_up_only,medium_actor,strong_overseer,-1,4,14,Local oversight,held_out_average,0.0,11.761259452563102,0.00361328125,0.0,14.127443769414748,0.0
forest_co_management,bottom_up_only,medium_actor,strong_overseer,-1,4,14,Local oversight,noisy_weather,0.0,12.026342076964848,0.000390625,0.0,14.642676156438998,0.0
forest_co_management,bottom_up_only,medium_actor,strong_overseer,-1,4,14,Local oversight,strong_externality,0.0,11.985874554902216,0.000390625,0.0,14.55292933844482,0.0
forest_co_management,bottom_up_only,medium_actor,strong_overseer,-1,4,14,Local oversight,low_init,0.0,11.946211077785607,0.000390625,0.0,14.528400381698331,0.0
forest_co_management,bottom_up_only,medium_actor,strong_overseer,-1,4,14,Local oversight,slow_regen,0.0,11.086610100599742,0.01328125,0.0,12.785769201076835,0.0
forest_co_management,bottom_up_only,medium_actor,weak_overseer,1,0,14,Local oversight,held_out_average,0.0,11.899069104495512,0.00078125,0.0,13.721193082543968,0.0
forest_co_management,bottom_up_only,medium_actor,weak_overseer,1,0,14,Local oversight,noisy_weather,0.0,12.005010540887522,0.000390625,0.0,14.252532253854344,0.0
forest_co_management,bottom_up_only,medium_actor,weak_overseer,1,0,14,Local oversight,strong_externality,0.0,11.990025690297305,0.000390625,0.0,14.124417334021814,0.0
forest_co_management,bottom_up_only,medium_actor,weak_overseer,1,0,14,Local oversight,low_init,0.0,12.013992718881989,0.000390625,0.0,14.14891631283179,0.0
forest_co_management,bottom_up_only,medium_actor,weak_overseer,1,0,14,Local oversight,slow_regen,0.0,11.587247467915246,0.001953125,0.0,12.358906429467918,0.0
forest_co_management,bottom_up_only,medium_actor,weak_overseer,1,1,14,Local oversight,held_out_average,0.0,11.956282415623786,0.0,0.0,14.0109402687902,0.0
forest_co_management,bottom_up_only,medium_actor,weak_overseer,1,1,14,Local oversight,noisy_weather,0.0,12.035850165112564,0.0,0.0,14.529442149231787,0.0
forest_co_management,bottom_up_only,medium_actor,weak_overseer,1,1,14,Local oversight,strong_externality,0.0,12.019981811088748,0.0,0.0,14.424400765274765,0.0
forest_co_management,bottom_up_only,medium_actor,weak_overseer,1,1,14,Local oversight,low_init,0.0,12.063074275831834,0.0,0.0,14.455045003047296,0.0
forest_co_management,bottom_up_only,medium_actor,weak_overseer,1,1,14,Local oversight,slow_regen,0.0,11.706223410461996,0.0,0.0,12.63487315760695,0.0
forest_co_management,bottom_up_only,medium_actor,weak_overseer,1,2,14,Local oversight,held_out_average,0.0,11.24105354903313,0.189453125,0.0072265625,13.728823528408965,0.0
forest_co_management,bottom_up_only,medium_actor,weak_overseer,1,2,14,Local oversight,noisy_weather,0.0,11.424837672567875,0.108203125,0.0,14.321623478995878,0.0
forest_co_management,bottom_up_only,medium_actor,weak_overseer,1,2,14,Local oversight,strong_externality,0.0,11.665439485391405,0.06015625,0.0,14.482155819971856,0.0
forest_co_management,bottom_up_only,medium_actor,weak_overseer,1,2,14,Local oversight,low_init,0.0,11.697829596745663,0.051171875,0.0,14.469517787103332,0.0
forest_co_management,bottom_up_only,medium_actor,weak_overseer,1,2,14,Local oversight,slow_regen,0.0,10.176107441427568,0.5382812499999999,0.02890625,11.641997027564784,0.0
forest_co_management,bottom_up_only,medium_actor,weak_overseer,1,3,14,Local oversight,held_out_average,0.0,12.54393707178713,0.0,0.0,13.983767677984272,0.0
forest_co_management,bottom_up_only,medium_actor,weak_overseer,1,3,14,Local oversight,noisy_weather,0.0,12.62449900909182,0.0,0.0,14.511043377367752,0.0
forest_co_management,bottom_up_only,medium_actor,weak_overseer,1,3,14,Local oversight,strong_externality,0.0,12.590475726097784,0.0,0.0,14.39692874372506,0.0
forest_co_management,bottom_up_only,medium_actor,weak_overseer,1,3,14,Local oversight,low_init,0.0,12.619677575440852,0.0,0.0,14.40794465760056,0.0
forest_co_management,bottom_up_only,medium_actor,weak_overseer,1,3,14,Local oversight,slow_regen,0.0,12.34109597651806,0.0,0.0,12.619153933243718,0.0
forest_co_management,bottom_up_only,medium_actor,weak_overseer,1,4,14,Local oversight,held_out_average,0.0,11.761259452563102,0.00361328125,0.0,14.127443769414748,0.0
forest_co_management,bottom_up_only,medium_actor,weak_overseer,1,4,14,Local oversight,noisy_weather,0.0,12.026342076964848,0.000390625,0.0,14.642676156438998,0.0
forest_co_management,bottom_up_only,medium_actor,weak_overseer,1,4,14,Local oversight,strong_externality,0.0,11.985874554902216,0.000390625,0.0,14.55292933844482,0.0
forest_co_management,bottom_up_only,medium_actor,weak_overseer,1,4,14,Local oversight,low_init,0.0,11.946211077785607,0.000390625,0.0,14.528400381698331,0.0
forest_co_management,bottom_up_only,medium_actor,weak_overseer,1,4,14,Local oversight,slow_regen,0.0,11.086610100599742,0.01328125,0.0,12.785769201076835,0.0
forest_co_management,hybrid,high_actor,limited_overseer,1,0,14,Hybrid oversight,held_out_average,0.0,12.659096466626556,0.24189453125,0.13193359375,12.23072684229425,3.786875
forest_co_management,hybrid,high_actor,limited_overseer,1,0,14,Hybrid oversight,noisy_weather,0.0,12.913544944448828,0.2132812499999999,0.11015625,12.322208468467478,3.771875
forest_co_management,hybrid,high_actor,limited_overseer,1,0,14,Hybrid oversight,strong_externality,0.0,12.696624023790612,0.2406249999999999,0.130859375,12.776802552206924,3.7075
forest_co_management,hybrid,high_actor,limited_overseer,1,0,14,Hybrid oversight,low_init,0.0,12.711460919441237,0.239453125,0.1140625,12.822360998188536,3.689375
forest_co_management,hybrid,high_actor,limited_overseer,1,0,14,Hybrid oversight,slow_regen,0.0,12.314755978825543,0.2742187499999999,0.17265625,11.001535350314054,3.97875
forest_co_management,hybrid,high_actor,limited_overseer,1,1,14,Hybrid oversight,held_out_average,0.0,13.3335571616709,0.1595703125,0.06103515625,11.54025550529974,3.7875
forest_co_management,hybrid,high_actor,limited_overseer,1,1,14,Hybrid oversight,noisy_weather,0.0,13.626535904867424,0.1296875,0.032421875,11.561846847034944,3.771875
forest_co_management,hybrid,high_actor,limited_overseer,1,1,14,Hybrid oversight,strong_externality,0.0,13.446515082051636,0.150390625,0.041015625,12.09184196995666,3.6925
forest_co_management,hybrid,high_actor,limited_overseer,1,1,14,Hybrid oversight,low_init,0.0,13.400748254251043,0.1531249999999999,0.04140625,12.26565230638652,3.659375
forest_co_management,hybrid,high_actor,limited_overseer,1,1,14,Hybrid oversight,slow_regen,0.0,12.860429405513498,0.205078125,0.129296875,10.24168089782083,4.02625
forest_co_management,hybrid,high_actor,limited_overseer,1,2,14,Hybrid oversight,held_out_average,0.0,13.513325892849728,0.11181640625,0.00322265625,12.533509349257251,3.723125
forest_co_management,hybrid,high_actor,limited_overseer,1,2,14,Hybrid oversight,noisy_weather,0.0,13.67254047805578,0.09453125,0.00078125,12.968457056713149,3.630625
forest_co_management,hybrid,high_actor,limited_overseer,1,2,14,Hybrid oversight,strong_externality,0.0,13.613897069217805,0.10546875,0.0,12.927729428884568,3.648125
forest_co_management,hybrid,high_actor,limited_overseer,1,2,14,Hybrid oversight,low_init,0.0,13.62926266093364,0.101171875,0.001171875,12.875567222936724,3.646875
forest_co_management,hybrid,high_actor,limited_overseer,1,2,14,Hybrid oversight,slow_regen,0.0,13.137603363191689,0.14609375,0.0109375,11.36228368849456,3.966875
forest_co_management,hybrid,high_actor,limited_overseer,1,3,14,Hybrid oversight,held_out_average,0.0078125,13.647712246019632,0.1170572916666666,0.06259765625,9.61777954477737,4.29640625
forest_co_management,hybrid,high_actor,limited_overseer,1,3,14,Hybrid oversight,noisy_weather,0.0,13.891069785017985,0.1027343749999999,0.0433593749999999,10.07321637686396,4.2475000000000005
forest_co_management,hybrid,high_actor,limited_overseer,1,3,14,Hybrid oversight,strong_externality,0.0,13.812210612654525,0.109765625,0.0523437499999999,9.98365496878946,4.26125
forest_co_management,hybrid,high_actor,limited_overseer,1,3,14,Hybrid oversight,low_init,0.0,13.87442206612372,0.1124999999999999,0.06328125,9.56234627025487,4.33
forest_co_management,hybrid,high_actor,limited_overseer,1,3,14,Hybrid oversight,slow_regen,0.03125,13.013146520282298,0.1432291666666666,0.09140625,8.851900563201191,4.346875000000001
forest_co_management,hybrid,high_actor,limited_overseer,1,4,14,Hybrid oversight,held_out_average,0.0,13.739572426675984,0.0685546874999999,0.01611328125,12.667696574959152,3.75515625
forest_co_management,hybrid,high_actor,limited_overseer,1,4,14,Hybrid oversight,noisy_weather,0.0,13.917561684469952,0.05,0.001953125,13.163245322905958,3.644375
forest_co_management,hybrid,high_actor,limited_overseer,1,4,14,Hybrid oversight,strong_externality,0.0,13.842171563963191,0.0589843749999999,0.001953125,13.229356386373794,3.633125
forest_co_management,hybrid,high_actor,limited_overseer,1,4,14,Hybrid oversight,low_init,0.0,13.764804707366666,0.059375,0.0222656249999999,13.07107756156914,3.659375
forest_co_management,hybrid,high_actor,limited_overseer,1,4,14,Hybrid oversight,slow_regen,0.0,13.433751750904126,0.105859375,0.03828125,11.20710702898772,4.08375
forest_co_management,hybrid,high_actor,strong_overseer,0,0,14,Hybrid oversight,held_out_average,0.0,14.125660779062745,0.0,0.0,12.591436616078784,0.0
forest_co_management,hybrid,high_actor,strong_overseer,0,0,14,Hybrid oversight,noisy_weather,0.0,14.199093939102642,0.0,0.0,12.992457339050096,0.0
forest_co_management,hybrid,high_actor,strong_overseer,0,0,14,Hybrid oversight,strong_externality,0.0,14.171207984707973,0.0,0.0,12.994344462667234,0.0
forest_co_management,hybrid,high_actor,strong_overseer,0,0,14,Hybrid oversight,low_init,0.0,14.19457097485179,0.0,0.0,13.039036888861943,0.0
forest_co_management,hybrid,high_actor,strong_overseer,0,0,14,Hybrid oversight,slow_regen,0.0,13.937770217588572,0.0,0.0,11.339907773735876,0.0
forest_co_management,hybrid,high_actor,strong_overseer,0,1,14,Hybrid oversight,held_out_average,0.0,14.156235960220512,0.0,0.0,12.45961377311152,0.0
forest_co_management,hybrid,high_actor,strong_overseer,0,1,14,Hybrid oversight,noisy_weather,0.0,14.262359983852296,0.0,0.0,12.639775312242662,0.0
forest_co_management,hybrid,high_actor,strong_overseer,0,1,14,Hybrid oversight,strong_externality,0.0,14.189030317441023,0.0,0.0,12.928290425531422,0.0
forest_co_management,hybrid,high_actor,strong_overseer,0,1,14,Hybrid oversight,low_init,0.0,14.211492626258224,0.0,0.0,13.00084197338158,0.0
forest_co_management,hybrid,high_actor,strong_overseer,0,1,14,Hybrid oversight,slow_regen,0.0,13.962060913330504,0.0,0.0,11.26954738129042,0.0
forest_co_management,hybrid,high_actor,strong_overseer,0,2,14,Hybrid oversight,held_out_average,0.0,14.118761763760734,0.0,0.0,12.517187279917042,0.0
forest_co_management,hybrid,high_actor,strong_overseer,0,2,14,Hybrid oversight,noisy_weather,0.0,14.2296073284771,0.0,0.0,12.830298663098866,0.0
forest_co_management,hybrid,high_actor,strong_overseer,0,2,14,Hybrid oversight,strong_externality,0.0,14.166643751388603,0.0,0.0,12.9086379565693,0.0
forest_co_management,hybrid,high_actor,strong_overseer,0,2,14,Hybrid oversight,low_init,0.0,14.177527231742523,0.0,0.0,13.029750000000003,0.0
forest_co_management,hybrid,high_actor,strong_overseer,0,2,14,Hybrid oversight,slow_regen,0.0,13.901268743434708,0.0,0.0,11.3000625,0.0
forest_co_management,hybrid,high_actor,strong_overseer,0,3,14,Hybrid oversight,held_out_average,0.0,14.143392821001594,0.0,0.0,12.376384132677543,0.0
forest_co_management,hybrid,high_actor,strong_overseer,0,3,14,Hybrid oversight,noisy_weather,0.0,14.245994790138363,0.0,0.0,12.470386331017238,0.0
forest_co_management,hybrid,high_actor,strong_overseer,0,3,14,Hybrid oversight,strong_externality,0.0,14.187566712699333,0.0,0.0,12.918086459081508,0.0
forest_co_management,hybrid,high_actor,strong_overseer,0,3,14,Hybrid oversight,low_init,0.0,14.19473357383209,0.0,0.0,12.935298990200716,0.0
forest_co_management,hybrid,high_actor,strong_overseer,0,3,14,Hybrid oversight,slow_regen,0.0,13.945276207336583,0.0,0.0,11.181764750410716,0.0
forest_co_management,hybrid,high_actor,strong_overseer,0,4,14,Hybrid oversight,held_out_average,0.0,14.117080563311482,0.0,0.0,12.608306078082895,0.0
forest_co_management,hybrid,high_actor,strong_overseer,0,4,14,Hybrid oversight,noisy_weather,0.0,14.241308887229447,0.0,0.0,12.999310841270407,0.0
forest_co_management,hybrid,high_actor,strong_overseer,0,4,14,Hybrid oversight,strong_externality,0.0,14.153521891116675,0.0,0.0,13.015012310613947,0.0
forest_co_management,hybrid,high_actor,strong_overseer,0,4,14,Hybrid oversight,low_init,0.0,14.168706914505533,0.0,0.0,13.085362391692378,0.0
forest_co_management,hybrid,high_actor,strong_overseer,0,4,14,Hybrid oversight,slow_regen,0.0,13.904784560394273,0.0,0.0,11.333538768754856,0.0
forest_co_management,hybrid,high_actor,weak_overseer,2,0,14,Hybrid oversight,held_out_average,0.0,13.598156778820137,0.05380859375,0.00888671875,12.066896709161757,2.68
forest_co_management,hybrid,high_actor,weak_overseer,2,0,14,Hybrid oversight,noisy_weather,0.0,13.801201517566373,0.01953125,0.000390625,12.875501204118114,2.625
forest_co_management,hybrid,high_actor,weak_overseer,2,0,14,Hybrid oversight,strong_externality,0.0,13.802241829457982,0.024609375,0.000390625,13.0082448401069,2.58
forest_co_management,hybrid,high_actor,weak_overseer,2,0,14,Hybrid oversight,low_init,0.0,13.746336037209204,0.05390625,0.006640625,11.977094775757685,2.68125
forest_co_management,hybrid,high_actor,weak_overseer,2,0,14,Hybrid oversight,slow_regen,0.0,13.042847731046988,0.1171875,0.028125,10.406746016664323,2.83375
forest_co_management,hybrid,high_actor,weak_overseer,2,1,14,Hybrid oversight,held_out_average,0.0,13.447066168138583,0.0724609375,0.00947265625,12.856498838324418,2.705
forest_co_management,hybrid,high_actor,weak_overseer,2,1,14,Hybrid oversight,noisy_weather,0.0,13.623911708676768,0.0609375,0.00234375,13.390838560299926,2.635
forest_co_management,hybrid,high_actor,weak_overseer,2,1,14,Hybrid oversight,strong_externality,0.0,13.600527005283176,0.061328125,0.0015625,13.352891853868552,2.6625
forest_co_management,hybrid,high_actor,weak_overseer,2,1,14,Hybrid oversight,low_init,0.0,13.54558084020832,0.064453125,0.01015625,12.947473141046949,2.72
forest_co_management,hybrid,high_actor,weak_overseer,2,1,14,Hybrid oversight,slow_regen,0.0,13.01824511838607,0.103125,0.023828125,11.734791798082243,2.8025
forest_co_management,hybrid,high_actor,weak_overseer,2,2,14,Hybrid oversight,held_out_average,0.0,14.168143133709176,0.0005859375,9.765625e-05,13.659977922165911,3.001875
forest_co_management,hybrid,high_actor,weak_overseer,2,2,14,Hybrid oversight,noisy_weather,0.0,14.309818582629726,0.0,0.0,14.038474315000755,2.96375
forest_co_management,hybrid,high_actor,weak_overseer,2,2,14,Hybrid oversight,strong_externality,0.0,14.423218615752903,0.0,0.0,14.011523713203072,3.0
forest_co_management,hybrid,high_actor,weak_overseer,2,2,14,Hybrid oversight,low_init,0.0,14.544835275589776,0.0,0.0,13.973569285664924,2.99375
forest_co_management,hybrid,high_actor,weak_overseer,2,2,14,Hybrid oversight,slow_regen,0.0,13.394700060864295,0.00234375,0.000390625,12.616344374794902,3.05
forest_co_management,hybrid,high_actor,weak_overseer,2,3,14,Hybrid oversight,held_out_average,0.0,13.83220605259622,0.044921875,0.00966796875,12.27011971990368,2.934687499999999
forest_co_management,hybrid,high_actor,weak_overseer,2,3,14,Hybrid oversight,noisy_weather,0.0,13.917423103162882,0.03671875,0.002734375,12.716771733441371,2.84875
forest_co_management,hybrid,high_actor,weak_overseer,2,3,14,Hybrid oversight,strong_externality,0.0,13.967982732282206,0.040234375,0.003515625,12.523675734450924,2.87625
forest_co_management,hybrid,high_actor,weak_overseer,2,3,14,Hybrid oversight,low_init,0.0,14.137020493813443,0.046875,0.005859375,12.221414536272349,2.95
forest_co_management,hybrid,high_actor,weak_overseer,2,3,14,Hybrid oversight,slow_regen,0.0,13.306397881126346,0.055859375,0.0265625,11.61861687545008,3.06375
forest_co_management,hybrid,high_actor,weak_overseer,2,4,14,Hybrid oversight,held_out_average,0.0,14.150708845088133,0.002734375,0.0,13.001761394709106,2.6759375
forest_co_management,hybrid,high_actor,weak_overseer,2,4,14,Hybrid oversight,noisy_weather,0.0,14.344022479961367,0.0,0.0,13.473760457461406,2.56875
forest_co_management,hybrid,high_actor,weak_overseer,2,4,14,Hybrid oversight,strong_externality,0.0,14.339057803157552,0.0,0.0,13.60185147054372,2.5312500000000004
forest_co_management,hybrid,high_actor,weak_overseer,2,4,14,Hybrid oversight,low_init,0.0,14.30856876011933,0.00703125,0.0,13.341834205509972,2.5787500000000003
forest_co_management,hybrid,high_actor,weak_overseer,2,4,14,Hybrid oversight,slow_regen,0.0,13.611186337114276,0.00390625,0.0,11.589599445321332,3.0250000000000004
forest_co_management,hybrid,low_actor,limited_overseer,-1,0,14,Hybrid oversight,held_out_average,0.0,13.191851599305313,0.1527343749999999,0.0669921875,11.439748879447992,3.91375
forest_co_management,hybrid,low_actor,limited_overseer,-1,0,14,Hybrid oversight,noisy_weather,0.0,13.240480196893266,0.151171875,0.058203125,12.17661037264988,3.81625
forest_co_management,hybrid,low_actor,limited_overseer,-1,0,14,Hybrid oversight,strong_externality,0.0,13.103210128609092,0.15703125,0.06953125,12.133870659124367,3.821875
forest_co_management,hybrid,low_actor,limited_overseer,-1,0,14,Hybrid oversight,low_init,0.0,13.36558213823874,0.126171875,0.040234375,11.730396136274573,3.86625
forest_co_management,hybrid,low_actor,limited_overseer,-1,0,14,Hybrid oversight,slow_regen,0.0,13.058133933480148,0.1765625,0.1,9.718118349743149,4.150625
forest_co_management,hybrid,low_actor,limited_overseer,-1,1,14,Hybrid oversight,held_out_average,0.0,14.035806802000923,0.07158203125,0.00029296875,10.274758371596803,4.0512500000000005
forest_co_management,hybrid,low_actor,limited_overseer,-1,1,14,Hybrid oversight,noisy_weather,0.0,14.210704487854152,0.050390625,0.0,10.777277467051784,3.952500000000001
forest_co_management,hybrid,low_actor,limited_overseer,-1,1,14,Hybrid oversight,strong_externality,0.0,14.18823379882191,0.06015625,0.0,10.472032722620355,4.005000000000001
forest_co_management,hybrid,low_actor,limited_overseer,-1,1,14,Hybrid oversight,low_init,0.0,14.123015357152228,0.0656249999999999,0.00078125,10.47597169697736,4.0075
forest_co_management,hybrid,low_actor,limited_overseer,-1,1,14,Hybrid oversight,slow_regen,0.0,13.621273564175407,0.11015625,0.000390625,9.373751599737716,4.24
forest_co_management,hybrid,low_actor,limited_overseer,-1,2,14,Hybrid oversight,held_out_average,0.0,13.45266345066614,0.08662109375,0.02333984375,11.93673606970666,3.92140625
forest_co_management,hybrid,low_actor,limited_overseer,-1,2,14,Hybrid oversight,noisy_weather,0.0,13.566498039146198,0.066015625,0.012109375,12.114498332718284,3.92375
forest_co_management,hybrid,low_actor,limited_overseer,-1,2,14,Hybrid oversight,strong_externality,0.0,13.534810799107316,0.0621093749999999,0.012890625,12.319037816780892,3.914375
forest_co_management,hybrid,low_actor,limited_overseer,-1,2,14,Hybrid oversight,low_init,0.0,13.501059095931785,0.07265625,0.00703125,13.02897484216476,3.72
forest_co_management,hybrid,low_actor,limited_overseer,-1,2,14,Hybrid oversight,slow_regen,0.0,13.208285868479267,0.145703125,0.061328125,10.284433287162706,4.1275
forest_co_management,hybrid,low_actor,limited_overseer,-1,3,14,Hybrid oversight,held_out_average,0.0,13.993686001623434,0.0791015625,0.02578125,10.505206153490889,3.946875
forest_co_management,hybrid,low_actor,limited_overseer,-1,3,14,Hybrid oversight,noisy_weather,0.0,14.108870082090396,0.057421875,0.00703125,11.11438226096471,3.82375
forest_co_management,hybrid,low_actor,limited_overseer,-1,3,14,Hybrid oversight,strong_externality,0.0,14.108058288487888,0.071484375,0.009765625,11.040262631862632,3.848125000000001
forest_co_management,hybrid,low_actor,limited_overseer,-1,3,14,Hybrid oversight,low_init,0.0,14.082897735748132,0.075,0.0281249999999999,10.64842884778973,3.9143750000000006
forest_co_management,hybrid,low_actor,limited_overseer,-1,3,14,Hybrid oversight,slow_regen,0.0,13.674917900167316,0.1125,0.0582031249999999,9.217750873346482,4.20125
forest_co_management,hybrid,low_actor,limited_overseer,-1,4,14,Hybrid oversight,held_out_average,0.0,13.724070962277285,0.0787109375,0.012890625,12.481654817621669,3.64515625
forest_co_management,hybrid,low_actor,limited_overseer,-1,4,14,Hybrid oversight,noisy_weather,0.0,13.900007967487786,0.055859375,0.001171875,12.945757332054791,3.5525
forest_co_management,hybrid,low_actor,limited_overseer,-1,4,14,Hybrid oversight,strong_externality,0.0,13.862704878831124,0.060546875,0.000390625,12.934601019631907,3.5587500000000003
forest_co_management,hybrid,low_actor,limited_overseer,-1,4,14,Hybrid oversight,low_init,0.0,13.81529148461799,0.073046875,0.0109375,12.895127250091289,3.5587500000000003
forest_co_management,hybrid,low_actor,limited_overseer,-1,4,14,Hybrid oversight,slow_regen,0.0,13.318279518172243,0.1253906249999999,0.0390625,11.15113366870868,3.910625
forest_co_management,hybrid,low_actor,strong_overseer,-2,0,14,Hybrid oversight,held_out_average,0.0,14.119778919566594,0.0,0.0,12.589574902625124,0.0
forest_co_management,hybrid,low_actor,strong_overseer,-2,0,14,Hybrid oversight,noisy_weather,0.0,14.212171048145212,0.0,0.0,12.990984050821694,0.0
forest_co_management,hybrid,low_actor,strong_overseer,-2,0,14,Hybrid oversight,strong_externality,0.0,14.15958104868078,0.0,0.0,13.000635412408084,0.0
forest_co_management,hybrid,low_actor,strong_overseer,-2,0,14,Hybrid oversight,low_init,0.0,14.179010526177098,0.0,0.0,13.033579364138063,0.0
forest_co_management,hybrid,low_actor,strong_overseer,-2,0,14,Hybrid oversight,slow_regen,0.0,13.928353055263289,0.0,0.0,11.333100783132648,0.0
forest_co_management,hybrid,low_actor,strong_overseer,-2,1,14,Hybrid oversight,held_out_average,0.0,14.149995041482544,0.0,0.0,12.472748689768938,0.0
forest_co_management,hybrid,low_actor,strong_overseer,-2,1,14,Hybrid oversight,noisy_weather,0.0,14.273647278604546,0.0,0.0,12.636924744753737,0.0
forest_co_management,hybrid,low_actor,strong_overseer,-2,1,14,Hybrid oversight,strong_externality,0.0,14.174499988412844,0.0,0.0,13.004234525812995,0.0
forest_co_management,hybrid,low_actor,strong_overseer,-2,1,14,Hybrid oversight,low_init,0.0,14.200953276341604,0.0,0.0,13.00948126624833,0.0
forest_co_management,hybrid,low_actor,strong_overseer,-2,1,14,Hybrid oversight,slow_regen,0.0,13.95087962257118,0.0,0.0,11.240354222260688,0.0
forest_co_management,hybrid,low_actor,strong_overseer,-2,2,14,Hybrid oversight,held_out_average,0.0,14.123074272152458,0.0,0.0,12.4622325677635,0.0
forest_co_management,hybrid,low_actor,strong_overseer,-2,2,14,Hybrid oversight,noisy_weather,0.0,14.246857362043997,0.0,0.0,12.610479814484703,0.0
forest_co_management,hybrid,low_actor,strong_overseer,-2,2,14,Hybrid oversight,strong_externality,0.0,14.166643751388603,0.0,0.0,12.9086379565693,0.0
forest_co_management,hybrid,low_actor,strong_overseer,-2,2,14,Hybrid oversight,low_init,0.0,14.177527231742523,0.0,0.0,13.029750000000003,0.0
forest_co_management,hybrid,low_actor,strong_overseer,-2,2,14,Hybrid oversight,slow_regen,0.0,13.901268743434708,0.0,0.0,11.3000625,0.0
forest_co_management,hybrid,low_actor,strong_overseer,-2,3,14,Hybrid oversight,held_out_average,0.0,14.161717447051622,0.0,0.0,12.316696176115792,0.0
forest_co_management,hybrid,low_actor,strong_overseer,-2,3,14,Hybrid oversight,noisy_weather,0.0,14.250134551037966,0.0,0.0,12.410265360268694,0.0
forest_co_management,hybrid,low_actor,strong_overseer,-2,3,14,Hybrid oversight,strong_externality,0.0,14.222537904722424,0.0,0.0,12.83732249828858,0.0
forest_co_management,hybrid,low_actor,strong_overseer,-2,3,14,Hybrid oversight,low_init,0.0,14.203594166174932,0.0,0.0,12.94508514303035,0.0
forest_co_management,hybrid,low_actor,strong_overseer,-2,3,14,Hybrid oversight,slow_regen,0.0,13.970603166271164,0.0,0.0,11.074111702875548,0.0
forest_co_management,hybrid,low_actor,strong_overseer,-2,4,14,Hybrid oversight,held_out_average,0.0,14.153644284898956,0.0,0.0,12.556267221577532,0.0
forest_co_management,hybrid,low_actor,strong_overseer,-2,4,14,Hybrid oversight,noisy_weather,0.0,14.237038248063971,0.0,0.0,12.914930441409076,0.0
forest_co_management,hybrid,low_actor,strong_overseer,-2,4,14,Hybrid oversight,strong_externality,0.0,14.189579630426262,0.0,0.0,12.955370787955452,0.0
forest_co_management,hybrid,low_actor,strong_overseer,-2,4,14,Hybrid oversight,low_init,0.0,14.2285456751625,0.0,0.0,13.01664362930148,0.0
forest_co_management,hybrid,low_actor,strong_overseer,-2,4,14,Hybrid oversight,slow_regen,0.0,13.959413585943082,0.0,0.0,11.338124027644117,0.0
forest_co_management,hybrid,low_actor,weak_overseer,0,0,14,Hybrid oversight,held_out_average,0.0,13.352914048036071,0.1123046875,0.04609375,9.748952983853323,2.856875
forest_co_management,hybrid,low_actor,weak_overseer,0,0,14,Hybrid oversight,noisy_weather,0.0,13.486275660652272,0.103515625,0.0421875,9.694780531736598,2.88875
forest_co_management,hybrid,low_actor,weak_overseer,0,0,14,Hybrid oversight,strong_externality,0.0,13.652894329402685,0.1015625,0.03515625,10.331194132104075,2.805
forest_co_management,hybrid,low_actor,weak_overseer,0,0,14,Hybrid oversight,low_init,0.0,13.400075125603976,0.109375,0.019921875,11.44835283969014,2.69875
forest_co_management,hybrid,low_actor,weak_overseer,0,0,14,Hybrid oversight,slow_regen,0.0,12.872411076485363,0.134765625,0.0871093749999999,7.521484431882495,3.035
forest_co_management,hybrid,low_actor,weak_overseer,0,1,14,Hybrid oversight,held_out_average,0.0,13.431180866071749,0.10087890625,0.03095703125,12.516310041635409,2.6518750000000004
forest_co_management,hybrid,low_actor,weak_overseer,0,1,14,Hybrid oversight,noisy_weather,0.0,13.6602807044825,0.070703125,0.014453125,12.796175857811663,2.64375
forest_co_management,hybrid,low_actor,weak_overseer,0,1,14,Hybrid oversight,strong_externality,0.0,13.572813823056771,0.0796875,0.0171875,13.141423014342196,2.60875
forest_co_management,hybrid,low_actor,weak_overseer,0,1,14,Hybrid oversight,low_init,0.0,13.64805337093724,0.0796875,0.0078125,13.12089019038294,2.5650000000000004
forest_co_management,hybrid,low_actor,weak_overseer,0,1,14,Hybrid oversight,slow_regen,0.0,12.843575565810482,0.1734375,0.0843749999999999,11.006751104004834,2.79
forest_co_management,hybrid,low_actor,weak_overseer,0,2,14,Hybrid oversight,held_out_average,0.0,13.65049498063192,0.0654296875,0.016015625,12.154304428457795,2.573125
forest_co_management,hybrid,low_actor,weak_overseer,0,2,14,Hybrid oversight,noisy_weather,0.0,13.88102777048723,0.037890625,0.00078125,12.467479981972827,2.57125
forest_co_management,hybrid,low_actor,weak_overseer,0,2,14,Hybrid oversight,strong_externality,0.0,13.769889169614649,0.045703125,0.00234375,12.837076066097053,2.5175
forest_co_management,hybrid,low_actor,weak_overseer,0,2,14,Hybrid oversight,low_init,0.0,13.76302589156744,0.051171875,0.006640625,12.94662748518538,2.465
forest_co_management,hybrid,low_actor,weak_overseer,0,2,14,Hybrid oversight,slow_regen,0.0,13.188037090858357,0.126953125,0.054296875,10.366034180575932,2.73875
forest_co_management,hybrid,low_actor,weak_overseer,0,3,14,Hybrid oversight,held_out_average,0.0,12.905200934077264,0.2,0.00302734375,11.309286402422735,2.774375
forest_co_management,hybrid,low_actor,weak_overseer,0,3,14,Hybrid oversight,noisy_weather,0.0,13.034111481440664,0.17890625,0.0015625,12.030889056196118,2.6587499999999995
forest_co_management,hybrid,low_actor,weak_overseer,0,3,14,Hybrid oversight,strong_externality,0.0,13.017058940338291,0.191015625,0.00078125,11.7980489411279,2.6825
forest_co_management,hybrid,low_actor,weak_overseer,0,3,14,Hybrid oversight,low_init,0.0,12.869194668296071,0.203515625,0.002734375,11.347808328920785,2.75375
forest_co_management,hybrid,low_actor,weak_overseer,0,3,14,Hybrid oversight,slow_regen,0.0,12.700438646234032,0.2265625,0.00703125,10.06039928344614,3.0025
forest_co_management,hybrid,low_actor,weak_overseer,0,4,14,Hybrid oversight,held_out_average,0.0,13.35476835593329,0.14150390625,0.0584960937499999,11.10336561608974,2.6315625
forest_co_management,hybrid,low_actor,weak_overseer,0,4,14,Hybrid oversight,noisy_weather,0.0,13.541106831521216,0.109375,0.03203125,11.781489637348756,2.565
forest_co_management,hybrid,low_actor,weak_overseer,0,4,14,Hybrid oversight,strong_externality,0.0,13.510181351781746,0.124609375,0.037109375,11.660905923764917,2.55625
forest_co_management,hybrid,low_actor,weak_overseer,0,4,14,Hybrid oversight,low_init,0.0,13.453777558571533,0.124609375,0.0390625,11.450820240864472,2.5975
forest_co_management,hybrid,low_actor,weak_overseer,0,4,14,Hybrid oversight,slow_regen,0.0,12.914007681858669,0.207421875,0.12578125,9.520246662380812,2.8075
forest_co_management,hybrid,medium_actor,limited_overseer,0,0,14,Hybrid oversight,held_out_average,0.0,12.870106896863462,0.18759765625,0.10107421875,11.783207630634616,3.93421875
forest_co_management,hybrid,medium_actor,limited_overseer,0,0,14,Hybrid oversight,noisy_weather,0.0,12.977130518966892,0.188671875,0.09375,12.157663313156258,3.83125
forest_co_management,hybrid,medium_actor,limited_overseer,0,0,14,Hybrid oversight,strong_externality,0.0,12.756823138632525,0.2234375,0.11953125,12.72191006362642,3.74625
forest_co_management,hybrid,medium_actor,limited_overseer,0,0,14,Hybrid oversight,low_init,0.0,13.20651955522205,0.08984375,0.03046875,11.874662900730607,4.064375
forest_co_management,hybrid,medium_actor,limited_overseer,0,0,14,Hybrid oversight,slow_regen,0.0,12.539954374632384,0.2484375,0.1605468749999999,10.378594245025184,4.095000000000001
forest_co_management,hybrid,medium_actor,limited_overseer,0,1,14,Hybrid oversight,held_out_average,0.0,13.292725376687864,0.1681640625,0.07890625,11.173394099008702,3.88359375
forest_co_management,hybrid,medium_actor,limited_overseer,0,1,14,Hybrid oversight,noisy_weather,0.0,13.50105864720772,0.14765625,0.055078125,11.401579812685195,3.839375
forest_co_management,hybrid,medium_actor,limited_overseer,0,1,14,Hybrid oversight,strong_externality,0.0,13.285667259526036,0.169921875,0.069140625,11.866323927622291,3.77375
forest_co_management,hybrid,medium_actor,limited_overseer,0,1,14,Hybrid oversight,low_init,0.0,13.507346806314338,0.145703125,0.052734375,11.39586461667377,3.83125
forest_co_management,hybrid,medium_actor,limited_overseer,0,1,14,Hybrid oversight,slow_regen,0.0,12.87682879370336,0.2093749999999999,0.138671875,10.029808039053544,4.09
forest_co_management,hybrid,medium_actor,limited_overseer,0,2,14,Hybrid oversight,held_out_average,0.0,14.240728557667106,0.00400390625,0.0,12.57694335498849,3.4709375
forest_co_management,hybrid,medium_actor,limited_overseer,0,2,14,Hybrid oversight,noisy_weather,0.0,14.39057814960509,0.0,0.0,13.016884277006133,3.39625
forest_co_management,hybrid,medium_actor,limited_overseer,0,2,14,Hybrid oversight,strong_externality,0.0,14.338444510236425,0.0,0.0,13.03724391806426,3.389375
forest_co_management,hybrid,medium_actor,limited_overseer,0,2,14,Hybrid oversight,low_init,0.0,14.369713455744352,0.0,0.0,12.98280688606454,3.3825000000000003
forest_co_management,hybrid,medium_actor,limited_overseer,0,2,14,Hybrid oversight,slow_regen,0.0,13.864178115082552,0.016015625,0.0,11.270838338819024,3.715625
forest_co_management,hybrid,medium_actor,limited_overseer,0,3,14,Hybrid oversight,held_out_average,0.0,14.235786335580238,0.06640625,0.0249999999999999,9.24250928283107,4.17671875
forest_co_management,hybrid,medium_actor,limited_overseer,0,3,14,Hybrid oversight,noisy_weather,0.0,14.375603505643175,0.051171875,0.00859375,9.727147252069912,4.08
forest_co_management,hybrid,medium_actor,limited_overseer,0,3,14,Hybrid oversight,strong_externality,0.0,14.504508893480818,0.05078125,0.009375,9.28854793081412,4.165625
forest_co_management,hybrid,medium_actor,limited_overseer,0,3,14,Hybrid oversight,low_init,0.0,14.359778749052074,0.0636718749999999,0.0281249999999999,9.210409660059495,4.17875
forest_co_management,hybrid,medium_actor,limited_overseer,0,3,14,Hybrid oversight,slow_regen,0.0,13.703254194144884,0.0999999999999999,0.05390625,8.743932288380758,4.282500000000001
forest_co_management,hybrid,medium_actor,limited_overseer,0,4,14,Hybrid oversight,held_out_average,0.0,13.715916949114328,0.08681640625,0.0267578125,12.164852424366089,3.766875
forest_co_management,hybrid,medium_actor,limited_overseer,0,4,14,Hybrid oversight,noisy_weather,0.0,13.870824407416611,0.06171875,0.008984375,12.626015556887197,3.661875
forest_co_management,hybrid,medium_actor,limited_overseer,0,4,14,Hybrid oversight,strong_externality,0.0,13.792225031947885,0.077734375,0.01015625,12.842953007834977,3.633125
forest_co_management,hybrid,medium_actor,limited_overseer,0,4,14,Hybrid oversight,low_init,0.0,13.821717598965767,0.073828125,0.02265625,12.512171631039088,3.688125
forest_co_management,hybrid,medium_actor,limited_overseer,0,4,14,Hybrid oversight,slow_regen,0.0,13.378900758127042,0.133984375,0.065234375,10.678269501703095,4.0843750000000005
forest_co_management,hybrid,medium_actor,strong_overseer,-1,0,14,Hybrid oversight,held_out_average,0.0,14.12045340394607,0.0,0.0,12.526939039304324,0.0
forest_co_management,hybrid,medium_actor,strong_overseer,-1,0,14,Hybrid oversight,noisy_weather,0.0,14.228806660758751,0.0,0.0,12.763636059735829,0.0
forest_co_management,hybrid,medium_actor,strong_overseer,-1,0,14,Hybrid oversight,strong_externality,0.0,14.148058455544955,0.0,0.0,12.992064439793126,0.0
forest_co_management,hybrid,medium_actor,strong_overseer,-1,0,14,Hybrid oversight,low_init,0.0,14.194314680860984,0.0,0.0,13.017399407688346,0.0
forest_co_management,hybrid,medium_actor,strong_overseer,-1,0,14,Hybrid oversight,slow_regen,0.0,13.910633818619589,0.0,0.0,11.334656250000002,0.0
forest_co_management,hybrid,medium_actor,strong_overseer,-1,1,14,Hybrid oversight,held_out_average,0.0,14.131089850578892,0.0,0.0,12.490117900355392,0.0
forest_co_management,hybrid,medium_actor,strong_overseer,-1,1,14,Hybrid oversight,noisy_weather,0.0,14.2440508510538,0.0,0.0,12.715300685326213,0.0
forest_co_management,hybrid,medium_actor,strong_overseer,-1,1,14,Hybrid oversight,strong_externality,0.0,14.15868345204122,0.0,0.0,12.977329158531552,0.0
forest_co_management,hybrid,medium_actor,strong_overseer,-1,1,14,Hybrid oversight,low_init,0.0,14.188836661623952,0.0,0.0,13.022162329092868,0.0
forest_co_management,hybrid,medium_actor,strong_overseer,-1,1,14,Hybrid oversight,slow_regen,0.0,13.932788437596594,0.0,0.0,11.245679428470948,0.0
forest_co_management,hybrid,medium_actor,strong_overseer,-1,2,14,Hybrid oversight,held_out_average,0.0,14.124561779660407,0.0,0.0,12.46251638729264,0.0
forest_co_management,hybrid,medium_actor,strong_overseer,-1,2,14,Hybrid oversight,noisy_weather,0.0,14.249877700882372,0.0,0.0,12.613021809550563,0.0
forest_co_management,hybrid,medium_actor,strong_overseer,-1,2,14,Hybrid oversight,strong_externality,0.0,14.168367429086906,0.0,0.0,12.90812898907761,0.0
forest_co_management,hybrid,medium_actor,strong_overseer,-1,2,14,Hybrid oversight,low_init,0.0,14.178010323278624,0.0,0.0,13.029232838040649,0.0
forest_co_management,hybrid,medium_actor,strong_overseer,-1,2,14,Hybrid oversight,slow_regen,0.0,13.90199166539373,0.0,0.0,11.299681912501748,0.0
forest_co_management,hybrid,medium_actor,strong_overseer,-1,3,14,Hybrid oversight,held_out_average,0.0,14.134230544286943,0.0,0.0,12.44352576141335,0.0
forest_co_management,hybrid,medium_actor,strong_overseer,-1,3,14,Hybrid oversight,noisy_weather,0.0,14.238339265719,0.0,0.0,12.567844925111284,0.0
forest_co_management,hybrid,medium_actor,strong_overseer,-1,3,14,Hybrid oversight,strong_externality,0.0,14.17982736104146,0.0,0.0,12.964871873153747,0.0
forest_co_management,hybrid,medium_actor,strong_overseer,-1,3,14,Hybrid oversight,low_init,0.0,14.182889835024827,0.0,0.0,13.006063234388147,0.0
forest_co_management,hybrid,medium_actor,strong_overseer,-1,3,14,Hybrid oversight,slow_regen,0.0,13.935865715362487,0.0,0.0,11.23532301300022,0.0
forest_co_management,hybrid,medium_actor,strong_overseer,-1,4,14,Hybrid oversight,held_out_average,0.0,14.126699422407416,0.0,0.0,12.505270967923444,0.0
forest_co_management,hybrid,medium_actor,strong_overseer,-1,4,14,Hybrid oversight,noisy_weather,0.0,14.263318335367895,0.0,0.0,12.760644118125686,0.0
forest_co_management,hybrid,medium_actor,strong_overseer,-1,4,14,Hybrid oversight,strong_externality,0.0,14.163491377570848,0.0,0.0,12.934730480855858,0.0
forest_co_management,hybrid,medium_actor,strong_overseer,-1,4,14,Hybrid oversight,low_init,0.0,14.175857210815158,0.0,0.0,12.991053022712226,0.0
forest_co_management,hybrid,medium_actor,strong_overseer,-1,4,14,Hybrid oversight,slow_regen,0.0,13.90413076587576,0.0,0.0,11.334656250000002,0.0
forest_co_management,hybrid,medium_actor,weak_overseer,1,0,14,Hybrid oversight,held_out_average,0.0,12.898363158833073,0.205859375,0.0833984375,11.550595835895749,2.6121875
forest_co_management,hybrid,medium_actor,weak_overseer,1,0,14,Hybrid oversight,noisy_weather,0.0,13.152168823409871,0.177734375,0.062109375,11.878426264757827,2.5975
forest_co_management,hybrid,medium_actor,weak_overseer,1,0,14,Hybrid oversight,strong_externality,0.0,13.002521489523078,0.1878906249999999,0.066796875,11.91096220647082,2.5987500000000003
forest_co_management,hybrid,medium_actor,weak_overseer,1,0,14,Hybrid oversight,low_init,0.0,13.138565847167628,0.183984375,0.0546875,12.122387063961837,2.535
forest_co_management,hybrid,medium_actor,weak_overseer,1,0,14,Hybrid oversight,slow_regen,0.0,12.300196475231704,0.273828125,0.15,10.290607808392505,2.7175
forest_co_management,hybrid,medium_actor,weak_overseer,1,1,14,Hybrid oversight,held_out_average,0.0,13.406837694637543,0.1087890625,0.04267578125,12.963450389015811,2.569375
forest_co_management,hybrid,medium_actor,weak_overseer,1,1,14,Hybrid oversight,noisy_weather,0.0,13.627449606881274,0.07265625,0.019921875,13.358839298482206,2.52375
forest_co_management,hybrid,medium_actor,weak_overseer,1,1,14,Hybrid oversight,strong_externality,0.0,13.576135019086877,0.0828125,0.021875,13.397792953987082,2.49875
forest_co_management,hybrid,medium_actor,weak_overseer,1,1,14,Hybrid oversight,low_init,0.0,13.690182399709457,0.070703125,0.010546875,13.489868878219426,2.5
forest_co_management,hybrid,medium_actor,weak_overseer,1,1,14,Hybrid oversight,slow_regen,0.0,12.733583752872558,0.208984375,0.118359375,11.607300425374532,2.755
forest_co_management,hybrid,medium_actor,weak_overseer,1,2,14,Hybrid oversight,held_out_average,0.2265625,11.584023584116805,0.2892354723159592,0.0,10.222878471885078,2.50625
forest_co_management,hybrid,medium_actor,weak_overseer,1,2,14,Hybrid oversight,noisy_weather,0.0625,12.665273617673469,0.115731534090909,0.0,10.276596238816854,2.8825
forest_co_management,hybrid,medium_actor,weak_overseer,1,2,14,Hybrid oversight,strong_externality,0.03125,12.62862217187322,0.0986979166666666,0.0,10.016237592335209,2.96375
forest_co_management,hybrid,medium_actor,weak_overseer,1,2,14,Hybrid oversight,low_init,0.0,13.156388260823032,0.077734375,0.0,10.021405744545994,3.05125
forest_co_management,hybrid,medium_actor,weak_overseer,1,2,14,Hybrid oversight,slow_regen,0.8125,7.88581028609749,0.8647780635062612,0.0,10.577274311842247,1.1275
forest_co_management,hybrid,medium_actor,weak_overseer,1,3,14,Hybrid oversight,held_out_average,0.0,13.104473826524233,0.17509765625,0.0537109375,12.676628976894827,2.5215625
forest_co_management,hybrid,medium_actor,weak_overseer,1,3,14,Hybrid oversight,noisy_weather,0.0,13.249303441673876,0.153515625,0.036328125,13.074175594966125,2.5025
forest_co_management,hybrid,medium_actor,weak_overseer,1,3,14,Hybrid oversight,strong_externality,0.0,13.183280522063155,0.167578125,0.036328125,13.073243043735188,2.4825000000000004
forest_co_management,hybrid,medium_actor,weak_overseer,1,3,14,Hybrid oversight,low_init,0.0,13.366598981139235,0.138671875,0.01875,13.071827197038369,2.47375
forest_co_management,hybrid,medium_actor,weak_overseer,1,3,14,Hybrid oversight,slow_regen,0.0,12.618712361220664,0.240625,0.1234375,11.487270071839632,2.6274999999999995
forest_co_management,hybrid,medium_actor,weak_overseer,1,4,14,Hybrid oversight,held_out_average,0.0,13.768375137940437,0.13193359375,0.0652343749999999,9.405143489386752,2.8859375
forest_co_management,hybrid,medium_actor,weak_overseer,1,4,14,Hybrid oversight,noisy_weather,0.0,13.734336546010455,0.1312499999999999,0.052734375,10.398106988097217,2.76625
forest_co_management,hybrid,medium_actor,weak_overseer,1,4,14,Hybrid oversight,strong_externality,0.0,13.77531987584366,0.13984375,0.0621093749999999,10.100644938234154,2.80875
forest_co_management,hybrid,medium_actor,weak_overseer,1,4,14,Hybrid oversight,low_init,0.0,14.101534746809111,0.112890625,0.053125,8.845027434686788,2.94625
forest_co_management,hybrid,medium_actor,weak_overseer,1,4,14,Hybrid oversight,slow_regen,0.0,13.462309383098516,0.14375,0.0929687499999999,8.276794596528852,3.0225
forest_co_management,none,high_actor,limited_overseer,1,0,14,No oversight,held_out_average,0.0,12.360211183928104,0.0,0.0,13.998533945978055,0.0
forest_co_management,none,high_actor,limited_overseer,1,0,14,No oversight,noisy_weather,0.0,12.431955633543428,0.0,0.0,14.476908943929416,0.0
forest_co_management,none,high_actor,limited_overseer,1,0,14,No oversight,strong_externality,0.0,12.432509211658449,0.0,0.0,14.41423875151206,0.0
forest_co_management,none,high_actor,limited_overseer,1,0,14,No oversight,low_init,0.0,12.451381190085016,0.0,0.0,14.417280335234048,0.0
forest_co_management,none,high_actor,limited_overseer,1,0,14,No oversight,slow_regen,0.0,12.124998700425524,0.0,0.0,12.685707753236697,0.0
forest_co_management,none,high_actor,limited_overseer,1,1,14,No oversight,held_out_average,0.0,12.275915090350288,0.0,0.0,13.790730129447873,0.0
forest_co_management,none,high_actor,limited_overseer,1,1,14,No oversight,noisy_weather,0.0,12.3631065659077,0.0,0.0,14.29872908165166,0.0
forest_co_management,none,high_actor,limited_overseer,1,1,14,No oversight,strong_externality,0.0,12.322089569048476,0.0,0.0,14.190748033059071,0.0
forest_co_management,none,high_actor,limited_overseer,1,1,14,No oversight,low_init,0.0,12.343742697681222,0.0,0.0,14.204482986604615,0.0
forest_co_management,none,high_actor,limited_overseer,1,1,14,No oversight,slow_regen,0.0,12.074721528763757,0.0,0.0,12.46896041647614,0.0
forest_co_management,none,high_actor,limited_overseer,1,2,14,No oversight,held_out_average,0.0078125,11.094006521754608,0.1962373621323529,0.0350356158088235,13.719133615468786,0.0
forest_co_management,none,high_actor,limited_overseer,1,2,14,No oversight,noisy_weather,0.0,11.47997303180099,0.0812499999999999,0.000390625,14.390175486678192,0.0
forest_co_management,none,high_actor,limited_overseer,1,2,14,No oversight,strong_externality,0.0,11.578737851404798,0.055859375,0.0,14.488095874435354,0.0
forest_co_management,none,high_actor,limited_overseer,1,2,14,No oversight,low_init,0.0,11.590273223015563,0.05703125,0.000390625,14.50187870802787,0.0
forest_co_management,none,high_actor,limited_overseer,1,2,14,No oversight,slow_regen,0.03125,9.72704198079708,0.5908088235294118,0.1393612132352941,11.496384392733727,0.0
forest_co_management,none,high_actor,limited_overseer,1,3,14,No oversight,held_out_average,0.0,12.354976660798394,0.0,0.0,14.10264087992356,0.0
forest_co_management,none,high_actor,limited_overseer,1,3,14,No oversight,noisy_weather,0.0,12.439211277677044,0.0,0.0,14.609880850815612,0.0
forest_co_management,none,high_actor,limited_overseer,1,3,14,No oversight,strong_externality,0.0,12.435073733580705,0.0,0.0,14.507740678201094,0.0
forest_co_management,none,high_actor,limited_overseer,1,3,14,No oversight,low_init,0.0,12.447191513049995,0.0,0.0,14.521566348640016,0.0
forest_co_management,none,high_actor,limited_overseer,1,3,14,No oversight,slow_regen,0.0,12.098430118885831,0.0,0.0,12.771375642037516,0.0
forest_co_management,none,high_actor,limited_overseer,1,4,14,No oversight,held_out_average,0.0,12.54724595473782,0.0,0.0,13.901367270519936,0.0
forest_co_management,none,high_actor,limited_overseer,1,4,14,No oversight,noisy_weather,0.0,12.632787013526729,0.0,0.0,14.43226494339293,0.0
forest_co_management,none,high_actor,limited_overseer,1,4,14,No oversight,strong_externality,0.0,12.620220194810177,0.0,0.0,14.310796300362217,0.0
forest_co_management,none,high_actor,limited_overseer,1,4,14,No oversight,low_init,0.0,12.637007488645615,0.0,0.0,14.334227063571758,0.0
forest_co_management,none,high_actor,limited_overseer,1,4,14,No oversight,slow_regen,0.0,12.298969121968767,0.0,0.0,12.52818077475284,0.0
forest_co_management,none,high_actor,strong_overseer,0,0,14,No oversight,held_out_average,0.0,12.360211183928104,0.0,0.0,13.998533945978055,0.0
forest_co_management,none,high_actor,strong_overseer,0,0,14,No oversight,noisy_weather,0.0,12.431955633543428,0.0,0.0,14.476908943929416,0.0
forest_co_management,none,high_actor,strong_overseer,0,0,14,No oversight,strong_externality,0.0,12.432509211658449,0.0,0.0,14.41423875151206,0.0
forest_co_management,none,high_actor,strong_overseer,0,0,14,No oversight,low_init,0.0,12.451381190085016,0.0,0.0,14.417280335234048,0.0
forest_co_management,none,high_actor,strong_overseer,0,0,14,No oversight,slow_regen,0.0,12.124998700425524,0.0,0.0,12.685707753236697,0.0
forest_co_management,none,high_actor,strong_overseer,0,1,14,No oversight,held_out_average,0.0,12.275915090350288,0.0,0.0,13.790730129447873,0.0
forest_co_management,none,high_actor,strong_overseer,0,1,14,No oversight,noisy_weather,0.0,12.3631065659077,0.0,0.0,14.29872908165166,0.0
forest_co_management,none,high_actor,strong_overseer,0,1,14,No oversight,strong_externality,0.0,12.322089569048476,0.0,0.0,14.190748033059071,0.0
forest_co_management,none,high_actor,strong_overseer,0,1,14,No oversight,low_init,0.0,12.343742697681222,0.0,0.0,14.204482986604615,0.0
forest_co_management,none,high_actor,strong_overseer,0,1,14,No oversight,slow_regen,0.0,12.074721528763757,0.0,0.0,12.46896041647614,0.0
forest_co_management,none,high_actor,strong_overseer,0,2,14,No oversight,held_out_average,0.0078125,11.094006521754608,0.1962373621323529,0.0350356158088235,13.719133615468786,0.0
forest_co_management,none,high_actor,strong_overseer,0,2,14,No oversight,noisy_weather,0.0,11.47997303180099,0.0812499999999999,0.000390625,14.390175486678192,0.0
forest_co_management,none,high_actor,strong_overseer,0,2,14,No oversight,strong_externality,0.0,11.578737851404798,0.055859375,0.0,14.488095874435354,0.0
forest_co_management,none,high_actor,strong_overseer,0,2,14,No oversight,low_init,0.0,11.590273223015563,0.05703125,0.000390625,14.50187870802787,0.0
forest_co_management,none,high_actor,strong_overseer,0,2,14,No oversight,slow_regen,0.03125,9.72704198079708,0.5908088235294118,0.1393612132352941,11.496384392733727,0.0
forest_co_management,none,high_actor,strong_overseer,0,3,14,No oversight,held_out_average,0.0,12.354976660798394,0.0,0.0,14.10264087992356,0.0
forest_co_management,none,high_actor,strong_overseer,0,3,14,No oversight,noisy_weather,0.0,12.439211277677044,0.0,0.0,14.609880850815612,0.0
forest_co_management,none,high_actor,strong_overseer,0,3,14,No oversight,strong_externality,0.0,12.435073733580705,0.0,0.0,14.507740678201094,0.0
forest_co_management,none,high_actor,strong_overseer,0,3,14,No oversight,low_init,0.0,12.447191513049995,0.0,0.0,14.521566348640016,0.0
forest_co_management,none,high_actor,strong_overseer,0,3,14,No oversight,slow_regen,0.0,12.098430118885831,0.0,0.0,12.771375642037516,0.0
forest_co_management,none,high_actor,strong_overseer,0,4,14,No oversight,held_out_average,0.0,12.54724595473782,0.0,0.0,13.901367270519936,0.0
forest_co_management,none,high_actor,strong_overseer,0,4,14,No oversight,noisy_weather,0.0,12.632787013526729,0.0,0.0,14.43226494339293,0.0
forest_co_management,none,high_actor,strong_overseer,0,4,14,No oversight,strong_externality,0.0,12.620220194810177,0.0,0.0,14.310796300362217,0.0
forest_co_management,none,high_actor,strong_overseer,0,4,14,No oversight,low_init,0.0,12.637007488645615,0.0,0.0,14.334227063571758,0.0
forest_co_management,none,high_actor,strong_overseer,0,4,14,No oversight,slow_regen,0.0,12.298969121968767,0.0,0.0,12.52818077475284,0.0
forest_co_management,none,high_actor,weak_overseer,2,0,14,No oversight,held_out_average,0.0,12.360211183928104,0.0,0.0,13.998533945978055,0.0
forest_co_management,none,high_actor,weak_overseer,2,0,14,No oversight,noisy_weather,0.0,12.431955633543428,0.0,0.0,14.476908943929416,0.0
forest_co_management,none,high_actor,weak_overseer,2,0,14,No oversight,strong_externality,0.0,12.432509211658449,0.0,0.0,14.41423875151206,0.0
forest_co_management,none,high_actor,weak_overseer,2,0,14,No oversight,low_init,0.0,12.451381190085016,0.0,0.0,14.417280335234048,0.0
forest_co_management,none,high_actor,weak_overseer,2,0,14,No oversight,slow_regen,0.0,12.124998700425524,0.0,0.0,12.685707753236697,0.0
forest_co_management,none,high_actor,weak_overseer,2,1,14,No oversight,held_out_average,0.0,12.275915090350288,0.0,0.0,13.790730129447873,0.0
forest_co_management,none,high_actor,weak_overseer,2,1,14,No oversight,noisy_weather,0.0,12.3631065659077,0.0,0.0,14.29872908165166,0.0
forest_co_management,none,high_actor,weak_overseer,2,1,14,No oversight,strong_externality,0.0,12.322089569048476,0.0,0.0,14.190748033059071,0.0
forest_co_management,none,high_actor,weak_overseer,2,1,14,No oversight,low_init,0.0,12.343742697681222,0.0,0.0,14.204482986604615,0.0
forest_co_management,none,high_actor,weak_overseer,2,1,14,No oversight,slow_regen,0.0,12.074721528763757,0.0,0.0,12.46896041647614,0.0
forest_co_management,none,high_actor,weak_overseer,2,2,14,No oversight,held_out_average,0.0078125,11.094006521754608,0.1962373621323529,0.0350356158088235,13.719133615468786,0.0
forest_co_management,none,high_actor,weak_overseer,2,2,14,No oversight,noisy_weather,0.0,11.47997303180099,0.0812499999999999,0.000390625,14.390175486678192,0.0
forest_co_management,none,high_actor,weak_overseer,2,2,14,No oversight,strong_externality,0.0,11.578737851404798,0.055859375,0.0,14.488095874435354,0.0
forest_co_management,none,high_actor,weak_overseer,2,2,14,No oversight,low_init,0.0,11.590273223015563,0.05703125,0.000390625,14.50187870802787,0.0
forest_co_management,none,high_actor,weak_overseer,2,2,14,No oversight,slow_regen,0.03125,9.72704198079708,0.5908088235294118,0.1393612132352941,11.496384392733727,0.0
forest_co_management,none,high_actor,weak_overseer,2,3,14,No oversight,held_out_average,0.0,12.354976660798394,0.0,0.0,14.10264087992356,0.0
forest_co_management,none,high_actor,weak_overseer,2,3,14,No oversight,noisy_weather,0.0,12.439211277677044,0.0,0.0,14.609880850815612,0.0
forest_co_management,none,high_actor,weak_overseer,2,3,14,No oversight,strong_externality,0.0,12.435073733580705,0.0,0.0,14.507740678201094,0.0
forest_co_management,none,high_actor,weak_overseer,2,3,14,No oversight,low_init,0.0,12.447191513049995,0.0,0.0,14.521566348640016,0.0
forest_co_management,none,high_actor,weak_overseer,2,3,14,No oversight,slow_regen,0.0,12.098430118885831,0.0,0.0,12.771375642037516,0.0
forest_co_management,none,high_actor,weak_overseer,2,4,14,No oversight,held_out_average,0.0,12.54724595473782,0.0,0.0,13.901367270519936,0.0
forest_co_management,none,high_actor,weak_overseer,2,4,14,No oversight,noisy_weather,0.0,12.632787013526729,0.0,0.0,14.43226494339293,0.0
forest_co_management,none,high_actor,weak_overseer,2,4,14,No oversight,strong_externality,0.0,12.620220194810177,0.0,0.0,14.310796300362217,0.0
forest_co_management,none,high_actor,weak_overseer,2,4,14,No oversight,low_init,0.0,12.637007488645615,0.0,0.0,14.334227063571758,0.0
forest_co_management,none,high_actor,weak_overseer,2,4,14,No oversight,slow_regen,0.0,12.298969121968767,0.0,0.0,12.52818077475284,0.0
forest_co_management,none,low_actor,limited_overseer,-1,0,14,No oversight,held_out_average,0.0,11.681904803849337,0.06357421875,0.00322265625,13.62170216671809,0.0
forest_co_management,none,low_actor,limited_overseer,-1,0,14,No oversight,noisy_weather,0.0,12.014487981596345,0.0015625,0.0,14.29771634710908,0.0
forest_co_management,none,low_actor,limited_overseer,-1,0,14,No oversight,strong_externality,0.0,12.020603872006742,0.000390625,0.0,14.20131997326122,0.0
forest_co_management,none,low_actor,limited_overseer,-1,0,14,No oversight,low_init,0.0,12.022935729717853,0.001171875,0.0,14.22508960572421,0.0
forest_co_management,none,low_actor,limited_overseer,-1,0,14,No oversight,slow_regen,0.0,10.669591632076395,0.251171875,0.012890625,11.762682740777844,0.0
forest_co_management,none,low_actor,limited_overseer,-1,1,14,No oversight,held_out_average,0.0,11.69650262867178,0.0017578125,0.0,13.869442716482975,0.0
forest_co_management,none,low_actor,limited_overseer,-1,1,14,No oversight,noisy_weather,0.0,11.816541333845834,0.0,0.0,14.385137363511303,0.0
forest_co_management,none,low_actor,limited_overseer,-1,1,14,No oversight,strong_externality,0.0,11.828597358842556,0.000390625,0.0,14.2836558471935,0.0
forest_co_management,none,low_actor,limited_overseer,-1,1,14,No oversight,low_init,0.0,11.835441252966788,0.000390625,0.0,14.305287866554986,0.0
forest_co_management,none,low_actor,limited_overseer,-1,1,14,No oversight,slow_regen,0.0,11.305430569031936,0.00625,0.0,12.50368978867212,0.0
forest_co_management,none,low_actor,limited_overseer,-1,2,14,No oversight,held_out_average,0.0,12.584665608575335,0.00888671875,0.00126953125,14.380492094184207,0.0
forest_co_management,none,low_actor,limited_overseer,-1,2,14,No oversight,noisy_weather,0.0,12.784148805378155,0.0,0.0,14.938628784797547,0.0
forest_co_management,none,low_actor,limited_overseer,-1,2,14,No oversight,strong_externality,0.0,12.7886328483504,0.0,0.0,14.866456448358576,0.0
forest_co_management,none,low_actor,limited_overseer,-1,2,14,No oversight,low_init,0.0,12.77797060484281,0.0,0.0,14.852163359419013,0.0
forest_co_management,none,low_actor,limited_overseer,-1,2,14,No oversight,slow_regen,0.0,11.987910175729963,0.035546875,0.005078125,12.86471978416169,0.0
forest_co_management,none,low_actor,limited_overseer,-1,3,14,No oversight,held_out_average,0.0,11.52857047387937,0.1044921875,0.0162109375,14.468158092718603,0.0
forest_co_management,none,low_actor,limited_overseer,-1,3,14,No oversight,noisy_weather,0.0,11.889306459737314,0.004296875,0.0,15.092845972915017,0.0
forest_co_management,none,low_actor,limited_overseer,-1,3,14,No oversight,strong_externality,0.0,12.08514214427374,0.0,0.0,15.126418743694538,0.0
forest_co_management,none,low_actor,limited_overseer,-1,3,14,No oversight,low_init,0.0,12.062631886377693,0.0,0.0,15.103903108066817,0.0
forest_co_management,none,low_actor,limited_overseer,-1,3,14,No oversight,slow_regen,0.0,10.077201405128736,0.413671875,0.06484375,12.549464546198042,0.0
forest_co_management,none,low_actor,limited_overseer,-1,4,14,No oversight,held_out_average,0.0,10.748299212340072,0.24228515625,0.044921875,13.330437799233284,0.0
forest_co_management,none,low_actor,limited_overseer,-1,4,14,No oversight,noisy_weather,0.0,11.454960947215948,0.074609375,0.00234375,14.159321099877229,0.0
forest_co_management,none,low_actor,limited_overseer,-1,4,14,No oversight,strong_externality,0.0,11.696171597812713,0.0328125,0.000390625,14.357098166298082,0.0
forest_co_management,none,low_actor,limited_overseer,-1,4,14,No oversight,low_init,0.0,11.366549925103437,0.030078125,0.00078125,13.963335529845056,0.0
forest_co_management,none,low_actor,limited_overseer,-1,4,14,No oversight,slow_regen,0.0,8.475514379228187,0.8316406250000001,0.176171875,10.841996400912768,0.0
forest_co_management,none,low_actor,strong_overseer,-2,0,14,No oversight,held_out_average,0.0,11.681904803849337,0.06357421875,0.00322265625,13.62170216671809,0.0
forest_co_management,none,low_actor,strong_overseer,-2,0,14,No oversight,noisy_weather,0.0,12.014487981596345,0.0015625,0.0,14.29771634710908,0.0
forest_co_management,none,low_actor,strong_overseer,-2,0,14,No oversight,strong_externality,0.0,12.020603872006742,0.000390625,0.0,14.20131997326122,0.0
forest_co_management,none,low_actor,strong_overseer,-2,0,14,No oversight,low_init,0.0,12.022935729717853,0.001171875,0.0,14.22508960572421,0.0
forest_co_management,none,low_actor,strong_overseer,-2,0,14,No oversight,slow_regen,0.0,10.669591632076395,0.251171875,0.012890625,11.762682740777844,0.0
forest_co_management,none,low_actor,strong_overseer,-2,1,14,No oversight,held_out_average,0.0,11.69650262867178,0.0017578125,0.0,13.869442716482975,0.0
forest_co_management,none,low_actor,strong_overseer,-2,1,14,No oversight,noisy_weather,0.0,11.816541333845834,0.0,0.0,14.385137363511303,0.0
forest_co_management,none,low_actor,strong_overseer,-2,1,14,No oversight,strong_externality,0.0,11.828597358842556,0.000390625,0.0,14.2836558471935,0.0
forest_co_management,none,low_actor,strong_overseer,-2,1,14,No oversight,low_init,0.0,11.835441252966788,0.000390625,0.0,14.305287866554986,0.0
forest_co_management,none,low_actor,strong_overseer,-2,1,14,No oversight,slow_regen,0.0,11.305430569031936,0.00625,0.0,12.50368978867212,0.0
forest_co_management,none,low_actor,strong_overseer,-2,2,14,No oversight,held_out_average,0.0,12.584665608575335,0.00888671875,0.00126953125,14.380492094184207,0.0
forest_co_management,none,low_actor,strong_overseer,-2,2,14,No oversight,noisy_weather,0.0,12.784148805378155,0.0,0.0,14.938628784797547,0.0
forest_co_management,none,low_actor,strong_overseer,-2,2,14,No oversight,strong_externality,0.0,12.7886328483504,0.0,0.0,14.866456448358576,0.0
forest_co_management,none,low_actor,strong_overseer,-2,2,14,No oversight,low_init,0.0,12.77797060484281,0.0,0.0,14.852163359419013,0.0
forest_co_management,none,low_actor,strong_overseer,-2,2,14,No oversight,slow_regen,0.0,11.987910175729963,0.035546875,0.005078125,12.86471978416169,0.0
forest_co_management,none,low_actor,strong_overseer,-2,3,14,No oversight,held_out_average,0.0,11.52857047387937,0.1044921875,0.0162109375,14.468158092718603,0.0
forest_co_management,none,low_actor,strong_overseer,-2,3,14,No oversight,noisy_weather,0.0,11.889306459737314,0.004296875,0.0,15.092845972915017,0.0
forest_co_management,none,low_actor,strong_overseer,-2,3,14,No oversight,strong_externality,0.0,12.08514214427374,0.0,0.0,15.126418743694538,0.0
forest_co_management,none,low_actor,strong_overseer,-2,3,14,No oversight,low_init,0.0,12.062631886377693,0.0,0.0,15.103903108066817,0.0
forest_co_management,none,low_actor,strong_overseer,-2,3,14,No oversight,slow_regen,0.0,10.077201405128736,0.413671875,0.06484375,12.549464546198042,0.0
forest_co_management,none,low_actor,strong_overseer,-2,4,14,No oversight,held_out_average,0.0,10.748299212340072,0.24228515625,0.044921875,13.330437799233284,0.0
forest_co_management,none,low_actor,strong_overseer,-2,4,14,No oversight,noisy_weather,0.0,11.454960947215948,0.074609375,0.00234375,14.159321099877229,0.0
forest_co_management,none,low_actor,strong_overseer,-2,4,14,No oversight,strong_externality,0.0,11.696171597812713,0.0328125,0.000390625,14.357098166298082,0.0
forest_co_management,none,low_actor,strong_overseer,-2,4,14,No oversight,low_init,0.0,11.366549925103437,0.030078125,0.00078125,13.963335529845056,0.0
forest_co_management,none,low_actor,strong_overseer,-2,4,14,No oversight,slow_regen,0.0,8.475514379228187,0.8316406250000001,0.176171875,10.841996400912768,0.0
forest_co_management,none,low_actor,weak_overseer,0,0,14,No oversight,held_out_average,0.0,11.681904803849337,0.06357421875,0.00322265625,13.62170216671809,0.0
forest_co_management,none,low_actor,weak_overseer,0,0,14,No oversight,noisy_weather,0.0,12.014487981596345,0.0015625,0.0,14.29771634710908,0.0
forest_co_management,none,low_actor,weak_overseer,0,0,14,No oversight,strong_externality,0.0,12.020603872006742,0.000390625,0.0,14.20131997326122,0.0
forest_co_management,none,low_actor,weak_overseer,0,0,14,No oversight,low_init,0.0,12.022935729717853,0.001171875,0.0,14.22508960572421,0.0
forest_co_management,none,low_actor,weak_overseer,0,0,14,No oversight,slow_regen,0.0,10.669591632076395,0.251171875,0.012890625,11.762682740777844,0.0
forest_co_management,none,low_actor,weak_overseer,0,1,14,No oversight,held_out_average,0.0,11.69650262867178,0.0017578125,0.0,13.869442716482975,0.0
forest_co_management,none,low_actor,weak_overseer,0,1,14,No oversight,noisy_weather,0.0,11.816541333845834,0.0,0.0,14.385137363511303,0.0
forest_co_management,none,low_actor,weak_overseer,0,1,14,No oversight,strong_externality,0.0,11.828597358842556,0.000390625,0.0,14.2836558471935,0.0
forest_co_management,none,low_actor,weak_overseer,0,1,14,No oversight,low_init,0.0,11.835441252966788,0.000390625,0.0,14.305287866554986,0.0
forest_co_management,none,low_actor,weak_overseer,0,1,14,No oversight,slow_regen,0.0,11.305430569031936,0.00625,0.0,12.50368978867212,0.0
forest_co_management,none,low_actor,weak_overseer,0,2,14,No oversight,held_out_average,0.0,12.584665608575335,0.00888671875,0.00126953125,14.380492094184207,0.0
forest_co_management,none,low_actor,weak_overseer,0,2,14,No oversight,noisy_weather,0.0,12.784148805378155,0.0,0.0,14.938628784797547,0.0
forest_co_management,none,low_actor,weak_overseer,0,2,14,No oversight,strong_externality,0.0,12.7886328483504,0.0,0.0,14.866456448358576,0.0
forest_co_management,none,low_actor,weak_overseer,0,2,14,No oversight,low_init,0.0,12.77797060484281,0.0,0.0,14.852163359419013,0.0
forest_co_management,none,low_actor,weak_overseer,0,2,14,No oversight,slow_regen,0.0,11.987910175729963,0.035546875,0.005078125,12.86471978416169,0.0
forest_co_management,none,low_actor,weak_overseer,0,3,14,No oversight,held_out_average,0.0,11.52857047387937,0.1044921875,0.0162109375,14.468158092718603,0.0
forest_co_management,none,low_actor,weak_overseer,0,3,14,No oversight,noisy_weather,0.0,11.889306459737314,0.004296875,0.0,15.092845972915017,0.0
forest_co_management,none,low_actor,weak_overseer,0,3,14,No oversight,strong_externality,0.0,12.08514214427374,0.0,0.0,15.126418743694538,0.0
forest_co_management,none,low_actor,weak_overseer,0,3,14,No oversight,low_init,0.0,12.062631886377693,0.0,0.0,15.103903108066817,0.0
forest_co_management,none,low_actor,weak_overseer,0,3,14,No oversight,slow_regen,0.0,10.077201405128736,0.413671875,0.06484375,12.549464546198042,0.0
forest_co_management,none,low_actor,weak_overseer,0,4,14,No oversight,held_out_average,0.0,10.748299212340072,0.24228515625,0.044921875,13.330437799233284,0.0
forest_co_management,none,low_actor,weak_overseer,0,4,14,No oversight,noisy_weather,0.0,11.454960947215948,0.074609375,0.00234375,14.159321099877229,0.0
forest_co_management,none,low_actor,weak_overseer,0,4,14,No oversight,strong_externality,0.0,11.696171597812713,0.0328125,0.000390625,14.357098166298082,0.0
forest_co_management,none,low_actor,weak_overseer,0,4,14,No oversight,low_init,0.0,11.366549925103437,0.030078125,0.00078125,13.963335529845056,0.0
forest_co_management,none,low_actor,weak_overseer,0,4,14,No oversight,slow_regen,0.0,8.475514379228187,0.8316406250000001,0.176171875,10.841996400912768,0.0
forest_co_management,none,medium_actor,limited_overseer,0,0,14,No oversight,held_out_average,0.0,11.556817548472091,0.13525390625,0.02890625,14.229445665907686,0.0
forest_co_management,none,medium_actor,limited_overseer,0,0,14,No oversight,noisy_weather,0.0,11.81918217227269,0.039453125,0.000390625,14.800252010751136,0.0
forest_co_management,none,medium_actor,limited_overseer,0,0,14,No oversight,strong_externality,0.0,12.15117484989327,0.003125,0.0,15.033975646077582,0.0
forest_co_management,none,medium_actor,limited_overseer,0,0,14,No oversight,low_init,0.0,12.12761370119657,0.004296875,0.0,14.97337720289917,0.0
forest_co_management,none,medium_actor,limited_overseer,0,0,14,No oversight,slow_regen,0.0,10.129299470525847,0.4941406249999999,0.115234375,12.110177803902856,0.0
forest_co_management,none,medium_actor,limited_overseer,0,1,14,No oversight,held_out_average,0.0,12.034485741256864,0.0,0.0,14.372514640969314,0.0
forest_co_management,none,medium_actor,limited_overseer,0,1,14,No oversight,noisy_weather,0.0,12.21533212747401,0.0,0.0,14.906588243584489,0.0
forest_co_management,none,medium_actor,limited_overseer,0,1,14,No oversight,strong_externality,0.0,12.13355548312991,0.0,0.0,14.841542193371938,0.0
forest_co_management,none,medium_actor,limited_overseer,0,1,14,No oversight,low_init,0.0,12.156009259149576,0.0,0.0,14.8284124144367,0.0
forest_co_management,none,medium_actor,limited_overseer,0,1,14,No oversight,slow_regen,0.0,11.633046095273956,0.0,0.0,12.913515712484129,0.0
forest_co_management,none,medium_actor,limited_overseer,0,2,14,No oversight,held_out_average,0.0,10.642643003122616,0.3021484375,0.02880859375,13.53211065330735,0.0
forest_co_management,none,medium_actor,limited_overseer,0,2,14,No oversight,noisy_weather,0.0,10.854368536525044,0.2488281249999999,0.00546875,14.121730011022269,0.0
forest_co_management,none,medium_actor,limited_overseer,0,2,14,No oversight,strong_externality,0.0,11.411193771272202,0.095703125,0.0,14.591080736638473,0.0
forest_co_management,none,medium_actor,limited_overseer,0,2,14,No oversight,low_init,0.0,11.369346881784692,0.1160156249999999,0.00078125,14.512721698627214,0.0
forest_co_management,none,medium_actor,limited_overseer,0,2,14,No oversight,slow_regen,0.0,8.935662822908515,0.748046875,0.108984375,10.902910166941451,0.0
forest_co_management,none,medium_actor,limited_overseer,0,3,14,No oversight,held_out_average,0.0,11.335890677290868,0.16220703125,0.00107421875,14.096308203546888,0.0
forest_co_management,none,medium_actor,limited_overseer,0,3,14,No oversight,noisy_weather,0.0,11.586756178273284,0.062890625,0.0,14.731009767623302,0.0
forest_co_management,none,medium_actor,limited_overseer,0,3,14,No oversight,strong_externality,0.0,11.682803834591066,0.04140625,0.0,14.811071597399405,0.0
forest_co_management,none,medium_actor,limited_overseer,0,3,14,No oversight,low_init,0.0,11.754205264587208,0.03515625,0.0,14.837596432171347,0.0
forest_co_management,none,medium_actor,limited_overseer,0,3,14,No oversight,slow_regen,0.0,10.31979743171191,0.509375,0.004296875,12.005555016993496,0.0
forest_co_management,none,medium_actor,limited_overseer,0,4,14,No oversight,held_out_average,0.0,12.092805765289224,0.0,0.0,14.363953403624684,0.0
forest_co_management,none,medium_actor,limited_overseer,0,4,14,No oversight,noisy_weather,0.0,12.17265446166816,0.0,0.0,14.8564529871634,0.0
forest_co_management,none,medium_actor,limited_overseer,0,4,14,No oversight,strong_externality,0.0,12.191600103343982,0.0,0.0,14.783777083010117,0.0
forest_co_management,none,medium_actor,limited_overseer,0,4,14,No oversight,low_init,0.0,12.208054299347694,0.0,0.0,14.783978522889097,0.0
forest_co_management,none,medium_actor,limited_overseer,0,4,14,No oversight,slow_regen,0.0,11.798914196797067,0.0,0.0,13.031605021436125,0.0
forest_co_management,none,medium_actor,strong_overseer,-1,0,14,No oversight,held_out_average,0.0,11.556817548472091,0.13525390625,0.02890625,14.229445665907686,0.0
forest_co_management,none,medium_actor,strong_overseer,-1,0,14,No oversight,noisy_weather,0.0,11.81918217227269,0.039453125,0.000390625,14.800252010751136,0.0
forest_co_management,none,medium_actor,strong_overseer,-1,0,14,No oversight,strong_externality,0.0,12.15117484989327,0.003125,0.0,15.033975646077582,0.0
forest_co_management,none,medium_actor,strong_overseer,-1,0,14,No oversight,low_init,0.0,12.12761370119657,0.004296875,0.0,14.97337720289917,0.0
forest_co_management,none,medium_actor,strong_overseer,-1,0,14,No oversight,slow_regen,0.0,10.129299470525847,0.4941406249999999,0.115234375,12.110177803902856,0.0
forest_co_management,none,medium_actor,strong_overseer,-1,1,14,No oversight,held_out_average,0.0,12.034485741256864,0.0,0.0,14.372514640969314,0.0
forest_co_management,none,medium_actor,strong_overseer,-1,1,14,No oversight,noisy_weather,0.0,12.21533212747401,0.0,0.0,14.906588243584489,0.0
forest_co_management,none,medium_actor,strong_overseer,-1,1,14,No oversight,strong_externality,0.0,12.13355548312991,0.0,0.0,14.841542193371938,0.0
forest_co_management,none,medium_actor,strong_overseer,-1,1,14,No oversight,low_init,0.0,12.156009259149576,0.0,0.0,14.8284124144367,0.0
forest_co_management,none,medium_actor,strong_overseer,-1,1,14,No oversight,slow_regen,0.0,11.633046095273956,0.0,0.0,12.913515712484129,0.0
forest_co_management,none,medium_actor,strong_overseer,-1,2,14,No oversight,held_out_average,0.0,10.642643003122616,0.3021484375,0.02880859375,13.53211065330735,0.0
forest_co_management,none,medium_actor,strong_overseer,-1,2,14,No oversight,noisy_weather,0.0,10.854368536525044,0.2488281249999999,0.00546875,14.121730011022269,0.0
forest_co_management,none,medium_actor,strong_overseer,-1,2,14,No oversight,strong_externality,0.0,11.411193771272202,0.095703125,0.0,14.591080736638473,0.0
forest_co_management,none,medium_actor,strong_overseer,-1,2,14,No oversight,low_init,0.0,11.369346881784692,0.1160156249999999,0.00078125,14.512721698627214,0.0
forest_co_management,none,medium_actor,strong_overseer,-1,2,14,No oversight,slow_regen,0.0,8.935662822908515,0.748046875,0.108984375,10.902910166941451,0.0
forest_co_management,none,medium_actor,strong_overseer,-1,3,14,No oversight,held_out_average,0.0,11.335890677290868,0.16220703125,0.00107421875,14.096308203546888,0.0
forest_co_management,none,medium_actor,strong_overseer,-1,3,14,No oversight,noisy_weather,0.0,11.586756178273284,0.062890625,0.0,14.731009767623302,0.0
forest_co_management,none,medium_actor,strong_overseer,-1,3,14,No oversight,strong_externality,0.0,11.682803834591066,0.04140625,0.0,14.811071597399405,0.0
forest_co_management,none,medium_actor,strong_overseer,-1,3,14,No oversight,low_init,0.0,11.754205264587208,0.03515625,0.0,14.837596432171347,0.0
forest_co_management,none,medium_actor,strong_overseer,-1,3,14,No oversight,slow_regen,0.0,10.31979743171191,0.509375,0.004296875,12.005555016993496,0.0
forest_co_management,none,medium_actor,strong_overseer,-1,4,14,No oversight,held_out_average,0.0,12.092805765289224,0.0,0.0,14.363953403624684,0.0
forest_co_management,none,medium_actor,strong_overseer,-1,4,14,No oversight,noisy_weather,0.0,12.17265446166816,0.0,0.0,14.8564529871634,0.0
forest_co_management,none,medium_actor,strong_overseer,-1,4,14,No oversight,strong_externality,0.0,12.191600103343982,0.0,0.0,14.783777083010117,0.0
forest_co_management,none,medium_actor,strong_overseer,-1,4,14,No oversight,low_init,0.0,12.208054299347694,0.0,0.0,14.783978522889097,0.0
forest_co_management,none,medium_actor,strong_overseer,-1,4,14,No oversight,slow_regen,0.0,11.798914196797067,0.0,0.0,13.031605021436125,0.0
forest_co_management,none,medium_actor,weak_overseer,1,0,14,No oversight,held_out_average,0.0,11.556817548472091,0.13525390625,0.02890625,14.229445665907686,0.0
forest_co_management,none,medium_actor,weak_overseer,1,0,14,No oversight,noisy_weather,0.0,11.81918217227269,0.039453125,0.000390625,14.800252010751136,0.0
forest_co_management,none,medium_actor,weak_overseer,1,0,14,No oversight,strong_externality,0.0,12.15117484989327,0.003125,0.0,15.033975646077582,0.0
forest_co_management,none,medium_actor,weak_overseer,1,0,14,No oversight,low_init,0.0,12.12761370119657,0.004296875,0.0,14.97337720289917,0.0
forest_co_management,none,medium_actor,weak_overseer,1,0,14,No oversight,slow_regen,0.0,10.129299470525847,0.4941406249999999,0.115234375,12.110177803902856,0.0
forest_co_management,none,medium_actor,weak_overseer,1,1,14,No oversight,held_out_average,0.0,12.034485741256864,0.0,0.0,14.372514640969314,0.0
forest_co_management,none,medium_actor,weak_overseer,1,1,14,No oversight,noisy_weather,0.0,12.21533212747401,0.0,0.0,14.906588243584489,0.0
forest_co_management,none,medium_actor,weak_overseer,1,1,14,No oversight,strong_externality,0.0,12.13355548312991,0.0,0.0,14.841542193371938,0.0
forest_co_management,none,medium_actor,weak_overseer,1,1,14,No oversight,low_init,0.0,12.156009259149576,0.0,0.0,14.8284124144367,0.0
forest_co_management,none,medium_actor,weak_overseer,1,1,14,No oversight,slow_regen,0.0,11.633046095273956,0.0,0.0,12.913515712484129,0.0
forest_co_management,none,medium_actor,weak_overseer,1,2,14,No oversight,held_out_average,0.0,10.642643003122616,0.3021484375,0.02880859375,13.53211065330735,0.0
forest_co_management,none,medium_actor,weak_overseer,1,2,14,No oversight,noisy_weather,0.0,10.854368536525044,0.2488281249999999,0.00546875,14.121730011022269,0.0
forest_co_management,none,medium_actor,weak_overseer,1,2,14,No oversight,strong_externality,0.0,11.411193771272202,0.095703125,0.0,14.591080736638473,0.0
forest_co_management,none,medium_actor,weak_overseer,1,2,14,No oversight,low_init,0.0,11.369346881784692,0.1160156249999999,0.00078125,14.512721698627214,0.0
forest_co_management,none,medium_actor,weak_overseer,1,2,14,No oversight,slow_regen,0.0,8.935662822908515,0.748046875,0.108984375,10.902910166941451,0.0
forest_co_management,none,medium_actor,weak_overseer,1,3,14,No oversight,held_out_average,0.0,11.335890677290868,0.16220703125,0.00107421875,14.096308203546888,0.0
forest_co_management,none,medium_actor,weak_overseer,1,3,14,No oversight,noisy_weather,0.0,11.586756178273284,0.062890625,0.0,14.731009767623302,0.0
forest_co_management,none,medium_actor,weak_overseer,1,3,14,No oversight,strong_externality,0.0,11.682803834591066,0.04140625,0.0,14.811071597399405,0.0
forest_co_management,none,medium_actor,weak_overseer,1,3,14,No oversight,low_init,0.0,11.754205264587208,0.03515625,0.0,14.837596432171347,0.0
forest_co_management,none,medium_actor,weak_overseer,1,3,14,No oversight,slow_regen,0.0,10.31979743171191,0.509375,0.004296875,12.005555016993496,0.0
forest_co_management,none,medium_actor,weak_overseer,1,4,14,No oversight,held_out_average,0.0,12.092805765289224,0.0,0.0,14.363953403624684,0.0
forest_co_management,none,medium_actor,weak_overseer,1,4,14,No oversight,noisy_weather,0.0,12.17265446166816,0.0,0.0,14.8564529871634,0.0
forest_co_management,none,medium_actor,weak_overseer,1,4,14,No oversight,strong_externality,0.0,12.191600103343982,0.0,0.0,14.783777083010117,0.0
forest_co_management,none,medium_actor,weak_overseer,1,4,14,No oversight,low_init,0.0,12.208054299347694,0.0,0.0,14.783978522889097,0.0
forest_co_management,none,medium_actor,weak_overseer,1,4,14,No oversight,slow_regen,0.0,11.798914196797067,0.0,0.0,13.031605021436125,0.0
forest_co_management,top_down_only,high_actor,limited_overseer,1,0,14,Global signal,held_out_average,0.0,12.842223222073148,0.22578125,0.1332031249999999,11.48086101922352,3.8653125
forest_co_management,top_down_only,high_actor,limited_overseer,1,0,14,Global signal,noisy_weather,0.0,12.966811574152672,0.217578125,0.11953125,11.881286370185675,3.809375
forest_co_management,top_down_only,high_actor,limited_overseer,1,0,14,Global signal,strong_externality,0.0,12.783257503693168,0.23515625,0.13359375,12.07075102038635,3.78
forest_co_management,top_down_only,high_actor,limited_overseer,1,0,14,Global signal,low_init,0.0,12.981294839599016,0.21015625,0.107421875,12.030042384552738,3.76875
forest_co_management,top_down_only,high_actor,limited_overseer,1,0,14,Global signal,slow_regen,0.0,12.63752897084774,0.240234375,0.1722656249999999,9.941364301769324,4.103125
forest_co_management,top_down_only,high_actor,limited_overseer,1,1,14,Global signal,held_out_average,0.0,13.41664222317422,0.1494140625,0.07548828125,11.061541043874254,4.023125
forest_co_management,top_down_only,high_actor,limited_overseer,1,1,14,Global signal,noisy_weather,0.0,13.590066348676832,0.134375,0.057421875,11.362821867966968,3.971875
forest_co_management,top_down_only,high_actor,limited_overseer,1,1,14,Global signal,strong_externality,0.0,13.472724351340949,0.15,0.0671875,11.505990301554757,3.94875
forest_co_management,top_down_only,high_actor,limited_overseer,1,1,14,Global signal,low_init,0.0,13.49425525851892,0.143359375,0.057421875,11.656285839916908,3.915
forest_co_management,top_down_only,high_actor,limited_overseer,1,1,14,Global signal,slow_regen,0.0,13.10952293416018,0.169921875,0.119921875,9.721066166058382,4.256875000000001
forest_co_management,top_down_only,high_actor,limited_overseer,1,2,14,Global signal,held_out_average,0.0,13.458509682066222,0.11220703125,0.0,11.187804612085646,4.08546875
forest_co_management,top_down_only,high_actor,limited_overseer,1,2,14,Global signal,noisy_weather,0.0,13.541835507966942,0.1085937499999999,0.0,11.682314116811998,4.005000000000001
forest_co_management,top_down_only,high_actor,limited_overseer,1,2,14,Global signal,strong_externality,0.0,13.392479505254746,0.1265625,0.0,12.021010864496375,3.948125
forest_co_management,top_down_only,high_actor,limited_overseer,1,2,14,Global signal,low_init,0.0,13.577157960377187,0.108984375,0.0,12.139513726084868,3.916875
forest_co_management,top_down_only,high_actor,limited_overseer,1,2,14,Global signal,slow_regen,0.0,13.322565754666012,0.1046875,0.0,8.908379740949346,4.471875000000001
forest_co_management,top_down_only,high_actor,limited_overseer,1,3,14,Global signal,held_out_average,0.0,12.77705537950369,0.2208007812499999,0.1220703125,12.198207894626268,3.7934375
forest_co_management,top_down_only,high_actor,limited_overseer,1,3,14,Global signal,noisy_weather,0.0,12.96968905207522,0.207421875,0.108203125,12.276696178185947,3.7875
forest_co_management,top_down_only,high_actor,limited_overseer,1,3,14,Global signal,strong_externality,0.0,12.69924258982192,0.235546875,0.127734375,12.771356116174356,3.711875
forest_co_management,top_down_only,high_actor,limited_overseer,1,3,14,Global signal,low_init,0.0,12.840595009707895,0.21484375,0.103125,12.89195409290977,3.673125
forest_co_management,top_down_only,high_actor,limited_overseer,1,3,14,Global signal,slow_regen,0.0,12.598694866409716,0.225390625,0.14921875,10.852825191234995,4.001250000000001
forest_co_management,top_down_only,high_actor,limited_overseer,1,4,14,Global signal,held_out_average,0.0,12.87694025202634,0.2150390625,0.12138671875,11.924520195611134,3.8515625
forest_co_management,top_down_only,high_actor,limited_overseer,1,4,14,Global signal,noisy_weather,0.0,13.062632678357843,0.19453125,0.094140625,12.280919949236416,3.7875
forest_co_management,top_down_only,high_actor,limited_overseer,1,4,14,Global signal,strong_externality,0.0,12.831458663817106,0.220703125,0.114453125,12.64302609165188,3.733125
forest_co_management,top_down_only,high_actor,limited_overseer,1,4,14,Global signal,low_init,0.0,12.973779378611354,0.20859375,0.1078125,12.351157017701317,3.783125
forest_co_management,top_down_only,high_actor,limited_overseer,1,4,14,Global signal,slow_regen,0.0,12.639890287319066,0.236328125,0.169140625,10.422977723854924,4.1025
forest_co_management,top_down_only,high_actor,strong_overseer,0,0,14,Global signal,held_out_average,0.0,14.122011187397666,0.0,0.0,12.50563394814388,0.0
forest_co_management,top_down_only,high_actor,strong_overseer,0,0,14,Global signal,noisy_weather,0.0,14.23454068194243,0.0,0.0,12.6650774218968,0.0
forest_co_management,top_down_only,high_actor,strong_overseer,0,0,14,Global signal,strong_externality,0.0,14.147764390032007,0.0,0.0,13.006042089535356,0.0
forest_co_management,top_down_only,high_actor,strong_overseer,0,0,14,Global signal,low_init,0.0,14.194200653457369,0.0,0.0,13.016927929070713,0.0
forest_co_management,top_down_only,high_actor,strong_overseer,0,0,14,Global signal,slow_regen,0.0,13.911539024158856,0.0,0.0,11.334488352072658,0.0
forest_co_management,top_down_only,high_actor,strong_overseer,0,1,14,Global signal,held_out_average,0.0,14.126290447026069,0.0,0.0,12.506419868923189,0.0
forest_co_management,top_down_only,high_actor,strong_overseer,0,1,14,Global signal,noisy_weather,0.0,14.232628683141687,0.0,0.0,12.796533863895863,0.0
forest_co_management,top_down_only,high_actor,strong_overseer,0,1,14,Global signal,strong_externality,0.0,14.153998080311384,0.0,0.0,12.979331054516798,0.0
forest_co_management,top_down_only,high_actor,strong_overseer,0,1,14,Global signal,low_init,0.0,14.185842510110325,0.0,0.0,13.013618396515469,0.0
forest_co_management,top_down_only,high_actor,strong_overseer,0,1,14,Global signal,slow_regen,0.0,13.932692514540877,0.0,0.0,11.23619616076462,0.0
forest_co_management,top_down_only,high_actor,strong_overseer,0,2,14,Global signal,held_out_average,0.0,14.12306648859057,0.0,0.0,12.462278572609383,0.0
forest_co_management,top_down_only,high_actor,strong_overseer,0,2,14,Global signal,noisy_weather,0.0,14.24682622779645,0.0,0.0,12.610663833868244,0.0
forest_co_management,top_down_only,high_actor,strong_overseer,0,2,14,Global signal,strong_externality,0.0,14.166643751388603,0.0,0.0,12.9086379565693,0.0
forest_co_management,top_down_only,high_actor,strong_overseer,0,2,14,Global signal,low_init,0.0,14.177527231742523,0.0,0.0,13.029750000000003,0.0
forest_co_management,top_down_only,high_actor,strong_overseer,0,2,14,Global signal,slow_regen,0.0,13.901268743434708,0.0,0.0,11.3000625,0.0
forest_co_management,top_down_only,high_actor,strong_overseer,0,3,14,Global signal,held_out_average,0.0,14.150806290360617,0.0,0.0,12.329460685670412,0.0
forest_co_management,top_down_only,high_actor,strong_overseer,0,3,14,Global signal,noisy_weather,0.0,14.267158892320587,0.0,0.0,12.349911652802202,0.0
forest_co_management,top_down_only,high_actor,strong_overseer,0,3,14,Global signal,strong_externality,0.0,14.188898508867936,0.0,0.0,12.889647223591592,0.0
forest_co_management,top_down_only,high_actor,strong_overseer,0,3,14,Global signal,low_init,0.0,14.19473357383209,0.0,0.0,12.935298990200716,0.0
forest_co_management,top_down_only,high_actor,strong_overseer,0,3,14,Global signal,slow_regen,0.0,13.95243418642185,0.0,0.0,11.142984876087134,0.0
forest_co_management,top_down_only,high_actor,strong_overseer,0,4,14,Global signal,held_out_average,0.0,14.123016543485322,0.0,0.0,12.534833800259412,0.0
forest_co_management,top_down_only,high_actor,strong_overseer,0,4,14,Global signal,noisy_weather,0.0,14.25462150920244,0.0,0.0,12.826716495656449,0.0
forest_co_management,top_down_only,high_actor,strong_overseer,0,4,14,Global signal,strong_externality,0.0,14.162228439903796,0.0,0.0,12.946013557620168,0.0
forest_co_management,top_down_only,high_actor,strong_overseer,0,4,14,Global signal,low_init,0.0,14.1710854589593,0.0,0.0,13.03194889776103,0.0
forest_co_management,top_down_only,high_actor,strong_overseer,0,4,14,Global signal,slow_regen,0.0,13.90413076587576,0.0,0.0,11.334656250000002,0.0
forest_co_management,top_down_only,high_actor,weak_overseer,2,0,14,Global signal,held_out_average,0.0,12.817586925400189,0.18837890625,0.11689453125,12.813711457443208,2.6178125
forest_co_management,top_down_only,high_actor,weak_overseer,2,0,14,Global signal,noisy_weather,0.0,12.804663729264218,0.19765625,0.11328125,13.175275486724091,2.5375
forest_co_management,top_down_only,high_actor,weak_overseer,2,0,14,Global signal,strong_externality,0.0,12.724668582117037,0.205859375,0.12421875,13.148457501488869,2.53125
forest_co_management,top_down_only,high_actor,weak_overseer,2,0,14,Global signal,low_init,0.0,12.747602737895912,0.2054687499999999,0.1253906249999999,13.075914605002536,2.5425
forest_co_management,top_down_only,high_actor,weak_overseer,2,0,14,Global signal,slow_regen,0.0,12.993412652323585,0.14453125,0.1046875,11.855198236557326,2.86
forest_co_management,top_down_only,high_actor,weak_overseer,2,1,14,Global signal,held_out_average,0.0,13.034453874976773,0.16943359375,0.06279296875,13.273499516116528,2.566875
forest_co_management,top_down_only,high_actor,weak_overseer,2,1,14,Global signal,noisy_weather,0.0,13.086412073782538,0.158984375,0.0480468749999999,13.665603964456936,2.4925
forest_co_management,top_down_only,high_actor,weak_overseer,2,1,14,Global signal,strong_externality,0.0,12.991059447681168,0.175,0.059375,13.646466099243304,2.49
forest_co_management,top_down_only,high_actor,weak_overseer,2,1,14,Global signal,low_init,0.0,13.019876649821658,0.1765625,0.055859375,13.633236592746336,2.4887500000000005
forest_co_management,top_down_only,high_actor,weak_overseer,2,1,14,Global signal,slow_regen,0.0,13.040467328621729,0.1671875,0.087890625,12.148691408019536,2.79625
forest_co_management,top_down_only,high_actor,weak_overseer,2,2,14,Global signal,held_out_average,0.0078125,13.300246271484523,0.1292071368243243,0.0697846283783783,11.33220060966308,2.6971875
forest_co_management,top_down_only,high_actor,weak_overseer,2,2,14,Global signal,noisy_weather,0.0,13.65682734176344,0.0988281249999999,0.040625,11.704563047748318,2.6625
forest_co_management,top_down_only,high_actor,weak_overseer,2,2,14,Global signal,strong_externality,0.0,13.517808830838447,0.115234375,0.05,11.967254171664012,2.62375
forest_co_management,top_down_only,high_actor,weak_overseer,2,2,14,Global signal,low_init,0.0,13.541004914032808,0.12578125,0.055859375,11.731643112612549,2.655
forest_co_management,top_down_only,high_actor,weak_overseer,2,2,14,Global signal,slow_regen,0.03125,12.48534399930339,0.1769847972972973,0.1326541385135135,9.925342106627442,2.8475
forest_co_management,top_down_only,high_actor,weak_overseer,2,3,14,Global signal,held_out_average,0.0,12.747308195492938,0.234375,0.121484375,12.108653746575168,2.6515624999999994
forest_co_management,top_down_only,high_actor,weak_overseer,2,3,14,Global signal,noisy_weather,0.0,12.797403335022722,0.2359375,0.107421875,12.610126376796511,2.5787500000000003
forest_co_management,top_down_only,high_actor,weak_overseer,2,3,14,Global signal,strong_externality,0.0,12.7368004952354,0.2457031249999999,0.11953125,12.46152271563174,2.59
forest_co_management,top_down_only,high_actor,weak_overseer,2,3,14,Global signal,low_init,0.0,12.998394966070896,0.211328125,0.084765625,12.339663187853857,2.58625
forest_co_management,top_down_only,high_actor,weak_overseer,2,3,14,Global signal,slow_regen,0.0,12.456633985642735,0.24453125,0.1742187499999999,11.02330270601857,2.85125
forest_co_management,top_down_only,high_actor,weak_overseer,2,4,14,Global signal,held_out_average,0.0,13.058180552680836,0.1833984375,0.05263671875,13.136111536825254,2.5475000000000003
forest_co_management,top_down_only,high_actor,weak_overseer,2,4,14,Global signal,noisy_weather,0.0,13.098254978981624,0.191796875,0.046875,13.547501969470522,2.47375
forest_co_management,top_down_only,high_actor,weak_overseer,2,4,14,Global signal,strong_externality,0.0,13.05794410590127,0.1882812499999999,0.04296875,13.472073355900523,2.47875
forest_co_management,top_down_only,high_actor,weak_overseer,2,4,14,Global signal,low_init,0.0,13.119649168268792,0.1875,0.03984375,13.52435014934964,2.4662500000000005
forest_co_management,top_down_only,high_actor,weak_overseer,2,4,14,Global signal,slow_regen,0.0,12.956873957571664,0.166015625,0.080859375,12.000520672580327,2.77125
forest_co_management,top_down_only,low_actor,limited_overseer,-1,0,14,Global signal,held_out_average,0.0,13.022745859616652,0.1884765625,0.09775390625,11.795929888974452,3.8515625
forest_co_management,top_down_only,low_actor,limited_overseer,-1,0,14,Global signal,noisy_weather,0.0,13.147638425524594,0.1839843749999999,0.0910156249999999,11.949330533913248,3.839375
forest_co_management,top_down_only,low_actor,limited_overseer,-1,0,14,Global signal,strong_externality,0.0,12.930418460062471,0.201953125,0.0984375,12.49372422184308,3.74875
forest_co_management,top_down_only,low_actor,limited_overseer,-1,0,14,Global signal,low_init,0.0,13.10163310454288,0.179296875,0.0796875,12.562835402311288,3.715625
forest_co_management,top_down_only,low_actor,limited_overseer,-1,0,14,Global signal,slow_regen,0.0,12.911293448336664,0.188671875,0.121875,10.177829397830187,4.1025
forest_co_management,top_down_only,low_actor,limited_overseer,-1,1,14,Global signal,held_out_average,0.0,13.873638502417442,0.0814453125,0.02451171875,10.915503428339974,3.99796875
forest_co_management,top_down_only,low_actor,limited_overseer,-1,1,14,Global signal,noisy_weather,0.0,14.056413850996176,0.058984375,0.008984375,11.32372361689869,3.9175
forest_co_management,top_down_only,low_actor,limited_overseer,-1,1,14,Global signal,strong_externality,0.0,13.940092237589614,0.0765625,0.008203125,11.561216909175004,3.88375
forest_co_management,top_down_only,low_actor,limited_overseer,-1,1,14,Global signal,low_init,0.0,14.04123664580042,0.06796875,0.01328125,10.97564266004769,3.97125
forest_co_management,top_down_only,low_actor,limited_overseer,-1,1,14,Global signal,slow_regen,0.0,13.456811275283563,0.1222656249999999,0.067578125,9.801430527238516,4.219375
forest_co_management,top_down_only,low_actor,limited_overseer,-1,2,14,Global signal,held_out_average,0.0,13.575748734084977,0.09716796875,0.02470703125,12.096365091888009,3.73140625
forest_co_management,top_down_only,low_actor,limited_overseer,-1,2,14,Global signal,noisy_weather,0.0,13.731137243005223,0.0773437499999999,0.012109375,12.451171465423773,3.661875
forest_co_management,top_down_only,low_actor,limited_overseer,-1,2,14,Global signal,strong_externality,0.0,13.63448885355708,0.08984375,0.014453125,12.808879521109702,3.599375
forest_co_management,top_down_only,low_actor,limited_overseer,-1,2,14,Global signal,low_init,0.0,13.75137584603293,0.0812499999999999,0.006640625,12.497866164341309,3.646875000000001
forest_co_management,top_down_only,low_actor,limited_overseer,-1,2,14,Global signal,slow_regen,0.0,13.185992993744666,0.140234375,0.065625,10.627543216677257,4.0175
forest_co_management,top_down_only,low_actor,limited_overseer,-1,3,14,Global signal,held_out_average,0.0,13.694306316575448,0.1197265625,0.03671875,11.04342352991708,3.86609375
forest_co_management,top_down_only,low_actor,limited_overseer,-1,3,14,Global signal,noisy_weather,0.0,13.859838799590062,0.10078125,0.015625,11.533909277439257,3.773125
forest_co_management,top_down_only,low_actor,limited_overseer,-1,3,14,Global signal,strong_externality,0.0,13.786657318873472,0.11484375,0.019140625,11.543554443462693,3.77625
forest_co_management,top_down_only,low_actor,limited_overseer,-1,3,14,Global signal,low_init,0.0,13.691904872751897,0.120703125,0.02734375,11.755287729917317,3.740625
forest_co_management,top_down_only,low_actor,limited_overseer,-1,3,14,Global signal,slow_regen,0.0,13.438824275086358,0.142578125,0.084765625,9.340942668849054,4.174375
forest_co_management,top_down_only,low_actor,limited_overseer,-1,4,14,Global signal,held_out_average,0.0,13.441822821883951,0.1310546875,0.03349609375,12.072448013497702,3.76953125
forest_co_management,top_down_only,low_actor,limited_overseer,-1,4,14,Global signal,noisy_weather,0.0,13.588973880436846,0.112109375,0.01171875,12.545089382509168,3.683125
forest_co_management,top_down_only,low_actor,limited_overseer,-1,4,14,Global signal,strong_externality,0.0,13.46209728138632,0.130859375,0.023046875,12.62153564449401,3.6775
forest_co_management,top_down_only,low_actor,limited_overseer,-1,4,14,Global signal,low_init,0.0,13.532782660091142,0.129296875,0.021484375,12.556504653419292,3.679375
forest_co_management,top_down_only,low_actor,limited_overseer,-1,4,14,Global signal,slow_regen,0.0,13.183437465621498,0.151953125,0.077734375,10.566662373568334,4.038125
forest_co_management,top_down_only,low_actor,strong_overseer,-2,0,14,Global signal,held_out_average,0.0,14.118642783586662,0.0,0.0,12.55373433117505,0.0
forest_co_management,top_down_only,low_actor,strong_overseer,-2,0,14,Global signal,noisy_weather,0.0,14.219493430888232,0.0,0.0,12.857325969373674,0.0
forest_co_management,top_down_only,low_actor,strong_overseer,-2,0,14,Global signal,strong_externality,0.0,14.148415534906484,0.0,0.0,13.00538673688435,0.0
forest_co_management,top_down_only,low_actor,strong_overseer,-2,0,14,Global signal,low_init,0.0,14.19602834993234,0.0,0.0,13.017568368442175,0.0
forest_co_management,top_down_only,low_actor,strong_overseer,-2,0,14,Global signal,slow_regen,0.0,13.910633818619589,0.0,0.0,11.334656250000002,0.0
forest_co_management,top_down_only,low_actor,strong_overseer,-2,1,14,Global signal,held_out_average,0.0,14.12458531348496,0.0,0.0,12.535251727804656,0.0
forest_co_management,top_down_only,low_actor,strong_overseer,-2,1,14,Global signal,noisy_weather,0.0,14.23194547519442,0.0,0.0,12.79825963489851,0.0
forest_co_management,top_down_only,low_actor,strong_overseer,-2,1,14,Global signal,strong_externality,0.0,14.153662803601884,0.0,0.0,12.995888608444858,0.0
forest_co_management,top_down_only,low_actor,strong_overseer,-2,1,14,Global signal,low_init,0.0,14.18007581062724,0.0,0.0,13.05405141990321,0.0
forest_co_management,top_down_only,low_actor,strong_overseer,-2,1,14,Global signal,slow_regen,0.0,13.932657164516296,0.0,0.0,11.292807247972052,0.0
forest_co_management,top_down_only,low_actor,strong_overseer,-2,2,14,Global signal,held_out_average,0.0,14.123120684957016,0.0,0.0,12.462141317612788,0.0
forest_co_management,top_down_only,low_actor,strong_overseer,-2,2,14,Global signal,noisy_weather,0.0,14.247043013262225,0.0,0.0,12.610114813881856,0.0
forest_co_management,top_down_only,low_actor,strong_overseer,-2,2,14,Global signal,strong_externality,0.0,14.166643751388603,0.0,0.0,12.9086379565693,0.0
forest_co_management,top_down_only,low_actor,strong_overseer,-2,2,14,Global signal,low_init,0.0,14.177527231742523,0.0,0.0,13.029750000000003,0.0
forest_co_management,top_down_only,low_actor,strong_overseer,-2,2,14,Global signal,slow_regen,0.0,13.901268743434708,0.0,0.0,11.3000625,0.0
forest_co_management,top_down_only,low_actor,strong_overseer,-2,3,14,Global signal,held_out_average,0.0,14.158009395433025,0.0,0.0,12.342015332143186,0.0
forest_co_management,top_down_only,low_actor,strong_overseer,-2,3,14,Global signal,noisy_weather,0.0,14.249645808790032,0.0,0.0,12.440506828649262,0.0
forest_co_management,top_down_only,low_actor,strong_overseer,-2,3,14,Global signal,strong_externality,0.0,14.216403808073649,0.0,0.0,12.907645954742453,0.0
forest_co_management,top_down_only,low_actor,strong_overseer,-2,3,14,Global signal,low_init,0.0,14.197142541094502,0.0,0.0,12.946899529129473,0.0
forest_co_management,top_down_only,low_actor,strong_overseer,-2,3,14,Global signal,slow_regen,0.0,13.968845423773914,0.0,0.0,11.073009016051552,0.0
forest_co_management,top_down_only,low_actor,strong_overseer,-2,4,14,Global signal,held_out_average,0.0,14.12615321121528,0.0,0.0,12.504927674144527,0.0
forest_co_management,top_down_only,low_actor,strong_overseer,-2,4,14,Global signal,noisy_weather,0.0,14.259137941344186,0.0,0.0,12.771910578927251,0.0
forest_co_management,top_down_only,low_actor,strong_overseer,-2,4,14,Global signal,strong_externality,0.0,14.163491377570848,0.0,0.0,12.934730480855858,0.0
forest_co_management,top_down_only,low_actor,strong_overseer,-2,4,14,Global signal,low_init,0.0,14.177852760070326,0.0,0.0,12.978413386795,0.0
forest_co_management,top_down_only,low_actor,strong_overseer,-2,4,14,Global signal,slow_regen,0.0,13.90413076587576,0.0,0.0,11.334656250000002,0.0
forest_co_management,top_down_only,low_actor,weak_overseer,0,0,14,Global signal,held_out_average,0.0,13.693753409731976,0.11953125,0.04072265625,10.702559460172957,2.6940625
forest_co_management,top_down_only,low_actor,weak_overseer,0,0,14,Global signal,noisy_weather,0.0,13.745428104158616,0.116796875,0.0347656249999999,11.143648480492478,2.635
forest_co_management,top_down_only,low_actor,weak_overseer,0,0,14,Global signal,strong_externality,0.0,13.715391467883244,0.12265625,0.03125,11.346611830752272,2.595
forest_co_management,top_down_only,low_actor,weak_overseer,0,0,14,Global signal,low_init,0.0,13.676764899906686,0.125390625,0.034375,11.377969430265347,2.59875
forest_co_management,top_down_only,low_actor,weak_overseer,0,0,14,Global signal,slow_regen,0.0,13.637429166979356,0.11328125,0.0625,8.942008099181727,2.9475
forest_co_management,top_down_only,low_actor,weak_overseer,0,1,14,Global signal,held_out_average,0.0,13.13194559601277,0.1603515625,0.09501953125,11.670196168261628,2.7103125
forest_co_management,top_down_only,low_actor,weak_overseer,0,1,14,Global signal,noisy_weather,0.0,13.22401602546608,0.15078125,0.0796875,12.176680931155412,2.6250000000000004
forest_co_management,top_down_only,low_actor,weak_overseer,0,1,14,Global signal,strong_externality,0.0,13.12343485555835,0.16953125,0.09296875,12.585334784287037,2.5725
forest_co_management,top_down_only,low_actor,weak_overseer,0,1,14,Global signal,low_init,0.0,13.439542602714734,0.1371093749999999,0.075,11.453243047458592,2.725
forest_co_management,top_down_only,low_actor,weak_overseer,0,1,14,Global signal,slow_regen,0.0,12.740788900311909,0.183984375,0.132421875,10.465525910145471,2.91875
forest_co_management,top_down_only,low_actor,weak_overseer,0,2,14,Global signal,held_out_average,0.0,13.19596992086801,0.182421875,0.0791015625,11.73012080767008,2.556875
forest_co_management,top_down_only,low_actor,weak_overseer,0,2,14,Global signal,noisy_weather,0.0,13.391062998376672,0.164453125,0.06328125,12.084016309952483,2.515
forest_co_management,top_down_only,low_actor,weak_overseer,0,2,14,Global signal,strong_externality,0.0,13.10950759664717,0.2046875,0.0765625,12.77916144749464,2.41625
forest_co_management,top_down_only,low_actor,weak_overseer,0,2,14,Global signal,low_init,0.0,13.348450194904444,0.173046875,0.0484375,12.753280695271922,2.405
forest_co_management,top_down_only,low_actor,weak_overseer,0,2,14,Global signal,slow_regen,0.0,12.934858893543751,0.1875,0.128125,9.304024777961278,2.8912500000000003
forest_co_management,top_down_only,low_actor,weak_overseer,0,3,14,Global signal,held_out_average,0.0,12.422354996459518,0.2649414062499999,0.16767578125,12.83524543324407,2.7193750000000003
forest_co_management,top_down_only,low_actor,weak_overseer,0,3,14,Global signal,noisy_weather,0.0,12.49404308999727,0.261328125,0.1515625,13.151779015419155,2.66
forest_co_management,top_down_only,low_actor,weak_overseer,0,3,14,Global signal,strong_externality,0.0,12.372482200261633,0.276953125,0.163671875,13.169568033966767,2.64875
forest_co_management,top_down_only,low_actor,weak_overseer,0,3,14,Global signal,low_init,0.0,12.243549785699994,0.294140625,0.17734375,13.27388706714192,2.62625
forest_co_management,top_down_only,low_actor,weak_overseer,0,3,14,Global signal,slow_regen,0.0,12.579344909879184,0.22734375,0.178125,11.745747616448432,2.9425
forest_co_management,top_down_only,low_actor,weak_overseer,0,4,14,Global signal,held_out_average,0.0,13.811491066789683,0.0869140625,0.0283203125,11.565044692671174,2.5359375
forest_co_management,top_down_only,low_actor,weak_overseer,0,4,14,Global signal,noisy_weather,0.0,13.9148321820716,0.071875,0.0140625,12.517035009975874,2.3912500000000003
forest_co_management,top_down_only,low_actor,weak_overseer,0,4,14,Global signal,strong_externality,0.0,13.849202639145616,0.081640625,0.01328125,12.640039859984348,2.37375
forest_co_management,top_down_only,low_actor,weak_overseer,0,4,14,Global signal,low_init,0.0,14.078773409858224,0.08046875,0.0203125,11.199675833850808,2.5825
forest_co_management,top_down_only,low_actor,weak_overseer,0,4,14,Global signal,slow_regen,0.0,13.4031560360833,0.113671875,0.065625,9.903428066873667,2.79625
forest_co_management,top_down_only,medium_actor,limited_overseer,0,0,14,Global signal,held_out_average,0.0,13.173837158331173,0.1732421875,0.0732421875,11.947034605030394,3.788125
forest_co_management,top_down_only,medium_actor,limited_overseer,0,0,14,Global signal,noisy_weather,0.0,13.385564070022465,0.155859375,0.054296875,12.100042986797176,3.76375
forest_co_management,top_down_only,medium_actor,limited_overseer,0,0,14,Global signal,strong_externality,0.0,13.193690874502565,0.171484375,0.0621093749999999,12.474463179009444,3.705
forest_co_management,top_down_only,medium_actor,limited_overseer,0,0,14,Global signal,low_init,0.0,13.25702822864896,0.166796875,0.055078125,12.607402025516528,3.67
forest_co_management,top_down_only,medium_actor,limited_overseer,0,0,14,Global signal,slow_regen,0.0,12.859065460150706,0.198828125,0.121484375,10.606230228798433,4.01375
forest_co_management,top_down_only,medium_actor,limited_overseer,0,1,14,Global signal,held_out_average,0.0,13.638448454266303,0.1126953124999999,0.04931640625,10.806442226375047,4.116406250000001
forest_co_management,top_down_only,medium_actor,limited_overseer,0,1,14,Global signal,noisy_weather,0.0,13.802181258928044,0.09921875,0.028515625,11.277235531857322,4.035625
forest_co_management,top_down_only,medium_actor,limited_overseer,0,1,14,Global signal,strong_externality,0.0,13.687985620091576,0.115625,0.042578125,11.357638407642964,4.0225
forest_co_management,top_down_only,medium_actor,limited_overseer,0,1,14,Global signal,low_init,0.0,13.767111690082505,0.109375,0.03984375,11.125774472477657,4.0525
forest_co_management,top_down_only,medium_actor,limited_overseer,0,1,14,Global signal,slow_regen,0.0,13.29651524796309,0.1265625,0.086328125,9.465120493522251,4.355
forest_co_management,top_down_only,medium_actor,limited_overseer,0,2,14,Global signal,held_out_average,0.0,13.327979965298791,0.17021484375,0.10537109375,10.380986667937483,4.102343750000001
forest_co_management,top_down_only,medium_actor,limited_overseer,0,2,14,Global signal,noisy_weather,0.0,13.325204832145094,0.167578125,0.09140625,11.166730272185436,3.979375
forest_co_management,top_down_only,medium_actor,limited_overseer,0,2,14,Global signal,strong_externality,0.0,13.302101478972446,0.182421875,0.109375,10.859033725378431,4.031874999999999
forest_co_management,top_down_only,medium_actor,limited_overseer,0,2,14,Global signal,low_init,0.0,13.729789052602074,0.1421875,0.082421875,9.98084329151438,4.1525
forest_co_management,top_down_only,medium_actor,limited_overseer,0,2,14,Global signal,slow_regen,0.0,12.95482449747556,0.188671875,0.13828125,9.517339382671691,4.245625
forest_co_management,top_down_only,medium_actor,limited_overseer,0,3,14,Global signal,held_out_average,0.0,13.68039730151213,0.1330078125,0.0650390625,10.203485886151697,4.06734375
forest_co_management,top_down_only,medium_actor,limited_overseer,0,3,14,Global signal,noisy_weather,0.0,13.841680743981096,0.112109375,0.03671875,10.701328703216438,3.97125
forest_co_management,top_down_only,medium_actor,limited_overseer,0,3,14,Global signal,strong_externality,0.0,13.804333503396528,0.123046875,0.0453125,10.710140464921835,3.98125
forest_co_management,top_down_only,medium_actor,limited_overseer,0,3,14,Global signal,low_init,0.0,13.831446927188422,0.1265625,0.059375,10.093634601905269,4.0825
forest_co_management,top_down_only,medium_actor,limited_overseer,0,3,14,Global signal,slow_regen,0.0,13.244128031482475,0.1703125,0.11875,9.308839774563245,4.234375000000001
forest_co_management,top_down_only,medium_actor,limited_overseer,0,4,14,Global signal,held_out_average,0.0,13.706965224014024,0.12978515625,0.06845703125,9.943462940243183,4.1475
forest_co_management,top_down_only,medium_actor,limited_overseer,0,4,14,Global signal,noisy_weather,0.0,13.82441104407518,0.116796875,0.047265625,10.490612498135922,4.053750000000001
forest_co_management,top_down_only,medium_actor,limited_overseer,0,4,14,Global signal,strong_externality,0.0,13.79909170321571,0.129296875,0.0601562499999999,10.360768443654791,4.07625
forest_co_management,top_down_only,medium_actor,limited_overseer,0,4,14,Global signal,low_init,0.0,13.838853064063658,0.12734375,0.063671875,10.050573807188492,4.125625
forest_co_management,top_down_only,medium_actor,limited_overseer,0,4,14,Global signal,slow_regen,0.0,13.365505084701542,0.145703125,0.1027343749999999,8.871897011993525,4.334375
forest_co_management,top_down_only,medium_actor,strong_overseer,-1,0,14,Global signal,held_out_average,0.0,14.122633731006882,0.0,0.0,12.493692175911937,0.0
forest_co_management,top_down_only,medium_actor,strong_overseer,-1,0,14,Global signal,noisy_weather,0.0,14.236559186872828,0.0,0.0,12.640798257715064,0.0
forest_co_management,top_down_only,medium_actor,strong_overseer,-1,0,14,Global signal,strong_externality,0.0,14.147903256074716,0.0,0.0,12.992626695932664,0.0
forest_co_management,top_down_only,medium_actor,strong_overseer,-1,0,14,Global signal,low_init,0.0,14.195438662460388,0.0,0.0,13.006687500000004,0.0
forest_co_management,top_down_only,medium_actor,strong_overseer,-1,0,14,Global signal,slow_regen,0.0,13.910633818619589,0.0,0.0,11.334656250000002,0.0
forest_co_management,top_down_only,medium_actor,strong_overseer,-1,1,14,Global signal,held_out_average,0.0,14.19627136153177,0.0,0.0,12.40832931396396,0.0
forest_co_management,top_down_only,medium_actor,strong_overseer,-1,1,14,Global signal,noisy_weather,0.0,14.307885542220802,0.0,0.0,12.50677213867308,0.0
forest_co_management,top_down_only,medium_actor,strong_overseer,-1,1,14,Global signal,strong_externality,0.0,14.23308580203886,0.0,0.0,12.93011656527488,0.0
forest_co_management,top_down_only,medium_actor,strong_overseer,-1,1,14,Global signal,low_init,0.0,14.251018431539348,0.0,0.0,12.943447598381905,0.0
forest_co_management,top_down_only,medium_actor,strong_overseer,-1,1,14,Global signal,slow_regen,0.0,13.993095670328067,0.0,0.0,11.252980953525984,0.0
forest_co_management,top_down_only,medium_actor,strong_overseer,-1,2,14,Global signal,held_out_average,0.0,14.123117108501765,0.0,0.0,12.46213412542659,0.0
forest_co_management,top_down_only,medium_actor,strong_overseer,-1,2,14,Global signal,noisy_weather,0.0,14.247028707441215,0.0,0.0,12.610086045137065,0.0
forest_co_management,top_down_only,medium_actor,strong_overseer,-1,2,14,Global signal,strong_externality,0.0,14.166643751388603,0.0,0.0,12.9086379565693,0.0
forest_co_management,top_down_only,medium_actor,strong_overseer,-1,2,14,Global signal,low_init,0.0,14.177527231742523,0.0,0.0,13.029750000000003,0.0
forest_co_management,top_down_only,medium_actor,strong_overseer,-1,2,14,Global signal,slow_regen,0.0,13.901268743434708,0.0,0.0,11.3000625,0.0
forest_co_management,top_down_only,medium_actor,strong_overseer,-1,3,14,Global signal,held_out_average,0.0,14.19578808254537,0.0,0.0,12.32850285356831,0.0
forest_co_management,top_down_only,medium_actor,strong_overseer,-1,3,14,Global signal,noisy_weather,0.0,14.300723392459542,0.0,0.0,12.493020070704608,0.0
forest_co_management,top_down_only,medium_actor,strong_overseer,-1,3,14,Global signal,strong_externality,0.0,14.216915768147375,0.0,0.0,12.793743535289424,0.0
forest_co_management,top_down_only,medium_actor,strong_overseer,-1,3,14,Global signal,low_init,0.0,14.25333124072157,0.0,0.0,12.89745014979932,0.0
forest_co_management,top_down_only,medium_actor,strong_overseer,-1,3,14,Global signal,slow_regen,0.0,14.012181928852986,0.0,0.0,11.129797658479896,0.0
forest_co_management,top_down_only,medium_actor,strong_overseer,-1,4,14,Global signal,held_out_average,0.0,14.122709208766231,0.0,0.0,12.575522112013914,0.0
forest_co_management,top_down_only,medium_actor,strong_overseer,-1,4,14,Global signal,noisy_weather,0.0,14.24735522735083,0.0,0.0,12.936839900178605,0.0
forest_co_management,top_down_only,medium_actor,strong_overseer,-1,4,14,Global signal,strong_externality,0.0,14.164949259275511,0.0,0.0,12.945627463115454,0.0
forest_co_management,top_down_only,medium_actor,strong_overseer,-1,4,14,Global signal,low_init,0.0,14.174053918956098,0.0,0.0,13.085746754599992,0.0
forest_co_management,top_down_only,medium_actor,strong_overseer,-1,4,14,Global signal,slow_regen,0.0,13.904478429482488,0.0,0.0,11.3338743301616,0.0
forest_co_management,top_down_only,medium_actor,weak_overseer,1,0,14,Global signal,held_out_average,0.0,13.272941830333805,0.17080078125,0.0845703125,10.896786055245718,2.7453125
forest_co_management,top_down_only,medium_actor,weak_overseer,1,0,14,Global signal,noisy_weather,0.0,13.542475346284572,0.160546875,0.073828125,11.16309284933172,2.72125
forest_co_management,top_down_only,medium_actor,weak_overseer,1,0,14,Global signal,strong_externality,0.0,13.431465784979146,0.179296875,0.07890625,11.328017754113205,2.6925
forest_co_management,top_down_only,medium_actor,weak_overseer,1,0,14,Global signal,low_init,0.0,13.282674063362265,0.189453125,0.0714843749999999,12.180491803774023,2.55875
forest_co_management,top_down_only,medium_actor,weak_overseer,1,0,14,Global signal,slow_regen,0.0,12.835152126709236,0.15390625,0.1140625,8.915541813763921,3.00875
forest_co_management,top_down_only,medium_actor,weak_overseer,1,1,14,Global signal,held_out_average,0.0,12.535575370522288,0.3037109375,0.164453125,11.96186328688147,2.4953125000000003
forest_co_management,top_down_only,medium_actor,weak_overseer,1,1,14,Global signal,noisy_weather,0.0,12.77175174339899,0.278125,0.141796875,12.2558247776665,2.4612500000000006
forest_co_management,top_down_only,medium_actor,weak_overseer,1,1,14,Global signal,strong_externality,0.0,12.69748193998762,0.298046875,0.144140625,12.39773128744094,2.4387500000000006
forest_co_management,top_down_only,medium_actor,weak_overseer,1,1,14,Global signal,low_init,0.0,12.623885789904277,0.30546875,0.154296875,12.433017854056242,2.4312500000000004
forest_co_management,top_down_only,medium_actor,weak_overseer,1,1,14,Global signal,slow_regen,0.0,12.049182008798264,0.333203125,0.217578125,10.760879228362198,2.6500000000000004
forest_co_management,top_down_only,medium_actor,weak_overseer,1,2,14,Global signal,held_out_average,0.0234375,13.448115415820716,0.1313534007352941,0.0721986060049019,10.723435187515491,2.7146875
forest_co_management,top_down_only,medium_actor,weak_overseer,1,2,14,Global signal,noisy_weather,0.0,13.805695029094151,0.102734375,0.038671875,11.432020135482537,2.6775
forest_co_management,top_down_only,medium_actor,weak_overseer,1,2,14,Global signal,strong_externality,0.0,13.5531767013278,0.130078125,0.053515625,12.14375005602885,2.5725
forest_co_management,top_down_only,medium_actor,weak_overseer,1,2,14,Global signal,low_init,0.0,13.97356902676395,0.090234375,0.039453125,10.210801518952495,2.82625
forest_co_management,top_down_only,medium_actor,weak_overseer,1,2,14,Global signal,slow_regen,0.09375,12.46002090609696,0.2023667279411765,0.1571537990196078,9.107169039598078,2.7825
forest_co_management,top_down_only,medium_actor,weak_overseer,1,3,14,Global signal,held_out_average,0.0,12.67691208292844,0.23251953125,0.1009765625,12.835568481057368,2.5578125
forest_co_management,top_down_only,medium_actor,weak_overseer,1,3,14,Global signal,noisy_weather,0.0,12.739102072304489,0.228515625,0.084765625,13.14036381930826,2.50625
forest_co_management,top_down_only,medium_actor,weak_overseer,1,3,14,Global signal,strong_externality,0.0,12.694015013089611,0.241796875,0.0921875,13.289543077476225,2.47875
forest_co_management,top_down_only,medium_actor,weak_overseer,1,3,14,Global signal,low_init,0.0,12.754490519401328,0.2289062499999999,0.08203125,13.12371520081349,2.4925
forest_co_management,top_down_only,medium_actor,weak_overseer,1,3,14,Global signal,slow_regen,0.0,12.520040726918328,0.2308593749999999,0.1449218749999999,11.788651826631504,2.75375
forest_co_management,top_down_only,medium_actor,weak_overseer,1,4,14,Global signal,held_out_average,0.0078125,13.277061672337211,0.1410156249999999,0.06669921875,11.95714102795949,2.66375
forest_co_management,top_down_only,medium_actor,weak_overseer,1,4,14,Global signal,noisy_weather,0.0,13.572600975651918,0.119921875,0.04765625,12.05575047049541,2.6625
forest_co_management,top_down_only,medium_actor,weak_overseer,1,4,14,Global signal,strong_externality,0.0,13.405640116352773,0.137890625,0.054296875,12.546762024224575,2.59
forest_co_management,top_down_only,medium_actor,weak_overseer,1,4,14,Global signal,low_init,0.0,13.446444128212086,0.1234375,0.04296875,12.729298604371586,2.5525
forest_co_management,top_down_only,medium_actor,weak_overseer,1,4,14,Global signal,slow_regen,0.03125,12.683561469132073,0.1828125,0.121875,10.496753012746398,2.85
