scenario_preset,bank_model_label,condition,governance_friction_regime,exploitative_share,population_id,mean_patch_health,mean_neighborhood_overharvest,mean_welfare,garden_failure_rate,mean_governance_budget_spent,mean_missed_target_rate,mean_targeted_share,mean_exploitative_action_share
community_irrigation,ollama__llama3_2_3b,none,ideal,0.0,0,14.911669951346902,2.0235000000000007,16.341375,0.0,0.0,0.0,0.0,0.0
community_irrigation,ollama__llama3_2_3b,none,ideal,0.0,1,14.675675132260942,2.1854531250000004,16.60875,0.0,0.0,0.0,0.0,0.0
community_irrigation,ollama__llama3_2_3b,none,ideal,0.0,2,15.402542529056486,1.9430625000000001,16.261125,0.0,0.0,0.0,0.0,0.0
community_irrigation,ollama__llama3_2_3b,none,ideal,0.0,3,15.54597496752376,1.8614062500000002,16.0974375,0.0,0.0,0.0,0.0,0.0
community_irrigation,ollama__llama3_2_3b,none,ideal,0.0,4,14.67698251839687,2.3103750000000005,16.93396875,0.0,0.0,0.0,0.0,0.0
community_irrigation,ollama__llama3_2_3b,none,ideal,0.0,5,15.424451199312164,1.8354375000000003,16.040625,0.0,0.0,0.0,0.0,0.0
community_irrigation,ollama__llama3_2_3b,none,ideal,0.0,6,14.602753786480443,2.2809375000000003,17.161875,0.0,0.0,0.0,0.0,0.0
community_irrigation,ollama__llama3_2_3b,none,ideal,0.0,7,13.816490053036775,2.4228750000000003,17.42765625,0.0,0.0,0.0,0.0,0.0
community_irrigation,ollama__llama3_2_3b,none,ideal,0.0,8,13.838613470965534,2.273109375,17.135625,0.0,0.0,0.0,0.0,0.0
community_irrigation,ollama__llama3_2_3b,none,ideal,0.0,9,15.64049701420153,1.7998125000000003,15.914156250000001,0.0,0.0,0.0,0.0,0.0
community_irrigation,ollama__llama3_2_3b,none,ideal,0.0,10,14.991958305194828,2.1268125000000007,16.758000000000003,0.0,0.0,0.0,0.0,0.0
community_irrigation,ollama__llama3_2_3b,none,ideal,0.0,11,14.153512948464845,2.3920312500000005,17.31825,0.0,0.0,0.0,0.0,0.0
community_irrigation,ollama__llama3_2_3b,none,ideal,0.0,12,14.464818215848954,2.3392500000000007,17.2785,0.0,0.0,0.0,0.0,0.0
community_irrigation,ollama__llama3_2_3b,none,ideal,0.0,13,14.350741616591428,2.283375,17.147906250000002,0.0,0.0,0.0,0.0,0.0
community_irrigation,ollama__llama3_2_3b,none,ideal,0.0,14,14.674895580263454,2.10215625,16.512843750000002,0.0,0.0,0.0,0.0,0.0
community_irrigation,ollama__llama3_2_3b,none,ideal,0.0,15,14.385684373797606,2.1682968750000007,16.931531250000003,0.0,0.0,0.0,0.0,0.0
community_irrigation,ollama__llama3_2_3b,none,ideal,0.0,16,14.775464185833137,2.12203125,16.8440625,0.0,0.0,0.0,0.0,0.0
community_irrigation,ollama__llama3_2_3b,none,ideal,0.0,17,15.723549441305632,1.8780937500000003,16.06809375,0.0,0.0,0.0,0.0,0.0
community_irrigation,ollama__llama3_2_3b,none,ideal,0.0,18,14.842464140555368,2.1860625000000002,16.626093750000003,0.0,0.0,0.0,0.0,0.0
community_irrigation,ollama__llama3_2_3b,none,ideal,0.0,19,14.476048410576581,2.2474218750000006,17.094843750000003,0.0,0.0,0.0,0.0,0.0
community_irrigation,ollama__llama3_2_3b,none,ideal,0.0,20,13.747802750302453,2.4063750000000006,17.1103125,0.0,0.0,0.0,0.0,0.0
community_irrigation,ollama__llama3_2_3b,none,ideal,0.0,21,13.815740598041513,2.3406562500000008,17.26528125,0.0,0.0,0.0,0.0,0.0
community_irrigation,ollama__llama3_2_3b,none,ideal,0.0,22,15.405382378954414,1.7964843750000004,15.869906250000001,0.0,0.0,0.0,0.0,0.0
community_irrigation,ollama__llama3_2_3b,none,ideal,0.0,23,13.505169026733093,2.335078125,17.25075,0.0,0.0,0.0,0.0,0.0
community_irrigation,ollama__llama3_2_3b,none,ideal,0.0,24,13.866009217055069,2.36034375,17.0176875,0.0,0.0,0.0,0.0,0.0
community_irrigation,ollama__llama3_2_3b,none,ideal,0.0,25,13.486704375515018,2.4128437500000004,17.3041875,0.0,0.0,0.0,0.0,0.0
community_irrigation,ollama__llama3_2_3b,none,ideal,0.0,26,14.299132352748131,2.26396875,17.1279375,0.0,0.0,0.0,0.0,0.0
community_irrigation,ollama__llama3_2_3b,none,ideal,0.0,27,13.868570850410087,2.3156718750000005,17.223750000000003,0.0,0.0,0.0,0.0,0.0
community_irrigation,ollama__llama3_2_3b,none,ideal,0.0,28,14.52511953264635,2.1706406250000003,16.668749999999996,0.0,0.0,0.0,0.0,0.0
community_irrigation,ollama__llama3_2_3b,none,ideal,0.0,29,14.565364583636224,2.1696093750000003,16.5804375,0.0,0.0,0.0,0.0,0.0
community_irrigation,ollama__llama3_2_3b,none,ideal,0.0,30,14.362240485039814,2.1336562500000005,16.8605625,0.0,0.0,0.0,0.0,0.0
community_irrigation,ollama__llama3_2_3b,none,ideal,0.0,31,14.425936218087296,2.353265625,16.89984375,0.0,0.0,0.0,0.0,0.0
community_irrigation,ollama__llama3_2_3b,none,ideal,0.0,32,14.816841537296014,2.1505312500000007,16.852687500000002,0.0,0.0,0.0,0.0,0.0
community_irrigation,ollama__llama3_2_3b,none,ideal,0.0,33,13.831028251348883,2.4090937500000003,17.410593749999997,0.0,0.0,0.0,0.0,0.0
community_irrigation,ollama__llama3_2_3b,none,ideal,0.0,34,15.294579727315433,2.00746875,16.3876875,0.0,0.0,0.0,0.0,0.0
community_irrigation,ollama__llama3_2_3b,none,ideal,0.0,35,14.394935240669044,2.2830000000000004,17.152875,0.0,0.0,0.0,0.0,0.0
community_irrigation,ollama__llama3_2_3b,none,ideal,0.0,36,14.031950099500309,2.3890312500000004,17.362875000000003,0.0,0.0,0.0,0.0,0.0
community_irrigation,ollama__llama3_2_3b,none,ideal,0.0,37,14.70460117964301,2.0633906250000003,16.720875,0.0,0.0,0.0,0.0,0.0
community_irrigation,ollama__llama3_2_3b,none,ideal,0.0,38,14.168121560242323,2.191875,16.858125,0.0,0.0,0.0,0.0,0.0
community_irrigation,ollama__llama3_2_3b,none,ideal,0.0,39,14.426282866584911,2.3069531250000006,17.100468749999997,0.0,0.0,0.0,0.0,0.0
community_irrigation,ollama__llama3_2_3b,none,ideal,0.5,0,8.830952072789458,3.00283064461006,12.83498780951208,0.875,0.0,0.0,0.0,0.03923556600445395
community_irrigation,ollama__llama3_2_3b,none,ideal,0.5,1,9.595710888858044,3.219166666666667,15.183249538302439,1.0,0.0,0.0,0.0,0.07638888888888888
community_irrigation,ollama__llama3_2_3b,none,ideal,0.5,2,8.774919737290377,3.0004202516233773,13.11111793402852,0.875,0.0,0.0,0.0,0.02922688014599779
community_irrigation,ollama__llama3_2_3b,none,ideal,0.5,3,8.280519129210912,3.1990288461538463,14.933069873249924,1.0,0.0,0.0,0.0,0.09285402097902097
community_irrigation,ollama__llama3_2_3b,none,ideal,0.5,4,7.98406279878999,4.4703348214285725,15.963142357821608,1.0,0.0,0.0,0.0,0.1484375
community_irrigation,ollama__llama3_2_3b,none,ideal,0.5,5,8.56441202991315,2.420787282416094,13.025534604120327,1.0,0.0,0.0,0.0,0.059867133393556156
community_irrigation,ollama__llama3_2_3b,none,ideal,0.5,6,8.454350433922848,3.685369318181819,14.351936775312451,1.0,0.0,0.0,0.0,0.06775342712842712
community_irrigation,ollama__llama3_2_3b,none,ideal,0.5,7,8.850742008895045,4.421927083333334,16.191268811939803,1.0,0.0,0.0,0.0,0.1412037037037037
community_irrigation,ollama__llama3_2_3b,none,ideal,0.5,8,8.438944583364027,3.088508495890075,15.202517589689755,1.0,0.0,0.0,0.0,0.05591628157417631
community_irrigation,ollama__llama3_2_3b,none,ideal,0.5,9,8.469119237557367,3.6837395833333333,15.174693117161507,1.0,0.0,0.0,0.0,0.13206018518518517
community_irrigation,ollama__llama3_2_3b,none,ideal,0.5,10,8.668223061753073,3.3707269385026737,14.898853816379056,1.0,0.0,0.0,0.0,0.024560910222674925
community_irrigation,ollama__llama3_2_3b,none,ideal,0.5,11,8.611873998192703,3.000670206659013,13.938784047768092,1.0,0.0,0.0,0.0,0.022578898091957792
community_irrigation,ollama__llama3_2_3b,none,ideal,0.5,12,9.458153817687194,3.0651666666666673,14.861476903846153,1.0,0.0,0.0,0.0,0.07708333333333334
community_irrigation,ollama__llama3_2_3b,none,ideal,0.5,13,8.6240283320197,3.644832927489178,13.877468822680775,1.0,0.0,0.0,0.0,0.06060369029119029
community_irrigation,ollama__llama3_2_3b,none,ideal,0.5,14,9.098942954859206,3.0136832646520153,15.542705174686226,1.0,0.0,0.0,0.0,0.0
community_irrigation,ollama__llama3_2_3b,none,ideal,0.5,15,8.880840461470719,2.78934454525296,13.38739856016429,1.0,0.0,0.0,0.0,0.015459258901151213
community_irrigation,ollama__llama3_2_3b,none,ideal,0.5,16,9.195209662216083,3.4096809440559444,14.231432544976865,1.0,0.0,0.0,0.0,0.02688283938283938
community_irrigation,ollama__llama3_2_3b,none,ideal,0.5,17,8.888225844574608,2.73819983545866,14.237830977848862,1.0,0.0,0.0,0.0,0.04789032862562275
community_irrigation,ollama__llama3_2_3b,none,ideal,0.5,18,9.22580940708044,3.9243749999999995,15.645277659035369,1.0,0.0,0.0,0.0,0.03472222222222222
community_irrigation,ollama__llama3_2_3b,none,ideal,0.5,19,8.920265447260796,3.234282723855093,13.951196935401438,1.0,0.0,0.0,0.0,0.022919514695830482
community_irrigation,ollama__llama3_2_3b,none,ideal,0.5,20,8.963024192542509,3.256286931818182,15.073822046828802,1.0,0.0,0.0,0.0,0.07279829545454546
community_irrigation,ollama__llama3_2_3b,none,ideal,0.5,21,9.069671596499397,3.193625,15.566109418682124,1.0,0.0,0.0,0.0,0.03564814814814815
community_irrigation,ollama__llama3_2_3b,none,ideal,0.5,22,9.21498925909951,3.538629807692308,15.741848766196828,1.0,0.0,0.0,0.0,0.0
community_irrigation,ollama__llama3_2_3b,none,ideal,0.5,23,8.79414175013991,2.6067175245098047,13.972986061455018,1.0,0.0,0.0,0.0,0.04744545521199933
community_irrigation,ollama__llama3_2_3b,none,ideal,0.5,24,8.746105191790555,2.7108166773886593,14.08580606220506,1.0,0.0,0.0,0.0,0.019945289607957304
community_irrigation,ollama__llama3_2_3b,none,ideal,0.5,25,8.50502235122931,3.3928541666666674,14.884057339663451,1.0,0.0,0.0,0.0,0.10729166666666666
community_irrigation,ollama__llama3_2_3b,none,ideal,0.5,26,9.032973434548719,3.98081737012987,14.99806453738923,1.0,0.0,0.0,0.0,0.0628968253968254
community_irrigation,ollama__llama3_2_3b,none,ideal,0.5,27,8.126194973903617,3.8548333333333336,16.057775504486663,1.0,0.0,0.0,0.0,0.07222222222222222
community_irrigation,ollama__llama3_2_3b,none,ideal,0.5,28,8.970853250306801,3.3347390109890114,14.710976364862848,1.0,0.0,0.0,0.0,0.05111416361416362
community_irrigation,ollama__llama3_2_3b,none,ideal,0.5,29,8.630523570440783,4.288125000000001,15.56347464211084,1.0,0.0,0.0,0.0,0.14583333333333334
community_irrigation,ollama__llama3_2_3b,none,ideal,0.5,30,8.9839938146052,3.9100416666666673,15.934781764799059,1.0,0.0,0.0,0.0,0.07129629629629629
community_irrigation,ollama__llama3_2_3b,none,ideal,0.5,31,8.7161970811528,4.103208333333334,16.233881407395543,1.0,0.0,0.0,0.0,0.03947811447811448
community_irrigation,ollama__llama3_2_3b,none,ideal,0.5,32,9.400507626914736,2.5030395953249753,14.34070540964245,1.0,0.0,0.0,0.0,0.01751617586924956
community_irrigation,ollama__llama3_2_3b,none,ideal,0.5,33,8.81728004176076,3.439675863991081,14.938685091185361,1.0,0.0,0.0,0.0,0.057297754580363285
community_irrigation,ollama__llama3_2_3b,none,ideal,0.5,34,8.645093804806713,3.6430264110889126,15.226941872505922,1.0,0.0,0.0,0.0,0.0
community_irrigation,ollama__llama3_2_3b,none,ideal,0.5,35,8.371138300698153,3.1768333333333336,15.4365341811366,1.0,0.0,0.0,0.0,0.06683501683501684
community_irrigation,ollama__llama3_2_3b,none,ideal,0.5,36,8.566377927535655,3.3955930475774228,14.578211512244163,1.0,0.0,0.0,0.0,0.023242556055056054
community_irrigation,ollama__llama3_2_3b,none,ideal,0.5,37,9.37197871862557,2.9951513958577993,13.127444393993763,1.0,0.0,0.0,0.0,0.021398159097662673
community_irrigation,ollama__llama3_2_3b,none,ideal,0.5,38,9.014234752219407,3.251105312885644,15.400884251617523,1.0,0.0,0.0,0.0,0.05125309229169523
community_irrigation,ollama__llama3_2_3b,none,ideal,0.5,39,8.928174163582625,3.4657159090909095,15.637965263716456,1.0,0.0,0.0,0.0,0.03465909090909091
community_irrigation,ollama__llama3_2_3b,none,ideal,1.0,0,3.8874879197583008,5.534531250000001,15.557241805154082,1.0,0.0,0.0,0.0,0.1640625
community_irrigation,ollama__llama3_2_3b,none,ideal,1.0,1,3.5804517346324714,4.792447916666667,15.163991895393156,1.0,0.0,0.0,0.0,0.1232638888888889
community_irrigation,ollama__llama3_2_3b,none,ideal,1.0,2,3.9033628761738557,5.52890625,15.624264615325469,1.0,0.0,0.0,0.0,0.16666666666666666
community_irrigation,ollama__llama3_2_3b,none,ideal,1.0,3,5.117863970728885,4.377083333333333,15.90185757446984,1.0,0.0,0.0,0.0,0.11574074074074074
community_irrigation,ollama__llama3_2_3b,none,ideal,1.0,4,4.888914867709069,4.271416666666667,15.849355579770783,1.0,0.0,0.0,0.0,0.15324074074074076
community_irrigation,ollama__llama3_2_3b,none,ideal,1.0,5,4.60455806596512,5.005781250000002,16.64302608157719,1.0,0.0,0.0,0.0,0.125
community_irrigation,ollama__llama3_2_3b,none,ideal,1.0,6,4.9055126255911,4.878489583333334,16.264176783956337,1.0,0.0,0.0,0.0,0.12152777777777779
community_irrigation,ollama__llama3_2_3b,none,ideal,1.0,7,4.801830843839937,4.446562500000001,16.738536400925636,1.0,0.0,0.0,0.0,0.12152777777777779
community_irrigation,ollama__llama3_2_3b,none,ideal,1.0,8,4.821264638948524,4.5550000000000015,16.469794211171013,1.0,0.0,0.0,0.0,0.1232638888888889
community_irrigation,ollama__llama3_2_3b,none,ideal,1.0,9,5.900566021249084,3.9958333333333345,16.72538965810218,1.0,0.0,0.0,0.0,0.037037037037037035
community_irrigation,ollama__llama3_2_3b,none,ideal,1.0,10,4.055281190388718,4.7925,15.694264189696645,1.0,0.0,0.0,0.0,0.20833333333333334
community_irrigation,ollama__llama3_2_3b,none,ideal,1.0,11,4.695592625844354,4.933854166666666,16.30215914641184,1.0,0.0,0.0,0.0,0.12413194444444446
community_irrigation,ollama__llama3_2_3b,none,ideal,1.0,12,5.125505107720523,5.001875,16.555551296503932,1.0,0.0,0.0,0.0,0.1232638888888889
community_irrigation,ollama__llama3_2_3b,none,ideal,1.0,13,3.6960856847153867,4.8178125000000005,15.466883385754194,1.0,0.0,0.0,0.0,0.14583333333333334
community_irrigation,ollama__llama3_2_3b,none,ideal,1.0,14,4.641152238387535,4.118333333333334,15.777721249170867,1.0,0.0,0.0,0.0,0.11111111111111112
community_irrigation,ollama__llama3_2_3b,none,ideal,1.0,15,4.340080719433411,5.20125,15.718919961956878,1.0,0.0,0.0,0.0,0.125
community_irrigation,ollama__llama3_2_3b,none,ideal,1.0,16,4.258391595256974,5.030156250000001,16.25737433095562,1.0,0.0,0.0,0.0,0.08333333333333333
community_irrigation,ollama__llama3_2_3b,none,ideal,1.0,17,4.5247103014805425,5.537812500000001,15.878083514345462,1.0,0.0,0.0,0.0,0.125
community_irrigation,ollama__llama3_2_3b,none,ideal,1.0,18,4.3123909655874755,5.0938541666666675,15.46613749678869,1.0,0.0,0.0,0.0,0.13570601851851852
community_irrigation,ollama__llama3_2_3b,none,ideal,1.0,19,4.749000819852867,4.494,16.21263078360195,1.0,0.0,0.0,0.0,0.07222222222222223
community_irrigation,ollama__llama3_2_3b,none,ideal,1.0,20,5.211629333736681,4.379458333333334,16.190609681820327,1.0,0.0,0.0,0.0,0.07314814814814814
community_irrigation,ollama__llama3_2_3b,none,ideal,1.0,21,4.675915123101995,5.074427083333334,16.541676404312803,1.0,0.0,0.0,0.0,0.22829861111111108
community_irrigation,ollama__llama3_2_3b,none,ideal,1.0,22,4.7759797780151345,4.616916666666667,15.636971866280955,1.0,0.0,0.0,0.0,0.09143518518518519
community_irrigation,ollama__llama3_2_3b,none,ideal,1.0,23,4.121151545897813,4.822968750000001,16.043353701453697,1.0,0.0,0.0,0.0,0.2526041666666667
community_irrigation,ollama__llama3_2_3b,none,ideal,1.0,24,3.9808988720479315,4.99875,15.669327500976184,1.0,0.0,0.0,0.0,0.16464120370370372
community_irrigation,ollama__llama3_2_3b,none,ideal,1.0,25,4.121232783189193,5.437083333333334,15.646241819644167,1.0,0.0,0.0,0.0,0.11631944444444443
community_irrigation,ollama__llama3_2_3b,none,ideal,1.0,26,4.796394672672574,4.873281250000001,16.507584599327295,1.0,0.0,0.0,0.0,0.0798611111111111
community_irrigation,ollama__llama3_2_3b,none,ideal,1.0,27,5.4446404543194635,3.995092803030303,15.795149315667706,1.0,0.0,0.0,0.0,0.06346801346801346
community_irrigation,ollama__llama3_2_3b,none,ideal,1.0,28,4.402381863279199,4.511302083333334,16.145681282360933,1.0,0.0,0.0,0.0,0.12152777777777779
community_irrigation,ollama__llama3_2_3b,none,ideal,1.0,29,4.1398127841297825,5.3540624999999995,16.048218441419177,1.0,0.0,0.0,0.0,0.23177083333333334
community_irrigation,ollama__llama3_2_3b,none,ideal,1.0,30,5.064890071224896,4.066761363636364,15.71299695765015,1.0,0.0,0.0,0.0,0.13733164983164983
community_irrigation,ollama__llama3_2_3b,none,ideal,1.0,31,4.642532943439932,4.243645833333334,16.10019175439266,1.0,0.0,0.0,0.0,0.1232638888888889
community_irrigation,ollama__llama3_2_3b,none,ideal,1.0,32,5.24028777096404,4.339916666666666,16.2575562221564,1.0,0.0,0.0,0.0,0.07199074074074073
community_irrigation,ollama__llama3_2_3b,none,ideal,1.0,33,4.277595634277941,5.7091071428571425,16.938968353547946,1.0,0.0,0.0,0.0,0.26190476190476186
community_irrigation,ollama__llama3_2_3b,none,ideal,1.0,34,5.239875991270405,4.620833333333334,16.47176890268289,1.0,0.0,0.0,0.0,0.037037037037037035
community_irrigation,ollama__llama3_2_3b,none,ideal,1.0,35,4.180941307180625,4.292239583333334,15.794385307926877,1.0,0.0,0.0,0.0,0.12152777777777779
community_irrigation,ollama__llama3_2_3b,none,ideal,1.0,36,3.899517530406153,5.760052083333333,15.56797572073302,1.0,0.0,0.0,0.0,0.1027199074074074
community_irrigation,ollama__llama3_2_3b,none,ideal,1.0,37,3.7099721226200275,4.3325,15.252035668507713,1.0,0.0,0.0,0.0,0.1617476851851852
community_irrigation,ollama__llama3_2_3b,none,ideal,1.0,38,4.5634756367629095,4.6696875,16.37054830015994,1.0,0.0,0.0,0.0,0.03993055555555555
community_irrigation,ollama__llama3_2_3b,none,ideal,1.0,39,5.234057608842363,4.262916666666667,16.471538435657074,1.0,0.0,0.0,0.0,0.11805555555555554
community_irrigation,ollama__llama3_2_3b,bottom_up_only,ideal,0.0,0,15.690691319485355,1.7656458164062512,16.00197,0.0,0.0,0.0,0.0,0.0
community_irrigation,ollama__llama3_2_3b,bottom_up_only,ideal,0.0,1,16.024120954815324,1.6795734140625,15.55783125,0.0,0.0,0.0,0.0,0.0
community_irrigation,ollama__llama3_2_3b,bottom_up_only,ideal,0.0,2,16.834705975900157,1.1256882187500004,13.81836,0.0,0.0,0.0,0.0,0.0
community_irrigation,ollama__llama3_2_3b,bottom_up_only,ideal,0.0,3,16.338280599538027,1.5484788515625003,14.999223750000002,0.0,0.0,0.0,0.0,0.0
community_irrigation,ollama__llama3_2_3b,bottom_up_only,ideal,0.0,4,16.093431538899193,1.7411645507812508,15.511455000000002,0.0,0.0,0.0,0.0,0.0
community_irrigation,ollama__llama3_2_3b,bottom_up_only,ideal,0.0,5,17.135707728844224,0.9779885625000004,13.34776875,0.0,0.0,0.0,0.0,0.0
community_irrigation,ollama__llama3_2_3b,bottom_up_only,ideal,0.0,6,16.113538203194338,1.8189189492187505,15.298128750000002,0.0,0.0,0.0,0.0,0.0
community_irrigation,ollama__llama3_2_3b,bottom_up_only,ideal,0.0,7,16.94793222442142,1.0306929960937503,14.357032500000003,0.0,0.0,0.0,0.0,0.0
community_irrigation,ollama__llama3_2_3b,bottom_up_only,ideal,0.0,8,16.528086790983142,1.3254544921875,14.965755000000001,0.0,0.0,0.0,0.0,0.0
community_irrigation,ollama__llama3_2_3b,bottom_up_only,ideal,0.0,9,16.876173864738817,1.2259705312500004,14.264940000000003,0.0,0.0,0.0,0.0,0.0
community_irrigation,ollama__llama3_2_3b,bottom_up_only,ideal,0.0,10,16.654088745913423,1.4185457343750003,14.59577625,0.0,0.0,0.0,0.0,0.0
community_irrigation,ollama__llama3_2_3b,bottom_up_only,ideal,0.0,11,16.151393093180076,1.72054320703125,15.569501249999998,0.0,0.0,0.0,0.0,0.0
community_irrigation,ollama__llama3_2_3b,bottom_up_only,ideal,0.0,12,16.338456399746008,1.3913887968750007,15.299891250000005,0.0,0.0,0.0,0.0,0.0
community_irrigation,ollama__llama3_2_3b,bottom_up_only,ideal,0.0,13,16.614097459965485,1.3183271835937502,14.155856250000001,0.0,0.0,0.0,0.0,0.0
community_irrigation,ollama__llama3_2_3b,bottom_up_only,ideal,0.0,14,16.568381214510858,1.54696105078125,14.757461249999999,0.0,0.0,0.0,0.0,0.0
community_irrigation,ollama__llama3_2_3b,bottom_up_only,ideal,0.0,15,15.87147739045451,1.8923854687500008,15.954697500000002,0.0,0.0,0.0,0.0,0.0
community_irrigation,ollama__llama3_2_3b,bottom_up_only,ideal,0.0,16,16.09294609791896,1.8110440546875006,15.694350000000002,0.0,0.0,0.0,0.0,0.0
community_irrigation,ollama__llama3_2_3b,bottom_up_only,ideal,0.0,17,15.940755048477566,1.6999112812500003,15.88129875,0.0,0.0,0.0,0.0,0.0
community_irrigation,ollama__llama3_2_3b,bottom_up_only,ideal,0.0,18,17.373155134800264,0.8499949218749998,13.209821250000001,0.0,0.0,0.0,0.0,0.0
community_irrigation,ollama__llama3_2_3b,bottom_up_only,ideal,0.0,19,15.456326701744151,2.1493875000000005,16.570214999999997,0.0,0.0,0.0,0.0,0.0
community_irrigation,ollama__llama3_2_3b,bottom_up_only,ideal,0.0,20,16.764368069480696,1.2954124804687503,14.458616249999999,0.0,0.0,0.0,0.0,0.0
community_irrigation,ollama__llama3_2_3b,bottom_up_only,ideal,0.0,21,16.085151306828713,1.7343905625000005,15.60673125,0.0,0.0,0.0,0.0,0.0
community_irrigation,ollama__llama3_2_3b,bottom_up_only,ideal,0.0,22,16.337080399679827,1.5927631171875007,15.292181250000002,0.0,0.0,0.0,0.0,0.0
community_irrigation,ollama__llama3_2_3b,bottom_up_only,ideal,0.0,23,16.302290045943444,1.5476291718750004,15.340563750000001,0.0,0.0,0.0,0.0,0.0
community_irrigation,ollama__llama3_2_3b,bottom_up_only,ideal,0.0,24,16.205224703279367,1.5940639804687504,15.595136250000001,0.0,0.0,0.0,0.0,0.0
community_irrigation,ollama__llama3_2_3b,bottom_up_only,ideal,0.0,25,16.572186846733672,1.7243599101562497,14.940367499999997,0.0,0.0,0.0,0.0,0.0
community_irrigation,ollama__llama3_2_3b,bottom_up_only,ideal,0.0,26,16.719522969188958,1.3102789101562502,14.715063749999999,0.0,0.0,0.0,0.0,0.0
community_irrigation,ollama__llama3_2_3b,bottom_up_only,ideal,0.0,27,16.162014552338132,1.6505219296875,15.518415,0.0,0.0,0.0,0.0,0.0
community_irrigation,ollama__llama3_2_3b,bottom_up_only,ideal,0.0,28,15.640109264314283,1.88130118359375,15.783457499999997,0.0,0.0,0.0,0.0,0.0
community_irrigation,ollama__llama3_2_3b,bottom_up_only,ideal,0.0,29,16.939169036972164,1.1047541953125002,14.248665000000003,0.0,0.0,0.0,0.0,0.0
community_irrigation,ollama__llama3_2_3b,bottom_up_only,ideal,0.0,30,16.445498413310837,1.5249741210937506,14.871525000000002,0.0,0.0,0.0,0.0,0.0
community_irrigation,ollama__llama3_2_3b,bottom_up_only,ideal,0.0,31,15.937214837971009,1.7029044375000004,15.91085625,0.0,0.0,0.0,0.0,0.0
community_irrigation,ollama__llama3_2_3b,bottom_up_only,ideal,0.0,32,16.975992779263155,1.333985625,13.60744125,0.0,0.0,0.0,0.0,0.0
community_irrigation,ollama__llama3_2_3b,bottom_up_only,ideal,0.0,33,16.658369283345102,1.1620462500000008,14.9240925,0.0,0.0,0.0,0.0,0.0
community_irrigation,ollama__llama3_2_3b,bottom_up_only,ideal,0.0,34,16.164549024095557,1.74165178125,14.81071875,0.0,0.0,0.0,0.0,0.0
community_irrigation,ollama__llama3_2_3b,bottom_up_only,ideal,0.0,35,16.425348683177525,1.5113354531250005,15.23298375,0.0,0.0,0.0,0.0,0.0
community_irrigation,ollama__llama3_2_3b,bottom_up_only,ideal,0.0,36,17.12689477128947,1.0549239375,13.467674999999996,0.0,0.0,0.0,0.0,0.0
community_irrigation,ollama__llama3_2_3b,bottom_up_only,ideal,0.0,37,17.18171400787045,0.8767377187500005,13.807484999999998,0.0,0.0,0.0,0.0,0.0
community_irrigation,ollama__llama3_2_3b,bottom_up_only,ideal,0.0,38,17.12780134667141,1.1518373437500002,13.143813749999998,0.0,0.0,0.0,0.0,0.0
community_irrigation,ollama__llama3_2_3b,bottom_up_only,ideal,0.0,39,17.2564501224593,0.9066287812500002,13.599596250000003,0.0,0.0,0.0,0.0,0.0
community_irrigation,ollama__llama3_2_3b,bottom_up_only,ideal,0.5,0,8.546095519194772,2.6191687912512265,14.166582047550609,1.0,0.0,0.0,0.0,0.041095558567312
community_irrigation,ollama__llama3_2_3b,bottom_up_only,ideal,0.5,1,9.36893002658249,3.381430922542607,12.862028356706462,1.0,0.0,0.0,0.0,0.03374468435287
community_irrigation,ollama__llama3_2_3b,bottom_up_only,ideal,0.5,2,10.622457397715886,2.4444848125,13.62632443986698,1.0,0.0,0.0,0.0,0.03472222222222222
community_irrigation,ollama__llama3_2_3b,bottom_up_only,ideal,0.5,3,9.572390979833854,2.637302839629121,14.187337038707403,1.0,0.0,0.0,0.0,0.025061050061050066
community_irrigation,ollama__llama3_2_3b,bottom_up_only,ideal,0.5,4,9.35205386934799,3.4014716264204545,15.029339254489996,1.0,0.0,0.0,0.0,0.029356060606060608
community_irrigation,ollama__llama3_2_3b,bottom_up_only,ideal,0.5,5,9.464185223610407,3.171588541666667,14.428780127956472,1.0,0.0,0.0,0.0,0.14444444444444443
community_irrigation,ollama__llama3_2_3b,bottom_up_only,ideal,0.5,6,8.794760818785937,3.027234678596297,13.821292064267919,1.0,0.0,0.0,0.0,0.049169920493449905
community_irrigation,ollama__llama3_2_3b,bottom_up_only,ideal,0.5,7,10.192345686568219,2.545521813168517,12.735315036962131,1.0,0.0,0.0,0.0,0.023317187686579508
community_irrigation,ollama__llama3_2_3b,bottom_up_only,ideal,0.5,8,8.38581021561766,3.044809205121721,13.625015402701898,1.0,0.0,0.0,0.0,0.03948043321737316
community_irrigation,ollama__llama3_2_3b,bottom_up_only,ideal,0.5,9,9.287002422293522,3.114796742715262,14.204577551586592,1.0,0.0,0.0,0.0,0.0
community_irrigation,ollama__llama3_2_3b,bottom_up_only,ideal,0.5,10,9.961830813787454,2.5728859101523476,12.728721806966302,1.0,0.0,0.0,0.0,0.054025696525696526
community_irrigation,ollama__llama3_2_3b,bottom_up_only,ideal,0.5,11,9.0796593131819,3.9429591499125873,15.232052091728438,1.0,0.0,0.0,0.0,0.027340714840714844
community_irrigation,ollama__llama3_2_3b,bottom_up_only,ideal,0.5,12,10.26972193971232,2.572480420205653,13.299726251478994,1.0,0.0,0.0,0.0,0.0
community_irrigation,ollama__llama3_2_3b,bottom_up_only,ideal,0.5,13,9.110435573238286,2.7150986081932778,15.189093138456922,1.0,0.0,0.0,0.0,0.022362278244631186
community_irrigation,ollama__llama3_2_3b,bottom_up_only,ideal,0.5,14,9.474203523674039,3.0130868526590597,14.776535126604575,1.0,0.0,0.0,0.0,0.03538648851148851
community_irrigation,ollama__llama3_2_3b,bottom_up_only,ideal,0.5,15,10.22498052196207,2.9052047047509575,12.497595715884042,1.0,0.0,0.0,0.0,0.05130490038578273
community_irrigation,ollama__llama3_2_3b,bottom_up_only,ideal,0.5,16,9.386907186890483,3.3472553181818183,15.046767979271458,1.0,0.0,0.0,0.0,0.06931818181818182
community_irrigation,ollama__llama3_2_3b,bottom_up_only,ideal,0.5,17,9.685561589889666,2.903160225528545,11.762516430954967,0.5,0.0,0.0,0.0,0.03803527876289258
community_irrigation,ollama__llama3_2_3b,bottom_up_only,ideal,0.5,18,9.312276920806246,3.3748125966534728,14.210215435675252,1.0,0.0,0.0,0.0,0.024019963384882742
community_irrigation,ollama__llama3_2_3b,bottom_up_only,ideal,0.5,19,9.921045225386557,3.5396684488636367,14.877025177476945,1.0,0.0,0.0,0.0,0.03295454545454546
community_irrigation,ollama__llama3_2_3b,bottom_up_only,ideal,0.5,20,9.908514312970825,3.3819608541666666,15.06087866760775,1.0,0.0,0.0,0.0,0.08125
community_irrigation,ollama__llama3_2_3b,bottom_up_only,ideal,0.5,21,9.246901849131385,2.948160460429921,14.854897920566842,1.0,0.0,0.0,0.0,0.0226930842062421
community_irrigation,ollama__llama3_2_3b,bottom_up_only,ideal,0.5,22,9.75424684774808,2.819364198931278,13.414666130043884,1.0,0.0,0.0,0.0,0.08114628427128427
community_irrigation,ollama__llama3_2_3b,bottom_up_only,ideal,0.5,23,9.536257483038593,2.394557161845931,12.801501659520373,1.0,0.0,0.0,0.0,0.02677772808586762
community_irrigation,ollama__llama3_2_3b,bottom_up_only,ideal,0.5,24,9.736177229631132,3.667360338541667,13.681096458933656,1.0,0.0,0.0,0.0,0.1417824074074074
community_irrigation,ollama__llama3_2_3b,bottom_up_only,ideal,0.5,25,9.813362051780388,2.4245140531729112,13.825663454940841,1.0,0.0,0.0,0.0,0.030173610700220944
community_irrigation,ollama__llama3_2_3b,bottom_up_only,ideal,0.5,26,9.327548347486985,2.9161266568677595,14.067779115821944,1.0,0.0,0.0,0.0,0.048267497146573225
community_irrigation,ollama__llama3_2_3b,bottom_up_only,ideal,0.5,27,9.351911160512538,2.861810619724026,15.02094949788803,1.0,0.0,0.0,0.0,0.056804653679653684
community_irrigation,ollama__llama3_2_3b,bottom_up_only,ideal,0.5,28,9.585143580131243,3.1402058515625,11.928307854201497,0.25,0.0,0.0,0.0,0.029557291666666666
community_irrigation,ollama__llama3_2_3b,bottom_up_only,ideal,0.5,29,9.42167824076298,3.188101605659965,14.85209274610367,1.0,0.0,0.0,0.0,0.04126602564102564
community_irrigation,ollama__llama3_2_3b,bottom_up_only,ideal,0.5,30,9.301257448797333,3.104235716783217,14.541285164571622,1.0,0.0,0.0,0.0,0.026757964257964256
community_irrigation,ollama__llama3_2_3b,bottom_up_only,ideal,0.5,31,9.078309697993687,2.697146927292213,13.753403297772207,1.0,0.0,0.0,0.0,0.04742803120512099
community_irrigation,ollama__llama3_2_3b,bottom_up_only,ideal,0.5,32,9.891517567692539,3.132637244318182,15.498422253721603,1.0,0.0,0.0,0.0,0.04734848484848484
community_irrigation,ollama__llama3_2_3b,bottom_up_only,ideal,0.5,33,10.311733767909356,2.3996133024851556,11.744572637555734,0.5,0.0,0.0,0.0,0.027253107422045134
community_irrigation,ollama__llama3_2_3b,bottom_up_only,ideal,0.5,34,10.203702635970787,2.1275399674177935,13.321369454644863,1.0,0.0,0.0,0.0,0.022163615502431292
community_irrigation,ollama__llama3_2_3b,bottom_up_only,ideal,0.5,35,9.2256926166669,3.5515346732954542,15.16904935425065,1.0,0.0,0.0,0.0,0.029356060606060608
community_irrigation,ollama__llama3_2_3b,bottom_up_only,ideal,0.5,36,10.116443110925921,2.7226909450417844,12.731799898944548,1.0,0.0,0.0,0.0,0.02097853807412631
community_irrigation,ollama__llama3_2_3b,bottom_up_only,ideal,0.5,37,9.613017127875233,3.003347470716554,11.342768146096278,0.875,0.0,0.0,0.0,0.009719211548255667
community_irrigation,ollama__llama3_2_3b,bottom_up_only,ideal,0.5,38,9.381314259042636,3.910516375000001,15.082772280376314,1.0,0.0,0.0,0.0,0.07222222222222223
community_irrigation,ollama__llama3_2_3b,bottom_up_only,ideal,0.5,39,9.182005814351355,2.760222708178918,14.730101959723564,1.0,0.0,0.0,0.0,0.042043753737302125
community_irrigation,ollama__llama3_2_3b,bottom_up_only,ideal,1.0,0,3.6153514267817295,5.733076875,16.593733617337403,1.0,0.0,0.0,0.0,0.23809523809523805
community_irrigation,ollama__llama3_2_3b,bottom_up_only,ideal,1.0,1,4.096167966891417,4.3176028125000006,15.632133956212677,1.0,0.0,0.0,0.0,0.1550925925925926
community_irrigation,ollama__llama3_2_3b,bottom_up_only,ideal,1.0,2,4.464788357672349,4.7237092968750005,15.844690852671246,1.0,0.0,0.0,0.0,0.125
community_irrigation,ollama__llama3_2_3b,bottom_up_only,ideal,1.0,3,4.569180279773006,4.595075937500001,15.5954168254044,1.0,0.0,0.0,0.0,0.19965277777777776
community_irrigation,ollama__llama3_2_3b,bottom_up_only,ideal,1.0,4,4.832763112203554,4.404526822916667,16.28199154407097,1.0,0.0,0.0,0.0,0.07523148148148147
community_irrigation,ollama__llama3_2_3b,bottom_up_only,ideal,1.0,5,5.348689699613062,4.09997115625,15.793786897813034,1.0,0.0,0.0,0.0,0.10694444444444444
community_irrigation,ollama__llama3_2_3b,bottom_up_only,ideal,1.0,6,5.617146354189188,4.57595203125,16.997981276376258,1.0,0.0,0.0,0.0,0.14583333333333334
community_irrigation,ollama__llama3_2_3b,bottom_up_only,ideal,1.0,7,4.558963042054658,4.859871666666667,15.64025996579413,1.0,0.0,0.0,0.0,0.11458333333333333
community_irrigation,ollama__llama3_2_3b,bottom_up_only,ideal,1.0,8,4.074532343922924,4.670383244791667,14.907103011529479,1.0,0.0,0.0,0.0,0.1658564814814815
community_irrigation,ollama__llama3_2_3b,bottom_up_only,ideal,1.0,9,4.00032055114206,4.4607805208333335,15.110775980704151,1.0,0.0,0.0,0.0,0.1111111111111111
community_irrigation,ollama__llama3_2_3b,bottom_up_only,ideal,1.0,10,4.408120127756417,4.971933020833333,16.223512579244804,1.0,0.0,0.0,0.0,0.08101851851851852
community_irrigation,ollama__llama3_2_3b,bottom_up_only,ideal,1.0,11,4.924603983824923,4.841997515625001,16.847147877295612,1.0,0.0,0.0,0.0,0.121875
community_irrigation,ollama__llama3_2_3b,bottom_up_only,ideal,1.0,12,4.798283918769649,4.371238125,15.712494597559468,1.0,0.0,0.0,0.0,0.037037037037037035
community_irrigation,ollama__llama3_2_3b,bottom_up_only,ideal,1.0,13,3.4051357405050813,5.263773867187499,14.825942956261414,1.0,0.0,0.0,0.0,0.22916666666666666
community_irrigation,ollama__llama3_2_3b,bottom_up_only,ideal,1.0,14,4.827654481827109,4.7604110546875,16.24653977244389,1.0,0.0,0.0,0.0,0.20283564814814814
community_irrigation,ollama__llama3_2_3b,bottom_up_only,ideal,1.0,15,5.063242553000043,4.022597682291668,15.811213739719602,1.0,0.0,0.0,0.0,0.10590277777777778
community_irrigation,ollama__llama3_2_3b,bottom_up_only,ideal,1.0,16,5.547715947607604,4.012102343750001,15.9519560238776,1.0,0.0,0.0,0.0,0.1471064814814815
community_irrigation,ollama__llama3_2_3b,bottom_up_only,ideal,1.0,17,5.492707852828493,4.598508895833333,15.536348450667134,1.0,0.0,0.0,0.0,0.1013888888888889
community_irrigation,ollama__llama3_2_3b,bottom_up_only,ideal,1.0,18,3.7710167955710983,5.681296623883929,15.731149956819593,1.0,0.0,0.0,0.0,0.1882440476190476
community_irrigation,ollama__llama3_2_3b,bottom_up_only,ideal,1.0,19,4.490263230963523,4.568820766369048,16.397258688531558,1.0,0.0,0.0,0.0,0.1882440476190476
community_irrigation,ollama__llama3_2_3b,bottom_up_only,ideal,1.0,20,4.281720667795215,5.249678828125001,16.342510965966987,1.0,0.0,0.0,0.0,0.16435185185185186
community_irrigation,ollama__llama3_2_3b,bottom_up_only,ideal,1.0,21,4.476472769751279,5.098102708333334,16.41447574163781,1.0,0.0,0.0,0.0,0.1232638888888889
community_irrigation,ollama__llama3_2_3b,bottom_up_only,ideal,1.0,22,3.7373635183334883,4.8349430022321425,15.552583074813006,1.0,0.0,0.0,0.0,0.2120535714285714
community_irrigation,ollama__llama3_2_3b,bottom_up_only,ideal,1.0,23,4.18582044076046,5.869234453124999,15.393888175343358,1.0,0.0,0.0,0.0,0.20833333333333334
community_irrigation,ollama__llama3_2_3b,bottom_up_only,ideal,1.0,24,5.068073159935402,4.113994960937501,16.25581016741205,1.0,0.0,0.0,0.0,0.1574074074074074
community_irrigation,ollama__llama3_2_3b,bottom_up_only,ideal,1.0,25,4.499202299632815,4.447116223958334,15.61163639856899,1.0,0.0,0.0,0.0,0.11747685185185186
community_irrigation,ollama__llama3_2_3b,bottom_up_only,ideal,1.0,26,4.44419335434224,4.859191822916666,15.706071372161198,1.0,0.0,0.0,0.0,0.1929976851851852
community_irrigation,ollama__llama3_2_3b,bottom_up_only,ideal,1.0,27,4.540594008588994,4.744403046875,16.06998273140908,1.0,0.0,0.0,0.0,0.12152777777777778
community_irrigation,ollama__llama3_2_3b,bottom_up_only,ideal,1.0,28,4.6759170189457,4.2613938125,15.306236029658347,1.0,0.0,0.0,0.0,0.14444444444444446
community_irrigation,ollama__llama3_2_3b,bottom_up_only,ideal,1.0,29,5.056703267128342,5.085060833333333,16.168076059550266,1.0,0.0,0.0,0.0,0.07407407407407407
community_irrigation,ollama__llama3_2_3b,bottom_up_only,ideal,1.0,30,4.499596910928014,5.148986510416667,15.992593224017508,1.0,0.0,0.0,0.0,0.1490162037037037
community_irrigation,ollama__llama3_2_3b,bottom_up_only,ideal,1.0,31,4.61539012685272,4.217091750000001,15.832704546265017,1.0,0.0,0.0,0.0,0.10833333333333332
community_irrigation,ollama__llama3_2_3b,bottom_up_only,ideal,1.0,32,4.6735004752316325,4.872756015625001,15.928963038395999,1.0,0.0,0.0,0.0,0.11979166666666667
community_irrigation,ollama__llama3_2_3b,bottom_up_only,ideal,1.0,33,4.835430736802531,4.171241885416666,15.757265910425442,1.0,0.0,0.0,0.0,0.1509259259259259
community_irrigation,ollama__llama3_2_3b,bottom_up_only,ideal,1.0,34,4.629778218080927,4.216714583333333,15.54983816344415,1.0,0.0,0.0,0.0,0.10509259259259258
community_irrigation,ollama__llama3_2_3b,bottom_up_only,ideal,1.0,35,3.598702093353954,5.316108515625,15.157495490293146,1.0,0.0,0.0,0.0,0.203125
community_irrigation,ollama__llama3_2_3b,bottom_up_only,ideal,1.0,36,4.0837621680661655,4.503278190104168,15.263391128387106,1.0,0.0,0.0,0.0,0.0954861111111111
community_irrigation,ollama__llama3_2_3b,bottom_up_only,ideal,1.0,37,5.658945491944996,4.829974557291668,16.945738388427444,1.0,0.0,0.0,0.0,0.16203703703703703
community_irrigation,ollama__llama3_2_3b,bottom_up_only,ideal,1.0,38,4.05297331042726,5.342179270833333,15.805817068774397,1.0,0.0,0.0,0.0,0.1232638888888889
community_irrigation,ollama__llama3_2_3b,bottom_up_only,ideal,1.0,39,4.516938896881069,4.8505365625,15.934388383016884,1.0,0.0,0.0,0.0,0.11458333333333333
community_irrigation,ollama__llama3_2_3b,top_down_only,ideal,0.0,0,16.37989304933791,2.3041875000000003,14.856,0.0,0.0,0.0,0.384375,0.0
community_irrigation,ollama__llama3_2_3b,top_down_only,ideal,0.0,1,16.425047659960487,2.0287968750000003,14.78334375,0.0,0.0,0.0,0.30625,0.0
community_irrigation,ollama__llama3_2_3b,top_down_only,ideal,0.0,2,16.30536639076535,2.4847968750000002,14.7305625,0.0,0.0,0.0,0.45156250000000003,0.0
community_irrigation,ollama__llama3_2_3b,top_down_only,ideal,0.0,3,16.364642631408664,2.2254375,14.39484375,0.0,0.0,0.0,0.421875,0.0
community_irrigation,ollama__llama3_2_3b,top_down_only,ideal,0.0,4,16.27969182391246,2.5515937500000003,14.72925,0.0,0.0,0.0,0.4859375,0.0
community_irrigation,ollama__llama3_2_3b,top_down_only,ideal,0.0,5,16.36212734023144,2.1397500000000003,14.636062500000001,0.0,0.0,0.0,0.34843749999999996,0.0
community_irrigation,ollama__llama3_2_3b,top_down_only,ideal,0.0,6,16.424154066841382,2.1113906250000003,14.95809375,0.0,0.0,0.0,0.3046875,0.0
community_irrigation,ollama__llama3_2_3b,top_down_only,ideal,0.0,7,16.352711170260285,2.3610468750000004,14.42465625,0.0,0.0,0.0,0.47343749999999996,0.0
community_irrigation,ollama__llama3_2_3b,top_down_only,ideal,0.0,8,16.324385071483462,2.4445781250000005,14.712093750000001,0.0,0.0,0.0,0.4421875,0.0
community_irrigation,ollama__llama3_2_3b,top_down_only,ideal,0.0,9,16.3819883159941,2.384859375,14.56265625,0.0,0.0,0.0,0.446875,0.0
community_irrigation,ollama__llama3_2_3b,top_down_only,ideal,0.0,10,16.367669334244873,2.1557343750000006,14.716593749999998,0.0,0.0,0.0,0.340625,0.0
community_irrigation,ollama__llama3_2_3b,top_down_only,ideal,0.0,11,16.379337962538575,2.3334375000000005,14.67721875,0.0,0.0,0.0,0.4078125,0.0
community_irrigation,ollama__llama3_2_3b,top_down_only,ideal,0.0,12,16.392338836863697,2.5449375,14.715937499999997,0.0,0.0,0.0,0.4859375,0.0
community_irrigation,ollama__llama3_2_3b,top_down_only,ideal,0.0,13,16.324859943874614,2.5988437500000003,14.747249999999996,0.0,0.0,0.0,0.4984375,0.0
community_irrigation,ollama__llama3_2_3b,top_down_only,ideal,0.0,14,16.352176563521702,2.3055468750000006,14.734406250000001,0.0,0.0,0.0,0.4046875,0.0
community_irrigation,ollama__llama3_2_3b,top_down_only,ideal,0.0,15,16.33115522655998,2.489484375,14.796656249999998,0.0,0.0,0.0,0.4421875,0.0
community_irrigation,ollama__llama3_2_3b,top_down_only,ideal,0.0,16,16.40861118049694,1.8366562500000003,15.17203125,0.0,0.0,0.0,0.1453125,0.0
community_irrigation,ollama__llama3_2_3b,top_down_only,ideal,0.0,17,16.392423588502098,2.30015625,14.663437500000002,0.0,0.0,0.0,0.3984375,0.0
community_irrigation,ollama__llama3_2_3b,top_down_only,ideal,0.0,18,16.34570388879984,2.468109375,14.753531249999998,0.0,0.0,0.0,0.4546875,0.0
community_irrigation,ollama__llama3_2_3b,top_down_only,ideal,0.0,19,16.23705810725828,2.6810625000000003,14.854312500000006,0.0,0.0,0.0,0.5078125,0.0
community_irrigation,ollama__llama3_2_3b,top_down_only,ideal,0.0,20,16.288760595544566,2.402343750000001,14.803687499999999,0.0,0.0,0.0,0.425,0.0
community_irrigation,ollama__llama3_2_3b,top_down_only,ideal,0.0,21,16.297161388263294,2.4354375000000004,14.764687500000003,0.0,0.0,0.0,0.4421875,0.0
community_irrigation,ollama__llama3_2_3b,top_down_only,ideal,0.0,22,16.305495982322597,2.334843750000001,14.9364375,0.0,0.0,0.0,0.38125,0.0
community_irrigation,ollama__llama3_2_3b,top_down_only,ideal,0.0,23,16.276680896231706,2.4962343750000002,14.733281250000005,0.0,0.0,0.0,0.4671875,0.0
community_irrigation,ollama__llama3_2_3b,top_down_only,ideal,0.0,24,16.340793179712534,2.3614218750000004,14.779218750000002,0.0,0.0,0.0,0.415625,0.0
community_irrigation,ollama__llama3_2_3b,top_down_only,ideal,0.0,25,16.27066353880506,2.4155156250000003,14.734406250000003,0.0,0.0,0.0,0.440625,0.0
community_irrigation,ollama__llama3_2_3b,top_down_only,ideal,0.0,26,16.401300562190798,2.18053125,14.750062500000002,0.0,0.0,0.0,0.34218750000000003,0.0
community_irrigation,ollama__llama3_2_3b,top_down_only,ideal,0.0,27,16.34372193244716,2.3565468750000003,14.549531250000001,0.0,0.0,0.0,0.4515625,0.0
community_irrigation,ollama__llama3_2_3b,top_down_only,ideal,0.0,28,16.33180278897305,2.2739531250000002,14.69034375,0.0,0.0,0.0,0.40156250000000004,0.0
community_irrigation,ollama__llama3_2_3b,top_down_only,ideal,0.0,29,16.325366854511426,2.3030156250000005,14.49309375,0.0,0.0,0.0,0.4296875,0.0
community_irrigation,ollama__llama3_2_3b,top_down_only,ideal,0.0,30,16.340016030021296,2.3092500000000005,14.592187500000001,0.0,0.0,0.0,0.4140625,0.0
community_irrigation,ollama__llama3_2_3b,top_down_only,ideal,0.0,31,16.365535975180617,2.178703125,14.815406249999999,0.0,0.0,0.0,0.35,0.0
community_irrigation,ollama__llama3_2_3b,top_down_only,ideal,0.0,32,16.340346622381162,2.5554843750000003,14.708343749999997,0.0,0.0,0.0,0.490625,0.0
community_irrigation,ollama__llama3_2_3b,top_down_only,ideal,0.0,33,16.39226192784406,1.9628906250000002,14.706656249999998,0.0,0.0,0.0,0.24843749999999998,0.0
community_irrigation,ollama__llama3_2_3b,top_down_only,ideal,0.0,34,16.353683671915427,2.4030000000000005,14.613750000000001,0.0,0.0,0.0,0.45625000000000004,0.0
community_irrigation,ollama__llama3_2_3b,top_down_only,ideal,0.0,35,16.294250500018677,2.532515625000001,14.98753125,0.0,0.0,0.0,0.4375,0.0
community_irrigation,ollama__llama3_2_3b,top_down_only,ideal,0.0,36,16.358478125331406,2.4284531250000008,14.66803125,0.0,0.0,0.0,0.44218749999999996,0.0
community_irrigation,ollama__llama3_2_3b,top_down_only,ideal,0.0,37,16.383965471579923,2.2070625,14.556187500000004,0.0,0.0,0.0,0.3671875,0.0
community_irrigation,ollama__llama3_2_3b,top_down_only,ideal,0.0,38,16.33394765962845,2.32246875,14.8925625,0.0,0.0,0.0,0.384375,0.0
community_irrigation,ollama__llama3_2_3b,top_down_only,ideal,0.0,39,16.319259195239795,2.206265625,14.394843750000003,0.0,0.0,0.0,0.4140625,0.0
community_irrigation,ollama__llama3_2_3b,top_down_only,ideal,0.5,0,15.603461346401875,3.1307343750000007,14.82525,0.0,0.0,0.0,0.5953125,0.17604166666666665
community_irrigation,ollama__llama3_2_3b,top_down_only,ideal,0.5,1,15.810503335567242,2.899265625000001,14.903718750000003,0.0,0.0,0.0,0.5109374999999999,0.11536458333333333
community_irrigation,ollama__llama3_2_3b,top_down_only,ideal,0.5,2,15.600563017832709,3.0862500000000015,14.544281250000001,0.0,0.0,0.0,0.5921875000000001,0.1265625
community_irrigation,ollama__llama3_2_3b,top_down_only,ideal,0.5,3,15.486081517611773,3.1194843750000003,14.569593750000001,0.0,0.0,0.0,0.61875,0.19010416666666666
community_irrigation,ollama__llama3_2_3b,top_down_only,ideal,0.5,4,15.495608464273207,3.255140625000001,14.85815625,0.0,0.0,0.0,0.6109375,0.19453125000000002
community_irrigation,ollama__llama3_2_3b,top_down_only,ideal,0.5,5,15.644880713466115,2.7993281249999997,14.378397874458948,0.0,0.0,0.0,0.5671875000000001,0.19166666666666665
community_irrigation,ollama__llama3_2_3b,top_down_only,ideal,0.5,6,15.611096491520698,3.2170781250000005,15.045093750000001,0.0,0.0,0.0,0.578125,0.15416666666666667
community_irrigation,ollama__llama3_2_3b,top_down_only,ideal,0.5,7,15.654206264423236,2.63953125,13.796437500000001,0.0,0.0,0.0,0.596875,0.14270833333333333
community_irrigation,ollama__llama3_2_3b,top_down_only,ideal,0.5,8,15.632458504673963,3.0798750000000004,14.757750000000001,0.0,0.0,0.0,0.575,0.1841145833333333
community_irrigation,ollama__llama3_2_3b,top_down_only,ideal,0.5,9,15.560739581695035,3.2362031250000003,14.91084375,0.0,0.0,0.0,0.6031249999999999,0.171875
community_irrigation,ollama__llama3_2_3b,top_down_only,ideal,0.5,10,15.591728407693846,2.8816875000000004,14.108625000000002,0.0,0.0,0.0,0.6140625000000001,0.14348958333333334
community_irrigation,ollama__llama3_2_3b,top_down_only,ideal,0.5,11,15.572611866139756,3.1872187499999995,14.8794375,0.0,0.0,0.0,0.609375,0.1846354166666667
community_irrigation,ollama__llama3_2_3b,top_down_only,ideal,0.5,12,15.524457874794885,2.348250000000001,12.005165720253,0.0,0.0,0.0,0.7015625,0.13255208333333332
community_irrigation,ollama__llama3_2_3b,top_down_only,ideal,0.5,13,15.658782786145796,2.678859375,14.016468750000001,0.0,0.0,0.0,0.5796875,0.14869791666666668
community_irrigation,ollama__llama3_2_3b,top_down_only,ideal,0.5,14,15.686557405888633,3.1207031250000004,15.139499999999998,0.0,0.0,0.0,0.5125,0.025260416666666664
community_irrigation,ollama__llama3_2_3b,top_down_only,ideal,0.5,15,15.563715067722335,3.3048281250000007,15.326718750000001,0.0,0.0,0.0,0.5531250000000001,0.10885416666666668
community_irrigation,ollama__llama3_2_3b,top_down_only,ideal,0.5,16,15.66071145912916,2.3669062500000004,13.019775380563846,0.0,0.0,0.0,0.621875,0.059895833333333336
community_irrigation,ollama__llama3_2_3b,top_down_only,ideal,0.5,17,15.655191226907693,2.7772500000000004,14.0503125,0.0,0.0,0.0,0.5796875,0.08151041666666667
community_irrigation,ollama__llama3_2_3b,top_down_only,ideal,0.5,18,15.655793770631359,2.5258593750000005,13.63021875,0.0,0.0,0.0,0.5984375,0.19140625
community_irrigation,ollama__llama3_2_3b,top_down_only,ideal,0.5,19,15.607585885080056,1.8978281250000004,10.947985566200156,0.0,0.0,0.0,0.71875,0.06692708333333335
community_irrigation,ollama__llama3_2_3b,top_down_only,ideal,0.5,20,15.601088279981496,3.120984375,15.26128125,0.0,0.0,0.0,0.528125,0.12421875
community_irrigation,ollama__llama3_2_3b,top_down_only,ideal,0.5,21,15.481128534258346,2.56903125,12.623503827696961,0.0,0.0,0.0,0.6890625,0.14088541666666668
community_irrigation,ollama__llama3_2_3b,top_down_only,ideal,0.5,22,15.564015077379384,3.3225468749999996,14.936343749999999,0.0,0.0,0.0,0.5984375,0.1533854166666667
community_irrigation,ollama__llama3_2_3b,top_down_only,ideal,0.5,23,15.504049524657127,2.540296875,12.532563295405446,0.0,0.0,0.0,0.684375,0.14973958333333334
community_irrigation,ollama__llama3_2_3b,top_down_only,ideal,0.5,24,15.615063557406842,2.920406250000001,14.41753125,0.0,0.0,0.0,0.5859375,0.14036458333333332
community_irrigation,ollama__llama3_2_3b,top_down_only,ideal,0.5,25,15.575708138352553,3.1032656250000006,14.95040625,0.0,0.0,0.0,0.5687500000000001,0.21562499999999998
community_irrigation,ollama__llama3_2_3b,top_down_only,ideal,0.5,26,15.634390102014745,2.9198906250000007,14.41603125,0.0,0.0,0.0,0.578125,0.12421875
community_irrigation,ollama__llama3_2_3b,top_down_only,ideal,0.5,27,15.574801417860549,3.0804375000000004,14.826656250000001,0.0,0.0,0.0,0.6015625,0.1484375
community_irrigation,ollama__llama3_2_3b,top_down_only,ideal,0.5,28,15.601611467038548,3.0624375000000006,14.548874999999999,0.0,0.0,0.0,0.6,0.19895833333333335
community_irrigation,ollama__llama3_2_3b,top_down_only,ideal,0.5,29,15.66045907098475,2.6068124999999998,13.936125,0.0,0.0,0.0,0.5875,0.14583333333333334
community_irrigation,ollama__llama3_2_3b,top_down_only,ideal,0.5,30,15.61654507166483,2.918343750000001,14.5239375,0.0,0.0,0.0,0.5874999999999999,0.2041666666666667
community_irrigation,ollama__llama3_2_3b,top_down_only,ideal,0.5,31,15.605695691530133,2.5604062499999998,13.054097631914324,0.0,0.0,0.0,0.63125,0.04895833333333333
community_irrigation,ollama__llama3_2_3b,top_down_only,ideal,0.5,32,15.598881894015962,3.10940625,15.1209375,0.0,0.0,0.0,0.540625,0.07864583333333333
community_irrigation,ollama__llama3_2_3b,top_down_only,ideal,0.5,33,15.573415145886987,3.162890625,14.9401875,0.0,0.0,0.0,0.5984375,0.15416666666666665
community_irrigation,ollama__llama3_2_3b,top_down_only,ideal,0.5,34,15.694307873416392,2.7191718750000007,14.102812499999999,0.0,0.0,0.0,0.5640625,0.08151041666666668
community_irrigation,ollama__llama3_2_3b,top_down_only,ideal,0.5,35,15.67109013530315,2.8693593750000006,14.407062874693587,0.0,0.0,0.0,0.5484374999999999,0.11302083333333333
community_irrigation,ollama__llama3_2_3b,top_down_only,ideal,0.5,36,15.637140726407058,2.6783437500000007,13.87846875,0.0,0.0,0.0,0.5953125,0.18098958333333334
community_irrigation,ollama__llama3_2_3b,top_down_only,ideal,0.5,37,15.558584546000798,2.7990000000000004,13.831089333097662,0.0,0.0,0.0,0.6265624999999999,0.14609375
community_irrigation,ollama__llama3_2_3b,top_down_only,ideal,0.5,38,15.542916711363912,2.0652656250000003,11.019709935502451,0.0,0.0,0.0,0.721875,0.0828125
community_irrigation,ollama__llama3_2_3b,top_down_only,ideal,0.5,39,15.546164685642559,2.9201718750000003,14.22946875,0.0,0.0,0.0,0.615625,0.18515625
community_irrigation,ollama__llama3_2_3b,top_down_only,ideal,1.0,0,15.39089423217591,3.829968750000001,15.267937500000002,0.0,0.0,0.0,0.65,0.29843749999999997
community_irrigation,ollama__llama3_2_3b,top_down_only,ideal,1.0,1,15.402657957532245,3.9014531250000006,15.32690625,0.0,0.0,0.0,0.6609375,0.3208333333333333
community_irrigation,ollama__llama3_2_3b,top_down_only,ideal,1.0,2,15.448147101419917,3.8652187500000004,15.175125000000001,0.0,0.0,0.0,0.6609375,0.2786458333333333
community_irrigation,ollama__llama3_2_3b,top_down_only,ideal,1.0,3,15.445188047581736,3.905765625000001,15.251156250000001,0.0,0.0,0.0,0.6515625,0.2708333333333333
community_irrigation,ollama__llama3_2_3b,top_down_only,ideal,1.0,4,15.380338491039797,3.910828125000001,15.321656249999998,0.0,0.0,0.0,0.6640625,0.29531250000000003
community_irrigation,ollama__llama3_2_3b,top_down_only,ideal,1.0,5,15.440559041553723,3.9976875000000005,15.243749999999999,0.0,0.0,0.0,0.6656249999999999,0.29843749999999997
community_irrigation,ollama__llama3_2_3b,top_down_only,ideal,1.0,6,15.328719504156641,3.7680000000000002,15.321000000000002,0.0,0.0,0.0,0.66875,0.3140625
community_irrigation,ollama__llama3_2_3b,top_down_only,ideal,1.0,7,15.481459302687291,3.889921875,15.2053125,0.0,0.0,0.0,0.6484375,0.25026041666666665
community_irrigation,ollama__llama3_2_3b,top_down_only,ideal,1.0,8,15.332230143030747,3.9521718750000012,15.316125000000003,0.0,0.0,0.0,0.6703125,0.3294270833333333
community_irrigation,ollama__llama3_2_3b,top_down_only,ideal,1.0,9,15.527597257012477,3.736453125,15.123468749999999,0.0,0.0,0.0,0.6546875,0.2716145833333334
community_irrigation,ollama__llama3_2_3b,top_down_only,ideal,1.0,10,15.377825258659161,3.7747968750000007,15.300093749999998,0.0,0.0,0.0,0.6625,0.31484375
community_irrigation,ollama__llama3_2_3b,top_down_only,ideal,1.0,11,15.443479111200926,3.872156250000001,15.258187499999998,0.0,0.0,0.0,0.6421875,0.25677083333333334
community_irrigation,ollama__llama3_2_3b,top_down_only,ideal,1.0,12,15.344196132745173,3.7630781250000007,15.282375,0.0,0.0,0.0,0.6671874999999999,0.31276041666666665
community_irrigation,ollama__llama3_2_3b,top_down_only,ideal,1.0,13,15.417466341679422,3.880031250000001,15.253499999999999,0.0,0.0,0.0,0.6546875,0.29739583333333336
community_irrigation,ollama__llama3_2_3b,top_down_only,ideal,1.0,14,15.434386155544203,3.7452187500000007,15.2154375,0.0,0.0,0.0,0.65,0.2747395833333333
community_irrigation,ollama__llama3_2_3b,top_down_only,ideal,1.0,15,15.451951911062832,3.57965625,15.191812500000001,0.0,0.0,0.0,0.6343749999999999,0.2755208333333333
community_irrigation,ollama__llama3_2_3b,top_down_only,ideal,1.0,16,15.452551714615304,3.8661562500000004,15.237937500000001,0.0,0.0,0.0,0.653125,0.2986979166666666
community_irrigation,ollama__llama3_2_3b,top_down_only,ideal,1.0,17,15.528127548448753,3.7432968750000004,15.20071875,0.0,0.0,0.0,0.63125,0.26588541666666665
community_irrigation,ollama__llama3_2_3b,top_down_only,ideal,1.0,18,15.394547589874175,3.7522968750000008,15.39984375,0.0,0.0,0.0,0.6375,0.35703124999999997
community_irrigation,ollama__llama3_2_3b,top_down_only,ideal,1.0,19,15.415029730987719,3.7305000000000006,15.27553125,0.0,0.0,0.0,0.6484375,0.346875
community_irrigation,ollama__llama3_2_3b,top_down_only,ideal,1.0,20,15.51896487923884,3.8103281250000016,15.177562500000002,0.0,0.0,0.0,0.6515625,0.31744791666666666
community_irrigation,ollama__llama3_2_3b,top_down_only,ideal,1.0,21,15.348179327432472,4.044046874999999,15.286218750000002,0.0,0.0,0.0,0.671875,0.328125
community_irrigation,ollama__llama3_2_3b,top_down_only,ideal,1.0,22,15.506348778585474,3.724359375,15.17671875,0.0,0.0,0.0,0.6343749999999999,0.2236979166666667
community_irrigation,ollama__llama3_2_3b,top_down_only,ideal,1.0,23,15.496529650404891,3.876890625,15.11690625,0.0,0.0,0.0,0.65625,0.2557291666666667
community_irrigation,ollama__llama3_2_3b,top_down_only,ideal,1.0,24,15.44414536958789,3.6986718750000005,15.304124999999999,0.0,0.0,0.0,0.6359374999999999,0.2807291666666667
community_irrigation,ollama__llama3_2_3b,top_down_only,ideal,1.0,25,15.446694379346837,3.8778281250000006,15.2955,0.0,0.0,0.0,0.6640625,0.33567708333333335
community_irrigation,ollama__llama3_2_3b,top_down_only,ideal,1.0,26,15.508624921719433,3.8454843750000007,15.14034375,0.0,0.0,0.0,0.640625,0.25703125
community_irrigation,ollama__llama3_2_3b,top_down_only,ideal,1.0,27,15.46435260231226,3.7664531250000004,15.211031250000001,0.0,0.0,0.0,0.65625,0.3424479166666667
community_irrigation,ollama__llama3_2_3b,top_down_only,ideal,1.0,28,15.534443772802963,3.907453125000001,15.14315625,0.0,0.0,0.0,0.6656249999999999,0.2950520833333333
community_irrigation,ollama__llama3_2_3b,top_down_only,ideal,1.0,29,15.40710593375408,3.9847031250000002,15.282656249999999,0.0,0.0,0.0,0.6625,0.2921875
community_irrigation,ollama__llama3_2_3b,top_down_only,ideal,1.0,30,15.457712032307427,3.867890625000001,15.31978125,0.0,0.0,0.0,0.653125,0.31927083333333334
community_irrigation,ollama__llama3_2_3b,top_down_only,ideal,1.0,31,15.396730170056106,3.894375,15.32859375,0.0,0.0,0.0,0.6640625,0.3359375
community_irrigation,ollama__llama3_2_3b,top_down_only,ideal,1.0,32,15.335826019719537,3.893390625000002,15.162281250000001,0.0,0.0,0.0,0.675,0.325
community_irrigation,ollama__llama3_2_3b,top_down_only,ideal,1.0,33,15.474119269770476,3.7584843750000005,15.35071875,0.0,0.0,0.0,0.640625,0.30130208333333336
community_irrigation,ollama__llama3_2_3b,top_down_only,ideal,1.0,34,15.514283985151572,3.8592187500000006,15.14390625,0.0,0.0,0.0,0.6484375,0.24531250000000004
community_irrigation,ollama__llama3_2_3b,top_down_only,ideal,1.0,35,15.447879417756063,3.6167812500000007,15.181406250000002,0.0,0.0,0.0,0.6515625,0.2971354166666667
community_irrigation,ollama__llama3_2_3b,top_down_only,ideal,1.0,36,15.49579110930701,3.8110781250000008,15.20090625,0.0,0.0,0.0,0.64375,0.29583333333333334
community_irrigation,ollama__llama3_2_3b,top_down_only,ideal,1.0,37,15.472122317032255,3.837937500000001,15.213562500000002,0.0,0.0,0.0,0.6343749999999999,0.21901041666666665
community_irrigation,ollama__llama3_2_3b,top_down_only,ideal,1.0,38,15.441390389866399,3.705375,15.28575,0.0,0.0,0.0,0.65625,0.29322916666666665
community_irrigation,ollama__llama3_2_3b,top_down_only,ideal,1.0,39,15.425029969279397,3.7228125,15.264375000000001,0.0,0.0,0.0,0.6640625,0.31171875
community_irrigation,ollama__llama3_2_3b,hybrid,ideal,0.0,0,16.533736915054114,1.4652218671875001,14.8383140625,0.0,0.0,0.0,0.026562500000000003,0.0
community_irrigation,ollama__llama3_2_3b,hybrid,ideal,0.0,1,16.463096517124015,1.5375480585937509,14.529099023437503,0.0,0.0,0.0,0.1328125,0.0
community_irrigation,ollama__llama3_2_3b,hybrid,ideal,0.0,2,16.942117385273487,1.1666591015625007,14.066805468750001,0.0,0.0,0.0,0.018750000000000003,0.0
community_irrigation,ollama__llama3_2_3b,hybrid,ideal,0.0,3,16.458287918618403,1.7585033789062507,15.051936562499998,0.0,0.0,0.0,0.09375,0.0
community_irrigation,ollama__llama3_2_3b,hybrid,ideal,0.0,4,16.834516561148455,1.1995687265625004,14.269563421874999,0.0,0.0,0.0,0.021875000000000002,0.0
community_irrigation,ollama__llama3_2_3b,hybrid,ideal,0.0,5,16.429633964652403,1.7060315625000007,15.016214062500001,0.0,0.0,0.0,0.15625,0.0
community_irrigation,ollama__llama3_2_3b,hybrid,ideal,0.0,6,16.7822673208942,1.3061231015625006,14.320674375,0.0,0.0,0.0,0.0234375,0.0
community_irrigation,ollama__llama3_2_3b,hybrid,ideal,0.0,7,16.65748652597293,1.3762444687500004,14.403724500000006,0.0,0.0,0.0,0.025,0.0
community_irrigation,ollama__llama3_2_3b,hybrid,ideal,0.0,8,16.63715952234211,1.5131858671875003,14.690111250000001,0.0,0.0,0.0,0.0296875,0.0
community_irrigation,ollama__llama3_2_3b,hybrid,ideal,0.0,9,16.8279565135614,1.2147482578125,14.3345947265625,0.0,0.0,0.0,0.0234375,0.0
community_irrigation,ollama__llama3_2_3b,hybrid,ideal,0.0,10,16.479765769098485,1.4894842500000005,15.152961000000001,0.0,0.0,0.0,0.028125000000000004,0.0
community_irrigation,ollama__llama3_2_3b,hybrid,ideal,0.0,11,16.46872321870489,1.7769095156250003,15.066665484375001,0.0,0.0,0.0,0.0390625,0.0
community_irrigation,ollama__llama3_2_3b,hybrid,ideal,0.0,12,16.691153344578343,1.63744480078125,14.4739606640625,0.0,0.0,0.0,0.0234375,0.0
community_irrigation,ollama__llama3_2_3b,hybrid,ideal,0.0,13,16.396804141613515,1.6663866562500007,14.794286203125,0.0,0.0,0.0,0.0734375,0.0
community_irrigation,ollama__llama3_2_3b,hybrid,ideal,0.0,14,16.49902182901169,1.6888773515625004,14.6664821953125,0.0,0.0,0.0,0.03125,0.0
community_irrigation,ollama__llama3_2_3b,hybrid,ideal,0.0,15,16.404097742936585,2.1235443750000003,14.95246528125,0.0,0.0,0.0,0.253125,0.0
community_irrigation,ollama__llama3_2_3b,hybrid,ideal,0.0,16,16.409739897860725,1.5796595625000003,14.735304375000002,0.0,0.0,0.0,0.125,0.0
community_irrigation,ollama__llama3_2_3b,hybrid,ideal,0.0,17,16.428763991505765,1.5008895937500002,14.204816296875,0.0,0.0,0.0,0.0515625,0.0
community_irrigation,ollama__llama3_2_3b,hybrid,ideal,0.0,18,16.41048213302315,1.7052506953124997,15.086233828124998,0.0,0.0,0.0,0.078125,0.0
community_irrigation,ollama__llama3_2_3b,hybrid,ideal,0.0,19,16.56309305001069,1.3370026523437506,14.465854687499998,0.0,0.0,0.0,0.03125,0.0
community_irrigation,ollama__llama3_2_3b,hybrid,ideal,0.0,20,16.456847468259895,1.5602962031250007,14.935579687499999,0.0,0.0,0.0,0.0625,0.0
community_irrigation,ollama__llama3_2_3b,hybrid,ideal,0.0,21,17.094416403627918,1.0975412812500003,13.95494025,0.0,0.0,0.0,0.025,0.0
community_irrigation,ollama__llama3_2_3b,hybrid,ideal,0.0,22,16.770545037716552,1.3483712226562503,14.204956054687504,0.0,0.0,0.0,0.0234375,0.0
community_irrigation,ollama__llama3_2_3b,hybrid,ideal,0.0,23,16.69958694810054,1.4301625664062505,14.599697625000001,0.0,0.0,0.0,0.025,0.0
community_irrigation,ollama__llama3_2_3b,hybrid,ideal,0.0,24,16.993472886291066,1.010737945312501,14.001025875,0.0,0.0,0.0,0.025,0.0
community_irrigation,ollama__llama3_2_3b,hybrid,ideal,0.0,25,16.384648388579393,1.6268303320312505,14.971193226562502,0.0,0.0,0.0,0.0640625,0.0
community_irrigation,ollama__llama3_2_3b,hybrid,ideal,0.0,26,16.421143670917033,1.8099713203125005,14.782709859375,0.0,0.0,0.0,0.1890625,0.0
community_irrigation,ollama__llama3_2_3b,hybrid,ideal,0.0,27,16.410701211627575,1.8720014531250007,14.980495171875003,0.0,0.0,0.0,0.20781249999999998,0.0
community_irrigation,ollama__llama3_2_3b,hybrid,ideal,0.0,28,16.90216210925726,1.2269400351562507,14.169580078125003,0.0,0.0,0.0,0.0234375,0.0
community_irrigation,ollama__llama3_2_3b,hybrid,ideal,0.0,29,16.901055925151894,1.5352817460937502,13.855913812499999,0.0,0.0,0.0,0.021875000000000002,0.0
community_irrigation,ollama__llama3_2_3b,hybrid,ideal,0.0,30,16.56497266311427,1.3833524765625,14.682799804687498,0.0,0.0,0.0,0.0234375,0.0
community_irrigation,ollama__llama3_2_3b,hybrid,ideal,0.0,31,16.813133609901584,1.4020386562500002,13.946634187499999,0.0,0.0,0.0,0.020312500000000004,0.0
community_irrigation,ollama__llama3_2_3b,hybrid,ideal,0.0,32,16.487538298960764,1.5671880703125005,14.7541996875,0.0,0.0,0.0,0.037500000000000006,0.0
community_irrigation,ollama__llama3_2_3b,hybrid,ideal,0.0,33,17.34350438470708,0.7604461757812504,13.040892000000001,0.0,0.0,0.0,0.025,0.0
community_irrigation,ollama__llama3_2_3b,hybrid,ideal,0.0,34,16.457340133011655,1.5648399257812504,14.677866796874998,0.0,0.0,0.0,0.060937500000000006,0.0
community_irrigation,ollama__llama3_2_3b,hybrid,ideal,0.0,35,17.09585395714547,1.1579221640625001,13.596891515625,0.0,0.0,0.0,0.021875000000000002,0.0
community_irrigation,ollama__llama3_2_3b,hybrid,ideal,0.0,36,16.91408316955829,1.5397017656250007,14.166319875000001,0.0,0.0,0.0,0.025,0.0
community_irrigation,ollama__llama3_2_3b,hybrid,ideal,0.0,37,16.513902231087304,1.35198976171875,14.93779959375,0.0,0.0,0.0,0.03125,0.0
community_irrigation,ollama__llama3_2_3b,hybrid,ideal,0.0,38,16.439886480720467,2.0180872500000007,14.922347554687503,0.0,0.0,0.0,0.2546875,0.0
community_irrigation,ollama__llama3_2_3b,hybrid,ideal,0.0,39,16.396473211428514,1.8158382187500006,15.25080328125,0.0,0.0,0.0,0.084375,0.0
community_irrigation,ollama__llama3_2_3b,hybrid,ideal,0.5,0,15.859667230440916,2.1866976562500007,13.637352749999998,0.0,0.0,0.0,0.49114583333333334,0.07005208333333333
community_irrigation,ollama__llama3_2_3b,hybrid,ideal,0.5,1,15.77506322410397,2.636770605468751,14.3506571953125,0.0,0.0,0.0,0.50859375,0.14947916666666666
community_irrigation,ollama__llama3_2_3b,hybrid,ideal,0.5,2,15.711806446665005,2.4153267187500003,12.617050183447581,0.0,0.0,0.0,0.578125,0.14713541666666666
community_irrigation,ollama__llama3_2_3b,hybrid,ideal,0.5,3,15.704500909450346,2.6658094921875,14.187243984375003,0.0,0.0,0.0,0.5479166666666667,0.22526041666666666
community_irrigation,ollama__llama3_2_3b,hybrid,ideal,0.5,4,15.611440906675497,1.9987363945312506,11.321766020760819,0.0,0.0,0.0,0.6255208333333333,0.08697916666666666
community_irrigation,ollama__llama3_2_3b,hybrid,ideal,0.5,5,15.794953251698523,2.253688300781251,13.155386523585364,0.0,0.0,0.0,0.4927083333333333,0.10598958333333335
community_irrigation,ollama__llama3_2_3b,hybrid,ideal,0.5,6,15.561385829932656,2.524729371093751,13.01591273833921,0.0,0.0,0.0,0.6231770833333334,0.15572916666666667
community_irrigation,ollama__llama3_2_3b,hybrid,ideal,0.5,7,15.637647498313239,2.8882451835937504,14.7270616640625,0.0,0.0,0.0,0.5419270833333334,0.19609374999999998
community_irrigation,ollama__llama3_2_3b,hybrid,ideal,0.5,8,15.815417761618487,2.797575609375,14.653276218750001,0.0,0.0,0.0,0.5145833333333333,0.19609375000000004
community_irrigation,ollama__llama3_2_3b,hybrid,ideal,0.5,9,15.801062075906108,2.5015507500000007,14.089594312500001,0.0,0.0,0.0,0.5015625,0.15651041666666665
community_irrigation,ollama__llama3_2_3b,hybrid,ideal,0.5,10,15.710400142497678,2.98879850390625,15.023736070312498,0.0,0.0,0.0,0.5427083333333333,0.15416666666666667
community_irrigation,ollama__llama3_2_3b,hybrid,ideal,0.5,11,15.481489476304272,1.7693572148437504,9.941274027967921,0.0,0.0,0.0,0.7419270833333332,0.061197916666666664
community_irrigation,ollama__llama3_2_3b,hybrid,ideal,0.5,12,15.568031106483721,2.0214903750000004,11.510001608627068,0.0,0.0,0.0,0.66171875,0.05859375000000001
community_irrigation,ollama__llama3_2_3b,hybrid,ideal,0.5,13,15.76621895448411,2.86494289453125,14.8104845390625,0.0,0.0,0.0,0.4877604166666667,0.15104166666666666
community_irrigation,ollama__llama3_2_3b,hybrid,ideal,0.5,14,15.563350036344245,2.5308977460937503,12.724280392666934,0.0,0.0,0.0,0.6421875,0.11015625
community_irrigation,ollama__llama3_2_3b,hybrid,ideal,0.5,15,15.693317889332798,2.3275084921875004,13.5241659999698,0.0,0.0,0.0,0.5473958333333333,0.0828125
community_irrigation,ollama__llama3_2_3b,hybrid,ideal,0.5,16,15.638229814171849,2.62471447265625,13.793608744047653,0.0,0.0,0.0,0.5606770833333334,0.14036458333333332
community_irrigation,ollama__llama3_2_3b,hybrid,ideal,0.5,17,15.626791726358713,1.9634371757812503,11.27688467129015,0.0,0.0,0.0,0.67265625,0.09583333333333334
community_irrigation,ollama__llama3_2_3b,hybrid,ideal,0.5,18,15.590355428104031,2.6402746640625008,13.248215404674761,0.0,0.0,0.0,0.62578125,0.17708333333333334
community_irrigation,ollama__llama3_2_3b,hybrid,ideal,0.5,19,15.920784944553155,2.664688710937501,14.483403984375002,0.0,0.0,0.0,0.4216145833333333,0.11354166666666665
community_irrigation,ollama__llama3_2_3b,hybrid,ideal,0.5,20,15.7889791763504,2.8983167695312506,14.752571039062502,0.0,0.0,0.0,0.4989583333333333,0.16041666666666668
community_irrigation,ollama__llama3_2_3b,hybrid,ideal,0.5,21,15.574964821780735,1.4071446093750004,9.275014475390888,0.0,0.0,0.0,0.7390625,0.065625
community_irrigation,ollama__llama3_2_3b,hybrid,ideal,0.5,22,15.692508631303793,3.1724109843750004,14.925766500000002,0.0,0.0,0.0,0.55625,0.15625
community_irrigation,ollama__llama3_2_3b,hybrid,ideal,0.5,23,15.717195375393224,2.4626919375000007,13.589032757662956,0.0,0.0,0.0,0.5734375,0.10729166666666667
community_irrigation,ollama__llama3_2_3b,hybrid,ideal,0.5,24,15.641811383649681,2.19150073828125,12.493680320514368,0.0,0.0,0.0,0.6343749999999999,0.15234375
community_irrigation,ollama__llama3_2_3b,hybrid,ideal,0.5,25,15.696087952167533,2.5209203437500007,13.961210156099837,0.0,0.0,0.0,0.5432291666666667,0.13880208333333333
community_irrigation,ollama__llama3_2_3b,hybrid,ideal,0.5,26,15.646335905011991,2.6404520273437506,13.7076228046875,0.0,0.0,0.0,0.6036458333333333,0.18229166666666666
community_irrigation,ollama__llama3_2_3b,hybrid,ideal,0.5,27,15.898376847764066,2.5520709492187503,14.7300564609375,0.0,0.0,0.0,0.45390625,0.11640625
community_irrigation,ollama__llama3_2_3b,hybrid,ideal,0.5,28,16.21439362405564,2.5513780546875,14.322978140625002,0.0,0.0,0.0,0.47421875,0.0007812500000000002
community_irrigation,ollama__llama3_2_3b,hybrid,ideal,0.5,29,15.683557320560313,2.7785789296875008,13.977630984374997,0.0,0.0,0.0,0.5963541666666666,0.11562499999999999
community_irrigation,ollama__llama3_2_3b,hybrid,ideal,0.5,30,15.619403178323001,1.5959122382812503,9.9282678476878,0.0,0.0,0.0,0.73828125,0.06380208333333333
community_irrigation,ollama__llama3_2_3b,hybrid,ideal,0.5,31,15.802196859894408,2.7608719101562498,14.61525703125,0.0,0.0,0.0,0.5052083333333333,0.17734375
community_irrigation,ollama__llama3_2_3b,hybrid,ideal,0.5,32,15.746699624962933,2.4496126640625002,13.942099546875,0.0,0.0,0.0,0.5341145833333333,0.096875
community_irrigation,ollama__llama3_2_3b,hybrid,ideal,0.5,33,15.8352241700701,2.1358508671875,13.446357984374998,0.0,0.0,0.0,0.49322916666666666,0.12708333333333333
community_irrigation,ollama__llama3_2_3b,hybrid,ideal,0.5,34,15.65044117142766,1.7161265859375003,10.857123007270662,0.0,0.0,0.0,0.6645833333333333,0.07552083333333333
community_irrigation,ollama__llama3_2_3b,hybrid,ideal,0.5,35,15.61571330170667,2.3853134531250006,12.749243844804237,0.0,0.0,0.0,0.6190104166666667,0.10416666666666667
community_irrigation,ollama__llama3_2_3b,hybrid,ideal,0.5,36,15.80422399401696,2.5086693281250003,13.727794382812501,0.0,0.0,0.0,0.4989583333333333,0.06901041666666667
community_irrigation,ollama__llama3_2_3b,hybrid,ideal,0.5,37,15.667400766912168,2.1965895703125007,12.69427652190652,0.0,0.0,0.0,0.603125,0.1552083333333333
community_irrigation,ollama__llama3_2_3b,hybrid,ideal,0.5,38,15.816582687842825,2.8350993398437505,14.918448585937497,0.0,0.0,0.0,0.4744791666666667,0.19505208333333335
community_irrigation,ollama__llama3_2_3b,hybrid,ideal,0.5,39,15.665528461142518,2.8975528125,14.568980624999998,0.0,0.0,0.0,0.559375,0.2203125
community_irrigation,ollama__llama3_2_3b,hybrid,ideal,1.0,0,15.48812237420036,3.8577592968750016,15.23614359375,0.0,0.0,0.0,0.65625,0.3015625
community_irrigation,ollama__llama3_2_3b,hybrid,ideal,1.0,1,15.428973950410073,3.8735423203125,15.327897140625002,0.0,0.0,0.0,0.6434895833333334,0.28854166666666664
community_irrigation,ollama__llama3_2_3b,hybrid,ideal,1.0,2,15.50607508257018,3.700440058593751,15.254317617187501,0.0,0.0,0.0,0.6484375,0.31875
community_irrigation,ollama__llama3_2_3b,hybrid,ideal,1.0,3,15.432938007572407,3.7753141406250004,15.26812828125,0.0,0.0,0.0,0.65625,0.2932291666666667
community_irrigation,ollama__llama3_2_3b,hybrid,ideal,1.0,4,15.472687220045788,3.8127650625000005,15.257530125,0.0,0.0,0.0,0.6468750000000001,0.2989583333333334
community_irrigation,ollama__llama3_2_3b,hybrid,ideal,1.0,5,15.483813715503766,3.7418496093750004,15.220886718749998,0.0,0.0,0.0,0.609375,0.20546874999999998
community_irrigation,ollama__llama3_2_3b,hybrid,ideal,1.0,6,15.426145555919353,3.8025438281249997,15.20840015625,0.0,0.0,0.0,0.6609375,0.3385416666666667
community_irrigation,ollama__llama3_2_3b,hybrid,ideal,1.0,7,15.516371183694488,3.791526093750001,15.2611771875,0.0,0.0,0.0,0.65625,0.32187499999999997
community_irrigation,ollama__llama3_2_3b,hybrid,ideal,1.0,8,15.398472991707056,3.617233441406251,15.079841882812499,0.0,0.0,0.0,0.6127604166666667,0.19635416666666664
community_irrigation,ollama__llama3_2_3b,hybrid,ideal,1.0,9,15.414440008691313,3.8071245703125003,15.332686640625003,0.0,0.0,0.0,0.640625,0.30624999999999997
community_irrigation,ollama__llama3_2_3b,hybrid,ideal,1.0,10,15.433811631134617,3.859520015625,15.21125878125,0.0,0.0,0.0,0.6703125,0.32968749999999997
community_irrigation,ollama__llama3_2_3b,hybrid,ideal,1.0,11,15.444378382557542,3.876237949218751,15.2126321484375,0.0,0.0,0.0,0.6640625,0.29583333333333334
community_irrigation,ollama__llama3_2_3b,hybrid,ideal,1.0,12,15.456660378260096,3.8929616132812512,15.2997982265625,0.0,0.0,0.0,0.6421875,0.29453124999999997
community_irrigation,ollama__llama3_2_3b,hybrid,ideal,1.0,13,15.483865951425894,3.8526916406250007,15.265383281250003,0.0,0.0,0.0,0.65625,0.3432291666666667
community_irrigation,ollama__llama3_2_3b,hybrid,ideal,1.0,14,15.428365681236652,3.78902063671875,15.1893225234375,0.0,0.0,0.0,0.6546875,0.29791666666666666
community_irrigation,ollama__llama3_2_3b,hybrid,ideal,1.0,15,15.458904461107906,3.7218943593750007,15.32010121875,0.0,0.0,0.0,0.6453125000000001,0.3328125
community_irrigation,ollama__llama3_2_3b,hybrid,ideal,1.0,16,15.473931270706702,3.8227245000000005,15.175448999999999,0.0,0.0,0.0,0.65,0.2984375000000001
community_irrigation,ollama__llama3_2_3b,hybrid,ideal,1.0,17,15.419841370920565,3.895333500000001,15.2387295,0.0,0.0,0.0,0.6656249999999999,0.3343749999999999
community_irrigation,ollama__llama3_2_3b,hybrid,ideal,1.0,18,15.395955994917976,3.876473554687501,15.252947109375,0.0,0.0,0.0,0.6640625,0.3184895833333334
community_irrigation,ollama__llama3_2_3b,hybrid,ideal,1.0,19,15.44093043628574,3.8523813750000007,15.15507525,0.0,0.0,0.0,0.6453125,0.26744791666666673
community_irrigation,ollama__llama3_2_3b,hybrid,ideal,1.0,20,15.496155087241576,3.676608867187501,15.245092734375,0.0,0.0,0.0,0.6328125,0.28046875
community_irrigation,ollama__llama3_2_3b,hybrid,ideal,1.0,21,15.49768955430638,3.6880835742187505,15.212167148437501,0.0,0.0,0.0,0.6203125,0.2859375
community_irrigation,ollama__llama3_2_3b,hybrid,ideal,1.0,22,15.484072733464561,3.5921214140625,15.224055328125,0.0,0.0,0.0,0.6281249999999999,0.27317708333333335
community_irrigation,ollama__llama3_2_3b,hybrid,ideal,1.0,23,15.449641352276275,3.8034131249999996,15.245576250000001,0.0,0.0,0.0,0.65625,0.3143229166666666
community_irrigation,ollama__llama3_2_3b,hybrid,ideal,1.0,24,15.419361028479791,3.7895681718750005,15.33151134375,0.0,0.0,0.0,0.6515625,0.3234375
community_irrigation,ollama__llama3_2_3b,hybrid,ideal,1.0,25,15.461216934264279,3.7121006250000006,15.14170125,0.0,0.0,0.0,0.65625,0.27968750000000003
community_irrigation,ollama__llama3_2_3b,hybrid,ideal,1.0,26,15.480880949366686,3.9454913671875005,15.191763984375,0.0,0.0,0.0,0.6640625,0.31875000000000003
community_irrigation,ollama__llama3_2_3b,hybrid,ideal,1.0,27,15.477145853315763,3.88302103125,15.2107295625,0.0,0.0,0.0,0.6609375,0.31406249999999997
community_irrigation,ollama__llama3_2_3b,hybrid,ideal,1.0,28,15.467140514069346,3.9411834960937506,15.233023242187501,0.0,0.0,0.0,0.6578125,0.3255208333333333
community_irrigation,ollama__llama3_2_3b,hybrid,ideal,1.0,29,15.452892254953369,3.94819959375,15.2891491875,0.0,0.0,0.0,0.6625,0.33749999999999997
community_irrigation,ollama__llama3_2_3b,hybrid,ideal,1.0,30,15.450593926519918,3.662225367187501,15.244169484375,0.0,0.0,0.0,0.60546875,0.18307291666666667
community_irrigation,ollama__llama3_2_3b,hybrid,ideal,1.0,31,15.366538515095963,3.9407546015625012,15.317477953125003,0.0,0.0,0.0,0.6671874999999999,0.3328125
community_irrigation,ollama__llama3_2_3b,hybrid,ideal,1.0,32,15.504048784686837,3.7562945625000004,15.207214125,0.0,0.0,0.0,0.64375,0.2671875
community_irrigation,ollama__llama3_2_3b,hybrid,ideal,1.0,33,15.377565735452027,3.7445173828125,15.198847265625,0.0,0.0,0.0,0.628125,0.23411458333333332
community_irrigation,ollama__llama3_2_3b,hybrid,ideal,1.0,34,15.43482729566301,3.9139324453125,15.267771140625001,0.0,0.0,0.0,0.6466145833333333,0.30078125
community_irrigation,ollama__llama3_2_3b,hybrid,ideal,1.0,35,15.453548349749646,3.7951242070312508,15.153904664062502,0.0,0.0,0.0,0.6609375,0.28203125
community_irrigation,ollama__llama3_2_3b,hybrid,ideal,1.0,36,15.41816033789054,3.893387625000001,15.298775249999998,0.0,0.0,0.0,0.6625,0.3372395833333333
community_irrigation,ollama__llama3_2_3b,hybrid,ideal,1.0,37,15.401820801614821,3.7525080000000006,15.153422250000002,0.0,0.0,0.0,0.60703125,0.16640625
community_irrigation,ollama__llama3_2_3b,hybrid,ideal,1.0,38,15.46571601041207,3.794732472656251,15.2189336953125,0.0,0.0,0.0,0.6421875,0.2674479166666666
community_irrigation,ollama__llama3_2_3b,hybrid,ideal,1.0,39,15.426806763160876,3.784042875,15.26271075,0.0,0.0,0.0,0.64375,0.2734375
forest_co_management,ollama__llama3_2_3b,none,ideal,0.0,0,12.91187218571416,1.4888437500000005,15.061406250000001,0.0,0.0,0.0,0.0,0.0
forest_co_management,ollama__llama3_2_3b,none,ideal,0.0,1,12.612683682457313,1.55821875,15.05709375,0.0,0.0,0.0,0.0,0.0
forest_co_management,ollama__llama3_2_3b,none,ideal,0.0,2,14.605061297220383,1.1983125000000003,14.169375000000002,0.0,0.0,0.0,0.0,0.0
forest_co_management,ollama__llama3_2_3b,none,ideal,0.0,3,11.339577745319009,1.2554531250000003,14.303353265027214,0.0,0.0,0.0,0.0,0.0
forest_co_management,ollama__llama3_2_3b,none,ideal,0.0,4,12.251843700514343,1.2453281250000003,14.49121875,0.0,0.0,0.0,0.0,0.0
forest_co_management,ollama__llama3_2_3b,none,ideal,0.0,5,12.928444569197135,1.4008593750000005,15.116343750000002,0.0,0.0,0.0,0.0,0.0
forest_co_management,ollama__llama3_2_3b,none,ideal,0.0,6,14.255035969722595,1.2035625000000003,14.747812499999998,0.0,0.0,0.0,0.0,0.0
forest_co_management,ollama__llama3_2_3b,none,ideal,0.0,7,12.663774216035149,1.2767812500000002,14.756667853063941,0.0,0.0,0.0,0.0,0.0
forest_co_management,ollama__llama3_2_3b,none,ideal,0.0,8,10.688987301981195,1.1230781250000004,13.206876310908854,0.0,0.0,0.0,0.0,0.0
forest_co_management,ollama__llama3_2_3b,none,ideal,0.0,9,13.561990991286674,1.2672187500000003,14.969531250000001,0.0,0.0,0.0,0.0,0.0
forest_co_management,ollama__llama3_2_3b,none,ideal,0.0,10,12.52730290848665,1.0110468750000003,13.397308898143889,0.0,0.0,0.0,0.0,0.0
forest_co_management,ollama__llama3_2_3b,none,ideal,0.0,11,13.983693702798003,1.2365156250000005,14.560687500000002,0.0,0.0,0.0,0.0,0.0
forest_co_management,ollama__llama3_2_3b,none,ideal,0.0,12,13.836032621053844,1.1530312500000002,14.029803716682663,0.0,0.0,0.0,0.0,0.0
forest_co_management,ollama__llama3_2_3b,none,ideal,0.0,13,12.833800591661415,1.4309531250000003,15.041531249999998,0.0,0.0,0.0,0.0,0.0
forest_co_management,ollama__llama3_2_3b,none,ideal,0.0,14,14.050838838712572,1.1887500000000002,14.43084375,0.0,0.0,0.0,0.0,0.0
forest_co_management,ollama__llama3_2_3b,none,ideal,0.0,15,13.052458576057498,1.28971875,14.605218749999997,0.0,0.0,0.0,0.0,0.0
forest_co_management,ollama__llama3_2_3b,none,ideal,0.0,16,12.874698715097118,1.3177031250000004,15.127500000000001,0.0,0.0,0.0,0.0,0.0
forest_co_management,ollama__llama3_2_3b,none,ideal,0.0,17,11.365868239205264,1.3923750000000004,14.408688481026429,0.0,0.0,0.0,0.0,0.0
forest_co_management,ollama__llama3_2_3b,none,ideal,0.0,18,12.287971928141943,1.1969531250000003,13.84791733495853,0.0,0.0,0.0,0.0,0.0
forest_co_management,ollama__llama3_2_3b,none,ideal,0.0,19,11.268267392594154,1.4983125000000002,14.831349505696155,0.0,0.0,0.0,0.0,0.0
forest_co_management,ollama__llama3_2_3b,none,ideal,0.0,20,12.99440098091025,1.1984531250000001,14.5659375,0.0,0.0,0.0,0.0,0.0
forest_co_management,ollama__llama3_2_3b,none,ideal,0.0,21,11.720073336910684,1.4689218750000002,14.893593749999999,0.0,0.0,0.0,0.0,0.0
forest_co_management,ollama__llama3_2_3b,none,ideal,0.0,22,13.434696838660333,1.3448437500000003,14.972625,0.0,0.0,0.0,0.0,0.0
forest_co_management,ollama__llama3_2_3b,none,ideal,0.0,23,11.951621696408274,1.2502031250000003,14.764564239379721,0.0,0.0,0.0,0.0,0.0
forest_co_management,ollama__llama3_2_3b,none,ideal,0.0,24,11.748767135698497,1.2661406250000002,13.610709591666737,0.0,0.0,0.0,0.0,0.0
forest_co_management,ollama__llama3_2_3b,none,ideal,0.0,25,11.520917339419091,1.4841562500000003,14.760750000000002,0.0,0.0,0.0,0.0,0.0
forest_co_management,ollama__llama3_2_3b,none,ideal,0.0,26,13.722208979271873,1.2584531250000004,14.5873125,0.0,0.0,0.0,0.0,0.0
forest_co_management,ollama__llama3_2_3b,none,ideal,0.0,27,11.583356538275991,1.270171875,13.530861161410892,0.0,0.0,0.0,0.0,0.0
forest_co_management,ollama__llama3_2_3b,none,ideal,0.0,28,13.48943792784493,1.2529687500000002,14.956764057499525,0.0,0.0,0.0,0.0,0.0
forest_co_management,ollama__llama3_2_3b,none,ideal,0.0,29,14.167677374004857,1.1224218750000003,14.815125000000004,0.0,0.0,0.0,0.0,0.0
forest_co_management,ollama__llama3_2_3b,none,ideal,0.0,30,12.575638648069898,1.5089062500000003,15.055218750000002,0.0,0.0,0.0,0.0,0.0
forest_co_management,ollama__llama3_2_3b,none,ideal,0.0,31,11.888420230757038,1.4346093750000002,14.826562500000001,0.0,0.0,0.0,0.0,0.0
forest_co_management,ollama__llama3_2_3b,none,ideal,0.0,32,12.306955788120572,1.4183437500000002,14.55459375,0.0,0.0,0.0,0.0,0.0
forest_co_management,ollama__llama3_2_3b,none,ideal,0.0,33,12.305128585398872,1.2314531250000003,13.631716261320584,0.0,0.0,0.0,0.0,0.0
forest_co_management,ollama__llama3_2_3b,none,ideal,0.0,34,13.300704594142127,1.3633593750000002,14.55328125,0.0,0.0,0.0,0.0,0.0
forest_co_management,ollama__llama3_2_3b,none,ideal,0.0,35,13.599269216702291,1.3693593750000004,14.623218750000001,0.0,0.0,0.0,0.0,0.0
forest_co_management,ollama__llama3_2_3b,none,ideal,0.0,36,13.19806883673047,1.3980000000000001,14.771625,0.0,0.0,0.0,0.0,0.0
forest_co_management,ollama__llama3_2_3b,none,ideal,0.0,37,12.928469961510915,1.2418125000000004,14.477151249173572,0.0,0.0,0.0,0.0,0.0
forest_co_management,ollama__llama3_2_3b,none,ideal,0.0,38,11.566201279340387,1.4882343750000002,14.631031684077175,0.0,0.0,0.0,0.0,0.0
forest_co_management,ollama__llama3_2_3b,none,ideal,0.0,39,11.373341430238217,1.3874062500000004,13.575925171393807,0.0,0.0,0.0,0.0,0.0
forest_co_management,ollama__llama3_2_3b,none,ideal,0.5,0,7.2685993472207695,2.393,13.24729010775642,1.0,0.0,0.0,0.0,0.08449074074074074
forest_co_management,ollama__llama3_2_3b,none,ideal,0.5,1,6.973357161850826,2.542488636363637,13.526535166689563,1.0,0.0,0.0,0.0,0.0
forest_co_management,ollama__llama3_2_3b,none,ideal,0.5,2,7.847960191352298,3.279114583333334,13.242103273313324,1.0,0.0,0.0,0.0,0.07204861111111112
forest_co_management,ollama__llama3_2_3b,none,ideal,0.5,3,7.2615800284745795,3.022541666666667,13.932761443016613,1.0,0.0,0.0,0.0,0.03831018518518519
forest_co_management,ollama__llama3_2_3b,none,ideal,0.5,4,6.851542536012072,2.6953750000000003,13.619691284188903,1.0,0.0,0.0,0.0,0.03449074074074074
forest_co_management,ollama__llama3_2_3b,none,ideal,0.5,5,6.706594318707846,3.1177232142857143,14.13633219869192,1.0,0.0,0.0,0.0,0.04724702380952381
forest_co_management,ollama__llama3_2_3b,none,ideal,0.5,6,7.828374369724944,2.5410098281652562,11.580655863246434,1.0,0.0,0.0,0.0,0.035639693822259615
forest_co_management,ollama__llama3_2_3b,none,ideal,0.5,7,7.403330485591515,3.089947916666667,14.090093517194699,1.0,0.0,0.0,0.0,0.045717592592592594
forest_co_management,ollama__llama3_2_3b,none,ideal,0.5,8,6.584336647868443,2.4460137987012995,12.791696196596007,1.0,0.0,0.0,0.0,0.02733030858030858
forest_co_management,ollama__llama3_2_3b,none,ideal,0.5,9,7.144107875676287,3.39703125,13.951532998231329,1.0,0.0,0.0,0.0,0.0
forest_co_management,ollama__llama3_2_3b,none,ideal,0.5,10,7.37277601440681,2.790189102564103,12.963199160498338,1.0,0.0,0.0,0.0,0.09572649572649572
forest_co_management,ollama__llama3_2_3b,none,ideal,0.5,11,7.123384722128671,2.577825046277252,13.17117796019181,1.0,0.0,0.0,0.0,0.030986429148193856
forest_co_management,ollama__llama3_2_3b,none,ideal,0.5,12,7.41989409177941,3.4123958333333335,13.78762427646614,1.0,0.0,0.0,0.0,0.026909722222222224
forest_co_management,ollama__llama3_2_3b,none,ideal,0.5,13,7.977198063741847,1.9887019074675332,12.672544815338707,1.0,0.0,0.0,0.0,0.023337253024753025
forest_co_management,ollama__llama3_2_3b,none,ideal,0.5,14,7.683929417983796,2.6883636363636363,13.519427809789006,1.0,0.0,0.0,0.0,0.03827861952861953
forest_co_management,ollama__llama3_2_3b,none,ideal,0.5,15,8.665092487305728,1.9576022692899961,12.048328935144651,1.0,0.0,0.0,0.0,0.012497083088904778
forest_co_management,ollama__llama3_2_3b,none,ideal,0.5,16,7.1559610359181836,3.4493030303030308,13.32773369495013,1.0,0.0,0.0,0.0,0.017271675084175084
forest_co_management,ollama__llama3_2_3b,none,ideal,0.5,17,8.159853978860223,2.1912574300699306,12.367032450963581,1.0,0.0,0.0,0.0,0.0
forest_co_management,ollama__llama3_2_3b,none,ideal,0.5,18,7.827748062463805,2.1033566433566437,12.604549466572873,1.0,0.0,0.0,0.0,0.02908896658896659
forest_co_management,ollama__llama3_2_3b,none,ideal,0.5,19,8.690145256070007,1.8672613636363637,12.900311339974433,1.0,0.0,0.0,0.0,0.014867424242424243
forest_co_management,ollama__llama3_2_3b,none,ideal,0.5,20,7.086866038627791,3.614458333333334,12.968101583740907,1.0,0.0,0.0,0.0,0.051736111111111115
forest_co_management,ollama__llama3_2_3b,none,ideal,0.5,21,7.030968585572355,2.662007367632368,13.406264002644356,1.0,0.0,0.0,0.0,0.04541916416916417
forest_co_management,ollama__llama3_2_3b,none,ideal,0.5,22,7.9578618921814535,2.004446771978022,12.542802886344479,1.0,0.0,0.0,0.0,0.029010225885225883
forest_co_management,ollama__llama3_2_3b,none,ideal,0.5,23,9.026965286461438,1.492411057692308,12.36513373155299,1.0,0.0,0.0,0.0,0.02551415598290598
forest_co_management,ollama__llama3_2_3b,none,ideal,0.5,24,7.3843522374648725,3.0010044642857148,14.220430858170253,1.0,0.0,0.0,0.0,0.0744047619047619
forest_co_management,ollama__llama3_2_3b,none,ideal,0.5,25,7.142565905520268,3.1224107142857145,14.313471168465426,1.0,0.0,0.0,0.0,0.09933035714285714
forest_co_management,ollama__llama3_2_3b,none,ideal,0.5,26,7.082743184048771,3.3411830357142858,14.342711405942945,1.0,0.0,0.0,0.0,0.021949404761904757
forest_co_management,ollama__llama3_2_3b,none,ideal,0.5,27,7.953724417715181,2.015460443541965,13.252714633558458,1.0,0.0,0.0,0.0,0.012311983507635682
forest_co_management,ollama__llama3_2_3b,none,ideal,0.5,28,6.441198159744881,3.401651785714286,13.847152382862497,1.0,0.0,0.0,0.0,0.13988095238095238
forest_co_management,ollama__llama3_2_3b,none,ideal,0.5,29,7.230195074030417,2.493854166666667,13.57185479512906,1.0,0.0,0.0,0.0,0.03877314814814815
forest_co_management,ollama__llama3_2_3b,none,ideal,0.5,30,7.16984681330273,3.056041666666667,14.150619446647042,1.0,0.0,0.0,0.0,0.06423611111111112
forest_co_management,ollama__llama3_2_3b,none,ideal,0.5,31,6.746557347395372,2.263320580735055,12.727886354095823,1.0,0.0,0.0,0.0,0.06470795286584761
forest_co_management,ollama__llama3_2_3b,none,ideal,0.5,32,7.902131159233395,2.975795454545455,12.723062974924833,1.0,0.0,0.0,0.0,0.034511784511784514
forest_co_management,ollama__llama3_2_3b,none,ideal,0.5,33,7.756786905846681,2.526881628787879,13.585909939719173,1.0,0.0,0.0,0.0,0.02029671717171717
forest_co_management,ollama__llama3_2_3b,none,ideal,0.5,34,7.292965916679831,3.1442187500000003,13.84732402598647,1.0,0.0,0.0,0.0,0.04253472222222223
forest_co_management,ollama__llama3_2_3b,none,ideal,0.5,35,8.23007367791842,1.888839691558442,13.149618702969377,1.0,0.0,0.0,0.0,0.0
forest_co_management,ollama__llama3_2_3b,none,ideal,0.5,36,6.849900414027261,2.643270833333334,13.787095627779415,1.0,0.0,0.0,0.0,0.01857638888888889
forest_co_management,ollama__llama3_2_3b,none,ideal,0.5,37,7.08961023001004,3.7704910714285713,14.348543795862907,1.0,0.0,0.0,0.0,0.04241071428571428
forest_co_management,ollama__llama3_2_3b,none,ideal,0.5,38,6.598944015472123,2.9544274891774895,13.333130650375637,1.0,0.0,0.0,0.0,0.014461580086580087
forest_co_management,ollama__llama3_2_3b,none,ideal,0.5,39,8.45067476163041,1.8814156156343662,12.68217647995823,1.0,0.0,0.0,0.0,0.014359598734598735
forest_co_management,ollama__llama3_2_3b,none,ideal,1.0,0,2.6464941955586725,5.695714285714287,13.397804977700552,1.0,0.0,0.0,0.0,0.1101190476190476
forest_co_management,ollama__llama3_2_3b,none,ideal,1.0,1,3.0184696057646887,4.319999999999999,13.828716413371929,1.0,0.0,0.0,0.0,0.09523809523809523
forest_co_management,ollama__llama3_2_3b,none,ideal,1.0,2,2.795836123457201,4.601785714285716,13.561121145889535,1.0,0.0,0.0,0.0,0.0863095238095238
forest_co_management,ollama__llama3_2_3b,none,ideal,1.0,3,3.196386919173692,3.943191964285716,13.870620802280683,1.0,0.0,0.0,0.0,0.09375
forest_co_management,ollama__llama3_2_3b,none,ideal,1.0,4,2.7137419024509004,4.157611607142858,13.300395180557125,1.0,0.0,0.0,0.0,0.09375
forest_co_management,ollama__llama3_2_3b,none,ideal,1.0,5,3.6389175820259485,3.4147767857142854,13.951675896503072,1.0,0.0,0.0,0.0,0.08482142857142856
forest_co_management,ollama__llama3_2_3b,none,ideal,1.0,6,2.995675508081119,4.8064285714285715,13.922612805795081,1.0,0.0,0.0,0.0,0.07142857142857142
forest_co_management,ollama__llama3_2_3b,none,ideal,1.0,7,2.653037338522487,4.780714285714286,13.33266976440814,1.0,0.0,0.0,0.0,0.11904761904761903
forest_co_management,ollama__llama3_2_3b,none,ideal,1.0,8,2.446828009252812,4.967142857142858,12.941723215356317,1.0,0.0,0.0,0.0,0.16964285714285712
forest_co_management,ollama__llama3_2_3b,none,ideal,1.0,9,3.3703557323899664,4.175691964285715,14.012756395690282,1.0,0.0,0.0,0.0,0.06696428571428571
forest_co_management,ollama__llama3_2_3b,none,ideal,1.0,10,3.3824730140975277,3.9174776785714283,14.358720061107585,1.0,0.0,0.0,0.0,0.0703125
forest_co_management,ollama__llama3_2_3b,none,ideal,1.0,11,2.9615078102717707,4.400357142857144,13.646008617799954,1.0,0.0,0.0,0.0,0.09375
forest_co_management,ollama__llama3_2_3b,none,ideal,1.0,12,3.315018617622211,4.069285714285714,14.207377854865253,1.0,0.0,0.0,0.0,0.047619047619047616
forest_co_management,ollama__llama3_2_3b,none,ideal,1.0,13,3.512945541736782,3.9379687500000014,13.72914489445379,1.0,0.0,0.0,0.0,0.08482142857142856
forest_co_management,ollama__llama3_2_3b,none,ideal,1.0,14,2.591319901149947,5.034642857142857,13.161431818483404,1.0,0.0,0.0,0.0,0.09523809523809523
forest_co_management,ollama__llama3_2_3b,none,ideal,1.0,15,2.4080121862254154,5.447142857142857,12.949769179170346,1.0,0.0,0.0,0.0,0.15476190476190474
forest_co_management,ollama__llama3_2_3b,none,ideal,1.0,16,2.903649432542291,4.58732142857143,13.724082743181024,1.0,0.0,0.0,0.0,0.09523809523809523
forest_co_management,ollama__llama3_2_3b,none,ideal,1.0,17,2.65628167158353,5.0860714285714295,13.311654593677693,1.0,0.0,0.0,0.0,0.059523809523809514
forest_co_management,ollama__llama3_2_3b,none,ideal,1.0,18,2.5634364263363696,4.7614285714285725,13.315412758444566,1.0,0.0,0.0,0.0,0.14285714285714285
forest_co_management,ollama__llama3_2_3b,none,ideal,1.0,19,2.626468301156352,4.527857142857144,13.24025413328767,1.0,0.0,0.0,0.0,0.07738095238095237
forest_co_management,ollama__llama3_2_3b,none,ideal,1.0,20,3.0520416226894276,4.7544642857142865,14.019962186546254,1.0,0.0,0.0,0.0,0.09523809523809523
forest_co_management,ollama__llama3_2_3b,none,ideal,1.0,21,3.2369675848186548,4.401770833333334,12.971896054895796,1.0,0.0,0.0,0.0,0.04311342592592593
forest_co_management,ollama__llama3_2_3b,none,ideal,1.0,22,3.1298584782060828,4.070357142857144,13.950836659294648,1.0,0.0,0.0,0.0,0.023809523809523808
forest_co_management,ollama__llama3_2_3b,none,ideal,1.0,23,3.579748374640727,4.106183035714286,14.540813860822391,1.0,0.0,0.0,0.0,0.0822172619047619
forest_co_management,ollama__llama3_2_3b,none,ideal,1.0,24,3.693859965536718,3.4965625000000005,13.305918556255032,1.0,0.0,0.0,0.0,0.03819444444444444
forest_co_management,ollama__llama3_2_3b,none,ideal,1.0,25,2.814979851922616,4.719107142857144,13.59641416258811,1.0,0.0,0.0,0.0,0.0744047619047619
forest_co_management,ollama__llama3_2_3b,none,ideal,1.0,26,2.6622898443624505,3.9503571428571433,13.207741841794284,1.0,0.0,0.0,0.0,0.09523809523809523
forest_co_management,ollama__llama3_2_3b,none,ideal,1.0,27,2.508961574244032,5.061964285714286,12.838157641653305,1.0,0.0,0.0,0.0,0.047619047619047616
forest_co_management,ollama__llama3_2_3b,none,ideal,1.0,28,2.8057080756886674,4.7700000000000005,13.434765710925383,1.0,0.0,0.0,0.0,0.10119047619047618
forest_co_management,ollama__llama3_2_3b,none,ideal,1.0,29,3.2318597839672005,4.371428571428571,14.247209967215467,1.0,0.0,0.0,0.0,0.14285714285714282
forest_co_management,ollama__llama3_2_3b,none,ideal,1.0,30,2.9213718822874313,5.1899999999999995,13.70518182759383,1.0,0.0,0.0,0.0,0.11904761904761903
forest_co_management,ollama__llama3_2_3b,none,ideal,1.0,31,2.485248645584235,5.2285714285714295,13.013722544803414,1.0,0.0,0.0,0.0,0.12202380952380949
forest_co_management,ollama__llama3_2_3b,none,ideal,1.0,32,3.000163240433501,4.124464285714286,13.634746083986617,1.0,0.0,0.0,0.0,0.047619047619047616
forest_co_management,ollama__llama3_2_3b,none,ideal,1.0,33,2.3896969922465026,5.356607142857143,12.841618222972285,1.0,0.0,0.0,0.0,0.11904761904761903
forest_co_management,ollama__llama3_2_3b,none,ideal,1.0,34,2.819493840553059,4.936607142857143,13.421963582525851,1.0,0.0,0.0,0.0,0.11904761904761903
forest_co_management,ollama__llama3_2_3b,none,ideal,1.0,35,3.3435626941313155,3.5771875000000004,13.353977259878642,1.0,0.0,0.0,0.0,0.06163194444444445
forest_co_management,ollama__llama3_2_3b,none,ideal,1.0,36,3.1167831027426027,4.837633928571428,13.849485292174911,1.0,0.0,0.0,0.0,0.0
forest_co_management,ollama__llama3_2_3b,none,ideal,1.0,37,2.779399404979265,4.407857142857143,13.51625509070339,1.0,0.0,0.0,0.0,0.09523809523809523
forest_co_management,ollama__llama3_2_3b,none,ideal,1.0,38,2.275437539450028,4.943035714285715,12.622571155067979,1.0,0.0,0.0,0.0,0.1339285714285714
forest_co_management,ollama__llama3_2_3b,none,ideal,1.0,39,3.3843128673167993,3.60530505952381,13.568733251451176,1.0,0.0,0.0,0.0,0.0638640873015873
forest_co_management,ollama__llama3_2_3b,bottom_up_only,ideal,0.0,0,17.75703501565281,0.2701423500000003,8.87993836875,0.0,0.0,0.0,0.0,0.0
forest_co_management,ollama__llama3_2_3b,bottom_up_only,ideal,0.0,1,15.862405419653726,0.8560980960937504,13.12628075625,0.0,0.0,0.0,0.0,0.0
forest_co_management,ollama__llama3_2_3b,bottom_up_only,ideal,0.0,2,16.494288870845907,0.5177129203124999,12.703553615625001,0.0,0.0,0.0,0.0,0.0
forest_co_management,ollama__llama3_2_3b,bottom_up_only,ideal,0.0,3,16.53447305707062,0.5547711187499997,11.969520150000001,0.0,0.0,0.0,0.0,0.0
forest_co_management,ollama__llama3_2_3b,bottom_up_only,ideal,0.0,4,16.384272873870962,0.6929707968750003,12.291874781249998,0.0,0.0,0.0,0.0,0.0
forest_co_management,ollama__llama3_2_3b,bottom_up_only,ideal,0.0,5,16.07907704139287,0.7239506015625004,13.00223709375,0.0,0.0,0.0,0.0,0.0
forest_co_management,ollama__llama3_2_3b,bottom_up_only,ideal,0.0,6,16.611218966837903,0.6358516148437505,12.381302699999997,0.0,0.0,0.0,0.0,0.0
forest_co_management,ollama__llama3_2_3b,bottom_up_only,ideal,0.0,7,16.933496787685147,0.5798678625000004,11.123710875000002,0.0,0.0,0.0,0.0,0.0
forest_co_management,ollama__llama3_2_3b,bottom_up_only,ideal,0.0,8,16.341857666587472,0.5535023203125005,12.699397153125004,0.0,0.0,0.0,0.0,0.0
forest_co_management,ollama__llama3_2_3b,bottom_up_only,ideal,0.0,9,15.597523333662018,0.8831174859375,13.276455384375,0.0,0.0,0.0,0.0,0.0
forest_co_management,ollama__llama3_2_3b,bottom_up_only,ideal,0.0,10,17.292471210175282,0.29529784453125013,11.102888925000002,0.0,0.0,0.0,0.0,0.0
forest_co_management,ollama__llama3_2_3b,bottom_up_only,ideal,0.0,11,17.40144606854519,0.27744702421875017,10.817681718749999,0.0,0.0,0.0,0.0,0.0
forest_co_management,ollama__llama3_2_3b,bottom_up_only,ideal,0.0,12,16.2376525030192,0.918725784375,12.151171499999997,0.0,0.0,0.0,0.0,0.0
forest_co_management,ollama__llama3_2_3b,bottom_up_only,ideal,0.0,13,17.17080774215396,0.5402284570312501,10.5867671625,0.0,0.0,0.0,0.0,0.0
forest_co_management,ollama__llama3_2_3b,bottom_up_only,ideal,0.0,14,17.139112493600262,0.47050818750000006,10.1899779375,0.0,0.0,0.0,0.0,0.0
forest_co_management,ollama__llama3_2_3b,bottom_up_only,ideal,0.0,15,16.07947136216671,0.9068994445312499,11.68697045625,0.0,0.0,0.0,0.0,0.0
forest_co_management,ollama__llama3_2_3b,bottom_up_only,ideal,0.0,16,16.287634916599984,0.5725396992187504,12.861624628125,0.0,0.0,0.0,0.0,0.0
forest_co_management,ollama__llama3_2_3b,bottom_up_only,ideal,0.0,17,16.67126895357874,0.6016237054687499,12.272067309375,0.0,0.0,0.0,0.0,0.0
forest_co_management,ollama__llama3_2_3b,bottom_up_only,ideal,0.0,18,17.280383287105316,0.2421116062500003,10.934613356249995,0.0,0.0,0.0,0.0,0.0
forest_co_management,ollama__llama3_2_3b,bottom_up_only,ideal,0.0,19,16.590695818221327,0.61229778515625,11.454123009374998,0.0,0.0,0.0,0.0,0.0
forest_co_management,ollama__llama3_2_3b,bottom_up_only,ideal,0.0,20,17.146070665954845,0.3282538898437507,11.40110895,0.0,0.0,0.0,0.0,0.0
forest_co_management,ollama__llama3_2_3b,bottom_up_only,ideal,0.0,21,17.073164094801623,0.6090484687500002,10.633726387500001,0.0,0.0,0.0,0.0,0.0
forest_co_management,ollama__llama3_2_3b,bottom_up_only,ideal,0.0,22,17.333030552370587,0.42473685234375,10.6197017625,0.0,0.0,0.0,0.0,0.0
forest_co_management,ollama__llama3_2_3b,bottom_up_only,ideal,0.0,23,15.355989198329148,1.2497884945312507,13.681172325,0.0,0.0,0.0,0.0,0.0
forest_co_management,ollama__llama3_2_3b,bottom_up_only,ideal,0.0,24,16.597805536860864,0.7038665460937501,12.003334959375,0.0,0.0,0.0,0.0,0.0
forest_co_management,ollama__llama3_2_3b,bottom_up_only,ideal,0.0,25,16.349517645565207,0.7104814710937506,12.783358153125002,0.0,0.0,0.0,0.0,0.0
forest_co_management,ollama__llama3_2_3b,bottom_up_only,ideal,0.0,26,16.405875498921283,0.5922879726562504,12.678237900000003,0.0,0.0,0.0,0.0,0.0
forest_co_management,ollama__llama3_2_3b,bottom_up_only,ideal,0.0,27,16.82739066325619,0.6142324335937503,10.95842595,0.0,0.0,0.0,0.0,0.0
forest_co_management,ollama__llama3_2_3b,bottom_up_only,ideal,0.0,28,15.836056761913287,0.9815171882812503,12.6749833125,0.0,0.0,0.0,0.0,0.0
forest_co_management,ollama__llama3_2_3b,bottom_up_only,ideal,0.0,29,16.807754534075798,0.2733754007812501,12.249794653124999,0.0,0.0,0.0,0.0,0.0
forest_co_management,ollama__llama3_2_3b,bottom_up_only,ideal,0.0,30,17.10002402681874,0.44231192578125,11.0452614,0.0,0.0,0.0,0.0,0.0
forest_co_management,ollama__llama3_2_3b,bottom_up_only,ideal,0.0,31,16.34150797094324,0.7074897890625003,12.619560824999999,0.0,0.0,0.0,0.0,0.0
forest_co_management,ollama__llama3_2_3b,bottom_up_only,ideal,0.0,32,17.430494272943186,0.1852208625000002,10.461623043749999,0.0,0.0,0.0,0.0,0.0
forest_co_management,ollama__llama3_2_3b,bottom_up_only,ideal,0.0,33,16.470449261879523,0.5692938984375004,12.321517499999999,0.0,0.0,0.0,0.0,0.0
forest_co_management,ollama__llama3_2_3b,bottom_up_only,ideal,0.0,34,16.31919707337015,0.7477910414062505,12.908962265625,0.0,0.0,0.0,0.0,0.0
forest_co_management,ollama__llama3_2_3b,bottom_up_only,ideal,0.0,35,16.76801497168112,0.6540358500000002,11.835864965625003,0.0,0.0,0.0,0.0,0.0
forest_co_management,ollama__llama3_2_3b,bottom_up_only,ideal,0.0,36,16.91106424657911,0.40736501250000046,11.283027618750001,0.0,0.0,0.0,0.0,0.0
forest_co_management,ollama__llama3_2_3b,bottom_up_only,ideal,0.0,37,17.23885835162671,0.3510369023437501,11.000228690625,0.0,0.0,0.0,0.0,0.0
forest_co_management,ollama__llama3_2_3b,bottom_up_only,ideal,0.0,38,17.31816543260068,0.33063623437500006,10.791515409374998,0.0,0.0,0.0,0.0,0.0
forest_co_management,ollama__llama3_2_3b,bottom_up_only,ideal,0.0,39,16.188777584427868,0.9217492054687502,12.706172250000002,0.0,0.0,0.0,0.0,0.0
forest_co_management,ollama__llama3_2_3b,bottom_up_only,ideal,0.5,0,9.490867594327678,1.4629330106438245,11.30986239062761,1.0,0.0,0.0,0.0,0.012717104411183358
forest_co_management,ollama__llama3_2_3b,bottom_up_only,ideal,0.5,1,8.642888183132637,3.1753213191964287,11.611208851626976,1.0,0.0,0.0,0.0,0.05530753968253968
forest_co_management,ollama__llama3_2_3b,bottom_up_only,ideal,0.5,2,8.914747560163208,3.056886796875,11.714808918992583,1.0,0.0,0.0,0.0,0.041666666666666664
forest_co_management,ollama__llama3_2_3b,bottom_up_only,ideal,0.5,3,9.011526395363251,1.7373143106747424,11.002638199232662,1.0,0.0,0.0,0.0,0.020597216792868966
forest_co_management,ollama__llama3_2_3b,bottom_up_only,ideal,0.5,4,8.590200794101197,3.0373773515625,12.33287335025453,1.0,0.0,0.0,0.0,0.0625
forest_co_management,ollama__llama3_2_3b,bottom_up_only,ideal,0.5,5,9.386384491213322,1.5879762504152097,11.274445425544318,1.0,0.0,0.0,0.0,0.026115481740481745
forest_co_management,ollama__llama3_2_3b,bottom_up_only,ideal,0.5,6,8.858777596450622,2.097659497395834,12.43010276141604,1.0,0.0,0.0,0.0,0.02025462962962963
forest_co_management,ollama__llama3_2_3b,bottom_up_only,ideal,0.5,7,8.394840746965645,3.1518493359375,11.996747768313567,1.0,0.0,0.0,0.0,0.08854166666666667
forest_co_management,ollama__llama3_2_3b,bottom_up_only,ideal,0.5,8,9.078160502103659,2.313611205729167,11.301960690417287,1.0,0.0,0.0,0.0,0.03922784391534392
forest_co_management,ollama__llama3_2_3b,bottom_up_only,ideal,0.5,9,8.22968948224521,1.9897229900932405,12.889668327285403,1.0,0.0,0.0,0.0,0.014417411292411295
forest_co_management,ollama__llama3_2_3b,bottom_up_only,ideal,0.5,10,9.198445313319649,2.189906716236889,11.65080187046804,1.0,0.0,0.0,0.0,0.025791569541569543
forest_co_management,ollama__llama3_2_3b,bottom_up_only,ideal,0.5,11,8.805332608789113,2.4136424497767854,12.329022080642472,1.0,0.0,0.0,0.0,0.04873511904761905
forest_co_management,ollama__llama3_2_3b,bottom_up_only,ideal,0.5,12,9.439955744934943,2.2305791208135424,10.300140594113913,1.0,0.0,0.0,0.0,0.027586645165979532
forest_co_management,ollama__llama3_2_3b,bottom_up_only,ideal,0.5,13,8.748620110822568,2.0229642810897444,12.216357016326626,1.0,0.0,0.0,0.0,0.0
forest_co_management,ollama__llama3_2_3b,bottom_up_only,ideal,0.5,14,8.587675513851883,3.2908584542410715,12.477334868509615,1.0,0.0,0.0,0.0,0.06733630952380952
forest_co_management,ollama__llama3_2_3b,bottom_up_only,ideal,0.5,15,8.802411895110493,2.3424942031250002,12.418060360622043,1.0,0.0,0.0,0.0,0.018865740740740742
forest_co_management,ollama__llama3_2_3b,bottom_up_only,ideal,0.5,16,9.852323331907614,1.298857648657844,11.843606272249305,1.0,0.0,0.0,0.0,0.023259246343611668
forest_co_management,ollama__llama3_2_3b,bottom_up_only,ideal,0.5,17,9.06048171201924,2.2738905484374996,12.60014654949121,1.0,0.0,0.0,0.0,0.01873421717171717
forest_co_management,ollama__llama3_2_3b,bottom_up_only,ideal,0.5,18,8.904158967745246,2.8939994479166673,11.835573213500147,1.0,0.0,0.0,0.0,0.03819444444444444
forest_co_management,ollama__llama3_2_3b,bottom_up_only,ideal,0.5,19,8.555269384284482,2.060394331423374,11.996336882626977,1.0,0.0,0.0,0.0,0.04699493367256525
forest_co_management,ollama__llama3_2_3b,bottom_up_only,ideal,0.5,20,8.53566827732224,2.4741035394267192,12.140040979984278,1.0,0.0,0.0,0.0,0.04265430749805751
forest_co_management,ollama__llama3_2_3b,bottom_up_only,ideal,0.5,21,9.65196642496064,2.176013434586247,10.783676666741604,1.0,0.0,0.0,0.0,0.0
forest_co_management,ollama__llama3_2_3b,bottom_up_only,ideal,0.5,22,8.771825951253048,2.35895175,12.25517428622043,1.0,0.0,0.0,0.0,0.0
forest_co_management,ollama__llama3_2_3b,bottom_up_only,ideal,0.5,23,8.616792550010597,2.646222325520834,12.89756566643032,1.0,0.0,0.0,0.0,0.04253472222222223
forest_co_management,ollama__llama3_2_3b,bottom_up_only,ideal,0.5,24,8.775216528714187,2.7900503671875008,11.715254152992532,1.0,0.0,0.0,0.0,0.059895833333333336
forest_co_management,ollama__llama3_2_3b,bottom_up_only,ideal,0.5,25,9.493086362987853,1.8231814140625002,11.36083771762863,1.0,0.0,0.0,0.0,0.0
forest_co_management,ollama__llama3_2_3b,bottom_up_only,ideal,0.5,26,9.215716687810172,1.7159680559355839,11.506381753825147,1.0,0.0,0.0,0.0,0.021544118622922975
forest_co_management,ollama__llama3_2_3b,bottom_up_only,ideal,0.5,27,7.770314409547699,1.7890042211538468,12.870559930457372,1.0,0.0,0.0,0.0,0.04754759129759129
forest_co_management,ollama__llama3_2_3b,bottom_up_only,ideal,0.5,28,8.714372504278039,1.756907540843532,12.19251502430588,1.0,0.0,0.0,0.0,0.013976301476301476
forest_co_management,ollama__llama3_2_3b,bottom_up_only,ideal,0.5,29,8.713918570084596,2.857342029183806,11.464274203938508,1.0,0.0,0.0,0.0,0.014139081234669471
forest_co_management,ollama__llama3_2_3b,bottom_up_only,ideal,0.5,30,9.36493721085466,2.1611645870175566,10.61813776087444,1.0,0.0,0.0,0.0,0.022992714790799156
forest_co_management,ollama__llama3_2_3b,bottom_up_only,ideal,0.5,31,8.547033421052824,2.51581509375,12.679142714727687,1.0,0.0,0.0,0.0,0.0
forest_co_management,ollama__llama3_2_3b,bottom_up_only,ideal,0.5,32,7.794130544222488,2.8135618954613095,13.514654463693006,1.0,0.0,0.0,0.0,0.0441468253968254
forest_co_management,ollama__llama3_2_3b,bottom_up_only,ideal,0.5,33,8.208814562298965,2.4371251250000006,13.139839417832928,1.0,0.0,0.0,0.0,0.0
forest_co_management,ollama__llama3_2_3b,bottom_up_only,ideal,0.5,34,9.420981432352015,2.044809324628497,11.988181974471512,1.0,0.0,0.0,0.0,0.028636525511525512
forest_co_management,ollama__llama3_2_3b,bottom_up_only,ideal,0.5,35,8.62847170903532,2.7916448470982145,13.189282430900931,1.0,0.0,0.0,0.0,0.02120535714285714
forest_co_management,ollama__llama3_2_3b,bottom_up_only,ideal,0.5,36,8.83510196363409,2.2338990099431824,12.094240100090857,1.0,0.0,0.0,0.0,0.04647393048128342
forest_co_management,ollama__llama3_2_3b,bottom_up_only,ideal,0.5,37,8.241557665721311,3.0933631640625006,13.045597062232678,1.0,0.0,0.0,0.0,0.04050925925925926
forest_co_management,ollama__llama3_2_3b,bottom_up_only,ideal,0.5,38,9.002922435932097,2.319162810606061,11.165565647916115,1.0,0.0,0.0,0.0,0.034890572390572396
forest_co_management,ollama__llama3_2_3b,bottom_up_only,ideal,0.5,39,8.74846670625059,3.2166494114583335,12.183815567068887,1.0,0.0,0.0,0.0,0.06423611111111112
forest_co_management,ollama__llama3_2_3b,bottom_up_only,ideal,1.0,0,3.3123604569856226,3.91130142857143,13.960023792863279,1.0,0.0,0.0,0.0,0.07142857142857142
forest_co_management,ollama__llama3_2_3b,bottom_up_only,ideal,1.0,1,3.560123068098883,3.4183833333333338,13.408295721364347,1.0,0.0,0.0,0.0,0.09837962962962964
forest_co_management,ollama__llama3_2_3b,bottom_up_only,ideal,1.0,2,3.204935395629298,4.268454107142857,13.946418875191123,1.0,0.0,0.0,0.0,0.11904761904761903
forest_co_management,ollama__llama3_2_3b,bottom_up_only,ideal,1.0,3,2.6108808027496586,5.452615044642858,13.10902887647327,1.0,0.0,0.0,0.0,0.07142857142857142
forest_co_management,ollama__llama3_2_3b,bottom_up_only,ideal,1.0,4,3.1299980634142894,3.891950357142857,14.032682117339391,1.0,0.0,0.0,0.0,0.07142857142857142
forest_co_management,ollama__llama3_2_3b,bottom_up_only,ideal,1.0,5,3.131128324312159,4.66653,13.827924123324852,1.0,0.0,0.0,0.0,0.11904761904761903
forest_co_management,ollama__llama3_2_3b,bottom_up_only,ideal,1.0,6,2.9479193277425715,4.4501228571428575,13.983066954350146,1.0,0.0,0.0,0.0,0.11904761904761903
forest_co_management,ollama__llama3_2_3b,bottom_up_only,ideal,1.0,7,3.398315287568024,4.275541171875002,14.39137980901995,1.0,0.0,0.0,0.0,0.14062499999999997
forest_co_management,ollama__llama3_2_3b,bottom_up_only,ideal,1.0,8,3.7267917889552105,3.737440885416667,13.99044894019491,1.0,0.0,0.0,0.0,0.041087962962962965
forest_co_management,ollama__llama3_2_3b,bottom_up_only,ideal,1.0,9,3.1246948665171943,4.383195535714286,13.909988065027145,1.0,0.0,0.0,0.0,0.09523809523809523
forest_co_management,ollama__llama3_2_3b,bottom_up_only,ideal,1.0,10,3.4689012737932057,4.50729609375,13.918010092750663,1.0,0.0,0.0,0.0,0.06212797619047619
forest_co_management,ollama__llama3_2_3b,bottom_up_only,ideal,1.0,11,2.9624161211502154,4.639467857142858,13.753535285931402,1.0,0.0,0.0,0.0,0.047619047619047616
forest_co_management,ollama__llama3_2_3b,bottom_up_only,ideal,1.0,12,2.6372198985651947,4.970218258928572,13.183115588985023,1.0,0.0,0.0,0.0,0.08333333333333331
forest_co_management,ollama__llama3_2_3b,bottom_up_only,ideal,1.0,13,2.723072086371933,4.935380758928572,13.387821786954822,1.0,0.0,0.0,0.0,0.07142857142857142
forest_co_management,ollama__llama3_2_3b,bottom_up_only,ideal,1.0,14,3.356543613500171,4.292737851562499,13.87654161628172,1.0,0.0,0.0,0.0,0.06584821428571429
forest_co_management,ollama__llama3_2_3b,bottom_up_only,ideal,1.0,15,2.726684819486162,5.1137627678571445,13.51322008475297,1.0,0.0,0.0,0.0,0.10119047619047618
forest_co_management,ollama__llama3_2_3b,bottom_up_only,ideal,1.0,16,2.5193642223641532,5.111113928571429,12.9492827730278,1.0,0.0,0.0,0.0,0.09523809523809523
forest_co_management,ollama__llama3_2_3b,bottom_up_only,ideal,1.0,17,2.8673457377171148,4.429284642857143,13.67650754482179,1.0,0.0,0.0,0.0,0.16666666666666666
forest_co_management,ollama__llama3_2_3b,bottom_up_only,ideal,1.0,18,2.620799876293463,4.792881294642858,13.27723293682758,1.0,0.0,0.0,0.0,0.10119047619047618
forest_co_management,ollama__llama3_2_3b,bottom_up_only,ideal,1.0,19,2.7712671017651678,4.714208571428573,13.58907386185227,1.0,0.0,0.0,0.0,0.16666666666666666
forest_co_management,ollama__llama3_2_3b,bottom_up_only,ideal,1.0,20,3.4213696357804055,4.0550752399553565,14.177029596796366,1.0,0.0,0.0,0.0,0.09077380952380953
forest_co_management,ollama__llama3_2_3b,bottom_up_only,ideal,1.0,21,2.8133554383711723,4.995185357142859,13.524120190086961,1.0,0.0,0.0,0.0,0.047619047619047616
forest_co_management,ollama__llama3_2_3b,bottom_up_only,ideal,1.0,22,3.982345541028137,3.5811600669642867,14.003478284021789,1.0,0.0,0.0,0.0,0.09449404761904762
forest_co_management,ollama__llama3_2_3b,bottom_up_only,ideal,1.0,23,3.2513316706396633,4.885638080357143,14.290863064575936,1.0,0.0,0.0,0.0,0.047619047619047616
forest_co_management,ollama__llama3_2_3b,bottom_up_only,ideal,1.0,24,3.1870569945000384,4.589655970982142,13.844965373455475,1.0,0.0,0.0,0.0,0.08668154761904762
forest_co_management,ollama__llama3_2_3b,bottom_up_only,ideal,1.0,25,3.528077709940611,4.401014732142858,13.914533709595768,1.0,0.0,0.0,0.0,0.09635416666666667
forest_co_management,ollama__llama3_2_3b,bottom_up_only,ideal,1.0,26,2.729493805600602,4.13071017857143,13.379743100492227,1.0,0.0,0.0,0.0,0.14285714285714282
forest_co_management,ollama__llama3_2_3b,bottom_up_only,ideal,1.0,27,3.7448653640915137,4.08594427827381,14.052042072592277,1.0,0.0,0.0,0.0,0.13442460317460317
forest_co_management,ollama__llama3_2_3b,bottom_up_only,ideal,1.0,28,3.6861902542955898,4.287465150669643,14.299049465630363,1.0,0.0,0.0,0.0,0.06808035714285714
forest_co_management,ollama__llama3_2_3b,bottom_up_only,ideal,1.0,29,3.367351438353167,4.713054508928572,14.264322335989434,1.0,0.0,0.0,0.0,0.0982142857142857
forest_co_management,ollama__llama3_2_3b,bottom_up_only,ideal,1.0,30,2.6940030347408186,4.0424772321428595,13.30799582401756,1.0,0.0,0.0,0.0,0.14880952380952378
forest_co_management,ollama__llama3_2_3b,bottom_up_only,ideal,1.0,31,3.679008784487425,4.631338928571429,14.832292150612716,1.0,0.0,0.0,0.0,0.0703125
forest_co_management,ollama__llama3_2_3b,bottom_up_only,ideal,1.0,32,3.516876753785558,4.624374910714286,14.67085075614554,1.0,0.0,0.0,0.0,0.047619047619047616
forest_co_management,ollama__llama3_2_3b,bottom_up_only,ideal,1.0,33,2.9754094296169846,4.596306428571431,13.708340228304953,1.0,0.0,0.0,0.0,0.047619047619047616
forest_co_management,ollama__llama3_2_3b,bottom_up_only,ideal,1.0,34,3.038291680232294,5.179107589285715,13.685951706614704,1.0,0.0,0.0,0.0,0.023809523809523808
forest_co_management,ollama__llama3_2_3b,bottom_up_only,ideal,1.0,35,2.7300705086918162,3.9034354017857154,13.579946139114819,1.0,0.0,0.0,0.0,0.14285714285714285
forest_co_management,ollama__llama3_2_3b,bottom_up_only,ideal,1.0,36,3.60685235405081,3.911299268973215,13.721941816807636,1.0,0.0,0.0,0.0,0.047991071428571425
forest_co_management,ollama__llama3_2_3b,bottom_up_only,ideal,1.0,37,3.3986343991717733,4.696267533482144,14.024564082644321,1.0,0.0,0.0,0.0,0.09375
forest_co_management,ollama__llama3_2_3b,bottom_up_only,ideal,1.0,38,3.559496647797734,4.355620613839285,14.007270131696778,1.0,0.0,0.0,0.0,0.06584821428571429
forest_co_management,ollama__llama3_2_3b,bottom_up_only,ideal,1.0,39,3.583847099594867,3.91823296875,13.82209109397612,1.0,0.0,0.0,0.0,0.04241071428571428
forest_co_management,ollama__llama3_2_3b,top_down_only,ideal,0.0,0,15.598525096367604,1.9653281250000005,12.753468750000003,0.0,0.0,0.0,0.6171875,0.0
forest_co_management,ollama__llama3_2_3b,top_down_only,ideal,0.0,1,15.641047338627427,1.9749374999999998,12.80165625,0.0,0.0,0.0,0.6031249999999999,0.0
forest_co_management,ollama__llama3_2_3b,top_down_only,ideal,0.0,2,15.75411267618326,1.7773593750000003,12.81740625,0.0,0.0,0.0,0.5453125,0.0
forest_co_management,ollama__llama3_2_3b,top_down_only,ideal,0.0,3,15.721940244758652,1.8283593750000002,12.756843750000002,0.0,0.0,0.0,0.5718749999999999,0.0
forest_co_management,ollama__llama3_2_3b,top_down_only,ideal,0.0,4,15.796483131298764,1.7020312500000003,12.613125,0.0,0.0,0.0,0.5390625,0.0
forest_co_management,ollama__llama3_2_3b,top_down_only,ideal,0.0,5,15.784083872158469,1.8246562500000003,12.685781250000002,0.0,0.0,0.0,0.5546875,0.0
forest_co_management,ollama__llama3_2_3b,top_down_only,ideal,0.0,6,15.690649488028757,1.9021875000000004,12.894937500000003,0.0,0.0,0.0,0.5734374999999999,0.0
forest_co_management,ollama__llama3_2_3b,top_down_only,ideal,0.0,7,15.77107417638004,1.7497031250000001,12.71128125,0.0,0.0,0.0,0.5375,0.0
forest_co_management,ollama__llama3_2_3b,top_down_only,ideal,0.0,8,15.735075291131697,1.8289687500000005,12.825000000000003,0.0,0.0,0.0,0.5609375000000001,0.0
forest_co_management,ollama__llama3_2_3b,top_down_only,ideal,0.0,9,15.854619890754673,1.7150156250000004,12.6088125,0.0,0.0,0.0,0.53125,0.0
forest_co_management,ollama__llama3_2_3b,top_down_only,ideal,0.0,10,15.9722038782829,1.648921875,12.622031250000003,0.0,0.0,0.0,0.51875,0.0
forest_co_management,ollama__llama3_2_3b,top_down_only,ideal,0.0,11,15.684932425367087,1.8839531250000003,12.791531250000002,0.0,0.0,0.0,0.5843750000000001,0.0
forest_co_management,ollama__llama3_2_3b,top_down_only,ideal,0.0,12,15.671073194720202,1.8453750000000002,12.621750000000002,0.0,0.0,0.0,0.5875,0.0
forest_co_management,ollama__llama3_2_3b,top_down_only,ideal,0.0,13,15.952096101278268,1.607859375,12.581156250000003,0.0,0.0,0.0,0.5140624999999999,0.0
forest_co_management,ollama__llama3_2_3b,top_down_only,ideal,0.0,14,15.66315121257505,1.84246875,12.765937500000001,0.0,0.0,0.0,0.575,0.0
forest_co_management,ollama__llama3_2_3b,top_down_only,ideal,0.0,15,15.725316660475048,1.81875,12.775875000000001,0.0,0.0,0.0,0.565625,0.0
forest_co_management,ollama__llama3_2_3b,top_down_only,ideal,0.0,16,15.708454177901348,1.7797500000000004,12.726562500000002,0.0,0.0,0.0,0.5609375000000001,0.0
forest_co_management,ollama__llama3_2_3b,top_down_only,ideal,0.0,17,16.23208560712908,1.4122500000000002,12.63225,0.0,0.0,0.0,0.45625000000000004,0.0
forest_co_management,ollama__llama3_2_3b,top_down_only,ideal,0.0,18,16.107269825199303,1.4995312500000004,12.4400625,0.0,0.0,0.0,0.5,0.0
forest_co_management,ollama__llama3_2_3b,top_down_only,ideal,0.0,19,15.566686361885399,2.034234375,12.88171875,0.0,0.0,0.0,0.61875,0.0
forest_co_management,ollama__llama3_2_3b,top_down_only,ideal,0.0,20,15.703717923514546,1.8306093750000003,12.818718750000002,0.0,0.0,0.0,0.5625,0.0
forest_co_management,ollama__llama3_2_3b,top_down_only,ideal,0.0,21,16.178765848755376,1.417078125,12.64678125,0.0,0.0,0.0,0.4359375,0.0
forest_co_management,ollama__llama3_2_3b,top_down_only,ideal,0.0,22,15.725981235223596,1.8283125,12.881062500000002,0.0,0.0,0.0,0.5515625000000001,0.0
forest_co_management,ollama__llama3_2_3b,top_down_only,ideal,0.0,23,15.872792651912324,1.716890625,12.811218750000002,0.0,0.0,0.0,0.5265625,0.0
forest_co_management,ollama__llama3_2_3b,top_down_only,ideal,0.0,24,15.643874073677072,1.90725,12.743437499999999,0.0,0.0,0.0,0.590625,0.0
forest_co_management,ollama__llama3_2_3b,top_down_only,ideal,0.0,25,15.803529997182277,1.760953125,12.7434375,0.0,0.0,0.0,0.5390625,0.0
forest_co_management,ollama__llama3_2_3b,top_down_only,ideal,0.0,26,15.941868441297387,1.609078125,12.56803125,0.0,0.0,0.0,0.515625,0.0
forest_co_management,ollama__llama3_2_3b,top_down_only,ideal,0.0,27,15.683754820661735,1.8345937500000002,12.6354375,0.0,0.0,0.0,0.59375,0.0
forest_co_management,ollama__llama3_2_3b,top_down_only,ideal,0.0,28,15.706458386095445,1.8500156250000002,12.867093750000002,0.0,0.0,0.0,0.5609375,0.0
forest_co_management,ollama__llama3_2_3b,top_down_only,ideal,0.0,29,15.978990137687795,1.6754062500000002,12.72046875,0.0,0.0,0.0,0.5125,0.0
forest_co_management,ollama__llama3_2_3b,top_down_only,ideal,0.0,30,15.720969458153753,1.8495468750000001,12.961781250000001,0.0,0.0,0.0,0.5453125000000001,0.0
forest_co_management,ollama__llama3_2_3b,top_down_only,ideal,0.0,31,15.876295279467833,1.6084687500000001,12.469218750000001,0.0,0.0,0.0,0.53125,0.0
forest_co_management,ollama__llama3_2_3b,top_down_only,ideal,0.0,32,15.757982274431951,1.7816718750000002,12.873843749999999,0.0,0.0,0.0,0.5375000000000001,0.0
forest_co_management,ollama__llama3_2_3b,top_down_only,ideal,0.0,33,16.093207123244216,1.4266875000000003,12.2510625,0.0,0.0,0.0,0.5078125,0.0
forest_co_management,ollama__llama3_2_3b,top_down_only,ideal,0.0,34,15.964029729680151,1.6521093750000002,12.646875000000001,0.0,0.0,0.0,0.515625,0.0
forest_co_management,ollama__llama3_2_3b,top_down_only,ideal,0.0,35,15.794283421774345,1.7089687500000004,12.6526875,0.0,0.0,0.0,0.534375,0.0
forest_co_management,ollama__llama3_2_3b,top_down_only,ideal,0.0,36,15.828950353220296,1.7400937500000002,12.721875,0.0,0.0,0.0,0.534375,0.0
forest_co_management,ollama__llama3_2_3b,top_down_only,ideal,0.0,37,16.103210086026138,1.510546875,12.479718750000004,0.0,0.0,0.0,0.47812499999999997,0.0
forest_co_management,ollama__llama3_2_3b,top_down_only,ideal,0.0,38,16.009806073293156,1.5712031250000003,12.516375,0.0,0.0,0.0,0.5109374999999999,0.0
forest_co_management,ollama__llama3_2_3b,top_down_only,ideal,0.0,39,15.886431478257979,1.7006718750000003,12.79790625,0.0,0.0,0.0,0.5234375,0.0
forest_co_management,ollama__llama3_2_3b,top_down_only,ideal,0.5,0,15.209301159238258,2.35903125,12.636937500000002,0.0,0.0,0.0,0.684375,0.10494791666666665
forest_co_management,ollama__llama3_2_3b,top_down_only,ideal,0.5,1,15.271009739272452,1.4895937500000005,9.746735313784692,0.0,0.0,0.0,0.8078125,0.08723958333333333
forest_co_management,ollama__llama3_2_3b,top_down_only,ideal,0.5,2,15.266962688482613,2.3908125,12.651000000000002,0.0,0.0,0.0,0.6796875,0.14817708333333332
forest_co_management,ollama__llama3_2_3b,top_down_only,ideal,0.5,3,15.229027023353266,2.43,12.8413125,0.0,0.0,0.0,0.68125,0.15416666666666665
forest_co_management,ollama__llama3_2_3b,top_down_only,ideal,0.5,4,15.292431093570313,2.433,12.727500000000001,0.0,0.0,0.0,0.675,0.12630208333333334
forest_co_management,ollama__llama3_2_3b,top_down_only,ideal,0.5,5,15.192424997167606,2.3416875000000004,12.518062500000003,0.0,0.0,0.0,0.690625,0.06484375
forest_co_management,ollama__llama3_2_3b,top_down_only,ideal,0.5,6,15.109236305434067,2.4027187500000005,12.642468750000003,0.0,0.0,0.0,0.6984374999999999,0.15
forest_co_management,ollama__llama3_2_3b,top_down_only,ideal,0.5,7,15.1824668294609,1.9343906250000007,10.999703049948216,0.0,0.0,0.0,0.7578125,0.11640625
forest_co_management,ollama__llama3_2_3b,top_down_only,ideal,0.5,8,15.234893448292311,2.3067656249999997,12.521718750000002,0.0,0.0,0.0,0.6859375,0.09973958333333333
forest_co_management,ollama__llama3_2_3b,top_down_only,ideal,0.5,9,14.978617808922888,2.3771250000000013,12.170042795861768,0.0,0.0,0.0,0.7390625,0.1296875
forest_co_management,ollama__llama3_2_3b,top_down_only,ideal,0.5,10,15.453612794294992,2.1686718750000002,12.462656250000002,0.0,0.0,0.0,0.671875,0.10703125000000001
forest_co_management,ollama__llama3_2_3b,top_down_only,ideal,0.5,11,15.194571672948513,2.161171875000001,11.741143105122873,0.0,0.0,0.0,0.721875,0.10651041666666666
forest_co_management,ollama__llama3_2_3b,top_down_only,ideal,0.5,12,15.275952688428475,1.4937656250000004,10.17463202813877,0.0,0.0,0.0,0.7875,0.07604166666666666
forest_co_management,ollama__llama3_2_3b,top_down_only,ideal,0.5,13,15.28510276589628,1.923515625,11.62329470469119,0.0,0.0,0.0,0.71875,0.13541666666666666
forest_co_management,ollama__llama3_2_3b,top_down_only,ideal,0.5,14,15.192330026523361,2.3060156250000006,12.319968750000001,0.0,0.0,0.0,0.696875,0.13203125000000002
forest_co_management,ollama__llama3_2_3b,top_down_only,ideal,0.5,15,15.114304959875433,2.2708125000000003,12.268500000000003,0.0,0.0,0.0,0.70625,0.14479166666666665
forest_co_management,ollama__llama3_2_3b,top_down_only,ideal,0.5,16,15.538820971775362,2.2790625,12.645000000000001,0.0,0.0,0.0,0.6484375,0.08697916666666668
forest_co_management,ollama__llama3_2_3b,top_down_only,ideal,0.5,17,15.221064214997961,2.4154687499999996,12.63759375,0.0,0.0,0.0,0.6828125,0.12630208333333334
forest_co_management,ollama__llama3_2_3b,top_down_only,ideal,0.5,18,15.186864134943805,2.3586562500000006,12.686812500000002,0.0,0.0,0.0,0.6890625,0.11276041666666665
forest_co_management,ollama__llama3_2_3b,top_down_only,ideal,0.5,19,15.136543506037242,2.1427031250000006,11.663784006312184,0.0,0.0,0.0,0.7390625,0.12578124999999998
forest_co_management,ollama__llama3_2_3b,top_down_only,ideal,0.5,20,15.549715315776963,2.1641250000000003,12.53484375,0.0,0.0,0.0,0.6515625,0.03307291666666667
forest_co_management,ollama__llama3_2_3b,top_down_only,ideal,0.5,21,15.075246759908918,1.8255000000000001,10.51813867013741,0.0,0.0,0.0,0.796875,0.09244791666666667
forest_co_management,ollama__llama3_2_3b,top_down_only,ideal,0.5,22,15.020563772124387,2.448984375000001,12.435060071702194,0.0,0.0,0.0,0.7203125,0.10260416666666666
forest_co_management,ollama__llama3_2_3b,top_down_only,ideal,0.5,23,15.284416856423343,2.3276250000000003,12.657562500000003,0.0,0.0,0.0,0.6781250000000001,0.09348958333333335
forest_co_management,ollama__llama3_2_3b,top_down_only,ideal,0.5,24,15.395864896268504,2.0119218750000005,11.73384375,0.0,0.0,0.0,0.684375,0.10104166666666665
forest_co_management,ollama__llama3_2_3b,top_down_only,ideal,0.5,25,15.193246971380622,2.206265625000001,12.00745923028305,0.0,0.0,0.0,0.7046874999999999,0.14140624999999998
forest_co_management,ollama__llama3_2_3b,top_down_only,ideal,0.5,26,15.466039771922725,2.3245312500000006,12.609281250000002,0.0,0.0,0.0,0.6609375,0.07213541666666666
forest_co_management,ollama__llama3_2_3b,top_down_only,ideal,0.5,27,15.159481264482643,2.139796875,11.779487842078868,0.0,0.0,0.0,0.7281249999999999,0.07473958333333335
forest_co_management,ollama__llama3_2_3b,top_down_only,ideal,0.5,28,15.136376027635816,2.3330625000000005,12.446906250000001,0.0,0.0,0.0,0.6984375,0.11249999999999999
forest_co_management,ollama__llama3_2_3b,top_down_only,ideal,0.5,29,15.227339252212719,2.281546875000001,12.54421875,0.0,0.0,0.0,0.68125,0.13541666666666666
forest_co_management,ollama__llama3_2_3b,top_down_only,ideal,0.5,30,15.50660783169683,2.3040000000000003,12.615187500000001,0.0,0.0,0.0,0.6656249999999999,0.09140625000000002
forest_co_management,ollama__llama3_2_3b,top_down_only,ideal,0.5,31,15.19682548742945,2.517609375,12.874781250000002,0.0,0.0,0.0,0.6781250000000001,0.10755208333333334
forest_co_management,ollama__llama3_2_3b,top_down_only,ideal,0.5,32,15.187540058660172,2.47659375,12.715968750000002,0.0,0.0,0.0,0.6890625,0.10390624999999999
forest_co_management,ollama__llama3_2_3b,top_down_only,ideal,0.5,33,15.089745733623484,2.5210781250000007,12.644156250000002,0.0,0.0,0.0,0.7,0.12552083333333333
forest_co_management,ollama__llama3_2_3b,top_down_only,ideal,0.5,34,15.338257352364797,1.8235312500000005,10.615042563469476,0.0,0.0,0.0,0.7609375,0.07213541666666666
forest_co_management,ollama__llama3_2_3b,top_down_only,ideal,0.5,35,15.26626068860243,2.1748125000000003,12.473812500000001,0.0,0.0,0.0,0.684375,0.14817708333333332
forest_co_management,ollama__llama3_2_3b,top_down_only,ideal,0.5,36,15.216663834322638,2.0477343750000006,11.59003485367056,0.0,0.0,0.0,0.734375,0.12916666666666668
forest_co_management,ollama__llama3_2_3b,top_down_only,ideal,0.5,37,15.220893723422451,1.8985312500000004,11.165289488373203,0.0,0.0,0.0,0.7453125,0.08880208333333332
forest_co_management,ollama__llama3_2_3b,top_down_only,ideal,0.5,38,15.344065011651747,2.079656250000001,11.873530921764019,0.0,0.0,0.0,0.6875,0.0453125
forest_co_management,ollama__llama3_2_3b,top_down_only,ideal,0.5,39,15.616702450280476,2.2663124999999997,12.711375,0.0,0.0,0.0,0.6140625000000001,0.004166666666666667
forest_co_management,ollama__llama3_2_3b,top_down_only,ideal,1.0,0,14.770919639305005,2.8363593750000007,12.86175,0.0,0.0,0.0,0.7453125,0.21302083333333333
forest_co_management,ollama__llama3_2_3b,top_down_only,ideal,1.0,1,14.581692249374408,3.171140625000001,13.11309375,0.0,0.0,0.0,0.753125,0.24609375
forest_co_management,ollama__llama3_2_3b,top_down_only,ideal,1.0,2,14.869655420154038,2.9013750000000007,12.759187500000001,0.0,0.0,0.0,0.7406250000000001,0.1591145833333333
forest_co_management,ollama__llama3_2_3b,top_down_only,ideal,1.0,3,14.906732428408228,2.78775,12.75825,0.0,0.0,0.0,0.728125,0.1546875
forest_co_management,ollama__llama3_2_3b,top_down_only,ideal,1.0,4,14.898247827340281,2.8569843749999997,12.940406250000002,0.0,0.0,0.0,0.7281249999999999,0.2002604166666667
forest_co_management,ollama__llama3_2_3b,top_down_only,ideal,1.0,5,14.721320712437144,3.145875000000001,12.976500000000001,0.0,0.0,0.0,0.746875,0.2114583333333333
forest_co_management,ollama__llama3_2_3b,top_down_only,ideal,1.0,6,14.7798567421026,3.138000000000001,12.89625,0.0,0.0,0.0,0.74375,0.2138020833333333
forest_co_management,ollama__llama3_2_3b,top_down_only,ideal,1.0,7,14.908935559431281,3.0658125000000007,12.98353125,0.0,0.0,0.0,0.7203125,0.14713541666666669
forest_co_management,ollama__llama3_2_3b,top_down_only,ideal,1.0,8,14.789651805235263,2.932359375,12.762911787689157,0.0,0.0,0.0,0.746875,0.18932291666666665
forest_co_management,ollama__llama3_2_3b,top_down_only,ideal,1.0,9,14.796009749543638,2.887125000000001,12.998625000000002,0.0,0.0,0.0,0.734375,0.22109375
forest_co_management,ollama__llama3_2_3b,top_down_only,ideal,1.0,10,14.857154455862943,2.7874687500000004,12.765,0.0,0.0,0.0,0.7390625000000001,0.1807291666666667
forest_co_management,ollama__llama3_2_3b,top_down_only,ideal,1.0,11,14.554763265227226,3.0433125,12.945750000000004,0.0,0.0,0.0,0.7593749999999999,0.23906249999999998
forest_co_management,ollama__llama3_2_3b,top_down_only,ideal,1.0,12,14.811724895433361,2.996390625,12.961125,0.0,0.0,0.0,0.7390625000000001,0.21223958333333334
forest_co_management,ollama__llama3_2_3b,top_down_only,ideal,1.0,13,14.699567810640126,3.099609375000001,13.006312500000002,0.0,0.0,0.0,0.7484375,0.22187499999999996
forest_co_management,ollama__llama3_2_3b,top_down_only,ideal,1.0,14,14.931919858077684,2.9760937500000004,13.085812500000003,0.0,0.0,0.0,0.70625,0.14453125
forest_co_management,ollama__llama3_2_3b,top_down_only,ideal,1.0,15,14.759353426932037,3.0612656250000008,13.002187500000002,0.0,0.0,0.0,0.7390625000000001,0.1997395833333333
forest_co_management,ollama__llama3_2_3b,top_down_only,ideal,1.0,16,14.782855846177597,2.9887500000000005,12.95475,0.0,0.0,0.0,0.74375,0.2489583333333333
forest_co_management,ollama__llama3_2_3b,top_down_only,ideal,1.0,17,14.762350169895866,2.95575,12.924187500000002,0.0,0.0,0.0,0.7390625000000001,0.19479166666666667
forest_co_management,ollama__llama3_2_3b,top_down_only,ideal,1.0,18,14.898140654892615,3.1386093750000006,12.954093750000002,0.0,0.0,0.0,0.73125,0.17447916666666666
forest_co_management,ollama__llama3_2_3b,top_down_only,ideal,1.0,19,14.886285001407332,3.033093750000001,13.035562500000001,0.0,0.0,0.0,0.721875,0.1630208333333333
forest_co_management,ollama__llama3_2_3b,top_down_only,ideal,1.0,20,14.886995627642875,3.053203125000001,13.001531250000001,0.0,0.0,0.0,0.7203125,0.14244791666666667
forest_co_management,ollama__llama3_2_3b,top_down_only,ideal,1.0,21,14.6255416935606,3.14953125,13.012500000000003,0.0,0.0,0.0,0.7546875,0.2450520833333333
forest_co_management,ollama__llama3_2_3b,top_down_only,ideal,1.0,22,14.84181289167944,2.902265625,13.019437500000002,0.0,0.0,0.0,0.7296874999999999,0.22265625
forest_co_management,ollama__llama3_2_3b,top_down_only,ideal,1.0,23,14.898881754846443,2.963578125000001,12.879375000000003,0.0,0.0,0.0,0.7296874999999999,0.1640625
forest_co_management,ollama__llama3_2_3b,top_down_only,ideal,1.0,24,14.738714474150324,3.2086875000000012,13.005656250000001,0.0,0.0,0.0,0.7421875,0.21354166666666666
forest_co_management,ollama__llama3_2_3b,top_down_only,ideal,1.0,25,14.775141220599597,2.9800781250000004,12.993750000000002,0.0,0.0,0.0,0.7421875,0.22473958333333333
forest_co_management,ollama__llama3_2_3b,top_down_only,ideal,1.0,26,14.668259558869376,3.071859375,13.028718750000001,0.0,0.0,0.0,0.75,0.24765625
forest_co_management,ollama__llama3_2_3b,top_down_only,ideal,1.0,27,14.975408440175382,3.0223593750000006,13.137843750000002,0.0,0.0,0.0,0.6953125,0.09947916666666667
forest_co_management,ollama__llama3_2_3b,top_down_only,ideal,1.0,28,14.869517461821037,2.939859375,12.824250000000001,0.0,0.0,0.0,0.7421875,0.16458333333333333
forest_co_management,ollama__llama3_2_3b,top_down_only,ideal,1.0,29,14.774400536959828,3.115265625,13.04146875,0.0,0.0,0.0,0.7421875,0.2192708333333333
forest_co_management,ollama__llama3_2_3b,top_down_only,ideal,1.0,30,14.811117335062509,3.054703125,12.94471875,0.0,0.0,0.0,0.7390625000000001,0.1908854166666667
forest_co_management,ollama__llama3_2_3b,top_down_only,ideal,1.0,31,14.793317119139402,3.1609218750000005,13.0636875,0.0,0.0,0.0,0.7453125,0.23203125
forest_co_management,ollama__llama3_2_3b,top_down_only,ideal,1.0,32,14.764839858311616,3.121546875000001,12.96496875,0.0,0.0,0.0,0.7421875,0.1903645833333333
forest_co_management,ollama__llama3_2_3b,top_down_only,ideal,1.0,33,14.754383588805464,3.158531250000001,12.9875625,0.0,0.0,0.0,0.7375,0.18203125
forest_co_management,ollama__llama3_2_3b,top_down_only,ideal,1.0,34,14.803234620867002,3.0905625000000008,12.922968750000003,0.0,0.0,0.0,0.7453125,0.21666666666666667
forest_co_management,ollama__llama3_2_3b,top_down_only,ideal,1.0,35,14.589872283462185,3.1323750000000006,13.104750000000001,0.0,0.0,0.0,0.75,0.25
forest_co_management,ollama__llama3_2_3b,top_down_only,ideal,1.0,36,14.796393158685497,3.0936093750000007,12.98596875,0.0,0.0,0.0,0.74375,0.2466145833333333
forest_co_management,ollama__llama3_2_3b,top_down_only,ideal,1.0,37,14.747232944905392,2.894437500000001,12.956062500000002,0.0,0.0,0.0,0.7421875,0.2046875
forest_co_management,ollama__llama3_2_3b,top_down_only,ideal,1.0,38,14.78443420092788,3.059625,12.922500000000001,0.0,0.0,0.0,0.7375,0.18151041666666667
forest_co_management,ollama__llama3_2_3b,top_down_only,ideal,1.0,39,14.67071426395074,3.0778125000000003,12.917812500000002,0.0,0.0,0.0,0.7484375,0.21432291666666667
forest_co_management,ollama__llama3_2_3b,hybrid,ideal,0.0,0,16.57971839879844,0.5778105000000002,12.212582760937497,0.0,0.0,0.0,0.04375,0.0
forest_co_management,ollama__llama3_2_3b,hybrid,ideal,0.0,1,16.796699066431486,0.5888107757812504,11.781241940625002,0.0,0.0,0.0,0.0375,0.0
forest_co_management,ollama__llama3_2_3b,hybrid,ideal,0.0,2,17.017564578892987,0.34882785468750066,11.505349199999998,0.0,0.0,0.0,0.0359375,0.0
forest_co_management,ollama__llama3_2_3b,hybrid,ideal,0.0,3,16.859596218897572,0.7814226609375005,11.146781446875002,0.0,0.0,0.0,0.0328125,0.0
forest_co_management,ollama__llama3_2_3b,hybrid,ideal,0.0,4,17.541563555910365,0.13490056640625017,10.1133188015625,0.0,0.0,0.0,0.0328125,0.0
forest_co_management,ollama__llama3_2_3b,hybrid,ideal,0.0,5,16.874931349929867,0.5857715132812502,10.90459235625,0.0,0.0,0.0,0.035937500000000004,0.0
forest_co_management,ollama__llama3_2_3b,hybrid,ideal,0.0,6,16.95812756766415,0.40523430234375,11.474623949999998,0.0,0.0,0.0,0.0375,0.0
forest_co_management,ollama__llama3_2_3b,hybrid,ideal,0.0,7,17.12749446759827,0.5347747031250002,10.682565046875002,0.0,0.0,0.0,0.0359375,0.0
forest_co_management,ollama__llama3_2_3b,hybrid,ideal,0.0,8,16.674270675700335,0.45477308203125,12.3510278671875,0.0,0.0,0.0,0.0359375,0.0
forest_co_management,ollama__llama3_2_3b,hybrid,ideal,0.0,9,16.536304056996073,0.6908151468749999,11.9750576625,0.0,0.0,0.0,0.0453125,0.0
forest_co_management,ollama__llama3_2_3b,hybrid,ideal,0.0,10,16.517262023086865,0.7231311703125004,11.500313128125004,0.0,0.0,0.0,0.053125000000000006,0.0
forest_co_management,ollama__llama3_2_3b,hybrid,ideal,0.0,11,17.75325737906268,0.44360873437500026,8.885864990625002,0.0,0.0,0.0,0.034375,0.0
forest_co_management,ollama__llama3_2_3b,hybrid,ideal,0.0,12,16.297084454123528,0.9836955820312504,12.553912190625002,0.0,0.0,0.0,0.2203125,0.0
forest_co_management,ollama__llama3_2_3b,hybrid,ideal,0.0,13,16.414552938708205,0.8244212625000005,12.222669454687498,0.0,0.0,0.0,0.0859375,0.0
forest_co_management,ollama__llama3_2_3b,hybrid,ideal,0.0,14,17.25259487992023,0.4664837460937502,10.654420785937498,0.0,0.0,0.0,0.0296875,0.0
forest_co_management,ollama__llama3_2_3b,hybrid,ideal,0.0,15,17.342949841734075,0.17561942343750048,10.965438482812502,0.0,0.0,0.0,0.0375,0.0
forest_co_management,ollama__llama3_2_3b,hybrid,ideal,0.0,16,16.855436010213182,0.4845251296875003,11.489195939062501,0.0,0.0,0.0,0.0375,0.0
forest_co_management,ollama__llama3_2_3b,hybrid,ideal,0.0,17,16.83833528531652,0.4957857000000001,11.694489304687501,0.0,0.0,0.0,0.0359375,0.0
forest_co_management,ollama__llama3_2_3b,hybrid,ideal,0.0,18,16.327066407751957,0.9629544539062502,11.9308519875,0.0,0.0,0.0,0.159375,0.0
forest_co_management,ollama__llama3_2_3b,hybrid,ideal,0.0,19,16.84980878047736,0.46621742812500044,11.794321921875,0.0,0.0,0.0,0.0375,0.0
forest_co_management,ollama__llama3_2_3b,hybrid,ideal,0.0,20,16.966035894424365,0.5050694531250003,11.144680312500002,0.0,0.0,0.0,0.0375,0.0
forest_co_management,ollama__llama3_2_3b,hybrid,ideal,0.0,21,16.416828808086578,0.6644451937500002,12.269150625,0.0,0.0,0.0,0.0625,0.0
forest_co_management,ollama__llama3_2_3b,hybrid,ideal,0.0,22,17.430138514366064,0.42249435937500013,9.9816644625,0.0,0.0,0.0,0.034375,0.0
forest_co_management,ollama__llama3_2_3b,hybrid,ideal,0.0,23,16.54028744803167,0.7295125289062507,12.062782650000003,0.0,0.0,0.0,0.049999999999999996,0.0
forest_co_management,ollama__llama3_2_3b,hybrid,ideal,0.0,24,17.97756133970159,0.12837095390625003,9.106039724999999,0.0,0.0,0.0,0.03125,0.0
forest_co_management,ollama__llama3_2_3b,hybrid,ideal,0.0,25,16.719944644655527,0.5037123750000001,12.302284171875,0.0,0.0,0.0,0.0375,0.0
forest_co_management,ollama__llama3_2_3b,hybrid,ideal,0.0,26,16.965021966132973,0.5453142445312503,11.0627097984375,0.0,0.0,0.0,0.0359375,0.0
forest_co_management,ollama__llama3_2_3b,hybrid,ideal,0.0,27,16.334096801030174,0.9013278281250001,11.5457398875,0.0,0.0,0.0,0.12656250000000002,0.0
forest_co_management,ollama__llama3_2_3b,hybrid,ideal,0.0,28,16.51337179486063,0.6309504164062507,12.293114235937502,0.0,0.0,0.0,0.0515625,0.0
forest_co_management,ollama__llama3_2_3b,hybrid,ideal,0.0,29,17.203531308277785,0.44904476718749986,10.11570975,0.0,0.0,0.0,0.034375,0.0
forest_co_management,ollama__llama3_2_3b,hybrid,ideal,0.0,30,16.96210244690715,0.4975862039062504,11.134165678124997,0.0,0.0,0.0,0.0375,0.0
forest_co_management,ollama__llama3_2_3b,hybrid,ideal,0.0,31,16.730494138400594,0.5757399796875002,11.8312117921875,0.0,0.0,0.0,0.0390625,0.0
forest_co_management,ollama__llama3_2_3b,hybrid,ideal,0.0,32,17.29099893215346,0.3566124609375003,10.5029953875,0.0,0.0,0.0,0.0359375,0.0
forest_co_management,ollama__llama3_2_3b,hybrid,ideal,0.0,33,16.273416462630415,1.0120607601562503,12.44628736875,0.0,0.0,0.0,0.2140625,0.0
forest_co_management,ollama__llama3_2_3b,hybrid,ideal,0.0,34,17.655506194245966,0.2907624656250003,9.750287840624999,0.0,0.0,0.0,0.0359375,0.0
forest_co_management,ollama__llama3_2_3b,hybrid,ideal,0.0,35,17.522245042565906,0.2531710500000003,10.627376428125002,0.0,0.0,0.0,0.0328125,0.0
forest_co_management,ollama__llama3_2_3b,hybrid,ideal,0.0,36,17.17341030499135,0.4981820859375,10.036077187499998,0.0,0.0,0.0,0.03125,0.0
forest_co_management,ollama__llama3_2_3b,hybrid,ideal,0.0,37,17.317324762881686,0.19254359531250015,11.282461270312503,0.0,0.0,0.0,0.0359375,0.0
forest_co_management,ollama__llama3_2_3b,hybrid,ideal,0.0,38,17.21449278587388,0.3268364015624998,10.9363932328125,0.0,0.0,0.0,0.0359375,0.0
forest_co_management,ollama__llama3_2_3b,hybrid,ideal,0.0,39,16.94436477678221,0.5425692187500002,11.0276531625,0.0,0.0,0.0,0.0328125,0.0
forest_co_management,ollama__llama3_2_3b,hybrid,ideal,0.5,0,15.390483881628983,1.0938197812500006,8.207001555101996,0.0,0.0,0.0,0.8617187500000001,0.03958333333333334
forest_co_management,ollama__llama3_2_3b,hybrid,ideal,0.5,1,15.377463369183618,1.3317606281250005,9.607389478933747,0.0,0.0,0.0,0.7611979166666667,0.07578125000000001
forest_co_management,ollama__llama3_2_3b,hybrid,ideal,0.5,2,15.310863366171777,1.555990621875,10.44256053298156,0.0,0.0,0.0,0.70546875,0.06276041666666667
forest_co_management,ollama__llama3_2_3b,hybrid,ideal,0.5,3,15.51088340424107,1.6776066468750004,10.482913263295314,0.0,0.0,0.0,0.7143229166666667,0.07968750000000001
forest_co_management,ollama__llama3_2_3b,hybrid,ideal,0.5,4,15.447487644884692,1.7604248249999999,11.364785943981111,0.0,0.0,0.0,0.6221354166666666,0.08932291666666665
forest_co_management,ollama__llama3_2_3b,hybrid,ideal,0.5,5,15.579079454213396,1.9462183921875003,12.180338409375,0.0,0.0,0.0,0.6359374999999999,0.15156250000000002
forest_co_management,ollama__llama3_2_3b,hybrid,ideal,0.5,6,15.424285933820663,1.0922907421875,8.088456047870155,0.0,0.0,0.0,0.8606770833333335,0.04114583333333333
forest_co_management,ollama__llama3_2_3b,hybrid,ideal,0.5,7,15.26159360643456,1.8565084523437503,11.967078688363532,0.0,0.0,0.0,0.64140625,0.06276041666666667
forest_co_management,ollama__llama3_2_3b,hybrid,ideal,0.5,8,15.31730666960714,1.2554961562500002,8.615778588660756,0.0,0.0,0.0,0.846875,0.04583333333333334
forest_co_management,ollama__llama3_2_3b,hybrid,ideal,0.5,9,15.430719220113408,1.2001998843750001,9.075913774771577,0.0,0.0,0.0,0.7835937499999999,0.053385416666666664
forest_co_management,ollama__llama3_2_3b,hybrid,ideal,0.5,10,15.332008372669502,1.6609410796875004,10.504490157000728,0.0,0.0,0.0,0.7526041666666666,0.11145833333333333
forest_co_management,ollama__llama3_2_3b,hybrid,ideal,0.5,11,15.415868823634257,0.9170057390625004,7.767558474333855,0.0,0.0,0.0,0.8671874999999999,0.03333333333333333
forest_co_management,ollama__llama3_2_3b,hybrid,ideal,0.5,12,15.379705405787217,1.4136419648437504,9.473754690488036,0.0,0.0,0.0,0.7710937500000001,0.05520833333333333
forest_co_management,ollama__llama3_2_3b,hybrid,ideal,0.5,13,15.338312997747387,2.10965661328125,11.935995473437501,0.0,0.0,0.0,0.6421875,0.09921875000000001
forest_co_management,ollama__llama3_2_3b,hybrid,ideal,0.5,14,15.31273166390282,1.3513375007812507,8.52118160755408,0.0,0.0,0.0,0.8578125,0.047656250000000004
forest_co_management,ollama__llama3_2_3b,hybrid,ideal,0.5,15,15.398839225227945,1.8166348640625003,11.8367499984375,0.0,0.0,0.0,0.6088541666666667,0.09270833333333332
forest_co_management,ollama__llama3_2_3b,hybrid,ideal,0.5,16,15.367150997045481,1.9076071921875002,11.69452344967818,0.0,0.0,0.0,0.68515625,0.11093750000000001
forest_co_management,ollama__llama3_2_3b,hybrid,ideal,0.5,17,15.53809101172454,0.9538271859375,7.83914678455185,0.0,0.0,0.0,0.8098958333333333,0.03125
forest_co_management,ollama__llama3_2_3b,hybrid,ideal,0.5,18,15.379472131784901,2.3438053593750006,12.49549235625,0.0,0.0,0.0,0.6278645833333334,0.11953124999999999
forest_co_management,ollama__llama3_2_3b,hybrid,ideal,0.5,19,15.464649255758552,1.6431038906250004,10.597490788599018,0.0,0.0,0.0,0.6333333333333333,0.06770833333333333
forest_co_management,ollama__llama3_2_3b,hybrid,ideal,0.5,20,15.45227603397564,0.9946530328125003,8.664361650707301,0.0,0.0,0.0,0.7924479166666667,0.045312500000000006
forest_co_management,ollama__llama3_2_3b,hybrid,ideal,0.5,21,15.50731855159059,1.7665235906250005,11.972449368749999,0.0,0.0,0.0,0.61796875,0.13151041666666666
forest_co_management,ollama__llama3_2_3b,hybrid,ideal,0.5,22,15.601688056198526,2.0599572890625004,12.251531015625002,0.0,0.0,0.0,0.646875,0.14739583333333334
forest_co_management,ollama__llama3_2_3b,hybrid,ideal,0.5,23,15.184016671884493,1.7330489414062504,11.361389480897879,0.0,0.0,0.0,0.6994791666666667,0.07552083333333333
forest_co_management,ollama__llama3_2_3b,hybrid,ideal,0.5,24,15.211267450836452,1.2471450750000002,9.19754297034259,0.0,0.0,0.0,0.8070312500000001,0.026302083333333334
forest_co_management,ollama__llama3_2_3b,hybrid,ideal,0.5,25,15.414252871806,1.5277588218750005,9.935886499744182,0.0,0.0,0.0,0.7598958333333332,0.09244791666666667
forest_co_management,ollama__llama3_2_3b,hybrid,ideal,0.5,26,15.400846882264794,0.8516173664062503,7.839764802239464,0.0,0.0,0.0,0.865625,0.034374999999999996
forest_co_management,ollama__llama3_2_3b,hybrid,ideal,0.5,27,15.327441109612787,1.1223972679687502,8.431257765737197,0.0,0.0,0.0,0.8453125,0.04296875
forest_co_management,ollama__llama3_2_3b,hybrid,ideal,0.5,28,15.329941886346692,1.9280336437500005,11.291660411727523,0.0,0.0,0.0,0.7046874999999999,0.11614583333333332
forest_co_management,ollama__llama3_2_3b,hybrid,ideal,0.5,29,15.520636876061868,1.6906578281250004,11.448796021875001,0.0,0.0,0.0,0.590625,0.09479166666666668
forest_co_management,ollama__llama3_2_3b,hybrid,ideal,0.5,30,15.413452334488445,0.87267557578125,8.05396594851914,0.0,0.0,0.0,0.8455729166666666,0.038281249999999996
forest_co_management,ollama__llama3_2_3b,hybrid,ideal,0.5,31,15.36226949402096,1.0442105859375004,8.40352797094751,0.0,0.0,0.0,0.81796875,0.02786458333333333
forest_co_management,ollama__llama3_2_3b,hybrid,ideal,0.5,32,15.214142773330547,1.4573746875000004,9.976923281858692,0.0,0.0,0.0,0.7583333333333333,0.033854166666666664
forest_co_management,ollama__llama3_2_3b,hybrid,ideal,0.5,33,15.385520840364492,1.2447891304687502,8.927907118355218,0.0,0.0,0.0,0.8169270833333334,0.05234375
forest_co_management,ollama__llama3_2_3b,hybrid,ideal,0.5,34,15.330767948755392,1.7271140742187505,10.247491903959235,0.0,0.0,0.0,0.7713541666666667,0.08072916666666667
forest_co_management,ollama__llama3_2_3b,hybrid,ideal,0.5,35,15.211773530486674,2.3565711562500007,12.777997012500002,0.0,0.0,0.0,0.6526041666666667,0.11171875000000002
forest_co_management,ollama__llama3_2_3b,hybrid,ideal,0.5,36,15.41935869249549,1.32242758359375,9.108980784427088,0.0,0.0,0.0,0.7877604166666667,0.06484374999999999
forest_co_management,ollama__llama3_2_3b,hybrid,ideal,0.5,37,15.523591859088441,2.1126718359375003,12.346669621875002,0.0,0.0,0.0,0.6520833333333333,0.15625
forest_co_management,ollama__llama3_2_3b,hybrid,ideal,0.5,38,15.285706924448666,2.0765047078125005,11.951841342025396,0.0,0.0,0.0,0.671875,0.10677083333333333
forest_co_management,ollama__llama3_2_3b,hybrid,ideal,0.5,39,15.695864045701361,1.4951821640625003,11.35968631875,0.0,0.0,0.0,0.5263020833333334,0.0453125
forest_co_management,ollama__llama3_2_3b,hybrid,ideal,1.0,0,14.857965030471814,2.6583028125000006,12.671224038452547,0.0,0.0,0.0,0.734375,0.19947916666666665
forest_co_management,ollama__llama3_2_3b,hybrid,ideal,1.0,1,14.861266731408474,2.91653968359375,12.9661418671875,0.0,0.0,0.0,0.7234375,0.20572916666666666
forest_co_management,ollama__llama3_2_3b,hybrid,ideal,1.0,2,14.786219743238377,2.397808019531251,11.069704362184513,0.0,0.0,0.0,0.7765625,0.08203125
forest_co_management,ollama__llama3_2_3b,hybrid,ideal,1.0,3,14.867333533884374,2.7976783593750003,12.87176296875,0.0,0.0,0.0,0.7182291666666667,0.14973958333333334
forest_co_management,ollama__llama3_2_3b,hybrid,ideal,1.0,4,14.914076304430413,2.7191922187500004,12.875946937500002,0.0,0.0,0.0,0.71328125,0.15208333333333335
forest_co_management,ollama__llama3_2_3b,hybrid,ideal,1.0,5,14.791709958621322,3.1007598398437506,12.948144679687502,0.0,0.0,0.0,0.7390625000000001,0.21432291666666667
forest_co_management,ollama__llama3_2_3b,hybrid,ideal,1.0,6,14.752793192323976,2.9439803906250006,13.068273281250002,0.0,0.0,0.0,0.734375,0.24036458333333333
forest_co_management,ollama__llama3_2_3b,hybrid,ideal,1.0,7,14.797059129080107,2.9592155625000007,13.031431125000003,0.0,0.0,0.0,0.7375,0.26145833333333335
forest_co_management,ollama__llama3_2_3b,hybrid,ideal,1.0,8,14.828857971162432,2.9427748125,12.910049625000001,0.0,0.0,0.0,0.7375,0.20338541666666665
forest_co_management,ollama__llama3_2_3b,hybrid,ideal,1.0,9,14.811127466272776,2.9561516601562503,12.8992095703125,0.0,0.0,0.0,0.7367187500000001,0.19010416666666666
forest_co_management,ollama__llama3_2_3b,hybrid,ideal,1.0,10,14.821758382950748,2.893898835937501,12.966422671875002,0.0,0.0,0.0,0.7406250000000001,0.2080729166666667
forest_co_management,ollama__llama3_2_3b,hybrid,ideal,1.0,11,14.913218309674141,2.9330601562500007,12.886120312500001,0.0,0.0,0.0,0.7265625,0.19661458333333334
forest_co_management,ollama__llama3_2_3b,hybrid,ideal,1.0,12,14.884900765892967,3.065356652343751,12.970807054687501,0.0,0.0,0.0,0.7328125,0.2041666666666667
forest_co_management,ollama__llama3_2_3b,hybrid,ideal,1.0,13,14.798387814925952,2.8827398437500014,12.989854687500001,0.0,0.0,0.0,0.734375,0.23697916666666666
forest_co_management,ollama__llama3_2_3b,hybrid,ideal,1.0,14,14.758411778733581,3.0834597890625006,13.078919578125001,0.0,0.0,0.0,0.7406250000000001,0.25937499999999997
forest_co_management,ollama__llama3_2_3b,hybrid,ideal,1.0,15,14.803634017300972,3.0875355468750003,12.98600859375,0.0,0.0,0.0,0.7421875,0.21354166666666666
forest_co_management,ollama__llama3_2_3b,hybrid,ideal,1.0,16,14.881559460822613,2.8729456875,12.995391375000002,0.0,0.0,0.0,0.725,0.20651041666666667
forest_co_management,ollama__llama3_2_3b,hybrid,ideal,1.0,17,14.791081858177558,2.9844392578125003,12.957941015625,0.0,0.0,0.0,0.7421875,0.2080729166666667
forest_co_management,ollama__llama3_2_3b,hybrid,ideal,1.0,18,14.817005629452071,2.9529779531250004,12.986424656250001,0.0,0.0,0.0,0.7359375,0.25937499999999997
forest_co_management,ollama__llama3_2_3b,hybrid,ideal,1.0,19,14.828263556029283,2.9911945078125,12.909857765625,0.0,0.0,0.0,0.721875,0.14895833333333333
forest_co_management,ollama__llama3_2_3b,hybrid,ideal,1.0,20,14.903453824435253,2.8327868437500006,12.9630736875,0.0,0.0,0.0,0.7244791666666666,0.22343750000000004
forest_co_management,ollama__llama3_2_3b,hybrid,ideal,1.0,21,14.724151048629981,3.122388281250001,13.006964062500003,0.0,0.0,0.0,0.7484375,0.2513020833333333
forest_co_management,ollama__llama3_2_3b,hybrid,ideal,1.0,22,14.817446895241739,3.0173643164062502,13.050697382812501,0.0,0.0,0.0,0.7328125,0.21458333333333335
forest_co_management,ollama__llama3_2_3b,hybrid,ideal,1.0,23,14.836790078625803,2.92034963671875,13.011918023437502,0.0,0.0,0.0,0.71875,0.196875
forest_co_management,ollama__llama3_2_3b,hybrid,ideal,1.0,24,14.86364795235567,3.027843914062501,12.983719078125,0.0,0.0,0.0,0.7328125,0.19609374999999996
forest_co_management,ollama__llama3_2_3b,hybrid,ideal,1.0,25,14.910607837024905,2.96082141796875,12.961892835937501,0.0,0.0,0.0,0.7190104166666667,0.1546875
forest_co_management,ollama__llama3_2_3b,hybrid,ideal,1.0,26,14.8251143045526,3.0936813984375,12.978331546875001,0.0,0.0,0.0,0.7390625000000001,0.22447916666666667
forest_co_management,ollama__llama3_2_3b,hybrid,ideal,1.0,27,14.748954644753391,3.071997890625001,13.076620781250002,0.0,0.0,0.0,0.74375,0.2557291666666666
forest_co_management,ollama__llama3_2_3b,hybrid,ideal,1.0,28,14.811425144051825,3.01366528125,13.051830562500001,0.0,0.0,0.0,0.7375,0.2109375
forest_co_management,ollama__llama3_2_3b,hybrid,ideal,1.0,29,14.815263754375904,3.0763702968750004,13.017396843750001,0.0,0.0,0.0,0.7296874999999999,0.1942708333333333
forest_co_management,ollama__llama3_2_3b,hybrid,ideal,1.0,30,14.863157097514804,2.9017269375000003,13.01818390299615,0.0,0.0,0.0,0.7125,0.16302083333333334
forest_co_management,ollama__llama3_2_3b,hybrid,ideal,1.0,31,14.846637542212124,2.934292582031251,12.653766143882844,0.0,0.0,0.0,0.7356770833333333,0.16354166666666667
forest_co_management,ollama__llama3_2_3b,hybrid,ideal,1.0,32,14.88862269016559,2.8895383945312503,12.993983039062499,0.0,0.0,0.0,0.7296874999999999,0.2015625
forest_co_management,ollama__llama3_2_3b,hybrid,ideal,1.0,33,14.831261376625022,3.0132892968750005,12.98657859375,0.0,0.0,0.0,0.734375,0.2177083333333333
forest_co_management,ollama__llama3_2_3b,hybrid,ideal,1.0,34,14.87404005500391,2.7912522187500004,12.8736294375,0.0,0.0,0.0,0.73125,0.2075520833333334
forest_co_management,ollama__llama3_2_3b,hybrid,ideal,1.0,35,14.737342518826644,3.039280054687501,13.034997609375003,0.0,0.0,0.0,0.7406250000000001,0.23046875
forest_co_management,ollama__llama3_2_3b,hybrid,ideal,1.0,36,14.84449252724307,3.020208351562501,12.968447953125,0.0,0.0,0.0,0.7328125,0.19791666666666666
forest_co_management,ollama__llama3_2_3b,hybrid,ideal,1.0,37,14.575283211793074,2.982986789062501,13.041661078125001,0.0,0.0,0.0,0.7546875,0.24531250000000002
forest_co_management,ollama__llama3_2_3b,hybrid,ideal,1.0,38,14.843063005117209,3.008363085937501,12.872569921875002,0.0,0.0,0.0,0.7309895833333333,0.18046874999999998
forest_co_management,ollama__llama3_2_3b,hybrid,ideal,1.0,39,14.76533591090801,2.7560958515625007,12.907754203125002,0.0,0.0,0.0,0.728125,0.15833333333333333
