scenario_preset,bank_model_label,condition,governance_friction_regime,exploitative_share,population_id,mean_patch_health,mean_neighborhood_overharvest,mean_welfare,garden_failure_rate,mean_governance_budget_spent,mean_missed_target_rate,mean_targeted_share,mean_exploitative_action_share
community_irrigation,ollama__qwen2_5_3b_instruct,none,ideal,0.0,0,15.101045391659023,2.0627812500000005,16.20759375,0.0,0.0,0.0,0.0,0.0
community_irrigation,ollama__qwen2_5_3b_instruct,none,ideal,0.0,1,15.375476309815156,1.8364687499999999,15.97865625,0.0,0.0,0.0,0.0,0.0
community_irrigation,ollama__qwen2_5_3b_instruct,none,ideal,0.0,2,14.53160579710665,2.30925,16.239562500000005,0.0,0.0,0.0,0.0,0.0
community_irrigation,ollama__qwen2_5_3b_instruct,none,ideal,0.0,3,15.726501028201627,1.76353125,15.213187500000002,0.0,0.0,0.0,0.0,0.0
community_irrigation,ollama__qwen2_5_3b_instruct,none,ideal,0.0,4,15.638936781989315,1.67315625,15.636937500000002,0.0,0.0,0.0,0.0,0.0
community_irrigation,ollama__qwen2_5_3b_instruct,none,ideal,0.0,5,14.510212992642323,2.163046875,16.92375,0.0,0.0,0.0,0.0,0.0
community_irrigation,ollama__qwen2_5_3b_instruct,none,ideal,0.0,6,15.355487225012983,2.2727812500000004,15.944156249999999,0.0,0.0,0.0,0.0,0.0
community_irrigation,ollama__qwen2_5_3b_instruct,none,ideal,0.0,7,13.95960872024746,2.195015625000001,16.494,0.0,0.0,0.0,0.0,0.0
community_irrigation,ollama__qwen2_5_3b_instruct,none,ideal,0.0,8,15.43091120831647,1.6820625000000007,15.407249999999998,0.0,0.0,0.0,0.0,0.0
community_irrigation,ollama__qwen2_5_3b_instruct,none,ideal,0.0,9,15.300598224558048,1.601484375,15.73678125,0.0,0.0,0.0,0.0,0.0
community_irrigation,ollama__qwen2_5_3b_instruct,none,ideal,0.0,10,15.247336686291774,1.8774375,15.58425,0.0,0.0,0.0,0.0,0.0
community_irrigation,ollama__qwen2_5_3b_instruct,none,ideal,0.0,11,14.210721988479573,2.0359687500000003,16.5195,0.0,0.0,0.0,0.0,0.0
community_irrigation,ollama__qwen2_5_3b_instruct,none,ideal,0.0,12,15.05677047777597,2.196515625000001,16.521093750000002,0.0,0.0,0.0,0.0,0.0
community_irrigation,ollama__qwen2_5_3b_instruct,none,ideal,0.0,13,15.228373207036931,1.8933750000000003,15.926156249999998,0.0,0.0,0.0,0.0,0.0
community_irrigation,ollama__qwen2_5_3b_instruct,none,ideal,0.0,14,13.78587393035685,2.4498750000000005,16.8388125,0.0,0.0,0.0,0.0,0.0
community_irrigation,ollama__qwen2_5_3b_instruct,none,ideal,0.0,15,14.384721986363223,2.180203125,16.2268125,0.0,0.0,0.0,0.0,0.0
community_irrigation,ollama__qwen2_5_3b_instruct,none,ideal,0.0,16,15.357787103728068,1.8354375,15.405750000000001,0.0,0.0,0.0,0.0,0.0
community_irrigation,ollama__qwen2_5_3b_instruct,none,ideal,0.0,17,15.192135291871088,1.766109375,16.0539375,0.0,0.0,0.0,0.0,0.0
community_irrigation,ollama__qwen2_5_3b_instruct,none,ideal,0.0,18,14.715982011870004,2.29640625,16.721906249999996,0.0,0.0,0.0,0.0,0.0
community_irrigation,ollama__qwen2_5_3b_instruct,none,ideal,0.0,19,15.279590524153235,2.2623281250000002,16.426312499999998,0.0,0.0,0.0,0.0,0.0
community_irrigation,ollama__qwen2_5_3b_instruct,none,ideal,0.0,20,14.145264147248545,2.10140625,16.3884375,0.0,0.0,0.0,0.0,0.0
community_irrigation,ollama__qwen2_5_3b_instruct,none,ideal,0.0,21,15.7142501999253,1.8154687500000002,15.92184375,0.0,0.0,0.0,0.0,0.0
community_irrigation,ollama__qwen2_5_3b_instruct,none,ideal,0.0,22,13.858217153186223,2.5752187500000003,17.261812499999998,0.0,0.0,0.0,0.0,0.0
community_irrigation,ollama__qwen2_5_3b_instruct,none,ideal,0.0,23,15.009009674171846,2.1542343750000006,16.17,0.0,0.0,0.0,0.0,0.0
community_irrigation,ollama__qwen2_5_3b_instruct,none,ideal,0.0,24,14.80764630867504,2.3098124999999996,16.0464375,0.0,0.0,0.0,0.0,0.0
community_irrigation,ollama__qwen2_5_3b_instruct,none,ideal,0.0,25,14.618417439478122,2.31928125,16.777875,0.0,0.0,0.0,0.0,0.0
community_irrigation,ollama__qwen2_5_3b_instruct,none,ideal,0.0,26,15.476728102088039,2.0449687500000002,16.11375,0.0,0.0,0.0,0.0,0.0
community_irrigation,ollama__qwen2_5_3b_instruct,none,ideal,0.0,27,15.179206538235038,2.07525,15.76565625,0.0,0.0,0.0,0.0,0.0
community_irrigation,ollama__qwen2_5_3b_instruct,none,ideal,0.0,28,15.656429122594194,1.64025,15.687656249999998,0.0,0.0,0.0,0.0,0.0
community_irrigation,ollama__qwen2_5_3b_instruct,none,ideal,0.0,29,15.488514510554248,2.019609375,15.6238125,0.0,0.0,0.0,0.0,0.0
community_irrigation,ollama__qwen2_5_3b_instruct,none,ideal,0.0,30,15.516175979647844,1.7278125000000002,15.9028125,0.0,0.0,0.0,0.0,0.0
community_irrigation,ollama__qwen2_5_3b_instruct,none,ideal,0.0,31,14.20499159002286,2.3007656250000004,16.681125,0.0,0.0,0.0,0.0,0.0
community_irrigation,ollama__qwen2_5_3b_instruct,none,ideal,0.0,32,15.735290160344896,2.14434375,15.99140625,0.0,0.0,0.0,0.0,0.0
community_irrigation,ollama__qwen2_5_3b_instruct,none,ideal,0.0,33,14.08672029906121,2.4533906250000004,17.10778125,0.0,0.0,0.0,0.0,0.0
community_irrigation,ollama__qwen2_5_3b_instruct,none,ideal,0.0,34,15.324413943521677,1.9061250000000003,16.1019375,0.0,0.0,0.0,0.0,0.0
community_irrigation,ollama__qwen2_5_3b_instruct,none,ideal,0.0,35,14.072244002849152,2.31178125,16.692,0.0,0.0,0.0,0.0,0.0
community_irrigation,ollama__qwen2_5_3b_instruct,none,ideal,0.0,36,15.95927516973713,1.6494375000000001,15.898875,0.0,0.0,0.0,0.0,0.0
community_irrigation,ollama__qwen2_5_3b_instruct,none,ideal,0.0,37,15.164490418032058,2.090859375,15.5491875,0.0,0.0,0.0,0.0,0.0
community_irrigation,ollama__qwen2_5_3b_instruct,none,ideal,0.0,38,15.523446527767355,2.07459375,15.742593750000001,0.0,0.0,0.0,0.0,0.0
community_irrigation,ollama__qwen2_5_3b_instruct,none,ideal,0.0,39,15.80595878528269,1.8340312500000002,15.820687500000002,0.0,0.0,0.0,0.0,0.0
community_irrigation,ollama__qwen2_5_3b_instruct,none,ideal,0.5,0,9.603327834952642,2.760692775974026,14.230035561475958,1.0,0.0,0.0,0.0,0.07070143398268398
community_irrigation,ollama__qwen2_5_3b_instruct,none,ideal,0.5,1,9.138547520151803,3.075217803030303,15.292099914478523,1.0,0.0,0.0,0.0,0.1055871212121212
community_irrigation,ollama__qwen2_5_3b_instruct,none,ideal,0.5,2,8.836695672192135,3.242380681818182,15.673962014281688,1.0,0.0,0.0,0.0,0.0478219696969697
community_irrigation,ollama__qwen2_5_3b_instruct,none,ideal,0.5,3,8.903459634815711,2.5790991300366306,14.906365995204043,1.0,0.0,0.0,0.0,0.07701846764346765
community_irrigation,ollama__qwen2_5_3b_instruct,none,ideal,0.5,4,8.791580472599959,3.1299375000000005,14.876987934010378,1.0,0.0,0.0,0.0,0.13171296296296298
community_irrigation,ollama__qwen2_5_3b_instruct,none,ideal,0.5,5,9.09553231755429,3.2705625,15.126630186383213,1.0,0.0,0.0,0.0,0.11469907407407408
community_irrigation,ollama__qwen2_5_3b_instruct,none,ideal,0.5,6,9.616947873570602,3.205541666666667,14.134742651431516,1.0,0.0,0.0,0.0,0.052083333333333336
community_irrigation,ollama__qwen2_5_3b_instruct,none,ideal,0.5,7,8.818171783106374,3.647875,14.952242511876005,1.0,0.0,0.0,0.0,0.10497685185185186
community_irrigation,ollama__qwen2_5_3b_instruct,none,ideal,0.5,8,8.97787260537579,2.4683726521833433,13.438137662443252,1.0,0.0,0.0,0.0,0.06855544309491678
community_irrigation,ollama__qwen2_5_3b_instruct,none,ideal,0.5,9,9.852724359013571,3.5192500000000004,14.06365787912064,1.0,0.0,0.0,0.0,0.045075757575757575
community_irrigation,ollama__qwen2_5_3b_instruct,none,ideal,0.5,10,9.587599565602346,2.8749166666666666,14.591560144876418,1.0,0.0,0.0,0.0,0.16944444444444443
community_irrigation,ollama__qwen2_5_3b_instruct,none,ideal,0.5,11,9.453381298707104,3.245761363636364,15.140047984901393,1.0,0.0,0.0,0.0,0.03257575757575758
community_irrigation,ollama__qwen2_5_3b_instruct,none,ideal,0.5,12,8.526721032920939,3.41415625,15.26993988833969,1.0,0.0,0.0,0.0,0.14103009259259258
community_irrigation,ollama__qwen2_5_3b_instruct,none,ideal,0.5,13,8.980291591241702,3.8378806818181816,14.874348510377082,1.0,0.0,0.0,0.0,0.07017045454545455
community_irrigation,ollama__qwen2_5_3b_instruct,none,ideal,0.5,14,9.38298082454698,2.311749057685735,12.991657473087804,1.0,0.0,0.0,0.0,0.043199860264005
community_irrigation,ollama__qwen2_5_3b_instruct,none,ideal,0.5,15,9.67656639709947,2.783244485294118,14.052126292445616,1.0,0.0,0.0,0.0,0.11427696078431372
community_irrigation,ollama__qwen2_5_3b_instruct,none,ideal,0.5,16,9.60309831065116,3.4925877039627045,14.915090813061543,1.0,0.0,0.0,0.0,0.04451728826728827
community_irrigation,ollama__qwen2_5_3b_instruct,none,ideal,0.5,17,9.238568256933231,2.024707875457876,12.987129240518978,1.0,0.0,0.0,0.0,0.023620268620268618
community_irrigation,ollama__qwen2_5_3b_instruct,none,ideal,0.5,18,9.106166053153704,2.430382125839847,13.353812172771775,1.0,0.0,0.0,0.0,0.09411498087968677
community_irrigation,ollama__qwen2_5_3b_instruct,none,ideal,0.5,19,9.433147363841055,2.9127803030303028,14.031335011248249,1.0,0.0,0.0,0.0,0.05012626262626263
community_irrigation,ollama__qwen2_5_3b_instruct,none,ideal,0.5,20,8.613816029341866,2.7643011363636374,14.93412316749927,1.0,0.0,0.0,0.0,0.15794402356902357
community_irrigation,ollama__qwen2_5_3b_instruct,none,ideal,0.5,21,7.611103639406243,3.460506628787879,15.819592992164349,1.0,0.0,0.0,0.0,0.14835858585858586
community_irrigation,ollama__qwen2_5_3b_instruct,none,ideal,0.5,22,9.030123161186676,3.5316751893939395,15.71387923947019,1.0,0.0,0.0,0.0,0.17381628787878786
community_irrigation,ollama__qwen2_5_3b_instruct,none,ideal,0.5,23,8.373274691867252,3.9497967657342663,15.714269935981461,1.0,0.0,0.0,0.0,0.04836829836829837
community_irrigation,ollama__qwen2_5_3b_instruct,none,ideal,0.5,24,9.158447618005685,3.616560606060606,15.746872571966811,1.0,0.0,0.0,0.0,0.03434343434343434
community_irrigation,ollama__qwen2_5_3b_instruct,none,ideal,0.5,25,8.235773302103699,3.229586038961039,15.77646692880364,1.0,0.0,0.0,0.0,0.07896825396825397
community_irrigation,ollama__qwen2_5_3b_instruct,none,ideal,0.5,26,8.71337794060744,2.9716458333333335,15.882649029332882,1.0,0.0,0.0,0.0,0.08153935185185185
community_irrigation,ollama__qwen2_5_3b_instruct,none,ideal,0.5,27,9.554900007604024,3.003248903508772,13.521607477606443,1.0,0.0,0.0,0.0,0.13440102782208044
community_irrigation,ollama__qwen2_5_3b_instruct,none,ideal,0.5,28,9.572740119983127,3.0217500000000004,13.591130763319157,1.0,0.0,0.0,0.0,0.09431818181818181
community_irrigation,ollama__qwen2_5_3b_instruct,none,ideal,0.5,29,8.192979018029458,3.8639062500000003,15.787372387258774,1.0,0.0,0.0,0.0,0.14554398148148148
community_irrigation,ollama__qwen2_5_3b_instruct,none,ideal,0.5,30,9.401565534695054,2.0391866225879385,13.696903901199116,1.0,0.0,0.0,0.0,0.09319301312722365
community_irrigation,ollama__qwen2_5_3b_instruct,none,ideal,0.5,31,10.074463395005843,2.8855633116883115,14.002441446938404,1.0,0.0,0.0,0.0,0.032557720057720056
community_irrigation,ollama__qwen2_5_3b_instruct,none,ideal,0.5,32,8.106291763615392,3.446048763736264,13.982433179051046,1.0,0.0,0.0,0.0,0.056581323768823764
community_irrigation,ollama__qwen2_5_3b_instruct,none,ideal,0.5,33,8.66213446440147,2.709717511655012,14.117970514284796,1.0,0.0,0.0,0.0,0.14541326728826728
community_irrigation,ollama__qwen2_5_3b_instruct,none,ideal,0.5,34,9.407061946458573,2.853784090909091,13.534824975074887,1.0,0.0,0.0,0.0,0.07972999222999223
community_irrigation,ollama__qwen2_5_3b_instruct,none,ideal,0.5,35,9.17639224830707,3.3845113636363635,15.266572839912978,1.0,0.0,0.0,0.0,0.0
community_irrigation,ollama__qwen2_5_3b_instruct,none,ideal,0.5,36,8.391200262883329,3.374599431818182,14.469812988702811,1.0,0.0,0.0,0.0,0.12458438552188551
community_irrigation,ollama__qwen2_5_3b_instruct,none,ideal,0.5,37,9.09059007203463,2.894003246753247,14.393329404839246,1.0,0.0,0.0,0.0,0.12600709475709473
community_irrigation,ollama__qwen2_5_3b_instruct,none,ideal,0.5,38,8.795459528772252,2.4795256994843395,14.047577094214915,1.0,0.0,0.0,0.0,0.10996751920465157
community_irrigation,ollama__qwen2_5_3b_instruct,none,ideal,0.5,39,8.237618969694246,3.177619047619048,15.32641474166644,1.0,0.0,0.0,0.0,0.1042989417989418
community_irrigation,ollama__qwen2_5_3b_instruct,none,ideal,1.0,0,4.202208503793713,4.437857142857143,16.323073490855357,1.0,0.0,0.0,0.0,0.21205357142857142
community_irrigation,ollama__qwen2_5_3b_instruct,none,ideal,1.0,1,4.050253987429192,5.245208333333334,15.900345802068422,1.0,0.0,0.0,0.0,0.1875
community_irrigation,ollama__qwen2_5_3b_instruct,none,ideal,1.0,2,4.053035392775598,5.4614062500000005,15.493564912253994,1.0,0.0,0.0,0.0,0.2604166666666667
community_irrigation,ollama__qwen2_5_3b_instruct,none,ideal,1.0,3,4.217765631038943,5.317500000000001,16.28729396333891,1.0,0.0,0.0,0.0,0.09895833333333333
community_irrigation,ollama__qwen2_5_3b_instruct,none,ideal,1.0,4,4.231719378790369,4.305406250000001,15.469949273429233,1.0,0.0,0.0,0.0,0.19618055555555555
community_irrigation,ollama__qwen2_5_3b_instruct,none,ideal,1.0,5,4.032503066667349,4.467760416666668,15.58554050652824,1.0,0.0,0.0,0.0,0.23697916666666666
community_irrigation,ollama__qwen2_5_3b_instruct,none,ideal,1.0,6,4.2176148679885035,4.731822916666667,15.3369759158333,1.0,0.0,0.0,0.0,0.0787037037037037
community_irrigation,ollama__qwen2_5_3b_instruct,none,ideal,1.0,7,4.0489259088405625,4.592879464285714,15.750783535409088,1.0,0.0,0.0,0.0,0.23276289682539683
community_irrigation,ollama__qwen2_5_3b_instruct,none,ideal,1.0,8,3.9391966749180627,4.480677083333333,15.605445650608383,1.0,0.0,0.0,0.0,0.20283564814814814
community_irrigation,ollama__qwen2_5_3b_instruct,none,ideal,1.0,9,4.632505692275749,4.516562500000001,15.861277139765527,1.0,0.0,0.0,0.0,0.1044560185185185
community_irrigation,ollama__qwen2_5_3b_instruct,none,ideal,1.0,10,3.907064641105948,5.0746875000000005,15.667073548949979,1.0,0.0,0.0,0.0,0.1796875
community_irrigation,ollama__qwen2_5_3b_instruct,none,ideal,1.0,11,4.049525772667634,4.153593750000001,15.91906232561265,1.0,0.0,0.0,0.0,0.2682291666666667
community_irrigation,ollama__qwen2_5_3b_instruct,none,ideal,1.0,12,4.216363555047865,4.071770833333334,15.855632934436562,1.0,0.0,0.0,0.0,0.1527777777777778
community_irrigation,ollama__qwen2_5_3b_instruct,none,ideal,1.0,13,3.4274295242569277,6.351629464285715,15.95171689504333,1.0,0.0,0.0,0.0,0.2191220238095238
community_irrigation,ollama__qwen2_5_3b_instruct,none,ideal,1.0,14,3.6715940919256584,4.4043229166666675,15.412744713271978,1.0,0.0,0.0,0.0,0.22598379629629628
community_irrigation,ollama__qwen2_5_3b_instruct,none,ideal,1.0,15,3.9050008185092917,5.0024999999999995,15.837617842172449,1.0,0.0,0.0,0.0,0.13020833333333334
community_irrigation,ollama__qwen2_5_3b_instruct,none,ideal,1.0,16,3.9377567403177327,4.414375,15.748934642403576,1.0,0.0,0.0,0.0,0.2696759259259259
community_irrigation,ollama__qwen2_5_3b_instruct,none,ideal,1.0,17,4.788453693202278,4.660513392857144,16.95083676643748,1.0,0.0,0.0,0.0,0.22321428571428573
community_irrigation,ollama__qwen2_5_3b_instruct,none,ideal,1.0,18,3.9566971064229812,4.741800595238096,16.120032763711276,1.0,0.0,0.0,0.0,0.23276289682539683
community_irrigation,ollama__qwen2_5_3b_instruct,none,ideal,1.0,19,3.9058868412800485,4.912901785714286,16.03283122472254,1.0,0.0,0.0,0.0,0.24888392857142858
community_irrigation,ollama__qwen2_5_3b_instruct,none,ideal,1.0,20,3.6048867567348664,5.429397321428572,16.021277011204894,1.0,0.0,0.0,0.0,0.23288690476190477
community_irrigation,ollama__qwen2_5_3b_instruct,none,ideal,1.0,21,4.464459588952673,3.908854166666667,16.16429259228089,1.0,0.0,0.0,0.0,0.25202546296296297
community_irrigation,ollama__qwen2_5_3b_instruct,none,ideal,1.0,22,5.174724459947481,4.056794507575757,16.01159077691699,1.0,0.0,0.0,0.0,0.17271675084175084
community_irrigation,ollama__qwen2_5_3b_instruct,none,ideal,1.0,23,3.851997631162737,3.851235119047619,15.794127963326005,1.0,0.0,0.0,0.0,0.2979083994708995
community_irrigation,ollama__qwen2_5_3b_instruct,none,ideal,1.0,24,4.293100488983217,4.637812500000001,16.25907562681028,1.0,0.0,0.0,0.0,0.125
community_irrigation,ollama__qwen2_5_3b_instruct,none,ideal,1.0,25,4.805306015304251,4.779375000000002,16.541811066694272,1.0,0.0,0.0,0.0,0.18489583333333334
community_irrigation,ollama__qwen2_5_3b_instruct,none,ideal,1.0,26,4.708459104023293,4.462968750000001,16.27831172747318,1.0,0.0,0.0,0.0,0.21440972222222224
community_irrigation,ollama__qwen2_5_3b_instruct,none,ideal,1.0,27,4.2635729361348185,4.158072916666667,15.490737821964796,1.0,0.0,0.0,0.0,0.1646412037037037
community_irrigation,ollama__qwen2_5_3b_instruct,none,ideal,1.0,28,4.577788015523019,4.485401785714286,16.16318679753651,1.0,0.0,0.0,0.0,0.2265625
community_irrigation,ollama__qwen2_5_3b_instruct,none,ideal,1.0,29,3.621064920638024,5.217857142857143,16.527534160351053,1.0,0.0,0.0,0.0,0.3541666666666667
community_irrigation,ollama__qwen2_5_3b_instruct,none,ideal,1.0,30,3.679247605031212,4.595260416666666,15.314358777012657,1.0,0.0,0.0,0.0,0.2494212962962963
community_irrigation,ollama__qwen2_5_3b_instruct,none,ideal,1.0,31,4.3763289658772475,5.288504464285715,16.355692649858717,1.0,0.0,0.0,0.0,0.2228422619047619
community_irrigation,ollama__qwen2_5_3b_instruct,none,ideal,1.0,32,4.312320979194531,4.5934375,16.165698387619855,1.0,0.0,0.0,0.0,0.16435185185185186
community_irrigation,ollama__qwen2_5_3b_instruct,none,ideal,1.0,33,3.7003391861480224,4.35046875,15.602609942711375,1.0,0.0,0.0,0.0,0.16666666666666666
community_irrigation,ollama__qwen2_5_3b_instruct,none,ideal,1.0,34,4.304515122763724,5.412708333333333,15.76745629023398,1.0,0.0,0.0,0.0,0.10908564814814814
community_irrigation,ollama__qwen2_5_3b_instruct,none,ideal,1.0,35,4.6260371443763715,4.70578125,16.648564001293828,1.0,0.0,0.0,0.0,0.26897321428571425
community_irrigation,ollama__qwen2_5_3b_instruct,none,ideal,1.0,36,4.176277742799807,4.5771428571428565,16.666949723093662,1.0,0.0,0.0,0.0,0.26190476190476186
community_irrigation,ollama__qwen2_5_3b_instruct,none,ideal,1.0,37,3.8065670487308347,5.58046875,16.272523867071804,1.0,0.0,0.0,0.0,0.26004464285714285
community_irrigation,ollama__qwen2_5_3b_instruct,none,ideal,1.0,38,3.739366561209436,5.605245535714285,16.235461495785415,1.0,0.0,0.0,0.0,0.18154761904761904
community_irrigation,ollama__qwen2_5_3b_instruct,none,ideal,1.0,39,4.190572309371927,4.182937500000001,15.478426997340808,1.0,0.0,0.0,0.0,0.22986111111111107
community_irrigation,ollama__qwen2_5_3b_instruct,bottom_up_only,ideal,0.0,0,17.535121919636033,0.8342734687499999,12.55538625,0.0,0.0,0.0,0.0,0.0
community_irrigation,ollama__qwen2_5_3b_instruct,bottom_up_only,ideal,0.0,1,16.234628364997313,1.4479732265625,14.628870000000003,0.0,0.0,0.0,0.0,0.0
community_irrigation,ollama__qwen2_5_3b_instruct,bottom_up_only,ideal,0.0,2,15.806455461346454,1.9915931953125003,15.562196250000001,0.0,0.0,0.0,0.0,0.0
community_irrigation,ollama__qwen2_5_3b_instruct,bottom_up_only,ideal,0.0,3,16.157417075302813,1.9103407968750001,15.18879375,0.0,0.0,0.0,0.0,0.0
community_irrigation,ollama__qwen2_5_3b_instruct,bottom_up_only,ideal,0.0,4,16.626719928946635,1.1307783984375002,14.161589999999999,0.0,0.0,0.0,0.0,0.0
community_irrigation,ollama__qwen2_5_3b_instruct,bottom_up_only,ideal,0.0,5,16.672422240034,1.2468526171874998,13.391298750000002,0.0,0.0,0.0,0.0,0.0
community_irrigation,ollama__qwen2_5_3b_instruct,bottom_up_only,ideal,0.0,6,17.721331844768073,0.8285852343750001,11.83601625,0.0,0.0,0.0,0.0,0.0
community_irrigation,ollama__qwen2_5_3b_instruct,bottom_up_only,ideal,0.0,7,16.81673643400257,1.54168119140625,13.677367499999999,0.0,0.0,0.0,0.0,0.0
community_irrigation,ollama__qwen2_5_3b_instruct,bottom_up_only,ideal,0.0,8,17.112018963053522,1.3264200000000002,12.8984175,0.0,0.0,0.0,0.0,0.0
community_irrigation,ollama__qwen2_5_3b_instruct,bottom_up_only,ideal,0.0,9,16.834635721931285,1.2951029531250002,14.107601249999998,0.0,0.0,0.0,0.0,0.0
community_irrigation,ollama__qwen2_5_3b_instruct,bottom_up_only,ideal,0.0,10,17.45520129173928,0.8366965078125007,12.941201250000002,0.0,0.0,0.0,0.0,0.0
community_irrigation,ollama__qwen2_5_3b_instruct,bottom_up_only,ideal,0.0,11,17.124777166422206,0.8449802343750001,13.892760000000003,0.0,0.0,0.0,0.0,0.0
community_irrigation,ollama__qwen2_5_3b_instruct,bottom_up_only,ideal,0.0,12,16.82137937425263,1.53889726171875,13.66784625,0.0,0.0,0.0,0.0,0.0
community_irrigation,ollama__qwen2_5_3b_instruct,bottom_up_only,ideal,0.0,13,17.17269001512576,0.9589130625000002,13.567308750000002,0.0,0.0,0.0,0.0,0.0
community_irrigation,ollama__qwen2_5_3b_instruct,bottom_up_only,ideal,0.0,14,16.754171726023674,1.36201659375,14.167380000000001,0.0,0.0,0.0,0.0,0.0
community_irrigation,ollama__qwen2_5_3b_instruct,bottom_up_only,ideal,0.0,15,16.608425673666886,1.5030900937499998,14.892360000000002,0.0,0.0,0.0,0.0,0.0
community_irrigation,ollama__qwen2_5_3b_instruct,bottom_up_only,ideal,0.0,16,15.454559886150742,2.0138158593750006,15.9676125,0.0,0.0,0.0,0.0,0.0
community_irrigation,ollama__qwen2_5_3b_instruct,bottom_up_only,ideal,0.0,17,16.755700053300785,1.19725920703125,13.998465,0.0,0.0,0.0,0.0,0.0
community_irrigation,ollama__qwen2_5_3b_instruct,bottom_up_only,ideal,0.0,18,15.269309883354968,1.9993266328125,16.1331,0.0,0.0,0.0,0.0,0.0
community_irrigation,ollama__qwen2_5_3b_instruct,bottom_up_only,ideal,0.0,19,17.254489268781604,1.0074518437500004,13.237875,0.0,0.0,0.0,0.0,0.0
community_irrigation,ollama__qwen2_5_3b_instruct,bottom_up_only,ideal,0.0,20,16.440798250245834,1.3842773554687497,14.41873125,0.0,0.0,0.0,0.0,0.0
community_irrigation,ollama__qwen2_5_3b_instruct,bottom_up_only,ideal,0.0,21,17.022441541026044,1.2742402031250006,13.689483750000003,0.0,0.0,0.0,0.0,0.0
community_irrigation,ollama__qwen2_5_3b_instruct,bottom_up_only,ideal,0.0,22,16.47222342225264,1.4689379296875005,14.534805000000002,0.0,0.0,0.0,0.0,0.0
community_irrigation,ollama__qwen2_5_3b_instruct,bottom_up_only,ideal,0.0,23,17.217736498479283,1.2437782031250002,12.63034125,0.0,0.0,0.0,0.0,0.0
community_irrigation,ollama__qwen2_5_3b_instruct,bottom_up_only,ideal,0.0,24,17.430593317589263,0.9533304609375004,12.979125,0.0,0.0,0.0,0.0,0.0
community_irrigation,ollama__qwen2_5_3b_instruct,bottom_up_only,ideal,0.0,25,15.96878819933756,1.8871925859375005,15.359265,0.0,0.0,0.0,0.0,0.0
community_irrigation,ollama__qwen2_5_3b_instruct,bottom_up_only,ideal,0.0,26,17.66676786527041,1.17753261328125,11.555298749999999,0.0,0.0,0.0,0.0,0.0
community_irrigation,ollama__qwen2_5_3b_instruct,bottom_up_only,ideal,0.0,27,17.474730938296254,0.95552033203125,12.3769125,0.0,0.0,0.0,0.0,0.0
community_irrigation,ollama__qwen2_5_3b_instruct,bottom_up_only,ideal,0.0,28,16.276576682608503,1.4796800156250003,15.014639999999996,0.0,0.0,0.0,0.0,0.0
community_irrigation,ollama__qwen2_5_3b_instruct,bottom_up_only,ideal,0.0,29,16.759274119052947,1.46428456640625,13.835006250000001,0.0,0.0,0.0,0.0,0.0
community_irrigation,ollama__qwen2_5_3b_instruct,bottom_up_only,ideal,0.0,30,16.362444532192626,1.6666061132812504,15.171356249999999,0.0,0.0,0.0,0.0,0.0
community_irrigation,ollama__qwen2_5_3b_instruct,bottom_up_only,ideal,0.0,31,17.700374201699763,0.8179661835937502,11.636403749999998,0.0,0.0,0.0,0.0,0.0
community_irrigation,ollama__qwen2_5_3b_instruct,bottom_up_only,ideal,0.0,32,17.943940327396554,0.7627094531250004,11.163318749999998,0.0,0.0,0.0,0.0,0.0
community_irrigation,ollama__qwen2_5_3b_instruct,bottom_up_only,ideal,0.0,33,17.24300828798032,1.0703196328125,11.89619625,0.0,0.0,0.0,0.0,0.0
community_irrigation,ollama__qwen2_5_3b_instruct,bottom_up_only,ideal,0.0,34,16.6421170835741,1.5793346601562506,14.43776625,0.0,0.0,0.0,0.0,0.0
community_irrigation,ollama__qwen2_5_3b_instruct,bottom_up_only,ideal,0.0,35,17.41554918131829,1.0107967265625,13.05664875,0.0,0.0,0.0,0.0,0.0
community_irrigation,ollama__qwen2_5_3b_instruct,bottom_up_only,ideal,0.0,36,16.23206320879241,1.7282181210937497,14.800965,0.0,0.0,0.0,0.0,0.0
community_irrigation,ollama__qwen2_5_3b_instruct,bottom_up_only,ideal,0.0,37,17.11901317626944,1.2322421953125005,12.563895000000002,0.0,0.0,0.0,0.0,0.0
community_irrigation,ollama__qwen2_5_3b_instruct,bottom_up_only,ideal,0.0,38,17.27046612678838,1.0526480625000005,13.556265,0.0,0.0,0.0,0.0,0.0
community_irrigation,ollama__qwen2_5_3b_instruct,bottom_up_only,ideal,0.0,39,16.86313188497917,1.2130957968749998,13.0604025,0.0,0.0,0.0,0.0,0.0
community_irrigation,ollama__qwen2_5_3b_instruct,bottom_up_only,ideal,0.5,0,9.12490180628235,2.42380262634501,13.95209233406262,1.0,0.0,0.0,0.0,0.08447611416361415
community_irrigation,ollama__qwen2_5_3b_instruct,bottom_up_only,ideal,0.5,1,10.059864899504129,2.952453291666667,13.196119726172117,1.0,0.0,0.0,0.0,0.09212962962962963
community_irrigation,ollama__qwen2_5_3b_instruct,bottom_up_only,ideal,0.5,2,10.168130499764471,2.424916553175991,13.998614759875188,1.0,0.0,0.0,0.0,0.08635149572649574
community_irrigation,ollama__qwen2_5_3b_instruct,bottom_up_only,ideal,0.5,3,9.455271692284358,2.084096829671592,11.104810687950831,1.0,0.0,0.0,0.0,0.07883260275263952
community_irrigation,ollama__qwen2_5_3b_instruct,bottom_up_only,ideal,0.5,4,9.430176274009728,2.894580530594406,14.73773761624535,1.0,0.0,0.0,0.0,0.039515345765345766
community_irrigation,ollama__qwen2_5_3b_instruct,bottom_up_only,ideal,0.5,5,9.547927374527506,2.3241018560606057,13.62368704895258,1.0,0.0,0.0,0.0,0.12194865319865318
community_irrigation,ollama__qwen2_5_3b_instruct,bottom_up_only,ideal,0.5,6,10.1327020842551,1.7220721209615297,12.694604319455186,1.0,0.0,0.0,0.0,0.11684495039274452
community_irrigation,ollama__qwen2_5_3b_instruct,bottom_up_only,ideal,0.5,7,9.34178070824967,3.1298384507575756,14.880094148531887,1.0,0.0,0.0,0.0,0.09816919191919192
community_irrigation,ollama__qwen2_5_3b_instruct,bottom_up_only,ideal,0.5,8,9.443455594055742,3.154251416666667,14.349997239252769,1.0,0.0,0.0,0.0,0.13148148148148148
community_irrigation,ollama__qwen2_5_3b_instruct,bottom_up_only,ideal,0.5,9,9.94260593859724,2.2948149730113645,12.573181950855771,1.0,0.0,0.0,0.0,0.07875631313131314
community_irrigation,ollama__qwen2_5_3b_instruct,bottom_up_only,ideal,0.5,10,9.048577412013138,3.3712663593750003,15.274042151893731,1.0,0.0,0.0,0.0,0.16510416666666666
community_irrigation,ollama__qwen2_5_3b_instruct,bottom_up_only,ideal,0.5,11,10.257461371047285,2.39797220217803,12.97366458159696,1.0,0.0,0.0,0.0,0.11118739478114477
community_irrigation,ollama__qwen2_5_3b_instruct,bottom_up_only,ideal,0.5,12,9.752253829579228,2.6198788855519477,13.590956099462785,1.0,0.0,0.0,0.0,0.09039502164502163
community_irrigation,ollama__qwen2_5_3b_instruct,bottom_up_only,ideal,0.5,13,9.43376174033468,2.9771821924715915,14.409606514296312,1.0,0.0,0.0,0.0,0.13394623316498316
community_irrigation,ollama__qwen2_5_3b_instruct,bottom_up_only,ideal,0.5,14,9.290176849404814,3.880008619791667,14.798165745154602,1.0,0.0,0.0,0.0,0.15017361111111113
community_irrigation,ollama__qwen2_5_3b_instruct,bottom_up_only,ideal,0.5,15,10.31747194820214,1.1033145234375001,10.660852698450743,0.125,0.0,0.0,0.0,0.0159375
community_irrigation,ollama__qwen2_5_3b_instruct,bottom_up_only,ideal,0.5,16,10.600631563397238,2.284194798295455,12.563777981421493,1.0,0.0,0.0,0.0,0.06567760942760943
community_irrigation,ollama__qwen2_5_3b_instruct,bottom_up_only,ideal,0.5,17,10.488093195895695,2.0502918494318187,12.82382953987285,1.0,0.0,0.0,0.0,0.09981060606060606
community_irrigation,ollama__qwen2_5_3b_instruct,bottom_up_only,ideal,0.5,18,9.764771707157353,3.0327707900094705,14.608969949063042,1.0,0.0,0.0,0.0,0.11224747474747475
community_irrigation,ollama__qwen2_5_3b_instruct,bottom_up_only,ideal,0.5,19,9.871939461518082,2.852544177083334,14.365070279325053,1.0,0.0,0.0,0.0,0.10694444444444444
community_irrigation,ollama__qwen2_5_3b_instruct,bottom_up_only,ideal,0.5,20,9.903696051485777,2.344967021033654,13.18514425323723,1.0,0.0,0.0,0.0,0.08362618284493284
community_irrigation,ollama__qwen2_5_3b_instruct,bottom_up_only,ideal,0.5,21,9.304962095048989,2.0366270048346107,13.770425668457902,1.0,0.0,0.0,0.0,0.04899127789994664
community_irrigation,ollama__qwen2_5_3b_instruct,bottom_up_only,ideal,0.5,22,9.961511098504538,3.0874541075148816,13.186291101236364,1.0,0.0,0.0,0.0,0.16698082010582008
community_irrigation,ollama__qwen2_5_3b_instruct,bottom_up_only,ideal,0.5,23,9.727369359407021,2.9963672878787886,13.742820458780876,1.0,0.0,0.0,0.0,0.1362689393939394
community_irrigation,ollama__qwen2_5_3b_instruct,bottom_up_only,ideal,0.5,24,9.144107834878078,3.1928469107715207,14.211123434993393,1.0,0.0,0.0,0.0,0.15333676739926738
community_irrigation,ollama__qwen2_5_3b_instruct,bottom_up_only,ideal,0.5,25,9.71570112630873,2.715072821969697,13.520483739062978,1.0,0.0,0.0,0.0,0.09257154882154883
community_irrigation,ollama__qwen2_5_3b_instruct,bottom_up_only,ideal,0.5,26,9.81424584418279,3.5243353125,14.286232056830674,1.0,0.0,0.0,0.0,0.11805555555555554
community_irrigation,ollama__qwen2_5_3b_instruct,bottom_up_only,ideal,0.5,27,9.987847980678847,2.620870390625,13.17164154062981,1.0,0.0,0.0,0.0,0.1318287037037037
community_irrigation,ollama__qwen2_5_3b_instruct,bottom_up_only,ideal,0.5,28,9.552650727242906,1.739537380952381,13.33956131623554,1.0,0.0,0.0,0.0,0.09551617364117364
community_irrigation,ollama__qwen2_5_3b_instruct,bottom_up_only,ideal,0.5,29,9.113954257390592,2.5532742862633695,13.976808466376555,1.0,0.0,0.0,0.0,0.06939492968904733
community_irrigation,ollama__qwen2_5_3b_instruct,bottom_up_only,ideal,0.5,30,10.004296511667066,3.5683401171875,14.229927239730017,1.0,0.0,0.0,0.0,0.20515046296296294
community_irrigation,ollama__qwen2_5_3b_instruct,bottom_up_only,ideal,0.5,31,9.27921410689826,3.868418473958334,14.567938776068056,1.0,0.0,0.0,0.0,0.16354166666666667
community_irrigation,ollama__qwen2_5_3b_instruct,bottom_up_only,ideal,0.5,32,10.096262335036112,2.7875418541666663,13.648367514305718,1.0,0.0,0.0,0.0,0.07777777777777778
community_irrigation,ollama__qwen2_5_3b_instruct,bottom_up_only,ideal,0.5,33,10.137540661062815,3.0908126432291674,13.344564388099458,1.0,0.0,0.0,0.0,0.16232638888888887
community_irrigation,ollama__qwen2_5_3b_instruct,bottom_up_only,ideal,0.5,34,10.74937172353923,2.86195275,12.971618670127317,1.0,0.0,0.0,0.0,0.08796296296296297
community_irrigation,ollama__qwen2_5_3b_instruct,bottom_up_only,ideal,0.5,35,9.58281543415023,2.647950334686147,13.439437436291856,1.0,0.0,0.0,0.0,0.07662563131313131
community_irrigation,ollama__qwen2_5_3b_instruct,bottom_up_only,ideal,0.5,36,9.795786587926163,2.6151288725223516,13.004242172296497,1.0,0.0,0.0,0.0,0.1104384559154296
community_irrigation,ollama__qwen2_5_3b_instruct,bottom_up_only,ideal,0.5,37,10.101860712703612,3.292930527597402,12.586460148533495,1.0,0.0,0.0,0.0,0.03695436507936508
community_irrigation,ollama__qwen2_5_3b_instruct,bottom_up_only,ideal,0.5,38,9.448787894599572,3.324145415818557,14.762270447389971,1.0,0.0,0.0,0.0,0.016870282495282496
community_irrigation,ollama__qwen2_5_3b_instruct,bottom_up_only,ideal,0.5,39,8.621443335263764,2.3597966745102728,13.652588441451407,1.0,0.0,0.0,0.0,0.10034075939365482
community_irrigation,ollama__qwen2_5_3b_instruct,bottom_up_only,ideal,1.0,0,3.8688844139805796,5.524972265625,15.734206170266518,1.0,0.0,0.0,0.0,0.24739583333333334
community_irrigation,ollama__qwen2_5_3b_instruct,bottom_up_only,ideal,1.0,1,4.225979406176055,4.642542237723214,16.08432035872268,1.0,0.0,0.0,0.0,0.26004464285714285
community_irrigation,ollama__qwen2_5_3b_instruct,bottom_up_only,ideal,1.0,2,3.429142434593884,5.383366238839287,15.125643714692139,1.0,0.0,0.0,0.0,0.1722470238095238
community_irrigation,ollama__qwen2_5_3b_instruct,bottom_up_only,ideal,1.0,3,4.052797277269372,4.410496921502977,16.16831629849143,1.0,0.0,0.0,0.0,0.2281332671957672
community_irrigation,ollama__qwen2_5_3b_instruct,bottom_up_only,ideal,1.0,4,4.850867054626248,4.192977806919643,16.79650065488104,1.0,0.0,0.0,0.0,0.2615327380952381
community_irrigation,ollama__qwen2_5_3b_instruct,bottom_up_only,ideal,1.0,5,3.7270301638272905,5.045006216517859,15.922759519056488,1.0,0.0,0.0,0.0,0.19717261904761907
community_irrigation,ollama__qwen2_5_3b_instruct,bottom_up_only,ideal,1.0,6,3.2345473764877073,6.007589732142856,16.0310513875665,1.0,0.0,0.0,0.0,0.2708333333333333
community_irrigation,ollama__qwen2_5_3b_instruct,bottom_up_only,ideal,1.0,7,4.6626090419982225,4.524737614955358,16.028321261255428,1.0,0.0,0.0,0.0,0.15624173280423279
community_irrigation,ollama__qwen2_5_3b_instruct,bottom_up_only,ideal,1.0,8,4.208179550156303,3.7383063802083343,15.68039709204644,1.0,0.0,0.0,0.0,0.20202546296296298
community_irrigation,ollama__qwen2_5_3b_instruct,bottom_up_only,ideal,1.0,9,5.102938470498051,3.87497015814394,15.693736908974806,1.0,0.0,0.0,0.0,0.10587121212121213
community_irrigation,ollama__qwen2_5_3b_instruct,bottom_up_only,ideal,1.0,10,4.209080605666343,5.583289854910715,16.28114819727427,1.0,0.0,0.0,0.0,0.17038690476190477
community_irrigation,ollama__qwen2_5_3b_instruct,bottom_up_only,ideal,1.0,11,4.033219038901876,4.6557112499999995,15.614466163247325,1.0,0.0,0.0,0.0,0.2708333333333333
community_irrigation,ollama__qwen2_5_3b_instruct,bottom_up_only,ideal,1.0,12,4.320860879684247,5.2479838411458335,15.737001983893599,1.0,0.0,0.0,0.0,0.1189236111111111
community_irrigation,ollama__qwen2_5_3b_instruct,bottom_up_only,ideal,1.0,13,4.096633437537574,4.3686071875,15.472439578531992,1.0,0.0,0.0,0.0,0.15017361111111108
community_irrigation,ollama__qwen2_5_3b_instruct,bottom_up_only,ideal,1.0,14,4.301097937465198,3.9082917187500006,15.668634549005777,1.0,0.0,0.0,0.0,0.21180555555555555
community_irrigation,ollama__qwen2_5_3b_instruct,bottom_up_only,ideal,1.0,15,4.069417324973322,4.6072196698288685,16.00202604865117,1.0,0.0,0.0,0.0,0.27934854497354494
community_irrigation,ollama__qwen2_5_3b_instruct,bottom_up_only,ideal,1.0,16,4.246725477145184,4.948058136160714,16.113359620622333,1.0,0.0,0.0,0.0,0.2418154761904762
community_irrigation,ollama__qwen2_5_3b_instruct,bottom_up_only,ideal,1.0,17,3.8643513068061086,4.776553409598215,16.15441194674313,1.0,0.0,0.0,0.0,0.26785714285714285
community_irrigation,ollama__qwen2_5_3b_instruct,bottom_up_only,ideal,1.0,18,4.111204013985997,4.630671406249999,15.91496586945264,1.0,0.0,0.0,0.0,0.24838789682539683
community_irrigation,ollama__qwen2_5_3b_instruct,bottom_up_only,ideal,1.0,19,4.644822186855206,3.6796854687500007,16.123252495003747,1.0,0.0,0.0,0.0,0.1796875
community_irrigation,ollama__qwen2_5_3b_instruct,bottom_up_only,ideal,1.0,20,4.735448405984737,4.355113962053573,16.282146369689837,1.0,0.0,0.0,0.0,0.25632440476190477
community_irrigation,ollama__qwen2_5_3b_instruct,bottom_up_only,ideal,1.0,21,3.93707355760061,4.583433802083333,15.807895813898732,1.0,0.0,0.0,0.0,0.26967592592592593
community_irrigation,ollama__qwen2_5_3b_instruct,bottom_up_only,ideal,1.0,22,4.44156501532998,4.657132734375001,15.898630565543606,1.0,0.0,0.0,0.0,0.21614583333333334
community_irrigation,ollama__qwen2_5_3b_instruct,bottom_up_only,ideal,1.0,23,4.760350296158201,3.9869224531250005,16.10921533776184,1.0,0.0,0.0,0.0,0.11412037037037037
community_irrigation,ollama__qwen2_5_3b_instruct,bottom_up_only,ideal,1.0,24,3.856464035586445,5.255344838169644,15.50260922926893,1.0,0.0,0.0,0.0,0.3151041666666667
community_irrigation,ollama__qwen2_5_3b_instruct,bottom_up_only,ideal,1.0,25,3.9009319907465625,5.579007455357143,16.311120425970813,1.0,0.0,0.0,0.0,0.23735119047619047
community_irrigation,ollama__qwen2_5_3b_instruct,bottom_up_only,ideal,1.0,26,4.677945357869692,4.8292728515625,16.313582703271365,1.0,0.0,0.0,0.0,0.23697916666666666
community_irrigation,ollama__qwen2_5_3b_instruct,bottom_up_only,ideal,1.0,27,4.242497141077665,4.363638200520834,15.681585980580778,1.0,0.0,0.0,0.0,0.17291666666666664
community_irrigation,ollama__qwen2_5_3b_instruct,bottom_up_only,ideal,1.0,28,4.0795541084360964,5.119389726562501,15.21854629278791,1.0,0.0,0.0,0.0,0.16666666666666666
community_irrigation,ollama__qwen2_5_3b_instruct,bottom_up_only,ideal,1.0,29,4.423930841384192,4.310669010416667,15.943870587583572,1.0,0.0,0.0,0.0,0.10214120370370368
community_irrigation,ollama__qwen2_5_3b_instruct,bottom_up_only,ideal,1.0,30,5.024962143249437,4.054764552083333,16.285093550012448,1.0,0.0,0.0,0.0,0.09577546296296295
community_irrigation,ollama__qwen2_5_3b_instruct,bottom_up_only,ideal,1.0,31,3.3214459260089404,5.251018208705357,15.336091910810467,1.0,0.0,0.0,0.0,0.2994791666666667
community_irrigation,ollama__qwen2_5_3b_instruct,bottom_up_only,ideal,1.0,32,3.4950859417489983,5.298579274553571,15.550261990834882,1.0,0.0,0.0,0.0,0.26078869047619047
community_irrigation,ollama__qwen2_5_3b_instruct,bottom_up_only,ideal,1.0,33,3.9090752346191167,5.050982890625,15.734216026297688,1.0,0.0,0.0,0.0,0.15914351851851852
community_irrigation,ollama__qwen2_5_3b_instruct,bottom_up_only,ideal,1.0,34,3.7444046658592893,5.2606875502232135,15.516399368018071,1.0,0.0,0.0,0.0,0.3072916666666667
community_irrigation,ollama__qwen2_5_3b_instruct,bottom_up_only,ideal,1.0,35,3.7561518646175056,5.244671450892857,15.69158084107251,1.0,0.0,0.0,0.0,0.23586309523809523
community_irrigation,ollama__qwen2_5_3b_instruct,bottom_up_only,ideal,1.0,36,3.4160086000102687,5.865807287946429,15.822756556887349,1.0,0.0,0.0,0.0,0.24851190476190474
community_irrigation,ollama__qwen2_5_3b_instruct,bottom_up_only,ideal,1.0,37,3.903721262556055,5.2044,15.785931982309474,1.0,0.0,0.0,0.0,0.2109375
community_irrigation,ollama__qwen2_5_3b_instruct,bottom_up_only,ideal,1.0,38,4.599418246698217,5.133797946428572,16.295268237517178,1.0,0.0,0.0,0.0,0.20126488095238093
community_irrigation,ollama__qwen2_5_3b_instruct,bottom_up_only,ideal,1.0,39,4.314813285642202,3.708486419270834,15.982889918285085,1.0,0.0,0.0,0.0,0.2288773148148148
community_irrigation,ollama__qwen2_5_3b_instruct,top_down_only,ideal,0.0,0,16.361245853019227,1.9269375000000002,14.364374999999999,0.0,0.0,0.0,0.3015625,0.0
community_irrigation,ollama__qwen2_5_3b_instruct,top_down_only,ideal,0.0,1,16.339456676221353,2.3491875,14.53378125,0.0,0.0,0.0,0.43281250000000004,0.0
community_irrigation,ollama__qwen2_5_3b_instruct,top_down_only,ideal,0.0,2,16.311751343146444,2.214046875,14.30840625,0.0,0.0,0.0,0.43281250000000004,0.0
community_irrigation,ollama__qwen2_5_3b_instruct,top_down_only,ideal,0.0,3,16.37239511812138,2.2575,14.5265625,0.0,0.0,0.0,0.409375,0.0
community_irrigation,ollama__qwen2_5_3b_instruct,top_down_only,ideal,0.0,4,16.338727523210927,2.2830000000000004,14.708250000000003,0.0,0.0,0.0,0.3796875,0.0
community_irrigation,ollama__qwen2_5_3b_instruct,top_down_only,ideal,0.0,5,16.394404270774835,2.256609375,14.851031250000002,0.0,0.0,0.0,0.31875000000000003,0.0
community_irrigation,ollama__qwen2_5_3b_instruct,top_down_only,ideal,0.0,6,16.396104474022096,1.7497968750000004,14.24971875,0.0,0.0,0.0,0.21718749999999998,0.0
community_irrigation,ollama__qwen2_5_3b_instruct,top_down_only,ideal,0.0,7,16.53680931498943,1.5398437500000002,14.46909375,0.0,0.0,0.0,0.0359375,0.0
community_irrigation,ollama__qwen2_5_3b_instruct,top_down_only,ideal,0.0,8,16.365520151271877,2.218875,14.9000625,0.0,0.0,0.0,0.296875,0.0
community_irrigation,ollama__qwen2_5_3b_instruct,top_down_only,ideal,0.0,9,16.302717668925684,2.2580625000000003,14.773312500000001,0.0,0.0,0.0,0.3796875,0.0
community_irrigation,ollama__qwen2_5_3b_instruct,top_down_only,ideal,0.0,10,16.406857531617298,2.19984375,14.883750000000003,0.0,0.0,0.0,0.2828125,0.0
community_irrigation,ollama__qwen2_5_3b_instruct,top_down_only,ideal,0.0,11,16.320208875502715,2.4560625,14.764499999999998,0.0,0.0,0.0,0.44218749999999996,0.0
community_irrigation,ollama__qwen2_5_3b_instruct,top_down_only,ideal,0.0,12,16.261894551583083,2.370609375,14.65415625,0.0,0.0,0.0,0.4390625,0.0
community_irrigation,ollama__qwen2_5_3b_instruct,top_down_only,ideal,0.0,13,16.281604031318363,2.6272031250000003,14.820843750000002,0.0,0.0,0.0,0.4921875,0.0
community_irrigation,ollama__qwen2_5_3b_instruct,top_down_only,ideal,0.0,14,16.350084595784985,2.247,14.572031250000002,0.0,0.0,0.0,0.3828125,0.0
community_irrigation,ollama__qwen2_5_3b_instruct,top_down_only,ideal,0.0,15,16.295439404108773,2.4874687500000006,14.656687500000002,0.0,0.0,0.0,0.4625,0.0
community_irrigation,ollama__qwen2_5_3b_instruct,top_down_only,ideal,0.0,16,16.362006265967977,2.4795,14.671031250000002,0.0,0.0,0.0,0.46406250000000004,0.0
community_irrigation,ollama__qwen2_5_3b_instruct,top_down_only,ideal,0.0,17,16.508272543455156,1.4599218750000003,14.711249999999998,0.0,0.0,0.0,0.0390625,0.0
community_irrigation,ollama__qwen2_5_3b_instruct,top_down_only,ideal,0.0,18,16.351236542160052,2.3621718750000005,14.7860625,0.0,0.0,0.0,0.3859375,0.0
community_irrigation,ollama__qwen2_5_3b_instruct,top_down_only,ideal,0.0,19,16.32197857833512,2.3719687499999997,14.61646875,0.0,0.0,0.0,0.4390625,0.0
community_irrigation,ollama__qwen2_5_3b_instruct,top_down_only,ideal,0.0,20,16.383791389224143,2.097609375,14.914874999999999,0.0,0.0,0.0,0.29374999999999996,0.0
community_irrigation,ollama__qwen2_5_3b_instruct,top_down_only,ideal,0.0,21,16.364438801441164,1.9355156250000005,14.89715625,0.0,0.0,0.0,0.2453125,0.0
community_irrigation,ollama__qwen2_5_3b_instruct,top_down_only,ideal,0.0,22,16.38769042397525,2.1140156250000004,14.398125,0.0,0.0,0.0,0.375,0.0
community_irrigation,ollama__qwen2_5_3b_instruct,top_down_only,ideal,0.0,23,16.31665221886398,2.5042500000000008,14.64346875,0.0,0.0,0.0,0.48124999999999996,0.0
community_irrigation,ollama__qwen2_5_3b_instruct,top_down_only,ideal,0.0,24,16.35735586556562,1.7870625,14.6075625,0.0,0.0,0.0,0.17812499999999998,0.0
community_irrigation,ollama__qwen2_5_3b_instruct,top_down_only,ideal,0.0,25,16.445049350533548,1.8188906250000003,15.16865625,0.0,0.0,0.0,0.121875,0.0
community_irrigation,ollama__qwen2_5_3b_instruct,top_down_only,ideal,0.0,26,16.52535068771719,1.635515625,15.087281249999998,0.0,0.0,0.0,0.037500000000000006,0.0
community_irrigation,ollama__qwen2_5_3b_instruct,top_down_only,ideal,0.0,27,16.38321608513698,1.7905781250000001,14.34515625,0.0,0.0,0.0,0.2828125,0.0
community_irrigation,ollama__qwen2_5_3b_instruct,top_down_only,ideal,0.0,28,16.370977567831833,2.3026406250000004,14.731875000000002,0.0,0.0,0.0,0.3921875,0.0
community_irrigation,ollama__qwen2_5_3b_instruct,top_down_only,ideal,0.0,29,16.35149069926387,2.4090000000000007,14.739749999999999,0.0,0.0,0.0,0.4,0.0
community_irrigation,ollama__qwen2_5_3b_instruct,top_down_only,ideal,0.0,30,16.33239661122771,2.2044843750000007,14.800031250000002,0.0,0.0,0.0,0.3609375,0.0
community_irrigation,ollama__qwen2_5_3b_instruct,top_down_only,ideal,0.0,31,16.35827906458326,1.836515625,14.553093749999999,0.0,0.0,0.0,0.2671875,0.0
community_irrigation,ollama__qwen2_5_3b_instruct,top_down_only,ideal,0.0,32,16.301192797314137,2.19028125,14.759250000000002,0.0,0.0,0.0,0.3625,0.0
community_irrigation,ollama__qwen2_5_3b_instruct,top_down_only,ideal,0.0,33,16.29262143994668,2.5292343749999997,14.6499375,0.0,0.0,0.0,0.48906249999999996,0.0
community_irrigation,ollama__qwen2_5_3b_instruct,top_down_only,ideal,0.0,34,16.184440503646165,2.6979375,14.881781250000001,0.0,0.0,0.0,0.5046875,0.0
community_irrigation,ollama__qwen2_5_3b_instruct,top_down_only,ideal,0.0,35,16.339676056642507,2.4650625,14.624437499999999,0.0,0.0,0.0,0.4546875,0.0
community_irrigation,ollama__qwen2_5_3b_instruct,top_down_only,ideal,0.0,36,16.33074786118395,2.34609375,14.6581875,0.0,0.0,0.0,0.425,0.0
community_irrigation,ollama__qwen2_5_3b_instruct,top_down_only,ideal,0.0,37,16.395971036921246,1.9812656250000003,14.96990625,0.0,0.0,0.0,0.221875,0.0
community_irrigation,ollama__qwen2_5_3b_instruct,top_down_only,ideal,0.0,38,16.28917722361044,2.5339687500000005,14.7268125,0.0,0.0,0.0,0.47812499999999997,0.0
community_irrigation,ollama__qwen2_5_3b_instruct,top_down_only,ideal,0.0,39,16.41532295203148,1.951734375,14.79384375,0.0,0.0,0.0,0.278125,0.0
community_irrigation,ollama__qwen2_5_3b_instruct,top_down_only,ideal,0.5,0,15.554145832742636,2.5251093750000004,13.274804401186252,0.0,0.0,0.0,0.6390625,0.16953125
community_irrigation,ollama__qwen2_5_3b_instruct,top_down_only,ideal,0.5,1,15.500749297946035,3.3277968749999998,15.108093749999998,0.0,0.0,0.0,0.6171875,0.18333333333333335
community_irrigation,ollama__qwen2_5_3b_instruct,top_down_only,ideal,0.5,2,15.906452650234105,2.6795156250000005,14.69953125,0.0,0.0,0.0,0.5125,0.056770833333333326
community_irrigation,ollama__qwen2_5_3b_instruct,top_down_only,ideal,0.5,3,15.637236623015252,3.0348750000000004,14.88778125,0.0,0.0,0.0,0.5578125,0.18619791666666666
community_irrigation,ollama__qwen2_5_3b_instruct,top_down_only,ideal,0.5,4,15.605283144173846,2.83575,14.550562500000002,0.0,0.0,0.0,0.590625,0.1963541666666667
community_irrigation,ollama__qwen2_5_3b_instruct,top_down_only,ideal,0.5,5,15.571555670244248,2.8492500000000005,14.528343750000001,0.0,0.0,0.0,0.5921875000000001,0.17031249999999998
community_irrigation,ollama__qwen2_5_3b_instruct,top_down_only,ideal,0.5,6,15.676798981475589,2.3505000000000003,13.528050790414888,0.0,0.0,0.0,0.571875,0.1171875
community_irrigation,ollama__qwen2_5_3b_instruct,top_down_only,ideal,0.5,7,15.583175932450349,2.9096249999999997,14.667562500000003,0.0,0.0,0.0,0.5843750000000001,0.17786458333333333
community_irrigation,ollama__qwen2_5_3b_instruct,top_down_only,ideal,0.5,8,15.52818433349086,3.0359531250000007,14.502732630636267,0.0,0.0,0.0,0.6125,0.19010416666666666
community_irrigation,ollama__qwen2_5_3b_instruct,top_down_only,ideal,0.5,9,15.67699564528709,2.228953125,13.005961059870716,0.0,0.0,0.0,0.6078125,0.1299479166666667
community_irrigation,ollama__qwen2_5_3b_instruct,top_down_only,ideal,0.5,10,15.6382827136356,2.9596406250000005,14.7585,0.0,0.0,0.0,0.5546875,0.1953125
community_irrigation,ollama__qwen2_5_3b_instruct,top_down_only,ideal,0.5,11,15.470792344170015,1.8058593750000003,10.905508318688304,0.0,0.0,0.0,0.7406250000000001,0.11770833333333335
community_irrigation,ollama__qwen2_5_3b_instruct,top_down_only,ideal,0.5,12,15.581773700562383,2.642765625000001,13.510413835999612,0.0,0.0,0.0,0.625,0.18359375
community_irrigation,ollama__qwen2_5_3b_instruct,top_down_only,ideal,0.5,13,15.600597351275812,2.934984375000001,15.02165625,0.0,0.0,0.0,0.5421874999999999,0.10234375
community_irrigation,ollama__qwen2_5_3b_instruct,top_down_only,ideal,0.5,14,15.583291837433084,2.9260781250000005,14.4975,0.0,0.0,0.0,0.6046874999999999,0.196875
community_irrigation,ollama__qwen2_5_3b_instruct,top_down_only,ideal,0.5,15,15.601535131519778,1.6500937500000001,10.507911514975191,0.0,0.0,0.0,0.7312500000000001,0.1052083333333333
community_irrigation,ollama__qwen2_5_3b_instruct,top_down_only,ideal,0.5,16,15.685053372889428,2.7686249999999997,14.5485,0.0,0.0,0.0,0.54375,0.1533854166666667
community_irrigation,ollama__qwen2_5_3b_instruct,top_down_only,ideal,0.5,17,15.505750962643518,3.081796875,14.517226135807448,0.0,0.0,0.0,0.6203125,0.18828124999999998
community_irrigation,ollama__qwen2_5_3b_instruct,top_down_only,ideal,0.5,18,15.703649501315438,2.8029843750000003,14.8738125,0.0,0.0,0.0,0.5375,0.22864583333333335
community_irrigation,ollama__qwen2_5_3b_instruct,top_down_only,ideal,0.5,19,15.475658023102586,2.9520000000000004,14.439305356817936,0.0,0.0,0.0,0.6328125,0.17708333333333334
community_irrigation,ollama__qwen2_5_3b_instruct,top_down_only,ideal,0.5,20,15.462847945070713,2.6860781250000008,13.41096935615224,0.0,0.0,0.0,0.6640625,0.16354166666666667
community_irrigation,ollama__qwen2_5_3b_instruct,top_down_only,ideal,0.5,21,15.490128432494696,2.4307500000000006,12.61706711577133,0.0,0.0,0.0,0.678125,0.15572916666666667
community_irrigation,ollama__qwen2_5_3b_instruct,top_down_only,ideal,0.5,22,15.402271939670802,2.8645781249999995,13.624665416712759,0.0,0.0,0.0,0.6765625,0.15703124999999998
community_irrigation,ollama__qwen2_5_3b_instruct,top_down_only,ideal,0.5,23,15.561781224025538,2.3473125,13.162544899973248,0.0,0.0,0.0,0.6421875,0.1640625
community_irrigation,ollama__qwen2_5_3b_instruct,top_down_only,ideal,0.5,24,15.5259762734298,2.651625,13.527649248302229,0.0,0.0,0.0,0.6468750000000001,0.17447916666666666
community_irrigation,ollama__qwen2_5_3b_instruct,top_down_only,ideal,0.5,25,15.548183454229985,2.1830625,12.144341017728204,0.0,0.0,0.0,0.684375,0.14973958333333334
community_irrigation,ollama__qwen2_5_3b_instruct,top_down_only,ideal,0.5,26,15.49301142231303,3.1329843749999995,14.91721875,0.0,0.0,0.0,0.609375,0.19505208333333335
community_irrigation,ollama__qwen2_5_3b_instruct,top_down_only,ideal,0.5,27,15.6339733481056,2.8859062500000006,14.37796875,0.0,0.0,0.0,0.5890625,0.20546875
community_irrigation,ollama__qwen2_5_3b_instruct,top_down_only,ideal,0.5,28,15.468170101003011,2.618015625000001,12.825458163926857,0.0,0.0,0.0,0.6875,0.13932291666666666
community_irrigation,ollama__qwen2_5_3b_instruct,top_down_only,ideal,0.5,29,15.490659931691852,2.81109375,14.248705802870369,0.0,0.0,0.0,0.640625,0.17786458333333335
community_irrigation,ollama__qwen2_5_3b_instruct,top_down_only,ideal,0.5,30,15.627564412559279,1.643953125,11.099010553022458,0.0,0.0,0.0,0.6890625,0.09791666666666665
community_irrigation,ollama__qwen2_5_3b_instruct,top_down_only,ideal,0.5,31,15.678135036579782,2.01375,12.13858824284787,0.0,0.0,0.0,0.6421874999999999,0.17265624999999998
community_irrigation,ollama__qwen2_5_3b_instruct,top_down_only,ideal,0.5,32,15.531704894465483,3.0717656250000003,14.697375000000001,0.0,0.0,0.0,0.60625,0.1421875
community_irrigation,ollama__qwen2_5_3b_instruct,top_down_only,ideal,0.5,33,15.555404297486238,3.243375000000001,15.2094375,0.0,0.0,0.0,0.5718749999999999,0.19062500000000004
community_irrigation,ollama__qwen2_5_3b_instruct,top_down_only,ideal,0.5,34,15.587869373022158,2.92378125,14.805843750000001,0.0,0.0,0.0,0.5875,0.19062499999999996
community_irrigation,ollama__qwen2_5_3b_instruct,top_down_only,ideal,0.5,35,15.700540001319203,2.1173906250000005,12.53566676369524,0.0,0.0,0.0,0.621875,0.12916666666666668
community_irrigation,ollama__qwen2_5_3b_instruct,top_down_only,ideal,0.5,36,15.579417550383079,2.977546875,14.5486875,0.0,0.0,0.0,0.6015625,0.18281250000000002
community_irrigation,ollama__qwen2_5_3b_instruct,top_down_only,ideal,0.5,37,15.657724120618365,2.752828125,14.29865625,0.0,0.0,0.0,0.5875,0.20624999999999996
community_irrigation,ollama__qwen2_5_3b_instruct,top_down_only,ideal,0.5,38,15.624484684480594,2.751093750000001,13.732709242087747,0.0,0.0,0.0,0.596875,0.18802083333333333
community_irrigation,ollama__qwen2_5_3b_instruct,top_down_only,ideal,0.5,39,15.643265210570608,2.6907187500000003,14.308687500000001,0.0,0.0,0.0,0.5828125,0.12968749999999998
community_irrigation,ollama__qwen2_5_3b_instruct,top_down_only,ideal,1.0,0,15.488990561111226,3.3168281250000002,15.119531250000001,0.0,0.0,0.0,0.6468750000000001,0.2934895833333333
community_irrigation,ollama__qwen2_5_3b_instruct,top_down_only,ideal,1.0,1,15.423544680041559,3.402,15.1905,0.0,0.0,0.0,0.6625,0.33567708333333335
community_irrigation,ollama__qwen2_5_3b_instruct,top_down_only,ideal,1.0,2,15.404735957802863,3.2759062500000007,15.193312500000001,0.0,0.0,0.0,0.6343749999999999,0.30468750000000006
community_irrigation,ollama__qwen2_5_3b_instruct,top_down_only,ideal,1.0,3,15.423420419148925,3.4047187499999993,15.1468125,0.0,0.0,0.0,0.6578125,0.3052083333333333
community_irrigation,ollama__qwen2_5_3b_instruct,top_down_only,ideal,1.0,4,15.426401151493883,3.56934375,15.246937500000001,0.0,0.0,0.0,0.6625,0.30494791666666665
community_irrigation,ollama__qwen2_5_3b_instruct,top_down_only,ideal,1.0,5,15.44058805722964,3.6402656250000005,15.185906249999999,0.0,0.0,0.0,0.66875,0.33125
community_irrigation,ollama__qwen2_5_3b_instruct,top_down_only,ideal,1.0,6,15.378804437308125,3.603515625,15.24346875,0.0,0.0,0.0,0.6671874999999999,0.3325520833333333
community_irrigation,ollama__qwen2_5_3b_instruct,top_down_only,ideal,1.0,7,15.481285014293586,3.657187500000001,15.25209375,0.0,0.0,0.0,0.6421875,0.2908854166666667
community_irrigation,ollama__qwen2_5_3b_instruct,top_down_only,ideal,1.0,8,15.410642912981151,3.752062500000001,15.323250000000002,0.0,0.0,0.0,0.653125,0.3078125
community_irrigation,ollama__qwen2_5_3b_instruct,top_down_only,ideal,1.0,9,15.42239832694937,3.363703125,15.155906249999997,0.0,0.0,0.0,0.64375,0.25364583333333335
community_irrigation,ollama__qwen2_5_3b_instruct,top_down_only,ideal,1.0,10,15.504844794135959,3.2982187499999998,15.221437500000002,0.0,0.0,0.0,0.625,0.2859375
community_irrigation,ollama__qwen2_5_3b_instruct,top_down_only,ideal,1.0,11,15.474512426187122,3.4532343750000005,15.30234375,0.0,0.0,0.0,0.63125,0.3440104166666667
community_irrigation,ollama__qwen2_5_3b_instruct,top_down_only,ideal,1.0,12,15.417542586848993,3.4602656250000003,15.274781250000002,0.0,0.0,0.0,0.6375,0.3026041666666666
community_irrigation,ollama__qwen2_5_3b_instruct,top_down_only,ideal,1.0,13,15.40802224596412,3.6486562500000006,15.2236875,0.0,0.0,0.0,0.64375,0.296875
community_irrigation,ollama__qwen2_5_3b_instruct,top_down_only,ideal,1.0,14,15.45094287947404,3.405421875,15.19771875,0.0,0.0,0.0,0.66875,0.30312500000000003
community_irrigation,ollama__qwen2_5_3b_instruct,top_down_only,ideal,1.0,15,15.14115321148114,3.8699531250000003,15.398906249999996,0.0,0.0,0.0,0.675,0.32395833333333335
community_irrigation,ollama__qwen2_5_3b_instruct,top_down_only,ideal,1.0,16,15.437747035700502,3.3837656249999997,15.136968750000001,0.0,0.0,0.0,0.6468750000000001,0.25156249999999997
community_irrigation,ollama__qwen2_5_3b_instruct,top_down_only,ideal,1.0,17,15.483081576766036,3.560437500000001,15.189375000000002,0.0,0.0,0.0,0.6625,0.33749999999999997
community_irrigation,ollama__qwen2_5_3b_instruct,top_down_only,ideal,1.0,18,15.376313360293564,3.5635312500000005,15.2565,0.0,0.0,0.0,0.659375,0.3052083333333333
community_irrigation,ollama__qwen2_5_3b_instruct,top_down_only,ideal,1.0,19,15.424157548247054,3.3993281250000007,15.1783125,0.0,0.0,0.0,0.6453125000000001,0.3546875
community_irrigation,ollama__qwen2_5_3b_instruct,top_down_only,ideal,1.0,20,15.431638543508987,3.5945625000000003,15.2645625,0.0,0.0,0.0,0.6390625,0.31640625
community_irrigation,ollama__qwen2_5_3b_instruct,top_down_only,ideal,1.0,21,15.36262871772431,3.6054375000000007,15.327375,0.0,0.0,0.0,0.6671875,0.3328125
community_irrigation,ollama__qwen2_5_3b_instruct,top_down_only,ideal,1.0,22,15.456573083054208,3.291234375,15.087468750000001,0.0,0.0,0.0,0.65625,0.32473958333333336
community_irrigation,ollama__qwen2_5_3b_instruct,top_down_only,ideal,1.0,23,15.417114391477565,3.5422499999999997,15.1850625,0.0,0.0,0.0,0.6578125,0.2830729166666666
community_irrigation,ollama__qwen2_5_3b_instruct,top_down_only,ideal,1.0,24,15.443757616133208,3.538031250000001,15.234562500000003,0.0,0.0,0.0,0.6609375,0.3263020833333333
community_irrigation,ollama__qwen2_5_3b_instruct,top_down_only,ideal,1.0,25,15.442429231056717,3.5793750000000006,15.230625000000002,0.0,0.0,0.0,0.65625,0.34375
community_irrigation,ollama__qwen2_5_3b_instruct,top_down_only,ideal,1.0,26,15.460100488763356,3.4172343750000005,15.132375,0.0,0.0,0.0,0.6578125,0.28880208333333335
community_irrigation,ollama__qwen2_5_3b_instruct,top_down_only,ideal,1.0,27,15.410538584705527,3.5504531250000007,15.293906250000003,0.0,0.0,0.0,0.65,0.3471354166666667
community_irrigation,ollama__qwen2_5_3b_instruct,top_down_only,ideal,1.0,28,15.408799369943003,3.490078125,15.2353125,0.0,0.0,0.0,0.6296875,0.30859375
community_irrigation,ollama__qwen2_5_3b_instruct,top_down_only,ideal,1.0,29,15.433010406920328,3.3518437500000005,15.2889375,0.0,0.0,0.0,0.63125,0.32005208333333335
community_irrigation,ollama__qwen2_5_3b_instruct,top_down_only,ideal,1.0,30,15.431185563612136,3.424312499999999,15.155625,0.0,0.0,0.0,0.6625,0.29140625000000003
community_irrigation,ollama__qwen2_5_3b_instruct,top_down_only,ideal,1.0,31,15.45976520370974,3.5810625,15.270375,0.0,0.0,0.0,0.6625,0.33749999999999997
community_irrigation,ollama__qwen2_5_3b_instruct,top_down_only,ideal,1.0,32,15.355043965208967,3.7589531250000006,15.302906250000003,0.0,0.0,0.0,0.66875,0.32005208333333335
community_irrigation,ollama__qwen2_5_3b_instruct,top_down_only,ideal,1.0,33,15.424173119522461,3.4784531249999997,15.27403125,0.0,0.0,0.0,0.6609375,0.3390625
community_irrigation,ollama__qwen2_5_3b_instruct,top_down_only,ideal,1.0,34,15.462732923317894,3.62990625,15.1798125,0.0,0.0,0.0,0.65,0.27057291666666666
community_irrigation,ollama__qwen2_5_3b_instruct,top_down_only,ideal,1.0,35,15.428908678580445,3.4733437500000006,15.097312500000001,0.0,0.0,0.0,0.65625,0.340625
community_irrigation,ollama__qwen2_5_3b_instruct,top_down_only,ideal,1.0,36,15.5079762928851,3.5582343750000005,15.086625,0.0,0.0,0.0,0.6484375,0.28411458333333334
community_irrigation,ollama__qwen2_5_3b_instruct,top_down_only,ideal,1.0,37,15.391821887013418,3.5591250000000008,15.245249999999999,0.0,0.0,0.0,0.6656249999999999,0.32109375
community_irrigation,ollama__qwen2_5_3b_instruct,top_down_only,ideal,1.0,38,15.377065758258297,3.60046875,15.344249999999997,0.0,0.0,0.0,0.6515625,0.3484375
community_irrigation,ollama__qwen2_5_3b_instruct,top_down_only,ideal,1.0,39,15.448535849268264,3.5071875,15.221249999999998,0.0,0.0,0.0,0.6656249999999999,0.3338541666666666
community_irrigation,ollama__qwen2_5_3b_instruct,hybrid,ideal,0.0,0,16.708257596625547,1.5170772421875003,13.438296210937498,0.0,0.0,0.0,0.0234375,0.0
community_irrigation,ollama__qwen2_5_3b_instruct,hybrid,ideal,0.0,1,18.16281839813564,0.43347091406250005,10.757998593750001,0.0,0.0,0.0,0.021875000000000002,0.0
community_irrigation,ollama__qwen2_5_3b_instruct,hybrid,ideal,0.0,2,16.452279385757414,1.9260171328125002,14.703105656249999,0.0,0.0,0.0,0.1890625,0.0
community_irrigation,ollama__qwen2_5_3b_instruct,hybrid,ideal,0.0,3,16.5021718038996,1.6115550703125,14.3653305,0.0,0.0,0.0,0.0765625,0.0
community_irrigation,ollama__qwen2_5_3b_instruct,hybrid,ideal,0.0,4,17.52923898377285,0.9854254453125001,12.172564828125001,0.0,0.0,0.0,0.021875000000000002,0.0
community_irrigation,ollama__qwen2_5_3b_instruct,hybrid,ideal,0.0,5,16.688247404833945,1.6624618828125,13.932298874999999,0.0,0.0,0.0,0.0140625,0.0
community_irrigation,ollama__qwen2_5_3b_instruct,hybrid,ideal,0.0,6,16.44172457760692,1.93646736328125,14.8068293671875,0.0,0.0,0.0,0.20781249999999998,0.0
community_irrigation,ollama__qwen2_5_3b_instruct,hybrid,ideal,0.0,7,18.295549392177012,0.2476171875000002,10.380566015625,0.0,0.0,0.0,0.0234375,0.0
community_irrigation,ollama__qwen2_5_3b_instruct,hybrid,ideal,0.0,8,16.649282903664428,1.6765785585937498,14.08554,0.0,0.0,0.0,0.0125,0.0
community_irrigation,ollama__qwen2_5_3b_instruct,hybrid,ideal,0.0,9,16.806551226410686,1.1845388437500004,14.242540734375002,0.0,0.0,0.0,0.0234375,0.0
community_irrigation,ollama__qwen2_5_3b_instruct,hybrid,ideal,0.0,10,16.446617802515178,1.8467471953124996,14.373202289062498,0.0,0.0,0.0,0.1671875,0.0
community_irrigation,ollama__qwen2_5_3b_instruct,hybrid,ideal,0.0,11,17.04071898309268,1.089101625,13.874173828124997,0.0,0.0,0.0,0.0234375,0.0
community_irrigation,ollama__qwen2_5_3b_instruct,hybrid,ideal,0.0,12,17.240472100027553,1.0094316328125008,12.616378335937501,0.0,0.0,0.0,0.0171875,0.0
community_irrigation,ollama__qwen2_5_3b_instruct,hybrid,ideal,0.0,13,16.874230941638565,1.1697763593750006,14.158358999999999,0.0,0.0,0.0,0.025,0.0
community_irrigation,ollama__qwen2_5_3b_instruct,hybrid,ideal,0.0,14,16.49730763314342,1.7101052460937503,14.1554096953125,0.0,0.0,0.0,0.0671875,0.0
community_irrigation,ollama__qwen2_5_3b_instruct,hybrid,ideal,0.0,15,16.468409928031534,1.54095833203125,13.711274390625,0.0,0.0,0.0,0.040625,0.0
community_irrigation,ollama__qwen2_5_3b_instruct,hybrid,ideal,0.0,16,17.126481043726876,1.0653150000000005,13.194233624999999,0.0,0.0,0.0,0.025,0.0
community_irrigation,ollama__qwen2_5_3b_instruct,hybrid,ideal,0.0,17,17.02175643987129,1.3230746601562504,13.697649843749998,0.0,0.0,0.0,0.015625,0.0
community_irrigation,ollama__qwen2_5_3b_instruct,hybrid,ideal,0.0,18,16.466437314052904,1.8109630546875004,14.8645858828125,0.0,0.0,0.0,0.16718750000000002,0.0
community_irrigation,ollama__qwen2_5_3b_instruct,hybrid,ideal,0.0,19,17.018921613034557,1.12609528125,13.532849343750005,0.0,0.0,0.0,0.020312500000000004,0.0
community_irrigation,ollama__qwen2_5_3b_instruct,hybrid,ideal,0.0,20,17.715790093680432,0.8069691210937504,12.1685937421875,0.0,0.0,0.0,0.020312500000000004,0.0
community_irrigation,ollama__qwen2_5_3b_instruct,hybrid,ideal,0.0,21,16.82385807643997,1.2808966992187503,13.710597656249998,0.0,0.0,0.0,0.0234375,0.0
community_irrigation,ollama__qwen2_5_3b_instruct,hybrid,ideal,0.0,22,17.166783858319825,1.0298679609374997,13.486428515625,0.0,0.0,0.0,0.0234375,0.0
community_irrigation,ollama__qwen2_5_3b_instruct,hybrid,ideal,0.0,23,16.449775753112206,1.706615953125,14.50272421875,0.0,0.0,0.0,0.10625000000000001,0.0
community_irrigation,ollama__qwen2_5_3b_instruct,hybrid,ideal,0.0,24,17.125267928019582,1.0773136640625003,14.036451093750001,0.0,0.0,0.0,0.015625,0.0
community_irrigation,ollama__qwen2_5_3b_instruct,hybrid,ideal,0.0,25,17.092120254166627,1.19316684375,13.293850617187498,0.0,0.0,0.0,0.0140625,0.0
community_irrigation,ollama__qwen2_5_3b_instruct,hybrid,ideal,0.0,26,16.698524476186797,1.4736611367187495,14.036541164062498,0.0,0.0,0.0,0.026562500000000003,0.0
community_irrigation,ollama__qwen2_5_3b_instruct,hybrid,ideal,0.0,27,16.92706954807966,0.9569629218750002,13.869199335937498,0.0,0.0,0.0,0.020312500000000004,0.0
community_irrigation,ollama__qwen2_5_3b_instruct,hybrid,ideal,0.0,28,17.60040491026347,0.9884199843750004,12.169767890625,0.0,0.0,0.0,0.015625,0.0
community_irrigation,ollama__qwen2_5_3b_instruct,hybrid,ideal,0.0,29,17.07883370738729,1.2984264726562498,13.9329623203125,0.0,0.0,0.0,0.020312500000000004,0.0
community_irrigation,ollama__qwen2_5_3b_instruct,hybrid,ideal,0.0,30,16.6027250224846,1.4676698320312502,14.566073765625,0.0,0.0,0.0,0.0171875,0.0
community_irrigation,ollama__qwen2_5_3b_instruct,hybrid,ideal,0.0,31,16.828280066414997,1.1716531875000002,13.761329414062498,0.0,0.0,0.0,0.0234375,0.0
community_irrigation,ollama__qwen2_5_3b_instruct,hybrid,ideal,0.0,32,16.606066298121643,1.3353610429687501,13.091009765625,0.0,0.0,0.0,0.0234375,0.0
community_irrigation,ollama__qwen2_5_3b_instruct,hybrid,ideal,0.0,33,17.040021535906995,1.4020160859375,13.047698624999999,0.0,0.0,0.0,0.018750000000000003,0.0
community_irrigation,ollama__qwen2_5_3b_instruct,hybrid,ideal,0.0,34,16.96110311260229,1.06744383984375,14.1661893984375,0.0,0.0,0.0,0.0234375,0.0
community_irrigation,ollama__qwen2_5_3b_instruct,hybrid,ideal,0.0,35,16.64195936863312,1.4558080312500001,14.198956054687498,0.0,0.0,0.0,0.0234375,0.0
community_irrigation,ollama__qwen2_5_3b_instruct,hybrid,ideal,0.0,36,16.45102071039496,1.9174849453124998,14.799427265625003,0.0,0.0,0.0,0.234375,0.0
community_irrigation,ollama__qwen2_5_3b_instruct,hybrid,ideal,0.0,37,16.750751907989393,1.4796992578125,14.052858046875002,0.0,0.0,0.0,0.0234375,0.0
community_irrigation,ollama__qwen2_5_3b_instruct,hybrid,ideal,0.0,38,16.849297929680674,1.2405822421875001,13.888135125000002,0.0,0.0,0.0,0.021875000000000002,0.0
community_irrigation,ollama__qwen2_5_3b_instruct,hybrid,ideal,0.0,39,16.909129439576304,1.4251218750000008,14.254898437500001,0.0,0.0,0.0,0.018750000000000003,0.0
community_irrigation,ollama__qwen2_5_3b_instruct,hybrid,ideal,0.5,0,15.64018788413016,1.614992484375,11.145057425921774,0.0,0.0,0.0,0.659375,0.1338541666666667
community_irrigation,ollama__qwen2_5_3b_instruct,hybrid,ideal,0.5,1,15.776349111604345,2.708271585937501,14.605471921875,0.0,0.0,0.0,0.515625,0.20651041666666667
community_irrigation,ollama__qwen2_5_3b_instruct,hybrid,ideal,0.5,2,15.72877059021257,2.4692340703125,13.832305171875001,0.0,0.0,0.0,0.5328125,0.18515625000000002
community_irrigation,ollama__qwen2_5_3b_instruct,hybrid,ideal,0.5,3,15.700811961571581,2.34443905078125,13.506609580830254,0.0,0.0,0.0,0.5614583333333334,0.1825520833333333
community_irrigation,ollama__qwen2_5_3b_instruct,hybrid,ideal,0.5,4,15.667555067279714,2.3222251640625,13.166695352953617,0.0,0.0,0.0,0.5796875,0.1768229166666667
community_irrigation,ollama__qwen2_5_3b_instruct,hybrid,ideal,0.5,5,15.722704790556207,2.55733878515625,14.384933859375,0.0,0.0,0.0,0.5161458333333333,0.2002604166666667
community_irrigation,ollama__qwen2_5_3b_instruct,hybrid,ideal,0.5,6,15.514362505874555,1.3882463437500001,10.18567727260125,0.0,0.0,0.0,0.7182291666666667,0.07083333333333335
community_irrigation,ollama__qwen2_5_3b_instruct,hybrid,ideal,0.5,7,15.60207375373324,1.707041484375,11.081895457858568,0.0,0.0,0.0,0.6809895833333334,0.09531249999999998
community_irrigation,ollama__qwen2_5_3b_instruct,hybrid,ideal,0.5,8,15.556348470013333,1.5828101015625005,10.284214197397485,0.0,0.0,0.0,0.7015625000000001,0.07708333333333334
community_irrigation,ollama__qwen2_5_3b_instruct,hybrid,ideal,0.5,9,15.581257172388,2.14275643359375,11.941993753061883,0.0,0.0,0.0,0.68125,0.14713541666666666
community_irrigation,ollama__qwen2_5_3b_instruct,hybrid,ideal,0.5,10,15.507826848039633,1.8959016562500002,12.111153891840548,0.0,0.0,0.0,0.6450520833333333,0.0625
community_irrigation,ollama__qwen2_5_3b_instruct,hybrid,ideal,0.5,11,15.616390673098826,1.7746656093750004,11.549335877667225,0.0,0.0,0.0,0.6013020833333333,0.09895833333333333
community_irrigation,ollama__qwen2_5_3b_instruct,hybrid,ideal,0.5,12,15.893020079737859,2.2402597500000003,13.664475281250002,0.0,0.0,0.0,0.41796874999999994,0.10859374999999999
community_irrigation,ollama__qwen2_5_3b_instruct,hybrid,ideal,0.5,13,15.849849218103401,2.6806215703125003,14.723171765625,0.0,0.0,0.0,0.4489583333333333,0.12916666666666668
community_irrigation,ollama__qwen2_5_3b_instruct,hybrid,ideal,0.5,14,15.715790250991448,2.5018503398437506,14.0435072109375,0.0,0.0,0.0,0.5216145833333333,0.19218749999999998
community_irrigation,ollama__qwen2_5_3b_instruct,hybrid,ideal,0.5,15,15.879135110547299,2.6158353398437506,14.6202198984375,0.0,0.0,0.0,0.4609375,0.15416666666666665
community_irrigation,ollama__qwen2_5_3b_instruct,hybrid,ideal,0.5,16,15.543187741752721,2.02455338671875,11.859539777423148,0.0,0.0,0.0,0.6609375,0.08437499999999999
community_irrigation,ollama__qwen2_5_3b_instruct,hybrid,ideal,0.5,17,15.6584234687083,2.2540591757812507,12.55003308890143,0.0,0.0,0.0,0.6296875,0.125
community_irrigation,ollama__qwen2_5_3b_instruct,hybrid,ideal,0.5,18,15.704663931202202,2.085305824218751,12.491572071879986,0.0,0.0,0.0,0.6125,0.17552083333333335
community_irrigation,ollama__qwen2_5_3b_instruct,hybrid,ideal,0.5,19,15.643189412283311,2.13134223046875,12.795061606828838,0.0,0.0,0.0,0.6229166666666666,0.13098958333333333
community_irrigation,ollama__qwen2_5_3b_instruct,hybrid,ideal,0.5,20,15.567711739837968,1.514223744140625,10.031888408794956,0.0,0.0,0.0,0.7216145833333334,0.10494791666666665
community_irrigation,ollama__qwen2_5_3b_instruct,hybrid,ideal,0.5,21,15.577975077062996,1.5106702968750003,9.663109326322877,0.0,0.0,0.0,0.7671874999999999,0.10104166666666665
community_irrigation,ollama__qwen2_5_3b_instruct,hybrid,ideal,0.5,22,15.61970823145788,1.2678498046875002,9.906496674259962,0.0,0.0,0.0,0.6963541666666666,0.08125
community_irrigation,ollama__qwen2_5_3b_instruct,hybrid,ideal,0.5,23,15.747803125338251,2.75579353125,14.6336495625,0.0,0.0,0.0,0.490625,0.19791666666666666
community_irrigation,ollama__qwen2_5_3b_instruct,hybrid,ideal,0.5,24,15.627772681767427,1.6250507109375005,10.361102527808729,0.0,0.0,0.0,0.7200520833333333,0.11822916666666668
community_irrigation,ollama__qwen2_5_3b_instruct,hybrid,ideal,0.5,25,15.793053440769892,2.7078146953125,14.322394690854445,0.0,0.0,0.0,0.4703125,0.21614583333333334
community_irrigation,ollama__qwen2_5_3b_instruct,hybrid,ideal,0.5,26,15.54207898005494,1.6828628554687501,10.923951821869215,0.0,0.0,0.0,0.7197916666666666,0.12473958333333335
community_irrigation,ollama__qwen2_5_3b_instruct,hybrid,ideal,0.5,27,15.676002946782084,2.7398635546875,14.331911484375002,0.0,0.0,0.0,0.5546875,0.19140625
community_irrigation,ollama__qwen2_5_3b_instruct,hybrid,ideal,0.5,28,15.629379982443364,2.317248703125,12.501957952448917,0.0,0.0,0.0,0.6200520833333334,0.15677083333333333
community_irrigation,ollama__qwen2_5_3b_instruct,hybrid,ideal,0.5,29,15.64418050354322,2.2222870664062504,13.05532276078744,0.0,0.0,0.0,0.5763020833333334,0.07187500000000001
community_irrigation,ollama__qwen2_5_3b_instruct,hybrid,ideal,0.5,30,15.670502420466711,2.9897389218750003,14.612292051596626,0.0,0.0,0.0,0.5744791666666667,0.2119791666666667
community_irrigation,ollama__qwen2_5_3b_instruct,hybrid,ideal,0.5,31,15.532797189290275,1.5095624296875,9.719222881781809,0.0,0.0,0.0,0.7559895833333333,0.071875
community_irrigation,ollama__qwen2_5_3b_instruct,hybrid,ideal,0.5,32,15.759069147363363,2.7097949179687504,14.745755929687501,0.0,0.0,0.0,0.49140624999999993,0.12708333333333333
community_irrigation,ollama__qwen2_5_3b_instruct,hybrid,ideal,0.5,33,15.561875370899841,2.0614898671875004,11.015826988730232,0.0,0.0,0.0,0.7171875,0.13124999999999998
community_irrigation,ollama__qwen2_5_3b_instruct,hybrid,ideal,0.5,34,15.53753490672866,1.5586463671875002,10.321706416712974,0.0,0.0,0.0,0.7234375,0.1046875
community_irrigation,ollama__qwen2_5_3b_instruct,hybrid,ideal,0.5,35,15.762695693078888,2.8934476992187506,14.843614148437503,0.0,0.0,0.0,0.5270833333333333,0.14296874999999998
community_irrigation,ollama__qwen2_5_3b_instruct,hybrid,ideal,0.5,36,15.779998816020171,2.7173079375,14.955302859375,0.0,0.0,0.0,0.4778645833333333,0.11380208333333335
community_irrigation,ollama__qwen2_5_3b_instruct,hybrid,ideal,0.5,37,15.645173305264674,2.7131135625000002,14.565970406250003,0.0,0.0,0.0,0.5442708333333334,0.18385416666666665
community_irrigation,ollama__qwen2_5_3b_instruct,hybrid,ideal,0.5,38,15.632101813853197,2.7865941621093757,14.35425151171875,0.0,0.0,0.0,0.5765625,0.18125
community_irrigation,ollama__qwen2_5_3b_instruct,hybrid,ideal,0.5,39,15.672629052453068,2.8372597968750006,14.618142679687502,0.0,0.0,0.0,0.546875,0.2265625
community_irrigation,ollama__qwen2_5_3b_instruct,hybrid,ideal,1.0,0,15.453381067794256,3.367123921875,15.19256034375,0.0,0.0,0.0,0.621875,0.26197916666666665
community_irrigation,ollama__qwen2_5_3b_instruct,hybrid,ideal,1.0,1,15.390305167130103,3.7240045781250006,15.30632165625,0.0,0.0,0.0,0.653125,0.3138020833333333
community_irrigation,ollama__qwen2_5_3b_instruct,hybrid,ideal,1.0,2,15.433215320632922,3.680436375,15.336747749999999,0.0,0.0,0.0,0.653125,0.346875
community_irrigation,ollama__qwen2_5_3b_instruct,hybrid,ideal,1.0,3,15.453610146088584,3.601606359375,15.371837718750001,0.0,0.0,0.0,0.63125,0.3687500000000001
community_irrigation,ollama__qwen2_5_3b_instruct,hybrid,ideal,1.0,4,15.42783391065198,3.3822916171874997,15.091270734375,0.0,0.0,0.0,0.6656249999999999,0.2786458333333333
community_irrigation,ollama__qwen2_5_3b_instruct,hybrid,ideal,1.0,5,15.449606764111467,3.456177000000001,15.139854,0.0,0.0,0.0,0.6625,0.29973958333333334
community_irrigation,ollama__qwen2_5_3b_instruct,hybrid,ideal,1.0,6,15.515090618398304,3.2697813750000004,15.085062750000002,0.0,0.0,0.0,0.6625,0.3229166666666667
community_irrigation,ollama__qwen2_5_3b_instruct,hybrid,ideal,1.0,7,15.473790873185317,3.7544166562500005,15.219583312500001,0.0,0.0,0.0,0.6625,0.3372395833333333
community_irrigation,ollama__qwen2_5_3b_instruct,hybrid,ideal,1.0,8,15.411126958797766,3.7583508984375005,15.335451796874999,0.0,0.0,0.0,0.6640625,0.3359375
community_irrigation,ollama__qwen2_5_3b_instruct,hybrid,ideal,1.0,9,15.474882209325388,3.6469907812500004,15.1296065625,0.0,0.0,0.0,0.65625,0.28619791666666666
community_irrigation,ollama__qwen2_5_3b_instruct,hybrid,ideal,1.0,10,15.416463892387373,3.7617495468750004,15.251124093749999,0.0,0.0,0.0,0.6656249999999999,0.3343749999999999
community_irrigation,ollama__qwen2_5_3b_instruct,hybrid,ideal,1.0,11,15.460307107150332,3.46981171875,15.2938734375,0.0,0.0,0.0,0.6375,0.3190104166666667
community_irrigation,ollama__qwen2_5_3b_instruct,hybrid,ideal,1.0,12,15.464527024027571,3.7110599179687505,15.229807335937497,0.0,0.0,0.0,0.6546875,0.3106770833333334
community_irrigation,ollama__qwen2_5_3b_instruct,hybrid,ideal,1.0,13,15.43783597520818,3.3800852343750005,15.25954546875,0.0,0.0,0.0,0.6328125,0.3627604166666667
community_irrigation,ollama__qwen2_5_3b_instruct,hybrid,ideal,1.0,14,15.44865193605981,3.4488945000000006,15.060789,0.0,0.0,0.0,0.6375,0.2557291666666666
community_irrigation,ollama__qwen2_5_3b_instruct,hybrid,ideal,1.0,15,15.41522626751872,3.5546691210937507,15.2387757421875,0.0,0.0,0.0,0.659375,0.30494791666666665
community_irrigation,ollama__qwen2_5_3b_instruct,hybrid,ideal,1.0,16,15.414336879763516,3.6346868437500004,15.203998687500002,0.0,0.0,0.0,0.6703125,0.3294270833333333
community_irrigation,ollama__qwen2_5_3b_instruct,hybrid,ideal,1.0,17,15.475249968728077,3.60055003125,15.150350062500001,0.0,0.0,0.0,0.6625,0.3013020833333333
community_irrigation,ollama__qwen2_5_3b_instruct,hybrid,ideal,1.0,18,15.510214891378904,3.397445109375,15.320890218750002,0.0,0.0,0.0,0.60625,0.3442708333333333
community_irrigation,ollama__qwen2_5_3b_instruct,hybrid,ideal,1.0,19,15.502211242595285,3.4828379882812506,15.145175976562502,0.0,0.0,0.0,0.6578125,0.27057291666666666
community_irrigation,ollama__qwen2_5_3b_instruct,hybrid,ideal,1.0,20,15.474338398086603,3.4400292890625,15.259714828125,0.0,0.0,0.0,0.6453125000000001,0.27447916666666666
community_irrigation,ollama__qwen2_5_3b_instruct,hybrid,ideal,1.0,21,15.4470923035237,3.4286488886718747,15.17442277734375,0.0,0.0,0.0,0.6609375,0.3013020833333333
community_irrigation,ollama__qwen2_5_3b_instruct,hybrid,ideal,1.0,22,15.415470139608985,3.6324811875000007,15.236149874999999,0.0,0.0,0.0,0.659375,0.3401041666666666
community_irrigation,ollama__qwen2_5_3b_instruct,hybrid,ideal,1.0,23,15.413850713049193,3.4771895156250006,15.23212903125,0.0,0.0,0.0,0.6375,0.3255208333333333
community_irrigation,ollama__qwen2_5_3b_instruct,hybrid,ideal,1.0,24,15.46806960073432,3.608768507812501,15.144849515625001,0.0,0.0,0.0,0.6656249999999999,0.33255208333333336
community_irrigation,ollama__qwen2_5_3b_instruct,hybrid,ideal,1.0,25,15.441039337837307,3.3303983671874997,15.156609234374999,0.0,0.0,0.0,0.6453125000000001,0.27630208333333334
community_irrigation,ollama__qwen2_5_3b_instruct,hybrid,ideal,1.0,26,15.353031111338783,3.5226824531250003,15.295552406250001,0.0,0.0,0.0,0.653125,0.3455729166666666
community_irrigation,ollama__qwen2_5_3b_instruct,hybrid,ideal,1.0,27,15.475576675384179,3.4201440468749995,15.156944343749998,0.0,0.0,0.0,0.6671874999999999,0.3325520833333333
community_irrigation,ollama__qwen2_5_3b_instruct,hybrid,ideal,1.0,28,15.421795404726083,3.5457447656250003,15.23948953125,0.0,0.0,0.0,0.6625,0.3372395833333333
community_irrigation,ollama__qwen2_5_3b_instruct,hybrid,ideal,1.0,29,15.417193010659137,3.619870494140625,15.226678488281252,0.0,0.0,0.0,0.6515625,0.31614583333333335
community_irrigation,ollama__qwen2_5_3b_instruct,hybrid,ideal,1.0,30,15.376712806345731,3.4863997265625004,15.178736953125,0.0,0.0,0.0,0.671875,0.3276041666666667
community_irrigation,ollama__qwen2_5_3b_instruct,hybrid,ideal,1.0,31,15.443483527071043,3.419657695312501,15.172752890624999,0.0,0.0,0.0,0.640625,0.31171875
community_irrigation,ollama__qwen2_5_3b_instruct,hybrid,ideal,1.0,32,15.390673479397176,3.7068919570312504,15.2212839140625,0.0,0.0,0.0,0.6656249999999999,0.3343750000000001
community_irrigation,ollama__qwen2_5_3b_instruct,hybrid,ideal,1.0,33,15.451060169640625,3.6787558593750003,15.21582421875,0.0,0.0,0.0,0.653125,0.31093750000000003
community_irrigation,ollama__qwen2_5_3b_instruct,hybrid,ideal,1.0,34,15.471477707367292,3.725339320312501,15.196022390625,0.0,0.0,0.0,0.6578125,0.33697916666666666
community_irrigation,ollama__qwen2_5_3b_instruct,hybrid,ideal,1.0,35,15.488011245158724,3.4354408710937507,15.248756742187501,0.0,0.0,0.0,0.6515625,0.2950520833333333
community_irrigation,ollama__qwen2_5_3b_instruct,hybrid,ideal,1.0,36,15.455962852610927,3.6950652421875003,15.158536734374998,0.0,0.0,0.0,0.6546875,0.2833333333333333
community_irrigation,ollama__qwen2_5_3b_instruct,hybrid,ideal,1.0,37,15.441638822107535,3.48500319140625,15.2201938828125,0.0,0.0,0.0,0.6359374999999999,0.31927083333333334
community_irrigation,ollama__qwen2_5_3b_instruct,hybrid,ideal,1.0,38,15.494409928804076,3.4008195937499996,15.1992016875,0.0,0.0,0.0,0.6484375,0.29453124999999997
community_irrigation,ollama__qwen2_5_3b_instruct,hybrid,ideal,1.0,39,15.482441687124581,3.2217975,15.068595,0.0,0.0,0.0,0.625,0.26640625
forest_co_management,ollama__qwen2_5_3b_instruct,none,ideal,0.0,0,11.471981146788258,1.589953125,14.82534375,0.0,0.0,0.0,0.0,0.0
forest_co_management,ollama__qwen2_5_3b_instruct,none,ideal,0.0,1,14.617061732642558,1.0634062499999999,14.130562499999998,0.0,0.0,0.0,0.0,0.0
forest_co_management,ollama__qwen2_5_3b_instruct,none,ideal,0.0,2,9.786462195240338,1.424625,13.400612044967898,0.0,0.0,0.0,0.0,0.0
forest_co_management,ollama__qwen2_5_3b_instruct,none,ideal,0.0,3,11.026430287742532,1.4452500000000001,13.531086783645275,0.0,0.0,0.0,0.0,0.0
forest_co_management,ollama__qwen2_5_3b_instruct,none,ideal,0.0,4,14.520972996449922,1.0404843750000001,14.246765624999998,0.0,0.0,0.0,0.0,0.0
forest_co_management,ollama__qwen2_5_3b_instruct,none,ideal,0.0,5,14.021819170107579,1.08440625,13.009901351175724,0.0,0.0,0.0,0.0,0.0
forest_co_management,ollama__qwen2_5_3b_instruct,none,ideal,0.0,6,13.962735193724548,1.2187500000000004,14.262375,0.0,0.0,0.0,0.0,0.0
forest_co_management,ollama__qwen2_5_3b_instruct,none,ideal,0.0,7,13.037623840412685,1.8502968750000002,14.683218749999998,0.0,0.0,0.0,0.0,0.0
forest_co_management,ollama__qwen2_5_3b_instruct,none,ideal,0.0,8,11.76113773938766,1.3025625,13.557194834174526,0.0,0.0,0.0,0.0,0.0
forest_co_management,ollama__qwen2_5_3b_instruct,none,ideal,0.0,9,13.170745601336627,1.1409375000000002,13.430250000000001,0.0,0.0,0.0,0.0,0.0
forest_co_management,ollama__qwen2_5_3b_instruct,none,ideal,0.0,10,10.400760639846581,1.420125,13.320700393783754,0.0,0.0,0.0,0.0,0.0
forest_co_management,ollama__qwen2_5_3b_instruct,none,ideal,0.0,11,13.33760141909176,1.15546875,14.0720625,0.0,0.0,0.0,0.0,0.0
forest_co_management,ollama__qwen2_5_3b_instruct,none,ideal,0.0,12,9.926340076414025,1.3136718750000003,12.370070178641642,0.0,0.0,0.0,0.0,0.0
forest_co_management,ollama__qwen2_5_3b_instruct,none,ideal,0.0,13,13.576888851585688,1.349203125,14.933392528585607,0.0,0.0,0.0,0.0,0.0
forest_co_management,ollama__qwen2_5_3b_instruct,none,ideal,0.0,14,12.06203990359336,1.389796875,13.513919390598339,0.0,0.0,0.0,0.0,0.0
forest_co_management,ollama__qwen2_5_3b_instruct,none,ideal,0.0,15,13.080298460387134,1.6005937500000003,14.442749999999998,0.0,0.0,0.0,0.0,0.0
forest_co_management,ollama__qwen2_5_3b_instruct,none,ideal,0.0,16,12.78369306256323,1.2397968750000001,13.65458180861467,0.0,0.0,0.0,0.0,0.0
forest_co_management,ollama__qwen2_5_3b_instruct,none,ideal,0.0,17,14.913591058454244,1.1859375,13.132968749999998,0.0,0.0,0.0,0.0,0.0
forest_co_management,ollama__qwen2_5_3b_instruct,none,ideal,0.0,18,13.241902482827427,1.32346875,13.48266027660872,0.0,0.0,0.0,0.0,0.0
forest_co_management,ollama__qwen2_5_3b_instruct,none,ideal,0.0,19,14.602340525190339,1.4064843750000002,13.89253125,0.0,0.0,0.0,0.0,0.0
forest_co_management,ollama__qwen2_5_3b_instruct,none,ideal,0.0,20,12.591713905223845,1.2888750000000002,14.613,0.0,0.0,0.0,0.0,0.0
forest_co_management,ollama__qwen2_5_3b_instruct,none,ideal,0.0,21,10.876642693446048,1.0927968750000003,12.427140755702036,0.0,0.0,0.0,0.0,0.0
forest_co_management,ollama__qwen2_5_3b_instruct,none,ideal,0.0,22,13.594360555100861,1.4413125000000002,14.00165625,0.0,0.0,0.0,0.0,0.0
forest_co_management,ollama__qwen2_5_3b_instruct,none,ideal,0.0,23,12.576575770352747,1.2237187500000002,13.654227596535327,0.0,0.0,0.0,0.0,0.0
forest_co_management,ollama__qwen2_5_3b_instruct,none,ideal,0.0,24,12.821940765371593,1.1109843750000001,13.294088980334706,0.0,0.0,0.0,0.0,0.0
forest_co_management,ollama__qwen2_5_3b_instruct,none,ideal,0.0,25,14.234524821528344,1.1641875000000002,13.79353125,0.0,0.0,0.0,0.0,0.0
forest_co_management,ollama__qwen2_5_3b_instruct,none,ideal,0.0,26,10.161370764121838,1.1966718750000003,12.867198143004408,0.0,0.0,0.0,0.0,0.0
forest_co_management,ollama__qwen2_5_3b_instruct,none,ideal,0.0,27,12.440977681942776,1.0286250000000001,12.985145347227508,0.0,0.0,0.0,0.0,0.0
forest_co_management,ollama__qwen2_5_3b_instruct,none,ideal,0.0,28,11.911478058987536,1.4143125,13.65346875,0.0,0.0,0.0,0.0,0.0
forest_co_management,ollama__qwen2_5_3b_instruct,none,ideal,0.0,29,12.69259317090354,1.19728125,13.8148125,0.0,0.0,0.0,0.0,0.0
forest_co_management,ollama__qwen2_5_3b_instruct,none,ideal,0.0,30,13.090060877617322,1.3959375,14.47303125,0.0,0.0,0.0,0.0,0.0
forest_co_management,ollama__qwen2_5_3b_instruct,none,ideal,0.0,31,14.676231757277503,1.042875,13.190156250000001,0.0,0.0,0.0,0.0,0.0
forest_co_management,ollama__qwen2_5_3b_instruct,none,ideal,0.0,32,12.740926370128467,1.2279375000000001,14.408832389556775,0.0,0.0,0.0,0.0,0.0
forest_co_management,ollama__qwen2_5_3b_instruct,none,ideal,0.0,33,10.738425234764087,1.4999531250000002,13.239120308124422,0.0,0.0,0.0,0.0,0.0
forest_co_management,ollama__qwen2_5_3b_instruct,none,ideal,0.0,34,14.454126020743345,1.13878125,13.0455,0.0,0.0,0.0,0.0,0.0
forest_co_management,ollama__qwen2_5_3b_instruct,none,ideal,0.0,35,12.21431881541151,1.2254062500000003,14.18315625,0.0,0.0,0.0,0.0,0.0
forest_co_management,ollama__qwen2_5_3b_instruct,none,ideal,0.0,36,10.586633821801044,1.3863281250000004,13.34754513493671,0.0,0.0,0.0,0.0,0.0
forest_co_management,ollama__qwen2_5_3b_instruct,none,ideal,0.0,37,9.645601162638282,1.5416249999999998,12.987048939082076,0.0,0.0,0.0,0.0,0.0
forest_co_management,ollama__qwen2_5_3b_instruct,none,ideal,0.0,38,12.255184040919014,1.465171875,13.287912928195968,0.0,0.0,0.0,0.0,0.0
forest_co_management,ollama__qwen2_5_3b_instruct,none,ideal,0.0,39,12.427232139877159,1.43071875,13.099432457738203,0.0,0.0,0.0,0.0,0.0
forest_co_management,ollama__qwen2_5_3b_instruct,none,ideal,0.5,0,6.515578157903603,2.8450625,14.137599899045279,1.0,0.0,0.0,0.0,0.0728587962962963
forest_co_management,ollama__qwen2_5_3b_instruct,none,ideal,0.5,1,8.77570874698566,1.8384280303030305,12.12344742734139,1.0,0.0,0.0,0.0,0.08072390572390571
forest_co_management,ollama__qwen2_5_3b_instruct,none,ideal,0.5,2,7.921571903006755,2.37528125,13.597704831350502,1.0,0.0,0.0,0.0,0.03553240740740741
forest_co_management,ollama__qwen2_5_3b_instruct,none,ideal,0.5,3,8.053207006566334,2.4689020721925137,12.46731860458127,1.0,0.0,0.0,0.0,0.09008652703505644
forest_co_management,ollama__qwen2_5_3b_instruct,none,ideal,0.5,4,7.362883516459304,3.3245089285714284,13.473134321361563,1.0,0.0,0.0,0.0,0.13764880952380953
forest_co_management,ollama__qwen2_5_3b_instruct,none,ideal,0.5,5,8.85809918331541,2.794276515151515,12.516236442146699,1.0,0.0,0.0,0.0,0.03396464646464647
forest_co_management,ollama__qwen2_5_3b_instruct,none,ideal,0.5,6,6.903148572570567,2.769101190476191,14.243920453107126,1.0,0.0,0.0,0.0,0.12251984126984128
forest_co_management,ollama__qwen2_5_3b_instruct,none,ideal,0.5,7,7.820567583850684,2.3815104166666665,13.3960170850878,1.0,0.0,0.0,0.0,0.083994708994709
forest_co_management,ollama__qwen2_5_3b_instruct,none,ideal,0.5,8,7.472774440048966,2.773303571428572,13.63855726114628,1.0,0.0,0.0,0.0,0.09862764550264551
forest_co_management,ollama__qwen2_5_3b_instruct,none,ideal,0.5,9,7.400195681305415,2.72492775974026,13.074743824830307,1.0,0.0,0.0,0.0,0.029647667147667145
forest_co_management,ollama__qwen2_5_3b_instruct,none,ideal,0.5,10,6.592396337156946,3.545208333333334,13.850090346385869,1.0,0.0,0.0,0.0,0.05902777777777777
forest_co_management,ollama__qwen2_5_3b_instruct,none,ideal,0.5,11,8.374776549638048,2.424688623876124,11.55276859396472,1.0,0.0,0.0,0.0,0.05327172827172827
forest_co_management,ollama__qwen2_5_3b_instruct,none,ideal,0.5,12,8.129962998883121,2.241144012237762,12.409876842335805,1.0,0.0,0.0,0.0,0.06376566142191141
forest_co_management,ollama__qwen2_5_3b_instruct,none,ideal,0.5,13,7.282146833090598,3.2101339285714285,13.622454311628784,1.0,0.0,0.0,0.0,0.11272321428571426
forest_co_management,ollama__qwen2_5_3b_instruct,none,ideal,0.5,14,7.407904068760299,3.0129062500000003,13.62119698092526,1.0,0.0,0.0,0.0,0.09722222222222221
forest_co_management,ollama__qwen2_5_3b_instruct,none,ideal,0.5,15,7.012560681883045,2.6301562499999998,13.499784976763706,1.0,0.0,0.0,0.0,0.08333333333333333
forest_co_management,ollama__qwen2_5_3b_instruct,none,ideal,0.5,16,6.8301724949353195,3.380397321428571,14.082135244781332,1.0,0.0,0.0,0.0,0.10617559523809524
forest_co_management,ollama__qwen2_5_3b_instruct,none,ideal,0.5,17,7.0728406109717294,2.8398586309523814,13.422219383273621,1.0,0.0,0.0,0.0,0.13562334656084654
forest_co_management,ollama__qwen2_5_3b_instruct,none,ideal,0.5,18,6.95424532282671,3.6637500000000003,13.528965673132594,1.0,0.0,0.0,0.0,0.07291666666666667
forest_co_management,ollama__qwen2_5_3b_instruct,none,ideal,0.5,19,7.250047457514926,2.4697916666666666,13.333801918067484,1.0,0.0,0.0,0.0,0.1293402777777778
forest_co_management,ollama__qwen2_5_3b_instruct,none,ideal,0.5,20,7.237161414044856,3.8603571428571435,13.678599380007991,1.0,0.0,0.0,0.0,0.0982142857142857
forest_co_management,ollama__qwen2_5_3b_instruct,none,ideal,0.5,21,6.561308193704937,2.303390151515152,13.981162137144418,1.0,0.0,0.0,0.0,0.08130260942760943
forest_co_management,ollama__qwen2_5_3b_instruct,none,ideal,0.5,22,7.614198254869432,2.836272321428572,13.438802358191374,1.0,0.0,0.0,0.0,0.13169642857142858
forest_co_management,ollama__qwen2_5_3b_instruct,none,ideal,0.5,23,8.455345889786313,1.7450520833333334,12.482086755680442,1.0,0.0,0.0,0.0,0.03391203703703704
forest_co_management,ollama__qwen2_5_3b_instruct,none,ideal,0.5,24,8.772114278849187,2.9612276785714293,12.614814810862255,1.0,0.0,0.0,0.0,0.05133928571428572
forest_co_management,ollama__qwen2_5_3b_instruct,none,ideal,0.5,25,6.599240064764954,3.0622395833333336,13.651435443904294,1.0,0.0,0.0,0.0,0.05677083333333333
forest_co_management,ollama__qwen2_5_3b_instruct,none,ideal,0.5,26,7.558445839292254,3.5350833333333336,12.86392099968598,1.0,0.0,0.0,0.0,0.05347222222222222
forest_co_management,ollama__qwen2_5_3b_instruct,none,ideal,0.5,27,7.424968340903092,3.3184151785714286,13.09182667575775,1.0,0.0,0.0,0.0,0.06361607142857144
forest_co_management,ollama__qwen2_5_3b_instruct,none,ideal,0.5,28,7.91748740352616,2.1291964285714284,13.416877163612297,1.0,0.0,0.0,0.0,0.09486607142857144
forest_co_management,ollama__qwen2_5_3b_instruct,none,ideal,0.5,29,6.541881368308751,3.546964285714286,14.087936882702266,1.0,0.0,0.0,0.0,0.13392857142857142
forest_co_management,ollama__qwen2_5_3b_instruct,none,ideal,0.5,30,6.987296860099751,3.1959375000000003,13.92476152999583,1.0,0.0,0.0,0.0,0.1413690476190476
forest_co_management,ollama__qwen2_5_3b_instruct,none,ideal,0.5,31,7.454929886114114,2.5507291666666667,13.37745549422186,1.0,0.0,0.0,0.0,0.09589947089947089
forest_co_management,ollama__qwen2_5_3b_instruct,none,ideal,0.5,32,6.697341489684927,3.228831845238096,13.825957888991129,1.0,0.0,0.0,0.0,0.10941633597883597
forest_co_management,ollama__qwen2_5_3b_instruct,none,ideal,0.5,33,7.219061593842188,3.0842945075757573,12.748794214561233,1.0,0.0,0.0,0.0,0.05861742424242424
forest_co_management,ollama__qwen2_5_3b_instruct,none,ideal,0.5,34,7.800492823558541,2.4684375,13.074810193732187,1.0,0.0,0.0,0.0,0.08333333333333333
forest_co_management,ollama__qwen2_5_3b_instruct,none,ideal,0.5,35,8.27724516593902,3.5117708333333333,13.071195832080061,1.0,0.0,0.0,0.0,0.053240740740740734
forest_co_management,ollama__qwen2_5_3b_instruct,none,ideal,0.5,36,8.23711008931368,2.7279687500000005,12.454142404816475,1.0,0.0,0.0,0.0,0.041087962962962965
forest_co_management,ollama__qwen2_5_3b_instruct,none,ideal,0.5,37,7.50311408957197,2.2433125,12.919415851529724,1.0,0.0,0.0,0.0,0.10775462962962963
forest_co_management,ollama__qwen2_5_3b_instruct,none,ideal,0.5,38,7.508971141606334,3.0875833333333333,13.270713245873452,1.0,0.0,0.0,0.0,0.034374999999999996
forest_co_management,ollama__qwen2_5_3b_instruct,none,ideal,0.5,39,7.74498755547013,2.372090909090909,13.40239532848673,1.0,0.0,0.0,0.0,0.034111952861952864
forest_co_management,ollama__qwen2_5_3b_instruct,none,ideal,1.0,0,2.67787792399257,3.9541071428571426,13.376411216421982,1.0,0.0,0.0,0.0,0.14285714285714285
forest_co_management,ollama__qwen2_5_3b_instruct,none,ideal,1.0,1,2.4699502339036554,4.665535714285715,13.082667920745763,1.0,0.0,0.0,0.0,0.12202380952380949
forest_co_management,ollama__qwen2_5_3b_instruct,none,ideal,1.0,2,2.1917685828000035,5.472857142857144,13.704879190181181,1.0,0.0,0.0,0.0,0.2078373015873016
forest_co_management,ollama__qwen2_5_3b_instruct,none,ideal,1.0,3,2.6530953879469754,4.190714285714286,13.441863859631134,1.0,0.0,0.0,0.0,0.10019841269841269
forest_co_management,ollama__qwen2_5_3b_instruct,none,ideal,1.0,4,3.064956585715346,3.5621428571428577,14.147041221707608,1.0,0.0,0.0,0.0,0.21031746031746032
forest_co_management,ollama__qwen2_5_3b_instruct,none,ideal,1.0,5,2.530106427083827,4.376785714285715,13.22733029228387,1.0,0.0,0.0,0.0,0.1731150793650793
forest_co_management,ollama__qwen2_5_3b_instruct,none,ideal,1.0,6,2.684060165670026,4.003392857142858,13.330620884174575,1.0,0.0,0.0,0.0,0.1726190476190476
forest_co_management,ollama__qwen2_5_3b_instruct,none,ideal,1.0,7,3.126838902271756,4.4716071428571444,14.065956807576724,1.0,0.0,0.0,0.0,0.047619047619047616
forest_co_management,ollama__qwen2_5_3b_instruct,none,ideal,1.0,8,2.4854057953834885,4.701160714285713,13.451362101228032,1.0,0.0,0.0,0.0,0.16121031746031744
forest_co_management,ollama__qwen2_5_3b_instruct,none,ideal,1.0,9,2.3898817174451086,4.352946428571429,14.07423835174652,1.0,0.0,0.0,0.0,0.3040674603174603
forest_co_management,ollama__qwen2_5_3b_instruct,none,ideal,1.0,10,2.340026010577593,4.559017857142858,13.187989250937079,1.0,0.0,0.0,0.0,0.2018849206349206
forest_co_management,ollama__qwen2_5_3b_instruct,none,ideal,1.0,11,2.6677469572109898,4.699017857142857,14.004267612003574,1.0,0.0,0.0,0.0,0.15476190476190477
forest_co_management,ollama__qwen2_5_3b_instruct,none,ideal,1.0,12,2.989987717042465,4.311763392857143,13.257998865640376,1.0,0.0,0.0,0.0,0.08147321428571429
forest_co_management,ollama__qwen2_5_3b_instruct,none,ideal,1.0,13,2.4762022794946574,4.53375,13.047026834952453,1.0,0.0,0.0,0.0,0.13392857142857142
forest_co_management,ollama__qwen2_5_3b_instruct,none,ideal,1.0,14,3.0720671502341244,4.349285714285714,14.146025719666245,1.0,0.0,0.0,0.0,0.12797619047619047
forest_co_management,ollama__qwen2_5_3b_instruct,none,ideal,1.0,15,2.4638552459462186,4.6625,13.298456688198842,1.0,0.0,0.0,0.0,0.12400793650793651
forest_co_management,ollama__qwen2_5_3b_instruct,none,ideal,1.0,16,2.303322301308324,5.336875000000001,14.242875777012392,1.0,0.0,0.0,0.0,0.2222222222222222
forest_co_management,ollama__qwen2_5_3b_instruct,none,ideal,1.0,17,2.7267066747958344,4.227767857142859,14.500979291788745,1.0,0.0,0.0,0.0,0.20486111111111108
forest_co_management,ollama__qwen2_5_3b_instruct,none,ideal,1.0,18,2.444164716916023,4.111250000000001,13.174134698609855,1.0,0.0,0.0,0.0,0.17361111111111108
forest_co_management,ollama__qwen2_5_3b_instruct,none,ideal,1.0,19,2.426038452785433,4.6398214285714285,13.798538419642906,1.0,0.0,0.0,0.0,0.21031746031746032
forest_co_management,ollama__qwen2_5_3b_instruct,none,ideal,1.0,20,3.214022041474583,3.100223214285715,14.188188282472218,1.0,0.0,0.0,0.0,0.12462797619047618
forest_co_management,ollama__qwen2_5_3b_instruct,none,ideal,1.0,21,2.4621200103295515,4.844196428571429,14.022623316073924,1.0,0.0,0.0,0.0,0.2351190476190476
forest_co_management,ollama__qwen2_5_3b_instruct,none,ideal,1.0,22,2.133298097491984,5.031875000000001,13.631438057773218,1.0,0.0,0.0,0.0,0.24652777777777776
forest_co_management,ollama__qwen2_5_3b_instruct,none,ideal,1.0,23,2.5684622507499277,4.769107142857144,14.007374048072506,1.0,0.0,0.0,0.0,0.21031746031746032
forest_co_management,ollama__qwen2_5_3b_instruct,none,ideal,1.0,24,2.614668108369565,3.980982142857142,13.460107055855929,1.0,0.0,0.0,0.0,0.16121031746031744
forest_co_management,ollama__qwen2_5_3b_instruct,none,ideal,1.0,25,2.452418406865623,4.409910714285714,13.423538012633013,1.0,0.0,0.0,0.0,0.15873015873015872
forest_co_management,ollama__qwen2_5_3b_instruct,none,ideal,1.0,26,2.3902156387389035,5.588571428571429,12.867439904271,1.0,0.0,0.0,0.0,0.12202380952380952
forest_co_management,ollama__qwen2_5_3b_instruct,none,ideal,1.0,27,2.8352209912013793,4.329642857142857,13.917403474988998,1.0,0.0,0.0,0.0,0.1875
forest_co_management,ollama__qwen2_5_3b_instruct,none,ideal,1.0,28,2.9948220394349483,4.378035714285714,14.51232912953573,1.0,0.0,0.0,0.0,0.21081349206349206
forest_co_management,ollama__qwen2_5_3b_instruct,none,ideal,1.0,29,2.4776036313512266,4.633125000000001,14.515639586866985,1.0,0.0,0.0,0.0,0.21527777777777776
forest_co_management,ollama__qwen2_5_3b_instruct,none,ideal,1.0,30,2.4166528129840406,4.533125000000001,14.4491869687567,1.0,0.0,0.0,0.0,0.2881944444444444
forest_co_management,ollama__qwen2_5_3b_instruct,none,ideal,1.0,31,2.4412795305105934,4.438125000000001,13.967162732887154,1.0,0.0,0.0,0.0,0.24751984126984125
forest_co_management,ollama__qwen2_5_3b_instruct,none,ideal,1.0,32,2.70829662290404,4.076160714285715,14.41175109467153,1.0,0.0,0.0,0.0,0.1909722222222222
forest_co_management,ollama__qwen2_5_3b_instruct,none,ideal,1.0,33,2.896712121661793,4.471071428571429,13.656030344878943,1.0,0.0,0.0,0.0,0.08333333333333333
forest_co_management,ollama__qwen2_5_3b_instruct,none,ideal,1.0,34,2.6046892899971277,4.4835714285714285,13.98295610674776,1.0,0.0,0.0,0.0,0.23710317460317457
forest_co_management,ollama__qwen2_5_3b_instruct,none,ideal,1.0,35,2.468032065890779,4.80330357142857,14.13175987308411,1.0,0.0,0.0,0.0,0.21527777777777776
forest_co_management,ollama__qwen2_5_3b_instruct,none,ideal,1.0,36,2.6367972937774624,4.993392857142857,13.56854376391074,1.0,0.0,0.0,0.0,0.15823412698412698
forest_co_management,ollama__qwen2_5_3b_instruct,none,ideal,1.0,37,2.2146124475512923,4.6775,13.507706559873936,1.0,0.0,0.0,0.0,0.21875
forest_co_management,ollama__qwen2_5_3b_instruct,none,ideal,1.0,38,2.679412758294578,4.1271428571428554,13.484042997885668,1.0,0.0,0.0,0.0,0.16666666666666666
forest_co_management,ollama__qwen2_5_3b_instruct,none,ideal,1.0,39,2.845589284503287,4.45875,13.531322292632574,1.0,0.0,0.0,0.0,0.13095238095238093
forest_co_management,ollama__qwen2_5_3b_instruct,bottom_up_only,ideal,0.0,0,16.57445734975961,0.5905463765624999,11.450497809375,0.0,0.0,0.0,0.0,0.0
forest_co_management,ollama__qwen2_5_3b_instruct,bottom_up_only,ideal,0.0,1,17.02211563809476,0.4559327343749999,10.80344475,0.0,0.0,0.0,0.0,0.0
forest_co_management,ollama__qwen2_5_3b_instruct,bottom_up_only,ideal,0.0,2,18.40103439448007,0.03255769921875002,7.7464496812500006,0.0,0.0,0.0,0.0,0.0
forest_co_management,ollama__qwen2_5_3b_instruct,bottom_up_only,ideal,0.0,3,16.672299148026944,0.9994333828124999,10.87953834375,0.0,0.0,0.0,0.0,0.0
forest_co_management,ollama__qwen2_5_3b_instruct,bottom_up_only,ideal,0.0,4,16.687228609264295,0.5874793124999997,11.203499924999996,0.0,0.0,0.0,0.0,0.0
forest_co_management,ollama__qwen2_5_3b_instruct,bottom_up_only,ideal,0.0,5,17.077957068379234,0.39294678984375003,11.688655125,0.0,0.0,0.0,0.0,0.0
forest_co_management,ollama__qwen2_5_3b_instruct,bottom_up_only,ideal,0.0,6,16.619126571230495,0.6524070937499998,10.25135353125,0.0,0.0,0.0,0.0,0.0
forest_co_management,ollama__qwen2_5_3b_instruct,bottom_up_only,ideal,0.0,7,15.932496525085092,0.9165080976562501,12.801323071874998,0.0,0.0,0.0,0.0,0.0
forest_co_management,ollama__qwen2_5_3b_instruct,bottom_up_only,ideal,0.0,8,17.253500550016973,0.5271260156249999,11.038046999999999,0.0,0.0,0.0,0.0,0.0
forest_co_management,ollama__qwen2_5_3b_instruct,bottom_up_only,ideal,0.0,9,16.030772783945885,0.8178793218749999,12.7424746125,0.0,0.0,0.0,0.0,0.0
forest_co_management,ollama__qwen2_5_3b_instruct,bottom_up_only,ideal,0.0,10,17.484072651273557,0.44019048046875014,8.877685425,0.0,0.0,0.0,0.0,0.0
forest_co_management,ollama__qwen2_5_3b_instruct,bottom_up_only,ideal,0.0,11,17.7382908967383,0.3971142164062498,9.188563143749999,0.0,0.0,0.0,0.0,0.0
forest_co_management,ollama__qwen2_5_3b_instruct,bottom_up_only,ideal,0.0,12,16.52065505476412,0.55177576171875,11.780240549999998,0.0,0.0,0.0,0.0,0.0
forest_co_management,ollama__qwen2_5_3b_instruct,bottom_up_only,ideal,0.0,13,17.456489553910238,0.11644046250000008,10.954210949999998,0.0,0.0,0.0,0.0,0.0
forest_co_management,ollama__qwen2_5_3b_instruct,bottom_up_only,ideal,0.0,14,16.94277432624844,0.5417315625000001,11.395832812500002,0.0,0.0,0.0,0.0,0.0
forest_co_management,ollama__qwen2_5_3b_instruct,bottom_up_only,ideal,0.0,15,17.51956102177009,0.45422985937500016,10.338609618750002,0.0,0.0,0.0,0.0,0.0
forest_co_management,ollama__qwen2_5_3b_instruct,bottom_up_only,ideal,0.0,16,16.38452672062417,0.8234280468750002,11.267828315624996,0.0,0.0,0.0,0.0,0.0
forest_co_management,ollama__qwen2_5_3b_instruct,bottom_up_only,ideal,0.0,17,17.494504261222154,0.11595404531249998,10.5856320375,0.0,0.0,0.0,0.0,0.0
forest_co_management,ollama__qwen2_5_3b_instruct,bottom_up_only,ideal,0.0,18,17.430714451947438,0.5900885273437501,9.6230161875,0.0,0.0,0.0,0.0,0.0
forest_co_management,ollama__qwen2_5_3b_instruct,bottom_up_only,ideal,0.0,19,16.34939608658138,0.8902015078125001,11.8466469,0.0,0.0,0.0,0.0,0.0
forest_co_management,ollama__qwen2_5_3b_instruct,bottom_up_only,ideal,0.0,20,17.387728107015562,0.3863909414062501,10.9772834859375,0.0,0.0,0.0,0.0,0.0
forest_co_management,ollama__qwen2_5_3b_instruct,bottom_up_only,ideal,0.0,21,15.860275438418144,0.8037326132812499,12.992037375,0.0,0.0,0.0,0.0,0.0
forest_co_management,ollama__qwen2_5_3b_instruct,bottom_up_only,ideal,0.0,22,17.774360820624693,0.3044800781249999,9.474230845312501,0.0,0.0,0.0,0.0,0.0
forest_co_management,ollama__qwen2_5_3b_instruct,bottom_up_only,ideal,0.0,23,16.062962028846883,0.96236300390625,12.498853359374998,0.0,0.0,0.0,0.0,0.0
forest_co_management,ollama__qwen2_5_3b_instruct,bottom_up_only,ideal,0.0,24,17.114558500748572,0.3049157437500002,11.814028228125,0.0,0.0,0.0,0.0,0.0
forest_co_management,ollama__qwen2_5_3b_instruct,bottom_up_only,ideal,0.0,25,17.306850680172566,0.6106940835937503,10.288564274999999,0.0,0.0,0.0,0.0,0.0
forest_co_management,ollama__qwen2_5_3b_instruct,bottom_up_only,ideal,0.0,26,17.927579158786614,0.06510232734374982,9.48997918125,0.0,0.0,0.0,0.0,0.0
forest_co_management,ollama__qwen2_5_3b_instruct,bottom_up_only,ideal,0.0,27,16.749446347180893,0.6821172070312502,11.083066640625,0.0,0.0,0.0,0.0,0.0
forest_co_management,ollama__qwen2_5_3b_instruct,bottom_up_only,ideal,0.0,28,17.261797943963494,0.3895830820312499,10.091431949999999,0.0,0.0,0.0,0.0,0.0
forest_co_management,ollama__qwen2_5_3b_instruct,bottom_up_only,ideal,0.0,29,16.18459704284728,0.927144,12.151253446875,0.0,0.0,0.0,0.0,0.0
forest_co_management,ollama__qwen2_5_3b_instruct,bottom_up_only,ideal,0.0,30,17.228494614838752,0.34145646093750026,10.66095525,0.0,0.0,0.0,0.0,0.0
forest_co_management,ollama__qwen2_5_3b_instruct,bottom_up_only,ideal,0.0,31,16.57239534511597,0.6914881289062502,11.095251618749998,0.0,0.0,0.0,0.0,0.0
forest_co_management,ollama__qwen2_5_3b_instruct,bottom_up_only,ideal,0.0,32,17.69626164620606,0.20822812500000001,9.823141828125003,0.0,0.0,0.0,0.0,0.0
forest_co_management,ollama__qwen2_5_3b_instruct,bottom_up_only,ideal,0.0,33,17.23231933883993,0.5038918124999999,10.195935487500002,0.0,0.0,0.0,0.0,0.0
forest_co_management,ollama__qwen2_5_3b_instruct,bottom_up_only,ideal,0.0,34,17.586971118029584,0.09678732656250023,10.241299246874998,0.0,0.0,0.0,0.0,0.0
forest_co_management,ollama__qwen2_5_3b_instruct,bottom_up_only,ideal,0.0,35,15.96198870069437,0.8871016640625002,12.8246822390625,0.0,0.0,0.0,0.0,0.0
forest_co_management,ollama__qwen2_5_3b_instruct,bottom_up_only,ideal,0.0,36,16.384716442884915,0.6385996757812503,12.648661800000003,0.0,0.0,0.0,0.0,0.0
forest_co_management,ollama__qwen2_5_3b_instruct,bottom_up_only,ideal,0.0,37,16.544505619177528,0.8161348593750001,10.197456562500001,0.0,0.0,0.0,0.0,0.0
forest_co_management,ollama__qwen2_5_3b_instruct,bottom_up_only,ideal,0.0,38,17.67205379666347,0.1540966875000001,9.567048496875,0.0,0.0,0.0,0.0,0.0
forest_co_management,ollama__qwen2_5_3b_instruct,bottom_up_only,ideal,0.0,39,17.431523090291606,0.5347249570312502,9.0726447375,0.0,0.0,0.0,0.0,0.0
forest_co_management,ollama__qwen2_5_3b_instruct,bottom_up_only,ideal,0.5,0,8.680517171985175,2.225128241258741,12.128339015415836,1.0,0.0,0.0,0.0,0.05994560994560994
forest_co_management,ollama__qwen2_5_3b_instruct,bottom_up_only,ideal,0.5,1,9.020215668221237,2.187794428228022,10.59159464561937,1.0,0.0,0.0,0.0,0.04605463980463981
forest_co_management,ollama__qwen2_5_3b_instruct,bottom_up_only,ideal,0.5,2,8.024992028851486,3.624277131696429,13.176327868712892,1.0,0.0,0.0,0.0,0.11421130952380952
forest_co_management,ollama__qwen2_5_3b_instruct,bottom_up_only,ideal,0.5,3,8.402118689807633,2.3249391127232144,12.265954413163502,1.0,0.0,0.0,0.0,0.11421130952380952
forest_co_management,ollama__qwen2_5_3b_instruct,bottom_up_only,ideal,0.5,4,8.774110273175836,1.7108331259469698,11.99343785485373,1.0,0.0,0.0,0.0,0.07807239057239057
forest_co_management,ollama__qwen2_5_3b_instruct,bottom_up_only,ideal,0.5,5,8.67397456518091,3.6039839732142855,12.23213124933986,1.0,0.0,0.0,0.0,0.09226190476190477
forest_co_management,ollama__qwen2_5_3b_instruct,bottom_up_only,ideal,0.5,6,8.281015180038192,1.852178108828672,12.863336747115245,1.0,0.0,0.0,0.0,0.06524864024864026
forest_co_management,ollama__qwen2_5_3b_instruct,bottom_up_only,ideal,0.5,7,7.640184371569901,1.6946753229166667,12.838249215323327,1.0,0.0,0.0,0.0,0.06898148148148148
forest_co_management,ollama__qwen2_5_3b_instruct,bottom_up_only,ideal,0.5,8,7.521492044751841,3.3395648437500007,13.342435194403421,1.0,0.0,0.0,0.0,0.10416666666666667
forest_co_management,ollama__qwen2_5_3b_instruct,bottom_up_only,ideal,0.5,9,9.252766413709768,2.4921043861607144,11.046990792700269,1.0,0.0,0.0,0.0,0.10342261904761905
forest_co_management,ollama__qwen2_5_3b_instruct,bottom_up_only,ideal,0.5,10,8.342316263016926,2.6039766406250004,11.991899703380003,1.0,0.0,0.0,0.0,0.10127314814814814
forest_co_management,ollama__qwen2_5_3b_instruct,bottom_up_only,ideal,0.5,11,9.169141432590969,2.354494745975379,10.444766521767184,1.0,0.0,0.0,0.0,0.11543297558922556
forest_co_management,ollama__qwen2_5_3b_instruct,bottom_up_only,ideal,0.5,12,8.733212239767152,3.072900513157895,11.408409122167573,1.0,0.0,0.0,0.0,0.049116715399610135
forest_co_management,ollama__qwen2_5_3b_instruct,bottom_up_only,ideal,0.5,13,7.8145506572063725,2.4948811067708334,13.687179345842425,1.0,0.0,0.0,0.0,0.12847222222222224
forest_co_management,ollama__qwen2_5_3b_instruct,bottom_up_only,ideal,0.5,14,8.848793585713462,2.187753229166667,10.859371860934377,1.0,0.0,0.0,0.0,0.08366402116402116
forest_co_management,ollama__qwen2_5_3b_instruct,bottom_up_only,ideal,0.5,15,6.8674309587059055,3.2956361718750005,14.134272460943242,1.0,0.0,0.0,0.0,0.09895833333333333
forest_co_management,ollama__qwen2_5_3b_instruct,bottom_up_only,ideal,0.5,16,9.113047132683587,2.118139281650641,11.959963970164065,1.0,0.0,0.0,0.0,0.07353988603988604
forest_co_management,ollama__qwen2_5_3b_instruct,bottom_up_only,ideal,0.5,17,9.249224828348833,1.2266670129789112,11.718200257968336,1.0,0.0,0.0,0.0,0.02807060100617269
forest_co_management,ollama__qwen2_5_3b_instruct,bottom_up_only,ideal,0.5,18,9.631391096750168,1.2780795956912885,9.262434662967504,1.0,0.0,0.0,0.0,0.0745317760942761
forest_co_management,ollama__qwen2_5_3b_instruct,bottom_up_only,ideal,0.5,19,9.10025605070133,2.7324174140624997,11.435132574374895,1.0,0.0,0.0,0.0,0.07916666666666666
forest_co_management,ollama__qwen2_5_3b_instruct,bottom_up_only,ideal,0.5,20,9.523045745251652,1.8915259521947414,11.722685700229881,1.0,0.0,0.0,0.0,0.0723682907506437
forest_co_management,ollama__qwen2_5_3b_instruct,bottom_up_only,ideal,0.5,21,8.659599204508808,2.1769622395833332,12.491961007211419,1.0,0.0,0.0,0.0,0.15277777777777776
forest_co_management,ollama__qwen2_5_3b_instruct,bottom_up_only,ideal,0.5,22,7.9354541965047245,2.3890344531250003,13.519456798640318,1.0,0.0,0.0,0.0,0.0798611111111111
forest_co_management,ollama__qwen2_5_3b_instruct,bottom_up_only,ideal,0.5,23,8.508808067562125,1.7557061647727275,12.539887202223753,1.0,0.0,0.0,0.0,0.06700336700336701
forest_co_management,ollama__qwen2_5_3b_instruct,bottom_up_only,ideal,0.5,24,8.960808360092097,1.13387719557252,10.71338002949352,1.0,0.0,0.0,0.0,0.05640897844845213
forest_co_management,ollama__qwen2_5_3b_instruct,bottom_up_only,ideal,0.5,25,8.714636766314307,2.1984122767857146,11.599349419614764,1.0,0.0,0.0,0.0,0.08366402116402116
forest_co_management,ollama__qwen2_5_3b_instruct,bottom_up_only,ideal,0.5,26,8.102534753230886,2.461442312432359,12.776363419843019,1.0,0.0,0.0,0.0,0.06989387926887926
forest_co_management,ollama__qwen2_5_3b_instruct,bottom_up_only,ideal,0.5,27,7.192556074165833,2.053884792210394,12.238235521649967,1.0,0.0,0.0,0.0,0.051928164428164426
forest_co_management,ollama__qwen2_5_3b_instruct,bottom_up_only,ideal,0.5,28,7.844521376750214,1.6040773599108418,11.479209000389535,1.0,0.0,0.0,0.0,0.030668574362943558
forest_co_management,ollama__qwen2_5_3b_instruct,bottom_up_only,ideal,0.5,29,7.978540695557003,2.5457038352272727,12.763951171375176,1.0,0.0,0.0,0.0,0.08952020202020201
forest_co_management,ollama__qwen2_5_3b_instruct,bottom_up_only,ideal,0.5,30,8.7597562576604,2.470019223958334,12.930018744080549,1.0,0.0,0.0,0.0,0.0349537037037037
forest_co_management,ollama__qwen2_5_3b_instruct,bottom_up_only,ideal,0.5,31,9.509352591077105,2.415827002799131,9.650731702129672,1.0,0.0,0.0,0.0,0.05880489506408624
forest_co_management,ollama__qwen2_5_3b_instruct,bottom_up_only,ideal,0.5,32,8.49219273040249,3.0240333697916673,11.941906155867791,1.0,0.0,0.0,0.0,0.08015046296296297
forest_co_management,ollama__qwen2_5_3b_instruct,bottom_up_only,ideal,0.5,33,8.988038175556971,2.926837901785714,10.633409605228675,1.0,0.0,0.0,0.0,0.08668154761904762
forest_co_management,ollama__qwen2_5_3b_instruct,bottom_up_only,ideal,0.5,34,9.921346519497368,1.8481676562500007,9.928344024911237,1.0,0.0,0.0,0.0,0.032723063973063966
forest_co_management,ollama__qwen2_5_3b_instruct,bottom_up_only,ideal,0.5,35,9.160835249125736,2.6134926328125,11.647764584093292,1.0,0.0,0.0,0.0,0.0900297619047619
forest_co_management,ollama__qwen2_5_3b_instruct,bottom_up_only,ideal,0.5,36,7.874641272044794,2.011072693395147,12.670614172251934,1.0,0.0,0.0,0.0,0.08927045177045174
forest_co_management,ollama__qwen2_5_3b_instruct,bottom_up_only,ideal,0.5,37,7.454531949753493,3.1138992455357144,12.759025873269911,1.0,0.0,0.0,0.0,0.1253720238095238
forest_co_management,ollama__qwen2_5_3b_instruct,bottom_up_only,ideal,0.5,38,9.156482598568566,2.6306719409461152,10.991768324708541,1.0,0.0,0.0,0.0,0.0
forest_co_management,ollama__qwen2_5_3b_instruct,bottom_up_only,ideal,0.5,39,9.365890447690745,1.747506775996715,10.654980566574316,1.0,0.0,0.0,0.0,0.02799020697869382
forest_co_management,ollama__qwen2_5_3b_instruct,bottom_up_only,ideal,1.0,0,2.5677270998325588,4.3728440625,13.07878855634604,1.0,0.0,0.0,0.0,0.13392857142857142
forest_co_management,ollama__qwen2_5_3b_instruct,bottom_up_only,ideal,1.0,1,2.3688104173801823,5.03761591517857,13.311503092282157,1.0,0.0,0.0,0.0,0.21875
forest_co_management,ollama__qwen2_5_3b_instruct,bottom_up_only,ideal,1.0,2,2.5127070961631284,4.033934464285715,13.59164293137903,1.0,0.0,0.0,0.0,0.20585317460317457
forest_co_management,ollama__qwen2_5_3b_instruct,bottom_up_only,ideal,1.0,3,2.4364588362264152,5.22499017857143,12.971628600404612,1.0,0.0,0.0,0.0,0.15823412698412698
forest_co_management,ollama__qwen2_5_3b_instruct,bottom_up_only,ideal,1.0,4,2.6725513067931503,4.753942098214287,13.5364632501411,1.0,0.0,0.0,0.0,0.16666666666666666
forest_co_management,ollama__qwen2_5_3b_instruct,bottom_up_only,ideal,1.0,5,2.6182215304819714,3.8346352232142857,13.342273874758671,1.0,0.0,0.0,0.0,0.21428571428571427
forest_co_management,ollama__qwen2_5_3b_instruct,bottom_up_only,ideal,1.0,6,3.1629305592637884,4.4152614732142865,14.833143523181574,1.0,0.0,0.0,0.0,0.19097222222222218
forest_co_management,ollama__qwen2_5_3b_instruct,bottom_up_only,ideal,1.0,7,2.7734186233364784,3.888043526785715,13.463838742845471,1.0,0.0,0.0,0.0,0.15178571428571427
forest_co_management,ollama__qwen2_5_3b_instruct,bottom_up_only,ideal,1.0,8,2.875003698392148,5.080354999999999,13.721676171949126,1.0,0.0,0.0,0.0,0.10367063492063493
forest_co_management,ollama__qwen2_5_3b_instruct,bottom_up_only,ideal,1.0,9,2.9180607410895854,3.6230620870535715,13.796209929334434,1.0,0.0,0.0,0.0,0.17695932539682538
forest_co_management,ollama__qwen2_5_3b_instruct,bottom_up_only,ideal,1.0,10,2.440974359374248,4.68418205357143,12.909413253049781,1.0,0.0,0.0,0.0,0.1726190476190476
forest_co_management,ollama__qwen2_5_3b_instruct,bottom_up_only,ideal,1.0,11,2.4616786343313146,4.628241629464285,13.546402339175772,1.0,0.0,0.0,0.0,0.17410714285714288
forest_co_management,ollama__qwen2_5_3b_instruct,bottom_up_only,ideal,1.0,12,2.205854706209224,4.311425602678571,13.015102583047888,1.0,0.0,0.0,0.0,0.1954365079365079
forest_co_management,ollama__qwen2_5_3b_instruct,bottom_up_only,ideal,1.0,13,2.5047313950342933,4.856348482142857,13.384249851149491,1.0,0.0,0.0,0.0,0.1488095238095238
forest_co_management,ollama__qwen2_5_3b_instruct,bottom_up_only,ideal,1.0,14,3.1698004213050415,3.575226785714287,14.221458892921522,1.0,0.0,0.0,0.0,0.14285714285714285
forest_co_management,ollama__qwen2_5_3b_instruct,bottom_up_only,ideal,1.0,15,2.7321745195189564,3.7903942187499995,13.852011087942415,1.0,0.0,0.0,0.0,0.19890873015873015
forest_co_management,ollama__qwen2_5_3b_instruct,bottom_up_only,ideal,1.0,16,2.4445632220138864,4.824117723214287,12.95071193260323,1.0,0.0,0.0,0.0,0.16666666666666663
forest_co_management,ollama__qwen2_5_3b_instruct,bottom_up_only,ideal,1.0,17,2.4414933867860746,4.822082053571428,14.026276055096833,1.0,0.0,0.0,0.0,0.25545634920634913
forest_co_management,ollama__qwen2_5_3b_instruct,bottom_up_only,ideal,1.0,18,2.3024898806721703,4.285483124999999,13.961805130097193,1.0,0.0,0.0,0.0,0.25
forest_co_management,ollama__qwen2_5_3b_instruct,bottom_up_only,ideal,1.0,19,2.543281807250505,4.581031250000002,14.462918694914237,1.0,0.0,0.0,0.0,0.23908730158730154
forest_co_management,ollama__qwen2_5_3b_instruct,bottom_up_only,ideal,1.0,20,2.9707160125181375,3.736939598214287,14.16787989551533,1.0,0.0,0.0,0.0,0.1929563492063492
forest_co_management,ollama__qwen2_5_3b_instruct,bottom_up_only,ideal,1.0,21,3.341652040564614,3.1008299999999993,14.218116075778923,1.0,0.0,0.0,0.0,0.18526785714285712
forest_co_management,ollama__qwen2_5_3b_instruct,bottom_up_only,ideal,1.0,22,2.4318573959647587,4.464748392857144,12.987153524729699,1.0,0.0,0.0,0.0,0.14880952380952378
forest_co_management,ollama__qwen2_5_3b_instruct,bottom_up_only,ideal,1.0,23,3.009086426223346,3.519511205357144,14.598266611025842,1.0,0.0,0.0,0.0,0.15773809523809523
forest_co_management,ollama__qwen2_5_3b_instruct,bottom_up_only,ideal,1.0,24,2.654294177663105,3.9040351339285726,13.454979745693391,1.0,0.0,0.0,0.0,0.11904761904761903
forest_co_management,ollama__qwen2_5_3b_instruct,bottom_up_only,ideal,1.0,25,2.6845689460326128,4.375580758928573,13.772705947119945,1.0,0.0,0.0,0.0,0.2157738095238095
forest_co_management,ollama__qwen2_5_3b_instruct,bottom_up_only,ideal,1.0,26,2.7221825606760515,4.713516294642858,13.844559171194893,1.0,0.0,0.0,0.0,0.19345238095238093
forest_co_management,ollama__qwen2_5_3b_instruct,bottom_up_only,ideal,1.0,27,2.3953053149442645,4.818579508928572,12.998897835556845,1.0,0.0,0.0,0.0,0.125
forest_co_management,ollama__qwen2_5_3b_instruct,bottom_up_only,ideal,1.0,28,2.7611320795152805,3.726317678571429,13.844749709241126,1.0,0.0,0.0,0.0,0.1865079365079365
forest_co_management,ollama__qwen2_5_3b_instruct,bottom_up_only,ideal,1.0,29,2.362794584001641,5.117926473214284,13.912873482243786,1.0,0.0,0.0,0.0,0.24454365079365079
forest_co_management,ollama__qwen2_5_3b_instruct,bottom_up_only,ideal,1.0,30,2.202654431240921,5.202033169642856,13.60042696971662,1.0,0.0,0.0,0.0,0.22371031746031744
forest_co_management,ollama__qwen2_5_3b_instruct,bottom_up_only,ideal,1.0,31,2.797943224471486,4.042058303571428,13.519838618416872,1.0,0.0,0.0,0.0,0.09523809523809523
forest_co_management,ollama__qwen2_5_3b_instruct,bottom_up_only,ideal,1.0,32,2.446760273475062,4.306971250000001,14.346144114355317,1.0,0.0,0.0,0.0,0.3194444444444444
forest_co_management,ollama__qwen2_5_3b_instruct,bottom_up_only,ideal,1.0,33,2.4794009371373127,5.058243292410715,14.046377022695602,1.0,0.0,0.0,0.0,0.21825396825396823
forest_co_management,ollama__qwen2_5_3b_instruct,bottom_up_only,ideal,1.0,34,2.1580090159847956,4.926555669642857,13.525043900642979,1.0,0.0,0.0,0.0,0.24553571428571427
forest_co_management,ollama__qwen2_5_3b_instruct,bottom_up_only,ideal,1.0,35,2.236865550010243,4.609054508928573,13.841618894354216,1.0,0.0,0.0,0.0,0.242063492063492
forest_co_management,ollama__qwen2_5_3b_instruct,bottom_up_only,ideal,1.0,36,3.0274397987705517,3.8384861607142846,14.701632535672893,1.0,0.0,0.0,0.0,0.1607142857142857
forest_co_management,ollama__qwen2_5_3b_instruct,bottom_up_only,ideal,1.0,37,2.5507007816731315,3.784059084821429,14.08386990585998,1.0,0.0,0.0,0.0,0.22470238095238093
forest_co_management,ollama__qwen2_5_3b_instruct,bottom_up_only,ideal,1.0,38,2.594799434087775,4.800133984375,13.773755127127671,1.0,0.0,0.0,0.0,0.1750992063492063
forest_co_management,ollama__qwen2_5_3b_instruct,bottom_up_only,ideal,1.0,39,2.7607311989805314,5.042742053571429,13.511548103984328,1.0,0.0,0.0,0.0,0.12202380952380952
forest_co_management,ollama__qwen2_5_3b_instruct,top_down_only,ideal,0.0,0,16.16045175346742,1.4760468750000002,12.702468750000003,0.0,0.0,0.0,0.465625,0.0
forest_co_management,ollama__qwen2_5_3b_instruct,top_down_only,ideal,0.0,1,16.114921203188597,1.3835625,12.107531250000001,0.0,0.0,0.0,0.4765625,0.0
forest_co_management,ollama__qwen2_5_3b_instruct,top_down_only,ideal,0.0,2,16.075578726984794,1.461140625,12.51178125,0.0,0.0,0.0,0.47343749999999996,0.0
forest_co_management,ollama__qwen2_5_3b_instruct,top_down_only,ideal,0.0,3,15.78428601128952,1.7058281250000005,12.57375,0.0,0.0,0.0,0.5515625,0.0
forest_co_management,ollama__qwen2_5_3b_instruct,top_down_only,ideal,0.0,4,15.663676427333575,1.891453125,12.76715625,0.0,0.0,0.0,0.5890625,0.0
forest_co_management,ollama__qwen2_5_3b_instruct,top_down_only,ideal,0.0,5,16.21762370966528,1.3163906250000001,12.4141875,0.0,0.0,0.0,0.38593750000000004,0.0
forest_co_management,ollama__qwen2_5_3b_instruct,top_down_only,ideal,0.0,6,15.787792514922103,1.5865312500000002,12.408375000000001,0.0,0.0,0.0,0.5484375,0.0
forest_co_management,ollama__qwen2_5_3b_instruct,top_down_only,ideal,0.0,7,15.871622542769497,1.6398281250000002,12.468000000000002,0.0,0.0,0.0,0.5328124999999999,0.0
forest_co_management,ollama__qwen2_5_3b_instruct,top_down_only,ideal,0.0,8,16.046260543299525,1.5020625,12.439875,0.0,0.0,0.0,0.5046875,0.0
forest_co_management,ollama__qwen2_5_3b_instruct,top_down_only,ideal,0.0,9,16.239657995828892,1.3828125000000002,12.610687500000001,0.0,0.0,0.0,0.3515625,0.0
forest_co_management,ollama__qwen2_5_3b_instruct,top_down_only,ideal,0.0,10,15.808720601251885,1.7739843750000004,12.569343750000002,0.0,0.0,0.0,0.5484375,0.0
forest_co_management,ollama__qwen2_5_3b_instruct,top_down_only,ideal,0.0,11,15.942644495287315,1.613296875,12.568125000000002,0.0,0.0,0.0,0.5218750000000001,0.0
forest_co_management,ollama__qwen2_5_3b_instruct,top_down_only,ideal,0.0,12,15.810684961839119,1.760625,12.6286875,0.0,0.0,0.0,0.5359375000000001,0.0
forest_co_management,ollama__qwen2_5_3b_instruct,top_down_only,ideal,0.0,13,15.691119137437644,1.88015625,12.776250000000001,0.0,0.0,0.0,0.578125,0.0
forest_co_management,ollama__qwen2_5_3b_instruct,top_down_only,ideal,0.0,14,16.00605148256157,1.4983593750000004,12.3924375,0.0,0.0,0.0,0.50625,0.0
forest_co_management,ollama__qwen2_5_3b_instruct,top_down_only,ideal,0.0,15,16.09228478564036,1.5264375000000001,12.5863125,0.0,0.0,0.0,0.484375,0.0
forest_co_management,ollama__qwen2_5_3b_instruct,top_down_only,ideal,0.0,16,16.06242209972554,1.5316875000000003,12.5145,0.0,0.0,0.0,0.5015625,0.0
forest_co_management,ollama__qwen2_5_3b_instruct,top_down_only,ideal,0.0,17,16.068131641944973,1.5685781250000002,12.48703125,0.0,0.0,0.0,0.4875,0.0
forest_co_management,ollama__qwen2_5_3b_instruct,top_down_only,ideal,0.0,18,16.10606760972346,1.5502031250000001,12.7261875,0.0,0.0,0.0,0.47812499999999997,0.0
forest_co_management,ollama__qwen2_5_3b_instruct,top_down_only,ideal,0.0,19,15.858229336339946,1.5600937500000003,12.321281250000002,0.0,0.0,0.0,0.54375,0.0
forest_co_management,ollama__qwen2_5_3b_instruct,top_down_only,ideal,0.0,20,16.14907524646631,1.5003750000000002,12.598125000000003,0.0,0.0,0.0,0.490625,0.0
forest_co_management,ollama__qwen2_5_3b_instruct,top_down_only,ideal,0.0,21,16.095714038183516,1.58025,12.501375000000001,0.0,0.0,0.0,0.4875,0.0
forest_co_management,ollama__qwen2_5_3b_instruct,top_down_only,ideal,0.0,22,15.725387454860478,1.7760000000000002,12.7876875,0.0,0.0,0.0,0.5484375,0.0
forest_co_management,ollama__qwen2_5_3b_instruct,top_down_only,ideal,0.0,23,16.197306355803683,1.3320468750000003,12.312843750000003,0.0,0.0,0.0,0.4296875,0.0
forest_co_management,ollama__qwen2_5_3b_instruct,top_down_only,ideal,0.0,24,15.836231557329363,1.64578125,12.272437499999999,0.0,0.0,0.0,0.55,0.0
forest_co_management,ollama__qwen2_5_3b_instruct,top_down_only,ideal,0.0,25,15.796412245498441,1.686375,12.606937500000003,0.0,0.0,0.0,0.540625,0.0
forest_co_management,ollama__qwen2_5_3b_instruct,top_down_only,ideal,0.0,26,16.019365716551814,1.5380625,12.557812500000002,0.0,0.0,0.0,0.5093749999999999,0.0
forest_co_management,ollama__qwen2_5_3b_instruct,top_down_only,ideal,0.0,27,15.876547573865453,1.6593750000000003,12.534375,0.0,0.0,0.0,0.5265625,0.0
forest_co_management,ollama__qwen2_5_3b_instruct,top_down_only,ideal,0.0,28,15.917580292365933,1.5958125000000005,12.597750000000001,0.0,0.0,0.0,0.5218750000000001,0.0
forest_co_management,ollama__qwen2_5_3b_instruct,top_down_only,ideal,0.0,29,16.1232092685686,1.5324375000000001,12.55753125,0.0,0.0,0.0,0.46875,0.0
forest_co_management,ollama__qwen2_5_3b_instruct,top_down_only,ideal,0.0,30,16.004777855339,1.6644375,12.621562500000001,0.0,0.0,0.0,0.4921875,0.0
forest_co_management,ollama__qwen2_5_3b_instruct,top_down_only,ideal,0.0,31,16.12172290210403,1.5253125,12.580875,0.0,0.0,0.0,0.4875,0.0
forest_co_management,ollama__qwen2_5_3b_instruct,top_down_only,ideal,0.0,32,15.793055852535256,1.7506406250000004,12.742031250000002,0.0,0.0,0.0,0.5390625,0.0
forest_co_management,ollama__qwen2_5_3b_instruct,top_down_only,ideal,0.0,33,15.795845961132258,1.6292343750000002,12.393656250000001,0.0,0.0,0.0,0.5515625,0.0
forest_co_management,ollama__qwen2_5_3b_instruct,top_down_only,ideal,0.0,34,15.676001899024916,1.86928125,12.7430625,0.0,0.0,0.0,0.5875,0.0
forest_co_management,ollama__qwen2_5_3b_instruct,top_down_only,ideal,0.0,35,16.010568709483376,1.5154218750000001,12.41484375,0.0,0.0,0.0,0.5140625,0.0
forest_co_management,ollama__qwen2_5_3b_instruct,top_down_only,ideal,0.0,36,15.889806532111072,1.570359375,12.525468750000002,0.0,0.0,0.0,0.525,0.0
forest_co_management,ollama__qwen2_5_3b_instruct,top_down_only,ideal,0.0,37,15.849224694623238,1.5147656250000003,12.378281250000002,0.0,0.0,0.0,0.53125,0.0
forest_co_management,ollama__qwen2_5_3b_instruct,top_down_only,ideal,0.0,38,15.794337353330935,1.82390625,12.7314375,0.0,0.0,0.0,0.54375,0.0
forest_co_management,ollama__qwen2_5_3b_instruct,top_down_only,ideal,0.0,39,15.715173941210406,1.7862187500000002,12.630656250000001,0.0,0.0,0.0,0.565625,0.0
forest_co_management,ollama__qwen2_5_3b_instruct,top_down_only,ideal,0.5,0,15.316746297546128,1.749328125,11.624923031059359,0.0,0.0,0.0,0.7171875000000001,0.09427083333333335
forest_co_management,ollama__qwen2_5_3b_instruct,top_down_only,ideal,0.5,1,15.14336316869596,1.8925781250000004,11.620874807102762,0.0,0.0,0.0,0.7390625,0.12864583333333332
forest_co_management,ollama__qwen2_5_3b_instruct,top_down_only,ideal,0.5,2,15.258104717895538,2.1508125,12.556875000000002,0.0,0.0,0.0,0.6875,0.15390625
forest_co_management,ollama__qwen2_5_3b_instruct,top_down_only,ideal,0.5,3,15.427447178420007,2.057671875,12.370218750000001,0.0,0.0,0.0,0.6703125,0.10989583333333335
forest_co_management,ollama__qwen2_5_3b_instruct,top_down_only,ideal,0.5,4,15.18025848104793,2.2948593750000006,12.33146503432067,0.0,0.0,0.0,0.7,0.14947916666666666
forest_co_management,ollama__qwen2_5_3b_instruct,top_down_only,ideal,0.5,5,15.027955802510428,2.5564218750000007,12.865593750000002,0.0,0.0,0.0,0.7015625,0.14921874999999998
forest_co_management,ollama__qwen2_5_3b_instruct,top_down_only,ideal,0.5,6,15.012560245724117,2.1245624999999997,11.97384382503323,0.0,0.0,0.0,0.7406250000000001,0.11510416666666667
forest_co_management,ollama__qwen2_5_3b_instruct,top_down_only,ideal,0.5,7,15.182680478344079,1.74825,10.820992182358644,0.0,0.0,0.0,0.765625,0.08072916666666667
forest_co_management,ollama__qwen2_5_3b_instruct,top_down_only,ideal,0.5,8,15.140226634127727,2.337703125,12.752625000000002,0.0,0.0,0.0,0.69375,0.15312499999999998
forest_co_management,ollama__qwen2_5_3b_instruct,top_down_only,ideal,0.5,9,15.269509761886006,1.2423281250000002,9.498075556849425,0.0,0.0,0.0,0.825,0.08385416666666666
forest_co_management,ollama__qwen2_5_3b_instruct,top_down_only,ideal,0.5,10,15.160691236287786,1.947890625,11.596196567794818,0.0,0.0,0.0,0.7359375,0.12942708333333333
forest_co_management,ollama__qwen2_5_3b_instruct,top_down_only,ideal,0.5,11,15.213799260170596,2.1558750000000004,12.313932501331358,0.0,0.0,0.0,0.7,0.14895833333333333
forest_co_management,ollama__qwen2_5_3b_instruct,top_down_only,ideal,0.5,12,15.205061239339138,2.3152031250000005,12.722625,0.0,0.0,0.0,0.6828125,0.14114583333333333
forest_co_management,ollama__qwen2_5_3b_instruct,top_down_only,ideal,0.5,13,15.342969910039548,1.8480937500000003,11.547602588387923,0.0,0.0,0.0,0.715625,0.09947916666666667
forest_co_management,ollama__qwen2_5_3b_instruct,top_down_only,ideal,0.5,14,15.036072932508127,2.5840781250000004,12.83428125,0.0,0.0,0.0,0.6968749999999999,0.15156250000000002
forest_co_management,ollama__qwen2_5_3b_instruct,top_down_only,ideal,0.5,15,15.040485146907912,2.5853906250000005,12.879000000000001,0.0,0.0,0.0,0.703125,0.14791666666666667
forest_co_management,ollama__qwen2_5_3b_instruct,top_down_only,ideal,0.5,16,15.049132381320174,2.07140625,12.042537712549393,0.0,0.0,0.0,0.7296875,0.13333333333333333
forest_co_management,ollama__qwen2_5_3b_instruct,top_down_only,ideal,0.5,17,15.001624348513783,2.5104843750000008,12.906468750000002,0.0,0.0,0.0,0.7015625,0.14921874999999998
forest_co_management,ollama__qwen2_5_3b_instruct,top_down_only,ideal,0.5,18,15.00264577441107,2.2125000000000004,12.247312268925754,0.0,0.0,0.0,0.7296875,0.13515625
forest_co_management,ollama__qwen2_5_3b_instruct,top_down_only,ideal,0.5,19,15.116881215731944,2.2840312500000004,12.575531250000001,0.0,0.0,0.0,0.7,0.14661458333333333
forest_co_management,ollama__qwen2_5_3b_instruct,top_down_only,ideal,0.5,20,15.400365998370347,1.3980937500000006,9.856604298350643,0.0,0.0,0.0,0.784375,0.10520833333333333
forest_co_management,ollama__qwen2_5_3b_instruct,top_down_only,ideal,0.5,21,15.589670435778643,1.9202812500000004,12.423562500000001,0.0,0.0,0.0,0.6499999999999999,0.07552083333333333
forest_co_management,ollama__qwen2_5_3b_instruct,top_down_only,ideal,0.5,22,15.29987604827566,1.0915312500000003,9.029408397064987,0.0,0.0,0.0,0.8390625,0.0734375
forest_co_management,ollama__qwen2_5_3b_instruct,top_down_only,ideal,0.5,23,15.070992371339202,2.309390625,12.973031250000002,0.0,0.0,0.0,0.69375,0.14322916666666666
forest_co_management,ollama__qwen2_5_3b_instruct,top_down_only,ideal,0.5,24,15.174717062421347,1.6972500000000001,10.368274776851404,0.0,0.0,0.0,0.790625,0.08958333333333333
forest_co_management,ollama__qwen2_5_3b_instruct,top_down_only,ideal,0.5,25,15.19439492902347,1.9365000000000006,11.709232950418631,0.0,0.0,0.0,0.7328125,0.13203125000000002
forest_co_management,ollama__qwen2_5_3b_instruct,top_down_only,ideal,0.5,26,15.484401406085908,1.8042656250000002,11.796843750000003,0.0,0.0,0.0,0.6703125,0.12630208333333334
forest_co_management,ollama__qwen2_5_3b_instruct,top_down_only,ideal,0.5,27,15.229069450635237,1.2573750000000001,9.329357602860291,0.0,0.0,0.0,0.8312499999999999,0.07942708333333333
forest_co_management,ollama__qwen2_5_3b_instruct,top_down_only,ideal,0.5,28,15.267774095067995,2.0058749999999996,12.184706541255391,0.0,0.0,0.0,0.7,0.10260416666666666
forest_co_management,ollama__qwen2_5_3b_instruct,top_down_only,ideal,0.5,29,15.122068558508367,2.3210156250000002,12.81825,0.0,0.0,0.0,0.6890625,0.14453125
forest_co_management,ollama__qwen2_5_3b_instruct,top_down_only,ideal,0.5,30,15.1680823677663,1.841859375,11.111217680161399,0.0,0.0,0.0,0.7515624999999999,0.11510416666666667
forest_co_management,ollama__qwen2_5_3b_instruct,top_down_only,ideal,0.5,31,15.303144250500168,1.9593281250000008,11.667161492407462,0.0,0.0,0.0,0.7125,0.14296875
forest_co_management,ollama__qwen2_5_3b_instruct,top_down_only,ideal,0.5,32,15.383084339195275,2.1323906250000007,12.399468750000002,0.0,0.0,0.0,0.6765625000000001,0.16067708333333333
forest_co_management,ollama__qwen2_5_3b_instruct,top_down_only,ideal,0.5,33,15.209029410982348,1.9170468749999998,11.110669346605262,0.0,0.0,0.0,0.7546875,0.11848958333333333
forest_co_management,ollama__qwen2_5_3b_instruct,top_down_only,ideal,0.5,34,15.343326874013725,2.1838125,12.368625000000002,0.0,0.0,0.0,0.684375,0.10494791666666665
forest_co_management,ollama__qwen2_5_3b_instruct,top_down_only,ideal,0.5,35,15.350525156390468,1.4868281250000002,10.787384226283617,0.0,0.0,0.0,0.7406250000000001,0.125
forest_co_management,ollama__qwen2_5_3b_instruct,top_down_only,ideal,0.5,36,15.225032241691785,1.22296875,9.015560439615584,0.0,0.0,0.0,0.8484375,0.06692708333333335
forest_co_management,ollama__qwen2_5_3b_instruct,top_down_only,ideal,0.5,37,15.509712024514306,2.001421875,12.634406250000001,0.0,0.0,0.0,0.6484375,0.032552083333333336
forest_co_management,ollama__qwen2_5_3b_instruct,top_down_only,ideal,0.5,38,15.218388093905212,2.0465625000000003,12.270937500000002,0.0,0.0,0.0,0.6953125,0.15234375
forest_co_management,ollama__qwen2_5_3b_instruct,top_down_only,ideal,0.5,39,15.28521316320768,2.0867812500000005,11.690783444624865,0.0,0.0,0.0,0.7156250000000001,0.11197916666666667
forest_co_management,ollama__qwen2_5_3b_instruct,top_down_only,ideal,1.0,0,14.812637258600104,2.4037031250000003,12.913031250000003,0.0,0.0,0.0,0.734375,0.2630208333333333
forest_co_management,ollama__qwen2_5_3b_instruct,top_down_only,ideal,1.0,1,14.69705968523602,2.7902812500000005,12.993187500000001,0.0,0.0,0.0,0.7453125,0.2513020833333333
forest_co_management,ollama__qwen2_5_3b_instruct,top_down_only,ideal,1.0,2,14.868962552382978,2.5679531250000007,12.909656250000001,0.0,0.0,0.0,0.73125,0.19140625
forest_co_management,ollama__qwen2_5_3b_instruct,top_down_only,ideal,1.0,3,14.900383849513378,2.4696562500000008,12.948187500000003,0.0,0.0,0.0,0.721875,0.24244791666666665
forest_co_management,ollama__qwen2_5_3b_instruct,top_down_only,ideal,1.0,4,14.738856051563921,2.950687500000001,13.02403125,0.0,0.0,0.0,0.7421875,0.2575520833333333
forest_co_management,ollama__qwen2_5_3b_instruct,top_down_only,ideal,1.0,5,14.655022409431698,2.6175937499999997,13.03021875,0.0,0.0,0.0,0.7484375,0.25156249999999997
forest_co_management,ollama__qwen2_5_3b_instruct,top_down_only,ideal,1.0,6,14.805066492785368,2.7093749999999996,12.974250000000001,0.0,0.0,0.0,0.7375,0.2625
forest_co_management,ollama__qwen2_5_3b_instruct,top_down_only,ideal,1.0,7,14.730553129720446,2.7740625000000003,12.453928891282953,0.0,0.0,0.0,0.7609375,0.23828125
forest_co_management,ollama__qwen2_5_3b_instruct,top_down_only,ideal,1.0,8,14.691396558424099,2.7811406250000004,13.042968750000004,0.0,0.0,0.0,0.7484375,0.25156249999999997
forest_co_management,ollama__qwen2_5_3b_instruct,top_down_only,ideal,1.0,9,14.773551581144325,2.799468750000001,12.9553125,0.0,0.0,0.0,0.7406250000000001,0.225
forest_co_management,ollama__qwen2_5_3b_instruct,top_down_only,ideal,1.0,10,14.824126791943975,2.574140625,12.639267342722524,0.0,0.0,0.0,0.75,0.19661458333333334
forest_co_management,ollama__qwen2_5_3b_instruct,top_down_only,ideal,1.0,11,14.879448340156092,2.485171875,12.87571875,0.0,0.0,0.0,0.73125,0.19921875
forest_co_management,ollama__qwen2_5_3b_instruct,top_down_only,ideal,1.0,12,14.818759368626598,2.58309375,13.0479375,0.0,0.0,0.0,0.7281249999999999,0.23177083333333334
forest_co_management,ollama__qwen2_5_3b_instruct,top_down_only,ideal,1.0,13,14.782152592865721,2.5858125000000003,12.9279375,0.0,0.0,0.0,0.7406250000000001,0.25937499999999997
forest_co_management,ollama__qwen2_5_3b_instruct,top_down_only,ideal,1.0,14,14.721632338011272,2.9722500000000007,12.964500000000001,0.0,0.0,0.0,0.75,0.24687499999999998
forest_co_management,ollama__qwen2_5_3b_instruct,top_down_only,ideal,1.0,15,14.730756054407085,2.630578125,12.584093919392076,0.0,0.0,0.0,0.7562500000000001,0.24296874999999996
forest_co_management,ollama__qwen2_5_3b_instruct,top_down_only,ideal,1.0,16,14.790116501928098,2.4388593750000007,12.925968750000003,0.0,0.0,0.0,0.74375,0.23828125
forest_co_management,ollama__qwen2_5_3b_instruct,top_down_only,ideal,1.0,17,14.67538685819989,2.6631562499999997,12.738197614986145,0.0,0.0,0.0,0.759375,0.24010416666666667
forest_co_management,ollama__qwen2_5_3b_instruct,top_down_only,ideal,1.0,18,14.72435439503191,2.846156250000001,12.993375,0.0,0.0,0.0,0.7484375,0.23124999999999998
forest_co_management,ollama__qwen2_5_3b_instruct,top_down_only,ideal,1.0,19,14.858442060613541,2.7208593750000007,12.941343750000001,0.0,0.0,0.0,0.7328125,0.22291666666666668
forest_co_management,ollama__qwen2_5_3b_instruct,top_down_only,ideal,1.0,20,14.823624946413767,2.7960000000000003,13.025718750000003,0.0,0.0,0.0,0.7359375,0.2119791666666667
forest_co_management,ollama__qwen2_5_3b_instruct,top_down_only,ideal,1.0,21,14.642730430478064,2.723859375,12.99721875,0.0,0.0,0.0,0.7515625,0.2484375
forest_co_management,ollama__qwen2_5_3b_instruct,top_down_only,ideal,1.0,22,14.653211789439636,2.650921875,12.986625,0.0,0.0,0.0,0.7515625,0.24609375
forest_co_management,ollama__qwen2_5_3b_instruct,top_down_only,ideal,1.0,23,14.832962132699764,2.5543125000000004,12.916031250000001,0.0,0.0,0.0,0.7328125,0.23463541666666665
forest_co_management,ollama__qwen2_5_3b_instruct,top_down_only,ideal,1.0,24,14.593124440757123,3.1257187500000003,13.136437500000001,0.0,0.0,0.0,0.75,0.25
forest_co_management,ollama__qwen2_5_3b_instruct,top_down_only,ideal,1.0,25,14.870190574188914,2.63878125,12.88790625,0.0,0.0,0.0,0.7359375,0.2552083333333333
forest_co_management,ollama__qwen2_5_3b_instruct,top_down_only,ideal,1.0,26,14.911252767740605,2.7936093750000004,13.077656250000002,0.0,0.0,0.0,0.715625,0.19557291666666665
forest_co_management,ollama__qwen2_5_3b_instruct,top_down_only,ideal,1.0,27,14.532609936775629,2.6925,13.104750000000003,0.0,0.0,0.0,0.753125,0.24583333333333335
forest_co_management,ollama__qwen2_5_3b_instruct,top_down_only,ideal,1.0,28,14.673046152956033,2.824265625,12.938531250000002,0.0,0.0,0.0,0.75,0.24765625
forest_co_management,ollama__qwen2_5_3b_instruct,top_down_only,ideal,1.0,29,14.748228176349624,2.7075,13.027499999999998,0.0,0.0,0.0,0.7421875,0.2138020833333333
forest_co_management,ollama__qwen2_5_3b_instruct,top_down_only,ideal,1.0,30,14.89235589414097,2.807484375,12.916218750000002,0.0,0.0,0.0,0.7359375,0.24348958333333334
forest_co_management,ollama__qwen2_5_3b_instruct,top_down_only,ideal,1.0,31,14.810845223592256,2.5833281249999995,12.854906250000003,0.0,0.0,0.0,0.7375,0.18880208333333334
forest_co_management,ollama__qwen2_5_3b_instruct,top_down_only,ideal,1.0,32,14.764477077571474,2.683078125,12.94471875,0.0,0.0,0.0,0.7406250000000001,0.2125
forest_co_management,ollama__qwen2_5_3b_instruct,top_down_only,ideal,1.0,33,14.88739784594149,2.5786406250000002,12.876750000000001,0.0,0.0,0.0,0.7328125,0.19322916666666665
forest_co_management,ollama__qwen2_5_3b_instruct,top_down_only,ideal,1.0,34,14.618851484585884,2.7332343750000003,12.810399522232709,0.0,0.0,0.0,0.7578125,0.24166666666666667
forest_co_management,ollama__qwen2_5_3b_instruct,top_down_only,ideal,1.0,35,14.681354459337227,2.6651718750000004,12.98034375,0.0,0.0,0.0,0.75,0.2216145833333333
forest_co_management,ollama__qwen2_5_3b_instruct,top_down_only,ideal,1.0,36,14.777911816776612,2.853515625,12.896062500000003,0.0,0.0,0.0,0.7453125,0.24817708333333333
forest_co_management,ollama__qwen2_5_3b_instruct,top_down_only,ideal,1.0,37,14.834206562869566,2.3306250000000004,12.189246533207651,0.0,0.0,0.0,0.7625000000000001,0.1796875
forest_co_management,ollama__qwen2_5_3b_instruct,top_down_only,ideal,1.0,38,14.780722689185847,2.7938437500000006,12.955593750000002,0.0,0.0,0.0,0.7453125,0.2177083333333333
forest_co_management,ollama__qwen2_5_3b_instruct,top_down_only,ideal,1.0,39,14.635229707927076,2.6923593750000006,13.024406250000002,0.0,0.0,0.0,0.7515625,0.21223958333333334
forest_co_management,ollama__qwen2_5_3b_instruct,hybrid,ideal,0.0,0,17.912493359366522,0.32066216015625015,9.0145103671875,0.0,0.0,0.0,0.0296875,0.0
forest_co_management,ollama__qwen2_5_3b_instruct,hybrid,ideal,0.0,1,16.69139585795041,0.7914747656250001,11.17335785625,0.0,0.0,0.0,0.0296875,0.0
forest_co_management,ollama__qwen2_5_3b_instruct,hybrid,ideal,0.0,2,17.881002331189222,0.29610242578125007,9.0861954796875,0.0,0.0,0.0,0.028125,0.0
forest_co_management,ollama__qwen2_5_3b_instruct,hybrid,ideal,0.0,3,17.444372853066064,0.6066071812500001,10.41474166875,0.0,0.0,0.0,0.03125,0.0
forest_co_management,ollama__qwen2_5_3b_instruct,hybrid,ideal,0.0,4,16.65754065423919,0.6039569531250001,10.8627549375,0.0,0.0,0.0,0.04375,0.0
forest_co_management,ollama__qwen2_5_3b_instruct,hybrid,ideal,0.0,5,17.965072662867158,0.20254296093750013,8.349725953124999,0.0,0.0,0.0,0.034375,0.0
forest_co_management,ollama__qwen2_5_3b_instruct,hybrid,ideal,0.0,6,17.008049139321642,0.41038172109375004,10.77531920625,0.0,0.0,0.0,0.03125,0.0
forest_co_management,ollama__qwen2_5_3b_instruct,hybrid,ideal,0.0,7,16.56673773307448,0.73430541796875,11.872699059374998,0.0,0.0,0.0,0.04375,0.0
forest_co_management,ollama__qwen2_5_3b_instruct,hybrid,ideal,0.0,8,16.79455373665406,0.3423959062500004,12.082145906249998,0.0,0.0,0.0,0.0359375,0.0
forest_co_management,ollama__qwen2_5_3b_instruct,hybrid,ideal,0.0,9,18.379404157069622,0.031258300781250026,7.723473595312501,0.0,0.0,0.0,0.0296875,0.0
forest_co_management,ollama__qwen2_5_3b_instruct,hybrid,ideal,0.0,10,18.181103887148325,0.0006118125000000893,8.401813903125,0.0,0.0,0.0,0.03125,0.0
forest_co_management,ollama__qwen2_5_3b_instruct,hybrid,ideal,0.0,11,16.87446369621002,0.5796248742187502,11.933981475,0.0,0.0,0.0,0.0375,0.0
forest_co_management,ollama__qwen2_5_3b_instruct,hybrid,ideal,0.0,12,17.324084159598424,0.4011282890625002,11.137495040625,0.0,0.0,0.0,0.03125,0.0
forest_co_management,ollama__qwen2_5_3b_instruct,hybrid,ideal,0.0,13,16.34661866085923,0.91941871875,11.700235359375002,0.0,0.0,0.0,0.19374999999999998,0.0
forest_co_management,ollama__qwen2_5_3b_instruct,hybrid,ideal,0.0,14,16.575950275532776,0.597685903125,11.644071009374997,0.0,0.0,0.0,0.028125,0.0
forest_co_management,ollama__qwen2_5_3b_instruct,hybrid,ideal,0.0,15,17.739628605847628,0.41076090234375007,9.472579364062499,0.0,0.0,0.0,0.0328125,0.0
forest_co_management,ollama__qwen2_5_3b_instruct,hybrid,ideal,0.0,16,16.74417062076348,0.48174908203124994,11.632444907812499,0.0,0.0,0.0,0.0328125,0.0
forest_co_management,ollama__qwen2_5_3b_instruct,hybrid,ideal,0.0,17,16.929807268048478,0.7520045390625002,11.597252625,0.0,0.0,0.0,0.0375,0.0
forest_co_management,ollama__qwen2_5_3b_instruct,hybrid,ideal,0.0,18,16.703231736090423,0.8364845859375002,11.032599539062499,0.0,0.0,0.0,0.0328125,0.0
forest_co_management,ollama__qwen2_5_3b_instruct,hybrid,ideal,0.0,19,17.760763173046858,0.42750323437500026,9.6904270921875,0.0,0.0,0.0,0.0296875,0.0
forest_co_management,ollama__qwen2_5_3b_instruct,hybrid,ideal,0.0,20,17.492301368151324,0.2304361406249998,10.4788413234375,0.0,0.0,0.0,0.03125,0.0
forest_co_management,ollama__qwen2_5_3b_instruct,hybrid,ideal,0.0,21,16.525100671699512,0.8750979140625,11.636286,0.0,0.0,0.0,0.071875,0.0
forest_co_management,ollama__qwen2_5_3b_instruct,hybrid,ideal,0.0,22,17.617552485453764,0.13538533828124985,10.469334721875,0.0,0.0,0.0,0.034375,0.0
forest_co_management,ollama__qwen2_5_3b_instruct,hybrid,ideal,0.0,23,16.27752798634412,1.0128999937499996,11.883226120312498,0.0,0.0,0.0,0.28125,0.0
forest_co_management,ollama__qwen2_5_3b_instruct,hybrid,ideal,0.0,24,16.78408104307244,0.6347021484374996,11.339028346875,0.0,0.0,0.0,0.029687500000000002,0.0
forest_co_management,ollama__qwen2_5_3b_instruct,hybrid,ideal,0.0,25,17.5966825416393,0.3181025625000002,9.960680878124998,0.0,0.0,0.0,0.0328125,0.0
forest_co_management,ollama__qwen2_5_3b_instruct,hybrid,ideal,0.0,26,16.697502781494556,0.6513169921875004,12.081692704687498,0.0,0.0,0.0,0.0421875,0.0
forest_co_management,ollama__qwen2_5_3b_instruct,hybrid,ideal,0.0,27,17.681852685426314,0.25097776875,9.904882584374999,0.0,0.0,0.0,0.028125,0.0
forest_co_management,ollama__qwen2_5_3b_instruct,hybrid,ideal,0.0,28,17.18001642716141,0.36331603124999995,10.57293605625,0.0,0.0,0.0,0.028125,0.0
forest_co_management,ollama__qwen2_5_3b_instruct,hybrid,ideal,0.0,29,18.043656954842625,0.09524954296875002,9.17665093125,0.0,0.0,0.0,0.03125,0.0
forest_co_management,ollama__qwen2_5_3b_instruct,hybrid,ideal,0.0,30,16.698908493400822,0.46535170312500007,11.989343437499999,0.0,0.0,0.0,0.0375,0.0
forest_co_management,ollama__qwen2_5_3b_instruct,hybrid,ideal,0.0,31,16.661776345493806,0.6838625507812501,12.040922334375,0.0,0.0,0.0,0.04375,0.0
forest_co_management,ollama__qwen2_5_3b_instruct,hybrid,ideal,0.0,32,16.369437735361622,0.87538817578125,12.0843911953125,0.0,0.0,0.0,0.121875,0.0
forest_co_management,ollama__qwen2_5_3b_instruct,hybrid,ideal,0.0,33,16.770026868681846,0.8269720664062502,11.691683418750001,0.0,0.0,0.0,0.035937500000000004,0.0
forest_co_management,ollama__qwen2_5_3b_instruct,hybrid,ideal,0.0,34,17.309714455694923,0.47402021249999987,11.217756,0.0,0.0,0.0,0.03125,0.0
forest_co_management,ollama__qwen2_5_3b_instruct,hybrid,ideal,0.0,35,17.035953946808363,0.7627852968750002,10.3393506328125,0.0,0.0,0.0,0.026562500000000003,0.0
forest_co_management,ollama__qwen2_5_3b_instruct,hybrid,ideal,0.0,36,16.350645282469394,0.7797352031249998,12.335008078125004,0.0,0.0,0.0,0.1484375,0.0
forest_co_management,ollama__qwen2_5_3b_instruct,hybrid,ideal,0.0,37,17.694466525513707,0.1338001429687501,10.2614364890625,0.0,0.0,0.0,0.0359375,0.0
forest_co_management,ollama__qwen2_5_3b_instruct,hybrid,ideal,0.0,38,16.316806916051675,1.1074900312500002,11.690062359375002,0.0,0.0,0.0,0.209375,0.0
forest_co_management,ollama__qwen2_5_3b_instruct,hybrid,ideal,0.0,39,17.38037286712784,0.5806479726562501,9.241933453125,0.0,0.0,0.0,0.028125,0.0
forest_co_management,ollama__qwen2_5_3b_instruct,hybrid,ideal,0.5,0,15.349161648606831,1.6115522695312503,11.181408152311143,0.0,0.0,0.0,0.66484375,0.09531249999999998
forest_co_management,ollama__qwen2_5_3b_instruct,hybrid,ideal,0.5,1,15.47408783435699,0.7299770953125,7.773993904694653,0.0,0.0,0.0,0.8505208333333334,0.05833333333333333
forest_co_management,ollama__qwen2_5_3b_instruct,hybrid,ideal,0.5,2,15.40219159312682,1.2333689648437502,9.584768222877743,0.0,0.0,0.0,0.7213541666666667,0.10234375000000001
forest_co_management,ollama__qwen2_5_3b_instruct,hybrid,ideal,0.5,3,15.385866637587347,1.95057144140625,12.348553514124568,0.0,0.0,0.0,0.6723958333333333,0.11197916666666667
forest_co_management,ollama__qwen2_5_3b_instruct,hybrid,ideal,0.5,4,15.367058020554158,1.6798042195312506,11.249364277888835,0.0,0.0,0.0,0.71484375,0.14088541666666665
forest_co_management,ollama__qwen2_5_3b_instruct,hybrid,ideal,0.5,5,15.105387896950415,1.4551502296875,10.67347057911666,0.0,0.0,0.0,0.7401041666666666,0.029947916666666668
forest_co_management,ollama__qwen2_5_3b_instruct,hybrid,ideal,0.5,6,15.428435785268753,0.8930547539062503,8.481361420324303,0.0,0.0,0.0,0.815625,0.07213541666666667
forest_co_management,ollama__qwen2_5_3b_instruct,hybrid,ideal,0.5,7,15.48947834342293,1.0177585078125002,8.643637055149394,0.0,0.0,0.0,0.7643229166666667,0.09427083333333335
forest_co_management,ollama__qwen2_5_3b_instruct,hybrid,ideal,0.5,8,15.440934876328445,1.1280555375000003,8.79496671757898,0.0,0.0,0.0,0.8213541666666666,0.0625
forest_co_management,ollama__qwen2_5_3b_instruct,hybrid,ideal,0.5,9,15.262588366382573,1.92506246484375,11.632474639764476,0.0,0.0,0.0,0.6997395833333333,0.13776041666666666
forest_co_management,ollama__qwen2_5_3b_instruct,hybrid,ideal,0.5,10,15.470961925816688,0.95970768984375,9.351449227186958,0.0,0.0,0.0,0.7559895833333333,0.0546875
forest_co_management,ollama__qwen2_5_3b_instruct,hybrid,ideal,0.5,11,15.377693184733722,1.9158328429687501,12.214844357812503,0.0,0.0,0.0,0.67578125,0.14479166666666668
forest_co_management,ollama__qwen2_5_3b_instruct,hybrid,ideal,0.5,12,15.442647093473038,1.6749863554687505,10.084048028896184,0.0,0.0,0.0,0.6791666666666667,0.10572916666666665
forest_co_management,ollama__qwen2_5_3b_instruct,hybrid,ideal,0.5,13,15.32141692062504,2.1357144304687505,12.264472953712907,0.0,0.0,0.0,0.6888020833333334,0.15286458333333333
forest_co_management,ollama__qwen2_5_3b_instruct,hybrid,ideal,0.5,14,15.514733161084516,0.8919326601562501,8.098848010084179,0.0,0.0,0.0,0.7984375000000001,0.05364583333333334
forest_co_management,ollama__qwen2_5_3b_instruct,hybrid,ideal,0.5,15,15.333208737900598,1.6250665781250002,11.00573751620925,0.0,0.0,0.0,0.690625,0.07760416666666667
forest_co_management,ollama__qwen2_5_3b_instruct,hybrid,ideal,0.5,16,15.393212373649071,1.02233361328125,7.698550871783746,0.0,0.0,0.0,0.8145833333333332,0.04635416666666666
forest_co_management,ollama__qwen2_5_3b_instruct,hybrid,ideal,0.5,17,15.510131479195813,1.8408888281249998,12.027799453125002,0.0,0.0,0.0,0.6625,0.16875000000000004
forest_co_management,ollama__qwen2_5_3b_instruct,hybrid,ideal,0.5,18,15.412213414659151,1.9234519453125003,11.999643890625,0.0,0.0,0.0,0.6317708333333334,0.12552083333333333
forest_co_management,ollama__qwen2_5_3b_instruct,hybrid,ideal,0.5,19,15.353209000331546,1.4600918132812506,9.996797695631207,0.0,0.0,0.0,0.7578125,0.07239583333333334
forest_co_management,ollama__qwen2_5_3b_instruct,hybrid,ideal,0.5,20,15.447460308599375,1.12776020625,9.122857226514533,0.0,0.0,0.0,0.80078125,0.09244791666666667
forest_co_management,ollama__qwen2_5_3b_instruct,hybrid,ideal,0.5,21,15.517668985151317,2.0485296093750005,12.524621718750002,0.0,0.0,0.0,0.61015625,0.11328125
forest_co_management,ollama__qwen2_5_3b_instruct,hybrid,ideal,0.5,22,15.420288612020698,1.20255558984375,8.840955595380908,0.0,0.0,0.0,0.8296875,0.08072916666666667
forest_co_management,ollama__qwen2_5_3b_instruct,hybrid,ideal,0.5,23,15.601988542136588,1.9367487562499999,12.379711537853883,0.0,0.0,0.0,0.6427083333333332,0.17708333333333334
forest_co_management,ollama__qwen2_5_3b_instruct,hybrid,ideal,0.5,24,15.316503766880109,1.8885224531250002,11.6249848422598,0.0,0.0,0.0,0.6742187500000001,0.12421875
forest_co_management,ollama__qwen2_5_3b_instruct,hybrid,ideal,0.5,25,15.47826841134654,1.4105674921875002,10.553196669731138,0.0,0.0,0.0,0.7184895833333333,0.08411458333333333
forest_co_management,ollama__qwen2_5_3b_instruct,hybrid,ideal,0.5,26,15.416174938309528,1.8263545546875002,12.013941234375,0.0,0.0,0.0,0.6703125000000001,0.1572916666666667
forest_co_management,ollama__qwen2_5_3b_instruct,hybrid,ideal,0.5,27,15.394191515585234,1.3013024460937506,9.314659654750665,0.0,0.0,0.0,0.7955729166666667,0.0671875
forest_co_management,ollama__qwen2_5_3b_instruct,hybrid,ideal,0.5,28,15.316952705501963,1.5106268437500003,10.525361941712369,0.0,0.0,0.0,0.7541666666666667,0.12005208333333334
forest_co_management,ollama__qwen2_5_3b_instruct,hybrid,ideal,0.5,29,15.49837321648603,1.8396928546875,12.063530953125,0.0,0.0,0.0,0.6635416666666667,0.14296875
forest_co_management,ollama__qwen2_5_3b_instruct,hybrid,ideal,0.5,30,15.256972292524178,2.2130781656250003,12.344396981210155,0.0,0.0,0.0,0.6966145833333333,0.15130208333333334
forest_co_management,ollama__qwen2_5_3b_instruct,hybrid,ideal,0.5,31,15.483631463813122,1.8689769843750004,12.198994593750001,0.0,0.0,0.0,0.659375,0.14739583333333334
forest_co_management,ollama__qwen2_5_3b_instruct,hybrid,ideal,0.5,32,15.210081828826905,1.4751879726562502,10.181585273052447,0.0,0.0,0.0,0.7518229166666666,0.06171875000000001
forest_co_management,ollama__qwen2_5_3b_instruct,hybrid,ideal,0.5,33,15.269166581235673,2.087519128125,12.231350025000001,0.0,0.0,0.0,0.6434895833333334,0.14791666666666667
forest_co_management,ollama__qwen2_5_3b_instruct,hybrid,ideal,0.5,34,15.561245298321825,2.0267266171874994,11.51658995307897,0.0,0.0,0.0,0.6578125,0.1690104166666667
forest_co_management,ollama__qwen2_5_3b_instruct,hybrid,ideal,0.5,35,15.635332201910359,1.5149948203125,11.1909972173397,0.0,0.0,0.0,0.5924479166666667,0.13515625
forest_co_management,ollama__qwen2_5_3b_instruct,hybrid,ideal,0.5,36,15.344570105371126,1.0504689984375002,9.571141521404126,0.0,0.0,0.0,0.7625,0.059375000000000004
forest_co_management,ollama__qwen2_5_3b_instruct,hybrid,ideal,0.5,37,15.321817933891843,1.3248430664062503,10.123674181760958,0.0,0.0,0.0,0.7796875000000001,0.10729166666666666
forest_co_management,ollama__qwen2_5_3b_instruct,hybrid,ideal,0.5,38,15.467021858662777,1.18348621875,9.236945951605394,0.0,0.0,0.0,0.796875,0.09583333333333333
forest_co_management,ollama__qwen2_5_3b_instruct,hybrid,ideal,0.5,39,15.069119202621113,2.0270562187500003,12.094063266269234,0.0,0.0,0.0,0.7197916666666666,0.1390625
forest_co_management,ollama__qwen2_5_3b_instruct,hybrid,ideal,1.0,0,14.678339541098964,2.87908875,13.048177500000001,0.0,0.0,0.0,0.75,0.2471354166666667
forest_co_management,ollama__qwen2_5_3b_instruct,hybrid,ideal,1.0,1,14.723479345915848,2.5651836035156252,12.99017970703125,0.0,0.0,0.0,0.7453125,0.22343750000000004
forest_co_management,ollama__qwen2_5_3b_instruct,hybrid,ideal,1.0,2,14.889435547655603,2.67024774609375,12.9487767421875,0.0,0.0,0.0,0.7234375,0.23567708333333337
forest_co_management,ollama__qwen2_5_3b_instruct,hybrid,ideal,1.0,3,14.968085571676053,2.6323014375000007,12.937571625,0.0,0.0,0.0,0.7140625,0.19791666666666666
forest_co_management,ollama__qwen2_5_3b_instruct,hybrid,ideal,1.0,4,14.790642045837043,2.8446296718750004,13.013009343750003,0.0,0.0,0.0,0.7328125,0.2671875
forest_co_management,ollama__qwen2_5_3b_instruct,hybrid,ideal,1.0,5,14.761286565103301,2.8068567187500006,13.1141821875,0.0,0.0,0.0,0.7390625000000001,0.24192708333333332
forest_co_management,ollama__qwen2_5_3b_instruct,hybrid,ideal,1.0,6,14.754774699715357,2.7237802968750002,13.004935593750002,0.0,0.0,0.0,0.74375,0.23958333333333334
forest_co_management,ollama__qwen2_5_3b_instruct,hybrid,ideal,1.0,7,14.88052630149318,2.6528162578125003,12.968945015625003,0.0,0.0,0.0,0.7281249999999999,0.2635416666666667
forest_co_management,ollama__qwen2_5_3b_instruct,hybrid,ideal,1.0,8,14.82467985077897,2.729739222656251,12.980853445312501,0.0,0.0,0.0,0.7296874999999999,0.26979166666666665
forest_co_management,ollama__qwen2_5_3b_instruct,hybrid,ideal,1.0,9,14.740872200320178,2.5935453222656255,12.977715644531251,0.0,0.0,0.0,0.7421875,0.2075520833333333
forest_co_management,ollama__qwen2_5_3b_instruct,hybrid,ideal,1.0,10,14.903913184396258,2.6498703750000003,12.94074075,0.0,0.0,0.0,0.725,0.1890625
forest_co_management,ollama__qwen2_5_3b_instruct,hybrid,ideal,1.0,11,14.798935203416963,2.704478671875,12.941769843750002,0.0,0.0,0.0,0.734375,0.2643229166666667
forest_co_management,ollama__qwen2_5_3b_instruct,hybrid,ideal,1.0,12,14.764225709586615,2.8303644726562505,12.9617914453125,0.0,0.0,0.0,0.7484375,0.2455729166666667
forest_co_management,ollama__qwen2_5_3b_instruct,hybrid,ideal,1.0,13,14.871591636637397,2.3803178203125004,12.875823140625002,0.0,0.0,0.0,0.7328125,0.21848958333333335
forest_co_management,ollama__qwen2_5_3b_instruct,hybrid,ideal,1.0,14,14.871800997286815,2.65428525,12.994570500000002,0.0,0.0,0.0,0.73125,0.20286458333333332
forest_co_management,ollama__qwen2_5_3b_instruct,hybrid,ideal,1.0,15,14.623976333377435,2.7601115625,13.080223125,0.0,0.0,0.0,0.75,0.23776041666666667
forest_co_management,ollama__qwen2_5_3b_instruct,hybrid,ideal,1.0,16,14.654820970620062,2.7584271679687506,12.976166835937502,0.0,0.0,0.0,0.7515625,0.24531250000000002
forest_co_management,ollama__qwen2_5_3b_instruct,hybrid,ideal,1.0,17,14.588755095078842,2.87339384765625,13.0598501953125,0.0,0.0,0.0,0.753125,0.24505208333333336
forest_co_management,ollama__qwen2_5_3b_instruct,hybrid,ideal,1.0,18,14.817214949529829,2.7238547578125005,13.023647015625002,0.0,0.0,0.0,0.7281249999999999,0.27187500000000003
forest_co_management,ollama__qwen2_5_3b_instruct,hybrid,ideal,1.0,19,14.891675348271237,2.5007322070312505,12.747558164062502,0.0,0.0,0.0,0.7421875,0.2098958333333333
forest_co_management,ollama__qwen2_5_3b_instruct,hybrid,ideal,1.0,20,14.711007695212986,3.0348122812500007,12.978437062500001,0.0,0.0,0.0,0.746875,0.24947916666666667
forest_co_management,ollama__qwen2_5_3b_instruct,hybrid,ideal,1.0,21,14.67820360284961,2.7337837500000006,12.9825675,0.0,0.0,0.0,0.75,0.2065104166666667
forest_co_management,ollama__qwen2_5_3b_instruct,hybrid,ideal,1.0,22,14.697994280660744,3.0000491953124997,13.088160890625002,0.0,0.0,0.0,0.746875,0.25156249999999997
forest_co_management,ollama__qwen2_5_3b_instruct,hybrid,ideal,1.0,23,14.753636054233711,2.6918651484375005,12.954230296875004,0.0,0.0,0.0,0.7484375,0.25156249999999997
forest_co_management,ollama__qwen2_5_3b_instruct,hybrid,ideal,1.0,24,14.79767643736656,2.8484699531250004,12.954033656250001,0.0,0.0,0.0,0.7359375,0.26406250000000003
forest_co_management,ollama__qwen2_5_3b_instruct,hybrid,ideal,1.0,25,14.568423788170001,2.6801523750000005,13.09017975,0.0,0.0,0.0,0.7515625,0.23046875
forest_co_management,ollama__qwen2_5_3b_instruct,hybrid,ideal,1.0,26,14.813376555292866,2.662368158203125,12.85033006640625,0.0,0.0,0.0,0.7484375,0.25078125
forest_co_management,ollama__qwen2_5_3b_instruct,hybrid,ideal,1.0,27,14.83445975068986,2.5595287734375,12.974276296875,0.0,0.0,0.0,0.7390625000000001,0.24479166666666666
forest_co_management,ollama__qwen2_5_3b_instruct,hybrid,ideal,1.0,28,14.589451552497763,2.91817098046875,13.002591960937503,0.0,0.0,0.0,0.7546875,0.24166666666666667
forest_co_management,ollama__qwen2_5_3b_instruct,hybrid,ideal,1.0,29,14.886591812099455,2.5622949375,12.949902375,0.0,0.0,0.0,0.7234375,0.1947916666666667
forest_co_management,ollama__qwen2_5_3b_instruct,hybrid,ideal,1.0,30,14.834841234362024,2.621411917968751,12.895542585937502,0.0,0.0,0.0,0.7296874999999999,0.2255208333333333
forest_co_management,ollama__qwen2_5_3b_instruct,hybrid,ideal,1.0,31,14.961768088024828,2.4592188281249996,12.882057187500003,0.0,0.0,0.0,0.715625,0.19843749999999996
forest_co_management,ollama__qwen2_5_3b_instruct,hybrid,ideal,1.0,32,14.769302657920651,2.6974130859375003,13.007326171875,0.0,0.0,0.0,0.7421875,0.25625
forest_co_management,ollama__qwen2_5_3b_instruct,hybrid,ideal,1.0,33,14.822688640201696,2.7006259453125008,12.64363996225391,0.0,0.0,0.0,0.7468750000000001,0.22343750000000004
forest_co_management,ollama__qwen2_5_3b_instruct,hybrid,ideal,1.0,34,14.756944778231654,2.942525625000001,12.90505125,0.0,0.0,0.0,0.75,0.24687499999999998
forest_co_management,ollama__qwen2_5_3b_instruct,hybrid,ideal,1.0,35,14.842941336115082,2.6218419375,13.015183875000002,0.0,0.0,0.0,0.725,0.21250000000000002
forest_co_management,ollama__qwen2_5_3b_instruct,hybrid,ideal,1.0,36,14.692558945267217,3.0371688046875,13.016150109375001,0.0,0.0,0.0,0.7484375,0.25156249999999997
forest_co_management,ollama__qwen2_5_3b_instruct,hybrid,ideal,1.0,37,14.784793048568833,2.74183190625,12.994913812500002,0.0,0.0,0.0,0.7375,0.23124999999999998
forest_co_management,ollama__qwen2_5_3b_instruct,hybrid,ideal,1.0,38,14.725056906652984,2.7983519707031252,13.09717269140625,0.0,0.0,0.0,0.7390625000000001,0.24427083333333333
forest_co_management,ollama__qwen2_5_3b_instruct,hybrid,ideal,1.0,39,14.833529572146782,2.7105984375000007,12.888196875000002,0.0,0.0,0.0,0.7375,0.2625
