game,policy_group,regime,context,weather,mode,inspection_budget,budget_exhausted_steps,candidate_evaluations,component_evaluations,garden_failure_event,global_unsafe_rate,infeasible_steps,mean_patch_health,mean_prevented_harvest,mean_realized_harvest,onset_count,t_end,total_welfare,unsafe_fixed_horizon,component_checks_per_step,requests_inspected_per_step,transmitted_scalars_per_step,request_inspections,transmitted_scalars
fishery,mix4,deterministic,0,0,none,0,0.0,0,0,1,0.25,0,32.08712973931122,0.0,13.740151411471427,1,20,274.80302822942855,0.8125,0.0,0.0,0.0,,
fishery,mix4,deterministic,0,0,local_optimistic,0,,37,222,1,0.25,4,32.08712973931122,0.0,13.740151411471427,1,20,274.80302822942855,0.8125,11.1,0.0,11.1,0.0,222.0
fishery,mix4,deterministic,0,0,local_bounded,0,,137,822,0,0.0,0,41.860337260919735,3.0512759580849,14.376954882231894,0,80,1150.1563905785517,0.0,10.275,0.0,10.275,0.0,822.0
fishery,mix4,deterministic,0,0,joint,0,,137,822,0,0.0,0,41.860337260919735,3.0512759580849,14.376954882231894,0,80,1150.1563905785517,0.0,10.275,0.0,0.0,0.0,0.0
fishery,mix4,deterministic,0,0,local_optimistic,3,,37,222,1,0.25,4,32.08712973931122,0.0,13.740151411471427,1,20,274.80302822942855,0.8125,11.1,3.0,11.1,60.0,222.0
fishery,mix4,deterministic,0,0,local_bounded,3,,137,822,0,0.0,0,41.860337260919735,3.0512759580849,14.376954882231894,0,80,1150.1563905785517,0.0,10.275,3.0,10.275,240.0,822.0
fishery,mix4,deterministic,0,0,joint,3,,180,1080,0,0.0,0,28.21108182699362,4.5931892330761,10.64953931355668,0,80,851.9631450845345,0.0,13.5,3.0,3.0,240.0,240.0
fishery,mix4,deterministic,0,0,local_optimistic,6,,36,216,1,0.25,4,32.08712973931122,0.0,13.740151411471427,1,20,274.80302822942855,0.8125,10.8,6.0,10.8,120.0,216.0
fishery,mix4,deterministic,0,0,local_bounded,6,,217,1302,0,0.0,0,23.001398854796168,6.292669249314256,8.950059297318523,0,80,716.004743785482,0.0,16.275,6.0,16.275,480.0,1302.0
fishery,mix4,deterministic,0,0,joint,6,,252,1512,0,0.0,0,18.396655528109505,6.2454400338668155,7.3424430657418895,0,80,587.3954452593513,0.0,18.9,6.0,6.0,480.0,480.0
fishery,mix4,deterministic,1,0,none,0,0.0,0,0,1,0.4166666666666667,0,23.81901542564269,0.0,13.378925136363668,1,12,160.547101636364,0.9125,0.0,0.0,0.0,,
fishery,mix4,deterministic,1,0,local_optimistic,0,,28,168,1,0.4166666666666667,4,23.81901542564269,0.0,13.378925136363668,1,12,160.547101636364,0.9125,14.0,0.0,14.0,0.0,168.0
fishery,mix4,deterministic,1,0,local_bounded,0,,184,1104,0,0.0,0,34.49558903006823,5.730328747688742,12.488169281332963,0,80,999.053542506637,0.0,13.8,0.0,13.8,0.0,1104.0
fishery,mix4,deterministic,1,0,joint,0,,184,1104,0,0.0,0,34.49558903006823,5.730328747688742,12.488169281332963,0,80,999.053542506637,0.0,13.8,0.0,0.0,0.0,0.0
fishery,mix4,deterministic,1,0,local_optimistic,3,,28,168,1,0.4166666666666667,4,23.81901542564269,0.0,13.378925136363668,1,12,160.547101636364,0.9125,14.0,3.0,14.0,36.0,168.0
fishery,mix4,deterministic,1,0,local_bounded,3,,184,1104,0,0.0,0,34.49558903006823,5.730328747688742,12.488169281332963,0,80,999.053542506637,0.0,13.8,3.0,13.8,240.0,1104.0
fishery,mix4,deterministic,1,0,joint,3,,206,1236,0,0.0,0,25.348961068417466,6.048742947418874,9.781002389235828,0,80,782.4801911388664,0.0,15.45,3.0,3.0,240.0,240.0
fishery,mix4,deterministic,1,0,local_optimistic,6,,28,168,1,0.4166666666666667,4,23.81901542564269,0.0,13.378925136363668,1,12,160.547101636364,0.9125,14.0,6.0,14.0,72.0,168.0
fishery,mix4,deterministic,1,0,local_bounded,6,,222,1332,0,0.0,0,22.811267124965514,6.815661328875819,9.014084007778884,0,80,721.1267206223107,0.0,16.65,6.0,16.65,480.0,1332.0
fishery,mix4,deterministic,1,0,joint,6,,277,1662,0,0.0,0,15.146360570669685,7.018870955322512,6.387062764966061,0,80,510.96502119728495,0.0,20.775,6.0,6.0,480.0,480.0
fishery,mix4,deterministic,2,0,none,0,0.0,0,0,1,0.3333333333333333,0,26.64376572640742,0.0,13.486314513977325,1,15,202.29471770965984,0.875,0.0,0.0,0.0,,
fishery,mix4,deterministic,2,0,local_optimistic,0,,41,246,1,0.3888888888888889,3,24.32191294475026,1.5680183287891027,11.789351938936077,2,18,212.2083349008494,0.8625,13.666666666666666,0.0,13.666666666666666,0.0,246.0
fishery,mix4,deterministic,2,0,local_bounded,0,,118,708,0,0.0,0,42.44853878039864,1.9099544249319664,14.502311839790991,0,80,1160.184947183279,0.0,8.85,0.0,8.85,0.0,708.0
fishery,mix4,deterministic,2,0,joint,0,,118,708,0,0.0,0,42.44853878039864,1.9099544249319664,14.502311839790991,0,80,1160.184947183279,0.0,8.85,0.0,0.0,0.0,0.0
fishery,mix4,deterministic,2,0,local_optimistic,3,,41,246,1,0.3888888888888889,3,24.32191294475026,1.5680183287891027,11.789351938936077,2,18,212.2083349008494,0.8625,13.666666666666666,3.0,13.666666666666666,54.0,246.0
fishery,mix4,deterministic,2,0,local_bounded,3,,118,708,0,0.0,0,42.44853878039864,1.9099544249319664,14.502311839790991,0,80,1160.184947183279,0.0,8.85,3.0,8.85,240.0,708.0
fishery,mix4,deterministic,2,0,joint,3,,165,990,0,0.0,0,28.62556549254622,3.7653461449309162,10.892067515168268,0,80,871.3654012134614,0.0,12.375,3.0,3.0,240.0,240.0
fishery,mix4,deterministic,2,0,local_optimistic,6,,29,174,1,0.3333333333333333,3,27.093422234949294,0.4975197348417267,13.438451287677475,1,15,201.5767693151621,0.875,11.6,6.0,11.6,90.0,174.0
fishery,mix4,deterministic,2,0,local_bounded,6,,215,1290,0,0.0,0,21.752423427563834,5.980255641949101,8.677158018150084,0,80,694.1726414520066,0.0,16.125,6.0,16.125,480.0,1290.0
fishery,mix4,deterministic,2,0,joint,6,,261,1566,0,0.0,0,15.821512810484046,6.4738079239247055,6.639441280893351,0,80,531.1553024714681,0.0,19.575,6.0,6.0,480.0,480.0
fishery,mix4,deterministic,3,0,none,0,0.0,0,0,1,0.38461538461538464,0,23.47770196134873,0.0,12.983703355839122,1,13,168.78814362590862,0.9,0.0,0.0,0.0,,
fishery,mix4,deterministic,3,0,local_optimistic,0,,29,174,1,0.38461538461538464,4,23.47770196134873,0.0,12.983703355839122,1,13,168.78814362590862,0.9,13.384615384615385,0.0,13.384615384615385,0.0,174.0
fishery,mix4,deterministic,3,0,local_bounded,0,,184,1104,0,0.0,0,34.51142212665096,5.927487903228283,12.550231338347274,0,80,1004.0185070677817,0.0,13.8,0.0,13.8,0.0,1104.0
fishery,mix4,deterministic,3,0,joint,0,,184,1104,0,0.0,0,34.51142212665096,5.927487903228283,12.550231338347274,0,80,1004.0185070677817,0.0,13.8,0.0,0.0,0.0,0.0
fishery,mix4,deterministic,3,0,local_optimistic,3,,29,174,1,0.38461538461538464,4,23.47770196134873,0.0,12.983703355839122,1,13,168.78814362590862,0.9,13.384615384615385,3.0,13.384615384615385,39.0,174.0
fishery,mix4,deterministic,3,0,local_bounded,3,,184,1104,0,0.0,0,34.51142212665096,5.927487903228283,12.550231338347274,0,80,1004.0185070677817,0.0,13.8,3.0,13.8,240.0,1104.0
fishery,mix4,deterministic,3,0,joint,3,,181,1086,0,0.0,0,27.532538244271013,4.534425814292416,10.540819233398995,0,80,843.2655386719197,0.0,13.575,3.0,3.0,240.0,240.0
fishery,mix4,deterministic,3,0,local_optimistic,6,,29,174,1,0.38461538461538464,4,23.47770196134873,0.0,12.983703355839122,1,13,168.78814362590862,0.9,13.384615384615385,6.0,13.384615384615385,78.0,174.0
fishery,mix4,deterministic,3,0,local_bounded,6,,191,1146,0,0.0,0,32.26190744457759,6.115146127778696,11.939958499001571,0,80,955.1966799201256,0.0,14.325,6.0,14.325,480.0,1146.0
fishery,mix4,deterministic,3,0,joint,6,,266,1596,0,0.0,0,15.084810094127903,6.704637728706819,6.3632864264527695,0,80,509.0629141162217,0.0,19.95,6.0,6.0,480.0,480.0
fishery,mix4,deterministic,4,0,none,0,0.0,0,0,1,0.29411764705882354,0,31.334556248427937,0.0,14.0991020921446,1,17,239.6847355664582,0.85,0.0,0.0,0.0,,
fishery,mix4,deterministic,4,0,local_optimistic,0,,33,198,1,0.29411764705882354,4,31.998695855862273,0.7353902933896894,14.027851406189242,1,17,238.47347390521713,0.85,11.647058823529411,0.0,11.647058823529411,0.0,198.0
fishery,mix4,deterministic,4,0,local_bounded,0,,136,816,0,0.0,0,41.811765968002035,2.972865210106889,14.312389343534651,0,80,1144.9911474827718,0.0,10.2,0.0,10.2,0.0,816.0
fishery,mix4,deterministic,4,0,joint,0,,136,816,0,0.0,0,41.811765968002035,2.972865210106889,14.312389343534651,0,80,1144.9911474827718,0.0,10.2,0.0,0.0,0.0,0.0
fishery,mix4,deterministic,4,0,local_optimistic,3,,33,198,1,0.29411764705882354,4,31.998695855862273,0.7353902933896894,14.027851406189242,1,17,238.47347390521713,0.85,11.647058823529411,3.0,11.647058823529411,51.0,198.0
fishery,mix4,deterministic,4,0,local_bounded,3,,136,816,0,0.0,0,41.811765968002035,2.972865210106889,14.312389343534651,0,80,1144.9911474827718,0.0,10.2,3.0,10.2,240.0,816.0
fishery,mix4,deterministic,4,0,joint,3,,206,1236,0,0.0,0,26.529126528331595,6.299668505008817,10.110783543215806,0,80,808.8626834572644,0.0,15.45,3.0,3.0,240.0,240.0
fishery,mix4,deterministic,4,0,local_optimistic,6,,33,198,1,0.29411764705882354,4,31.998695855862273,0.7353902933896894,14.027851406189242,1,17,238.47347390521713,0.85,11.647058823529411,6.0,11.647058823529411,102.0,198.0
fishery,mix4,deterministic,4,0,local_bounded,6,,221,1326,0,0.0,0,23.993067424346936,7.045102022929505,9.34628119034151,0,80,747.7024952273209,0.0,16.575,6.0,16.575,480.0,1326.0
fishery,mix4,deterministic,4,0,joint,6,,267,1602,0,0.0,0,17.363974525029725,6.506430081455886,7.0109526148237595,0,80,560.8762091859007,0.0,20.025,6.0,6.0,480.0,480.0
fishery,mix4,deterministic,5,0,none,0,0.0,0,0,1,0.38461538461538464,0,24.769274748707932,0.0,13.2546797972415,1,13,172.3108373641395,0.9,0.0,0.0,0.0,,
fishery,mix4,deterministic,5,0,local_optimistic,0,,30,180,1,0.38461538461538464,4,24.76934184851755,7.085783415223957e-05,13.254676039216966,1,13,172.31078850982053,0.9,13.846153846153847,0.0,13.846153846153847,0.0,180.0
fishery,mix4,deterministic,5,0,local_bounded,0,,176,1056,0,0.0,0,35.38620947995247,5.305331368202065,12.72635278489891,0,80,1018.1082227919128,0.0,13.2,0.0,13.2,0.0,1056.0
fishery,mix4,deterministic,5,0,joint,0,,176,1056,0,0.0,0,35.38620947995247,5.305331368202065,12.72635278489891,0,80,1018.1082227919128,0.0,13.2,0.0,0.0,0.0,0.0
fishery,mix4,deterministic,5,0,local_optimistic,3,,30,180,1,0.38461538461538464,4,24.76934184851755,7.085783415223957e-05,13.254676039216966,1,13,172.31078850982053,0.9,13.846153846153847,3.0,13.846153846153847,39.0,180.0
fishery,mix4,deterministic,5,0,local_bounded,3,,176,1056,0,0.0,0,35.38620947995247,5.305331368202065,12.72635278489891,0,80,1018.1082227919128,0.0,13.2,3.0,13.2,240.0,1056.0
fishery,mix4,deterministic,5,0,joint,3,,204,1224,0,0.0,0,25.430482725220475,5.885006112827606,9.855447468186224,0,80,788.435797454898,0.0,15.3,3.0,3.0,240.0,240.0
fishery,mix4,deterministic,5,0,local_optimistic,6,,29,174,1,0.38461538461538464,4,24.769274748707932,0.0,13.2546797972415,1,13,172.3108373641395,0.9,13.384615384615385,6.0,13.384615384615385,78.0,174.0
fishery,mix4,deterministic,5,0,local_bounded,6,,212,1272,0,0.0,0,23.99873282977311,6.276621078198246,9.435366987366766,0,80,754.8293589893414,0.0,15.9,6.0,15.9,480.0,1272.0
fishery,mix4,deterministic,5,0,joint,6,,272,1632,0,0.0,0,15.554480228244103,6.97260808268299,6.540953020260194,0,80,523.2762416208155,0.0,20.4,6.0,6.0,480.0,480.0
fishery,mix4,deterministic,6,0,none,0,0.0,0,0,1,0.45454545454545453,0,23.198644253090762,0.0,13.864462919356889,1,11,152.50909211292577,0.925,0.0,0.0,0.0,,
fishery,mix4,deterministic,6,0,local_optimistic,0,,46,276,1,0.5625,4,18.55621849256322,1.8023868720122525,10.336581953608931,2,16,165.38531125774293,0.9125,17.25,0.0,17.25,0.0,276.0
fishery,mix4,deterministic,6,0,local_bounded,0,,170,1020,0,0.0,0,35.00426499394496,4.797721989036121,12.680208493779139,0,80,1014.4166795023312,0.0,12.75,0.0,12.75,0.0,1020.0
fishery,mix4,deterministic,6,0,joint,0,,170,1020,0,0.0,0,35.00426499394496,4.797721989036121,12.680208493779139,0,80,1014.4166795023312,0.0,12.75,0.0,0.0,0.0,0.0
fishery,mix4,deterministic,6,0,local_optimistic,3,,46,276,1,0.5625,4,18.55621849256322,1.8023868720122525,10.336581953608931,2,16,165.38531125774293,0.9125,17.25,3.0,17.25,48.0,276.0
fishery,mix4,deterministic,6,0,local_bounded,3,,170,1020,0,0.0,0,35.00426499394496,4.797721989036121,12.680208493779139,0,80,1014.4166795023312,0.0,12.75,3.0,12.75,240.0,1020.0
fishery,mix4,deterministic,6,0,joint,3,,198,1188,0,0.0,0,25.645242589663837,5.394596209458085,9.922526356321793,0,80,793.8021085057435,0.0,14.85,3.0,3.0,240.0,240.0
fishery,mix4,deterministic,6,0,local_optimistic,6,,46,276,1,0.5625,6,17.35109260615014,0.8399033397053892,10.093939599502711,2,16,161.50303359204338,0.9125,17.25,6.0,17.25,96.0,276.0
fishery,mix4,deterministic,6,0,local_bounded,6,,174,1044,0,0.0,0,32.53484041308991,4.856406276605574,12.031971950577486,0,80,962.5577560461991,0.0,13.05,6.0,13.05,480.0,1044.0
fishery,mix4,deterministic,6,0,joint,6,,272,1632,0,0.0,0,14.624838530199645,6.875348957156197,6.232684156147785,0,80,498.6147324918229,0.0,20.4,6.0,6.0,480.0,480.0
fishery,mix4,deterministic,7,0,none,0,0.0,0,0,1,0.38461538461538464,0,26.797714875493302,0.0,14.073765665817708,1,13,182.9589536556302,0.9,0.0,0.0,0.0,,
fishery,mix4,deterministic,7,0,local_optimistic,0,,49,294,1,0.5,6,21.25449924860554,1.3542604836340766,10.710719891316868,2,18,192.79295804370363,0.8875,16.333333333333332,0.0,16.333333333333332,0.0,294.0
fishery,mix4,deterministic,7,0,local_bounded,0,,177,1062,0,0.0,0,35.462311242116925,5.267751636817396,12.767453048429681,0,80,1021.3962438743745,0.0,13.275,0.0,13.275,0.0,1062.0
fishery,mix4,deterministic,7,0,joint,0,,177,1062,0,0.0,0,35.462311242116925,5.267751636817396,12.767453048429681,0,80,1021.3962438743745,0.0,13.275,0.0,0.0,0.0,0.0
fishery,mix4,deterministic,7,0,local_optimistic,3,,49,294,1,0.5,6,21.25449924860554,1.3542604836340766,10.710719891316868,2,18,192.79295804370363,0.8875,16.333333333333332,3.0,16.333333333333332,54.0,294.0
fishery,mix4,deterministic,7,0,local_bounded,3,,177,1062,0,0.0,0,35.462311242116925,5.267751636817396,12.767453048429681,0,80,1021.3962438743745,0.0,13.275,3.0,13.275,240.0,1062.0
fishery,mix4,deterministic,7,0,joint,3,,197,1182,0,0.0,0,26.138653951546132,5.529983573820721,10.066812308528835,0,80,805.3449846823067,0.0,14.775,3.0,3.0,240.0,240.0
fishery,mix4,deterministic,7,0,local_optimistic,6,,26,156,1,0.38461538461538464,3,26.797714875493302,1.4351596834016024e-15,14.073765665817708,1,13,182.9589536556302,0.9,12.0,6.0,12.0,78.0,156.0
fishery,mix4,deterministic,7,0,local_bounded,6,,218,1308,0,0.0,0,23.08916555576294,6.548893748231023,9.10953168395998,0,80,728.7625347167985,0.0,16.35,6.0,16.35,480.0,1308.0
fishery,mix4,deterministic,7,0,joint,6,,271,1626,0,0.0,0,15.696070760995141,6.864851272821039,6.569215860129401,0,80,525.5372688103522,0.0,20.325,6.0,6.0,480.0,480.0
fishery,mix4,deterministic,8,0,none,0,0.0,0,0,1,0.35714285714285715,0,23.863277363767057,0.0,12.90465159107104,1,14,180.66512227499456,0.8875,0.0,0.0,0.0,,
fishery,mix4,deterministic,8,0,local_optimistic,0,,30,180,1,0.35714285714285715,4,23.863277363767057,0.0,12.90465159107104,1,14,180.66512227499456,0.8875,12.857142857142858,0.0,12.857142857142858,0.0,180.0
fishery,mix4,deterministic,8,0,local_bounded,0,,125,750,0,0.0,0,41.94339160186975,2.1637550033643445,14.405696121781855,0,80,1152.4556897425484,0.0,9.375,0.0,9.375,0.0,750.0
fishery,mix4,deterministic,8,0,joint,0,,125,750,0,0.0,0,41.94339160186975,2.1637550033643445,14.405696121781855,0,80,1152.4556897425484,0.0,9.375,0.0,0.0,0.0,0.0
fishery,mix4,deterministic,8,0,local_optimistic,3,,30,180,1,0.35714285714285715,4,23.863277363767057,0.0,12.90465159107104,1,14,180.66512227499456,0.8875,12.857142857142858,3.0,12.857142857142858,42.0,180.0
fishery,mix4,deterministic,8,0,local_bounded,3,,125,750,0,0.0,0,41.94339160186975,2.1637550033643445,14.405696121781855,0,80,1152.4556897425484,0.0,9.375,3.0,9.375,240.0,750.0
fishery,mix4,deterministic,8,0,joint,3,,182,1092,0,0.0,0,27.041039954208593,4.666790563805344,10.412480936613878,0,80,832.9984749291104,0.0,13.65,3.0,3.0,240.0,240.0
fishery,mix4,deterministic,8,0,local_optimistic,6,,30,180,1,0.35714285714285715,4,23.863277363767057,0.0,12.90465159107104,1,14,180.66512227499456,0.8875,12.857142857142858,6.0,12.857142857142858,84.0,180.0
fishery,mix4,deterministic,8,0,local_bounded,6,,218,1308,0,0.0,0,22.03004012159546,6.313893115736642,8.765378384682583,0,80,701.2302707746067,0.0,16.35,6.0,16.35,480.0,1308.0
fishery,mix4,deterministic,8,0,joint,6,,265,1590,0,0.0,0,15.681393277943803,6.8878412851646615,6.614994497438943,0,80,529.1995597951155,0.0,19.875,6.0,6.0,480.0,480.0
fishery,mix4,deterministic,9,0,none,0,0.0,0,0,1,0.38461538461538464,0,25.899272326850568,0.0,13.704506767379403,1,13,178.15858797593228,0.9,0.0,0.0,0.0,,
fishery,mix4,deterministic,9,0,local_optimistic,0,,26,156,1,0.38461538461538464,1,27.753580957411028,1.425423874255368,14.133391523684491,1,13,183.73408980789844,0.9,12.0,0.0,12.0,0.0,156.0
fishery,mix4,deterministic,9,0,local_bounded,0,,155,930,0,0.0,0,38.74226285081412,4.0861040388306,13.640054910341831,0,80,1091.2043928273467,0.0,11.625,0.0,11.625,0.0,930.0
fishery,mix4,deterministic,9,0,joint,0,,155,930,0,0.0,0,38.74226285081412,4.0861040388306,13.640054910341831,0,80,1091.2043928273467,0.0,11.625,0.0,0.0,0.0,0.0
fishery,mix4,deterministic,9,0,local_optimistic,3,,26,156,1,0.38461538461538464,1,27.753580957411028,1.425423874255368,14.133391523684491,1,13,183.73408980789844,0.9,12.0,3.0,12.0,39.0,156.0
fishery,mix4,deterministic,9,0,local_bounded,3,,155,930,0,0.0,0,38.74226285081412,4.0861040388306,13.640054910341831,0,80,1091.2043928273467,0.0,11.625,3.0,11.625,240.0,930.0
fishery,mix4,deterministic,9,0,joint,3,,192,1152,0,0.0,0,26.189604602967,5.075446608735328,10.04029520949626,0,80,803.2236167597009,0.0,14.4,3.0,3.0,240.0,240.0
fishery,mix4,deterministic,9,0,local_optimistic,6,,27,162,1,0.38461538461538464,3,27.006703980814606,0.9509374620952047,13.86100095924824,1,13,180.19301247022716,0.9,12.461538461538462,6.0,12.461538461538462,78.0,162.0
fishery,mix4,deterministic,9,0,local_bounded,6,,174,1044,0,0.0,0,30.636743959726136,4.589595115148525,11.451509031663285,0,80,916.1207225330627,0.0,13.05,6.0,13.05,480.0,1044.0
fishery,mix4,deterministic,9,0,joint,6,,265,1590,0,0.0,0,15.713450971015657,6.84287761460188,6.545968927804282,0,80,523.6775142243425,0.0,19.875,6.0,6.0,480.0,480.0
fishery,mix4,deterministic,10,0,none,0,0.0,0,0,1,0.25,0,29.0970676629751,0.0,13.114184620364293,1,20,262.28369240728586,0.8125,0.0,0.0,0.0,,
fishery,mix4,deterministic,10,0,local_optimistic,0,,36,216,1,0.25,4,29.0970676629751,0.0,13.114184620364293,1,20,262.28369240728586,0.8125,10.8,0.0,10.8,0.0,216.0
fishery,mix4,deterministic,10,0,local_bounded,0,,110,660,0,0.0,0,43.595379449710734,1.368160730468576,14.726618718081024,0,80,1178.129497446482,0.0,8.25,0.0,8.25,0.0,660.0
fishery,mix4,deterministic,10,0,joint,0,,110,660,0,0.0,0,43.595379449710734,1.368160730468576,14.726618718081024,0,80,1178.129497446482,0.0,8.25,0.0,0.0,0.0,0.0
fishery,mix4,deterministic,10,0,local_optimistic,3,,36,216,1,0.25,4,29.0970676629751,0.0,13.114184620364293,1,20,262.28369240728586,0.8125,10.8,3.0,10.8,60.0,216.0
fishery,mix4,deterministic,10,0,local_bounded,3,,110,660,0,0.0,0,43.595379449710734,1.368160730468576,14.726618718081024,0,80,1178.129497446482,0.0,8.25,3.0,8.25,240.0,660.0
fishery,mix4,deterministic,10,0,joint,3,,156,936,0,0.0,0,29.435298172685272,3.2808007165814894,11.049841229350232,0,80,883.9872983480184,0.0,11.7,3.0,3.0,240.0,240.0
fishery,mix4,deterministic,10,0,local_optimistic,6,,36,216,1,0.25,4,29.0970676629751,0.0,13.114184620364293,1,20,262.28369240728586,0.8125,10.8,6.0,10.8,120.0,216.0
fishery,mix4,deterministic,10,0,local_bounded,6,,199,1194,0,0.0,0,23.520737428964793,5.137043227278911,9.19359871865281,0,80,735.4878974922248,0.0,14.925,6.0,14.925,480.0,1194.0
fishery,mix4,deterministic,10,0,joint,6,,245,1470,0,0.0,0,17.683379243059175,6.1630875858562275,7.207850916511381,0,80,576.6280733209105,0.0,18.375,6.0,6.0,480.0,480.0
fishery,mix4,deterministic,11,0,none,0,0.0,0,0,1,0.4166666666666667,0,23.531771570341892,0.0,13.275057376890876,1,12,159.3006885226905,0.9125,0.0,0.0,0.0,,
fishery,mix4,deterministic,11,0,local_optimistic,0,,29,174,1,0.4166666666666667,4,23.80913506337292,0.29298141874456635,13.259439451177334,1,12,159.113273414128,0.9125,14.5,0.0,14.5,0.0,174.0
fishery,mix4,deterministic,11,0,local_bounded,0,,195,1170,0,0.0,0,33.881566288469344,6.590769945090332,12.363928615856366,0,80,989.1142892685092,0.0,14.625,0.0,14.625,0.0,1170.0
fishery,mix4,deterministic,11,0,joint,0,,195,1170,0,0.0,0,33.881566288469344,6.590769945090332,12.363928615856366,0,80,989.1142892685092,0.0,14.625,0.0,0.0,0.0,0.0
fishery,mix4,deterministic,11,0,local_optimistic,3,,29,174,1,0.4166666666666667,4,23.80913506337292,0.29298141874456635,13.259439451177334,1,12,159.113273414128,0.9125,14.5,3.0,14.5,36.0,174.0
fishery,mix4,deterministic,11,0,local_bounded,3,,195,1170,0,0.0,0,33.881566288469344,6.590769945090332,12.363928615856366,0,80,989.1142892685092,0.0,14.625,3.0,14.625,240.0,1170.0
fishery,mix4,deterministic,11,0,joint,3,,201,1206,0,0.0,0,26.058612576534177,5.759657903630378,10.060480602595344,0,80,804.8384482076276,0.0,15.075,3.0,3.0,240.0,240.0
fishery,mix4,deterministic,11,0,local_optimistic,6,,28,168,1,0.4166666666666667,4,23.531771570341892,0.0,13.275057376890876,1,12,159.3006885226905,0.9125,14.0,6.0,14.0,72.0,168.0
fishery,mix4,deterministic,11,0,local_bounded,6,,215,1290,0,0.0,0,23.50077248520015,6.39688599387754,9.264363737574296,0,80,741.1490990059438,0.0,16.125,6.0,16.125,480.0,1290.0
fishery,mix4,deterministic,11,0,joint,6,,276,1656,0,0.0,0,15.05672540375495,6.996951390623252,6.380141760832662,0,80,510.41134086661293,0.0,20.7,6.0,6.0,480.0,480.0
fishery,mix4,deterministic,12,0,none,0,0.0,0,0,1,0.38461538461538464,0,25.451097740602204,0.0,13.419589160409242,1,13,174.45465908532015,0.9,0.0,0.0,0.0,,
fishery,mix4,deterministic,12,0,local_optimistic,0,,30,180,1,0.38461538461538464,4,25.9243721311176,0.5000465154944063,13.392817035430236,1,13,174.10662146059303,0.9,13.846153846153847,0.0,13.846153846153847,0.0,180.0
fishery,mix4,deterministic,12,0,local_bounded,0,,205,1230,0,0.0,0,32.759858298036264,7.469815366900576,12.019716665174196,0,80,961.5773332139356,0.0,15.375,0.0,15.375,0.0,1230.0
fishery,mix4,deterministic,12,0,joint,0,,205,1230,0,0.0,0,32.759858298036264,7.469815366900576,12.019716665174196,0,80,961.5773332139356,0.0,15.375,0.0,0.0,0.0,0.0
fishery,mix4,deterministic,12,0,local_optimistic,3,,30,180,1,0.38461538461538464,4,25.9243721311176,0.5000465154944063,13.392817035430236,1,13,174.10662146059303,0.9,13.846153846153847,3.0,13.846153846153847,39.0,180.0
fishery,mix4,deterministic,12,0,local_bounded,3,,205,1230,0,0.0,0,32.759858298036264,7.469815366900576,12.019716665174196,0,80,961.5773332139356,0.0,15.375,3.0,15.375,240.0,1230.0
fishery,mix4,deterministic,12,0,joint,3,,197,1182,0,0.0,0,26.339046776241513,5.427247205002268,10.11985751294613,0,80,809.5886010356903,0.0,14.775,3.0,3.0,240.0,240.0
fishery,mix4,deterministic,12,0,local_optimistic,6,,29,174,1,0.38461538461538464,4,25.451097740602204,0.0,13.419589160409242,1,13,174.45465908532015,0.9,13.384615384615385,6.0,13.384615384615385,78.0,174.0
fishery,mix4,deterministic,12,0,local_bounded,6,,203,1218,0,0.0,0,31.294680195225613,6.882650821056336,11.59611047989775,0,80,927.68883839182,0.0,15.225,6.0,15.225,480.0,1218.0
fishery,mix4,deterministic,12,0,joint,6,,268,1608,0,0.0,0,15.618065838331583,6.900082272196551,6.508893380165699,0,80,520.7114704132559,0.0,20.1,6.0,6.0,480.0,480.0
fishery,mix4,deterministic,13,0,none,0,0.0,0,0,1,0.4166666666666667,0,21.932697209511236,0.0,12.967703353129304,1,12,155.61244023755165,0.9125,0.0,0.0,0.0,,
fishery,mix4,deterministic,13,0,local_optimistic,0,,29,174,1,0.4166666666666667,4,22.87346904913821,0.9944399109723528,12.914035281783933,1,12,154.9684233814072,0.9125,14.5,0.0,14.5,0.0,174.0
fishery,mix4,deterministic,13,0,local_bounded,0,,179,1074,0,0.0,0,34.90594753970653,5.529128884368946,12.648313678280918,0,80,1011.8650942624733,0.0,13.425,0.0,13.425,0.0,1074.0
fishery,mix4,deterministic,13,0,joint,0,,179,1074,0,0.0,0,34.90594753970653,5.529128884368946,12.648313678280918,0,80,1011.8650942624733,0.0,13.425,0.0,0.0,0.0,0.0
fishery,mix4,deterministic,13,0,local_optimistic,3,,29,174,1,0.4166666666666667,4,22.87346904913821,0.9944399109723528,12.914035281783933,1,12,154.9684233814072,0.9125,14.5,3.0,14.5,36.0,174.0
fishery,mix4,deterministic,13,0,local_bounded,3,,179,1074,0,0.0,0,34.90594753970653,5.529128884368946,12.648313678280918,0,80,1011.8650942624733,0.0,13.425,3.0,13.425,240.0,1074.0
fishery,mix4,deterministic,13,0,joint,3,,197,1182,0,0.0,0,26.19639631423771,5.521436882528334,10.112919608876078,0,80,809.0335687100861,0.0,14.775,3.0,3.0,240.0,240.0
fishery,mix4,deterministic,13,0,local_optimistic,6,,28,168,1,0.4166666666666667,4,21.932697209511236,0.0,12.967703353129304,1,12,155.61244023755165,0.9125,14.0,6.0,14.0,72.0,168.0
fishery,mix4,deterministic,13,0,local_bounded,6,,187,1122,0,0.0,0,32.84735822035201,5.901136793108117,12.106418623619598,0,80,968.5134898895678,0.0,14.025,6.0,14.025,480.0,1122.0
fishery,mix4,deterministic,13,0,joint,6,,273,1638,0,0.0,0,15.112776742574889,7.118755251748692,6.401382753574024,0,80,512.1106202859219,0.0,20.475,6.0,6.0,480.0,480.0
fishery,mix4,deterministic,14,0,none,0,0.0,0,0,1,0.23809523809523808,0,31.94458374008038,0.0,13.873020635280264,1,21,291.33343334088556,0.8,0.0,0.0,0.0,,
fishery,mix4,deterministic,14,0,local_optimistic,0,,48,288,1,0.2916666666666667,4,29.089570178620388,0.8557616065821395,12.421190855338148,2,24,298.1085805281156,0.7875,12.0,0.0,12.0,0.0,288.0
fishery,mix4,deterministic,14,0,local_bounded,0,,102,612,0,0.0,0,44.052506507745136,1.0005194827793695,14.830130133714889,0,80,1186.410410697191,0.0,7.65,0.0,7.65,0.0,612.0
fishery,mix4,deterministic,14,0,joint,0,,102,612,0,0.0,0,44.052506507745136,1.0005194827793695,14.830130133714889,0,80,1186.410410697191,0.0,7.65,0.0,0.0,0.0,0.0
fishery,mix4,deterministic,14,0,local_optimistic,3,,48,288,1,0.2916666666666667,4,29.089570178620388,0.8557616065821395,12.421190855338148,2,24,298.1085805281156,0.7875,12.0,3.0,12.0,72.0,288.0
fishery,mix4,deterministic,14,0,local_bounded,3,,102,612,0,0.0,0,44.052506507745136,1.0005194827793695,14.830130133714889,0,80,1186.410410697191,0.0,7.65,3.0,7.65,240.0,612.0
fishery,mix4,deterministic,14,0,joint,3,,169,1014,0,0.0,0,29.066638297441294,4.0475560894256315,10.957384427597797,0,80,876.5907542078238,0.0,12.675,3.0,3.0,240.0,240.0
fishery,mix4,deterministic,14,0,local_optimistic,6,,47,282,1,0.2916666666666667,4,28.715760134327088,0.46070810561433406,12.442434312012656,2,24,298.61842348830373,0.7875,11.75,6.0,11.75,144.0,282.0
fishery,mix4,deterministic,14,0,local_bounded,6,,196,1176,0,0.0,0,25.11312500806034,5.275466363745767,9.729474153277664,0,80,778.357932262213,0.0,14.7,6.0,14.7,480.0,1176.0
fishery,mix4,deterministic,14,0,joint,6,,246,1476,0,0.0,0,18.475372913775345,6.044927025331178,7.4555662378700065,0,80,596.4452990296004,0.0,18.45,6.0,6.0,480.0,480.0
fishery,mix4,deterministic,15,0,none,0,0.0,0,0,1,0.3333333333333333,0,26.785904386938533,0.0,13.335025065994124,1,15,200.02537598991185,0.875,0.0,0.0,0.0,,
fishery,mix4,deterministic,15,0,local_optimistic,0,,31,186,1,0.3333333333333333,4,27.442164503194217,0.7264891106032894,13.264796071646519,1,15,198.97194107469775,0.875,12.4,0.0,12.4,0.0,186.0
fishery,mix4,deterministic,15,0,local_bounded,0,,124,744,0,0.0,0,42.238813382504475,2.2522956989623846,14.460237628062899,0,80,1156.819010245032,0.0,9.3,0.0,9.3,0.0,744.0
fishery,mix4,deterministic,15,0,joint,0,,124,744,0,0.0,0,42.238813382504475,2.2522956989623846,14.460237628062899,0,80,1156.819010245032,0.0,9.3,0.0,0.0,0.0,0.0
fishery,mix4,deterministic,15,0,local_optimistic,3,,31,186,1,0.3333333333333333,4,27.442164503194217,0.7264891106032894,13.264796071646519,1,15,198.97194107469775,0.875,12.4,3.0,12.4,45.0,186.0
fishery,mix4,deterministic,15,0,local_bounded,3,,124,744,0,0.0,0,42.238813382504475,2.2522956989623846,14.460237628062899,0,80,1156.819010245032,0.0,9.3,3.0,9.3,240.0,744.0
fishery,mix4,deterministic,15,0,joint,3,,180,1080,0,0.0,0,27.400026205888842,4.510432570878957,10.425510588180686,0,80,834.040847054455,0.0,13.5,3.0,3.0,240.0,240.0
fishery,mix4,deterministic,15,0,local_optimistic,6,,31,186,1,0.3333333333333333,4,27.442164503194217,0.7264891106032894,13.264796071646519,1,15,198.97194107469775,0.875,12.4,6.0,12.4,90.0,186.0
fishery,mix4,deterministic,15,0,local_bounded,6,,190,1140,0,0.0,0,25.749831402228068,4.9614758279668525,9.97446733109279,0,80,797.9573864874233,0.0,14.25,6.0,14.25,480.0,1140.0
fishery,mix4,deterministic,15,0,joint,6,,265,1590,0,0.0,0,15.865271176012437,6.520980273414581,6.591642902933574,0,80,527.3314322346858,0.0,19.875,6.0,6.0,480.0,480.0
fishery,mix4,deterministic,16,0,none,0,0.0,0,0,0,0.0,0,54.70472677195785,0.0,16.70343236974548,0,80,1336.2745895796388,0.0,0.0,0.0,0.0,,
fishery,mix4,deterministic,16,0,local_optimistic,0,,80,480,0,0.0,0,54.70472677195785,0.0,16.70343236974548,0,80,1336.2745895796388,0.0,6.0,0.0,6.0,0.0,480.0
fishery,mix4,deterministic,16,0,local_bounded,0,,80,480,0,0.0,0,54.70472677195785,0.0,16.70343236974548,0,80,1336.2745895796388,0.0,6.0,0.0,6.0,0.0,480.0
fishery,mix4,deterministic,16,0,joint,0,,80,480,0,0.0,0,54.70472677195785,0.0,16.70343236974548,0,80,1336.2745895796388,0.0,6.0,0.0,0.0,0.0,0.0
fishery,mix4,deterministic,16,0,local_optimistic,3,,80,480,0,0.0,0,54.70472677195785,0.0,16.70343236974548,0,80,1336.2745895796388,0.0,6.0,3.0,6.0,240.0,480.0
fishery,mix4,deterministic,16,0,local_bounded,3,,80,480,0,0.0,0,54.70472677195785,0.0,16.70343236974548,0,80,1336.2745895796388,0.0,6.0,3.0,6.0,240.0,480.0
fishery,mix4,deterministic,16,0,joint,3,,80,480,0,0.0,0,54.70472677195785,0.0,16.70343236974548,0,80,1336.2745895796388,0.0,6.0,3.0,3.0,240.0,240.0
fishery,mix4,deterministic,16,0,local_optimistic,6,,80,480,0,0.0,0,54.70472677195785,0.0,16.70343236974548,0,80,1336.2745895796388,0.0,6.0,6.0,6.0,480.0,480.0
fishery,mix4,deterministic,16,0,local_bounded,6,,80,480,0,0.0,0,54.70472677195785,0.0,16.70343236974548,0,80,1336.2745895796388,0.0,6.0,6.0,6.0,480.0,480.0
fishery,mix4,deterministic,16,0,joint,6,,80,480,0,0.0,0,54.70472677195785,0.0,16.70343236974548,0,80,1336.2745895796388,0.0,6.0,6.0,6.0,480.0,480.0
fishery,mix4,deterministic,17,0,none,0,0.0,0,0,1,0.38461538461538464,0,25.109325131933776,0.0,13.623918106095651,1,13,177.11093537924347,0.9,0.0,0.0,0.0,,
fishery,mix4,deterministic,17,0,local_optimistic,0,,49,294,1,0.4444444444444444,5,20.115115651578844,1.2624944964075577,10.557604969843753,3,18,190.03688945718756,0.875,16.333333333333332,0.0,16.333333333333332,0.0,294.0
fishery,mix4,deterministic,17,0,local_bounded,0,,131,786,0,0.0,0,41.801193549077574,2.6625876397160084,14.33931650235613,0,80,1147.1453201884904,0.0,9.825,0.0,9.825,0.0,786.0
fishery,mix4,deterministic,17,0,joint,0,,131,786,0,0.0,0,41.801193549077574,2.6625876397160084,14.33931650235613,0,80,1147.1453201884904,0.0,9.825,0.0,0.0,0.0,0.0
fishery,mix4,deterministic,17,0,local_optimistic,3,,49,294,1,0.4444444444444444,5,20.115115651578844,1.2624944964075577,10.557604969843753,3,18,190.03688945718756,0.875,16.333333333333332,3.0,16.333333333333332,54.0,294.0
fishery,mix4,deterministic,17,0,local_bounded,3,,131,786,0,0.0,0,41.801193549077574,2.6625876397160084,14.33931650235613,0,80,1147.1453201884904,0.0,9.825,3.0,9.825,240.0,786.0
fishery,mix4,deterministic,17,0,joint,3,,200,1200,0,0.0,0,25.77016368862752,5.710899294688169,9.950200762986963,0,80,796.0160610389572,0.0,15.0,3.0,3.0,240.0,240.0
fishery,mix4,deterministic,17,0,local_optimistic,6,,35,210,1,0.4,4,22.434830320234557,0.4063238892372128,12.074487008604304,2,15,181.11730512906456,0.8875,14.0,6.0,14.0,90.0,210.0
fishery,mix4,deterministic,17,0,local_bounded,6,,208,1248,0,0.0,0,25.045200199421355,6.179771368030517,9.742040594944033,0,80,779.3632475955228,0.0,15.6,6.0,15.6,480.0,1248.0
fishery,mix4,deterministic,17,0,joint,6,,269,1614,0,0.0,0,15.875007288451528,7.136946528957855,6.655143911927854,0,80,532.4115129542284,0.0,20.175,6.0,6.0,480.0,480.0
fishery,mix4,deterministic,18,0,none,0,0.0,0,0,1,0.12195121951219512,0,40.531670315530825,0.0,14.596793002077487,1,41,598.4685130851769,0.55,0.0,0.0,0.0,,
fishery,mix4,deterministic,18,0,local_optimistic,0,,58,348,1,0.12195121951219512,4,40.531670315530825,-4.332577657073782e-17,14.596793002077487,1,41,598.4685130851769,0.55,8.487804878048781,0.0,8.487804878048781,0.0,348.0
fishery,mix4,deterministic,18,0,local_bounded,0,,87,522,0,0.0,0,46.064756569389814,0.3287949903395901,15.27816027178614,0,80,1222.2528217428915,0.0,6.525,0.0,6.525,0.0,522.0
fishery,mix4,deterministic,18,0,joint,0,,87,522,0,0.0,0,46.064756569389814,0.3287949903395901,15.27816027178614,0,80,1222.2528217428915,0.0,6.525,0.0,0.0,0.0,0.0
fishery,mix4,deterministic,18,0,local_optimistic,3,,58,348,1,0.12195121951219512,4,40.531670315530825,-4.332577657073782e-17,14.596793002077487,1,41,598.4685130851769,0.55,8.487804878048781,3.0,8.487804878048781,123.0,348.0
fishery,mix4,deterministic,18,0,local_bounded,3,,87,522,0,0.0,0,46.064756569389814,0.3287949903395901,15.27816027178614,0,80,1222.2528217428915,0.0,6.525,3.0,6.525,240.0,522.0
fishery,mix4,deterministic,18,0,joint,3,,150,900,0,0.0,0,34.72873759181406,3.2879499033959005,12.319005358729832,0,80,985.5204286983866,0.0,11.25,3.0,3.0,240.0,240.0
fishery,mix4,deterministic,18,0,local_optimistic,6,,57,342,1,0.12195121951219512,4,40.531670315530825,0.0,14.596793002077487,1,41,598.4685130851769,0.55,8.341463414634147,6.0,8.341463414634147,246.0,342.0
fishery,mix4,deterministic,18,0,local_bounded,6,,165,990,0,0.0,0,32.262588739973275,3.992510596980736,11.614444665144996,0,80,929.1555732115997,0.0,12.375,6.0,12.375,480.0,990.0
fishery,mix4,deterministic,18,0,joint,6,,198,1188,0,0.0,0,27.785909760777667,4.253740394376715,10.064411139258358,0,80,805.1528911406687,0.0,14.85,6.0,6.0,480.0,480.0
fishery,mix4,deterministic,19,0,none,0,0.0,0,0,1,0.38461538461538464,0,24.789561514309323,0.0,13.347090555382609,1,13,173.51217721997395,0.9,0.0,0.0,0.0,,
fishery,mix4,deterministic,19,0,local_optimistic,0,,27,162,1,0.38461538461538464,2,26.457614241006176,1.366308021886316,13.648835260193149,1,13,177.43485838251095,0.9,12.461538461538462,0.0,12.461538461538462,0.0,162.0
fishery,mix4,deterministic,19,0,local_bounded,0,,165,990,0,0.0,0,35.92956605669413,4.547421617261567,12.912160339728462,0,80,1032.972827178277,0.0,12.375,0.0,12.375,0.0,990.0
fishery,mix4,deterministic,19,0,joint,0,,165,990,0,0.0,0,35.92956605669413,4.547421617261567,12.912160339728462,0,80,1032.972827178277,0.0,12.375,0.0,0.0,0.0,0.0
fishery,mix4,deterministic,19,0,local_optimistic,3,,27,162,1,0.38461538461538464,2,26.457614241006176,1.366308021886316,13.648835260193149,1,13,177.43485838251095,0.9,12.461538461538462,3.0,12.461538461538462,39.0,162.0
fishery,mix4,deterministic,19,0,local_bounded,3,,165,990,0,0.0,0,35.92956605669413,4.547421617261567,12.912160339728462,0,80,1032.972827178277,0.0,12.375,3.0,12.375,240.0,990.0
fishery,mix4,deterministic,19,0,joint,3,,171,1026,0,0.0,0,27.893022118590086,3.961662014051187,10.571087758937807,0,80,845.6870207150247,0.0,12.825,3.0,3.0,240.0,240.0
fishery,mix4,deterministic,19,0,local_optimistic,6,,27,162,1,0.38461538461538464,3,26.016445430510707,0.9251392113908437,13.648835260193149,1,13,177.43485838251095,0.9,12.461538461538462,6.0,12.461538461538462,78.0,162.0
fishery,mix4,deterministic,19,0,local_bounded,6,,222,1332,0,0.0,0,20.68799428902666,6.150730843010766,8.282036560918762,0,80,662.5629248735011,0.0,16.65,6.0,16.65,480.0,1332.0
fishery,mix4,deterministic,19,0,joint,6,,265,1590,0,0.0,0,15.198077275869613,6.664220148278693,6.419491305640854,0,80,513.5593044512684,0.0,19.875,6.0,6.0,480.0,480.0
fishery,mix4,deterministic,20,0,none,0,0.0,0,0,1,0.4166666666666667,0,25.325899923180376,0.0,13.834137809266513,1,12,166.00965371119815,0.9125,0.0,0.0,0.0,,
fishery,mix4,deterministic,20,0,local_optimistic,0,,45,270,1,0.5,6,20.30148899541054,0.784640202864991,10.898027207110148,2,16,174.36843531376238,0.9,16.875,0.0,16.875,0.0,270.0
fishery,mix4,deterministic,20,0,local_bounded,0,,194,1164,0,0.0,0,34.085741053096456,6.751222190621313,12.43294153335327,0,80,994.6353226682617,0.0,14.55,0.0,14.55,0.0,1164.0
fishery,mix4,deterministic,20,0,joint,0,,194,1164,0,0.0,0,34.085741053096456,6.751222190621313,12.43294153335327,0,80,994.6353226682617,0.0,14.55,0.0,0.0,0.0,0.0
fishery,mix4,deterministic,20,0,local_optimistic,3,,45,270,1,0.5,6,20.30148899541054,0.784640202864991,10.898027207110148,2,16,174.36843531376238,0.9,16.875,3.0,16.875,48.0,270.0
fishery,mix4,deterministic,20,0,local_bounded,3,,194,1164,0,0.0,0,34.085741053096456,6.751222190621313,12.43294153335327,0,80,994.6353226682617,0.0,14.55,3.0,14.55,240.0,1164.0
fishery,mix4,deterministic,20,0,joint,3,,212,1272,0,0.0,0,25.96404692660583,6.667351763126732,10.0118641384829,0,80,800.949131078632,0.0,15.9,3.0,3.0,240.0,240.0
fishery,mix4,deterministic,20,0,local_optimistic,6,,44,264,1,0.5,6,20.30148899541054,0.784640202864991,10.898027207110148,2,16,174.36843531376238,0.9,16.5,6.0,16.5,96.0,264.0
fishery,mix4,deterministic,20,0,local_bounded,6,,239,1434,0,0.0,0,21.221727392999078,7.932014409616431,8.497850327683883,0,80,679.8280262147107,0.0,17.925,6.0,17.925,480.0,1434.0
fishery,mix4,deterministic,20,0,joint,6,,278,1668,0,0.0,0,15.574331467040873,7.155136757163035,6.533362304822674,0,80,522.668984385814,0.0,20.85,6.0,6.0,480.0,480.0
fishery,mix4,deterministic,21,0,none,0,0.0,0,0,1,0.38461538461538464,0,25.01845921922703,0.0,13.491484531485968,1,13,175.3892989093176,0.9,0.0,0.0,0.0,,
fishery,mix4,deterministic,21,0,local_optimistic,0,,26,156,1,0.38461538461538464,1,26.876508092103784,1.4312859657646442,13.91824743859807,1,13,180.93721670177496,0.9,12.0,0.0,12.0,0.0,156.0
fishery,mix4,deterministic,21,0,local_bounded,0,,147,882,0,0.0,0,40.89156828785993,3.6301522430646687,14.121831606183969,0,80,1129.7465284947175,0.0,11.025,0.0,11.025,0.0,882.0
fishery,mix4,deterministic,21,0,joint,0,,147,882,0,0.0,0,40.89156828785993,3.6301522430646687,14.121831606183969,0,80,1129.7465284947175,0.0,11.025,0.0,0.0,0.0,0.0
fishery,mix4,deterministic,21,0,local_optimistic,3,,26,156,1,0.38461538461538464,1,26.876508092103784,1.4312859657646442,13.91824743859807,1,13,180.93721670177496,0.9,12.0,3.0,12.0,39.0,156.0
fishery,mix4,deterministic,21,0,local_bounded,3,,147,882,0,0.0,0,40.89156828785993,3.6301522430646687,14.121831606183969,0,80,1129.7465284947175,0.0,11.025,3.0,11.025,240.0,882.0
fishery,mix4,deterministic,21,0,joint,3,,191,1146,0,0.0,0,26.221665801158785,5.029766707756843,10.116985581679202,0,80,809.3588465343362,0.0,14.325,3.0,3.0,240.0,240.0
fishery,mix4,deterministic,21,0,local_optimistic,6,,27,162,1,0.38461538461538464,3,26.13182741737682,0.9582655763038558,13.6465871533319,1,13,177.40563299331473,0.9,12.461538461538462,6.0,12.461538461538462,78.0,162.0
fishery,mix4,deterministic,21,0,local_bounded,6,,198,1188,0,0.0,0,24.221113867059916,5.2090859699788465,9.457317014759916,0,80,756.5853611807933,0.0,14.85,6.0,14.85,480.0,1188.0
fishery,mix4,deterministic,21,0,joint,6,,263,1578,0,0.0,0,15.732198147338124,6.876973808243451,6.587905251635975,0,80,527.032420130878,0.0,19.725,6.0,6.0,480.0,480.0
fishery,mix4,deterministic,22,0,none,0,0.0,0,0,1,0.4166666666666667,0,21.819430972810352,0.0,12.947288078968116,1,12,155.3674569476174,0.9125,0.0,0.0,0.0,,
fishery,mix4,deterministic,22,0,local_optimistic,0,,29,174,1,0.4166666666666667,4,21.819430972810352,-1.4802973661668753e-16,12.947288078968116,1,12,155.3674569476174,0.9125,14.5,0.0,14.5,0.0,174.0
fishery,mix4,deterministic,22,0,local_bounded,0,,177,1062,0,0.0,0,35.18461522973981,5.26247291322837,12.716466422965581,0,80,1017.3173138372466,0.0,13.275,0.0,13.275,0.0,1062.0
fishery,mix4,deterministic,22,0,joint,0,,177,1062,0,0.0,0,35.18461522973981,5.26247291322837,12.716466422965581,0,80,1017.3173138372466,0.0,13.275,0.0,0.0,0.0,0.0
fishery,mix4,deterministic,22,0,local_optimistic,3,,29,174,1,0.4166666666666667,4,21.819430972810352,-1.4802973661668753e-16,12.947288078968116,1,12,155.3674569476174,0.9125,14.5,3.0,14.5,36.0,174.0
fishery,mix4,deterministic,22,0,local_bounded,3,,177,1062,0,0.0,0,35.18461522973981,5.26247291322837,12.716466422965581,0,80,1017.3173138372466,0.0,13.275,3.0,13.275,240.0,1062.0
fishery,mix4,deterministic,22,0,joint,3,,216,1296,0,0.0,0,24.32888822206459,6.718794972912444,9.501960844422573,0,80,760.1568675538058,0.0,16.2,3.0,3.0,240.0,240.0
fishery,mix4,deterministic,22,0,local_optimistic,6,,28,168,1,0.4166666666666667,4,21.819430972810352,2.6430857502646176e-15,12.947288078968116,1,12,155.3674569476174,0.9125,14.0,6.0,14.0,72.0,168.0
fishery,mix4,deterministic,22,0,local_bounded,6,,236,1416,0,0.0,0,21.428592101155477,7.730688834468561,8.575593409955266,0,80,686.0474727964214,0.0,17.7,6.0,17.7,480.0,1416.0
fishery,mix4,deterministic,22,0,joint,6,,282,1692,0,0.0,0,14.579760968679134,6.863238792324398,6.241369166391532,0,80,499.3095333113227,0.0,21.15,6.0,6.0,480.0,480.0
fishery,mix4,deterministic,23,0,none,0,0.0,0,0,1,0.38461538461538464,0,24.653911450780843,0.0,13.29382310386455,1,13,172.81970035023915,0.9,0.0,0.0,0.0,,
fishery,mix4,deterministic,23,0,local_optimistic,0,,29,174,1,0.38461538461538464,4,25.55811169083942,1.001283594440086,13.19673974948304,1,13,171.5576167432795,0.9,13.384615384615385,0.0,13.384615384615385,0.0,174.0
fishery,mix4,deterministic,23,0,local_bounded,0,,155,930,0,0.0,0,36.70203391021708,3.9073888138393427,13.105662536965351,0,80,1048.4530029572281,0.0,11.625,0.0,11.625,0.0,930.0
fishery,mix4,deterministic,23,0,joint,0,,155,930,0,0.0,0,36.70203391021708,3.9073888138393427,13.105662536965351,0,80,1048.4530029572281,0.0,11.625,0.0,0.0,0.0,0.0
fishery,mix4,deterministic,23,0,local_optimistic,3,,29,174,1,0.38461538461538464,4,25.55811169083942,1.001283594440086,13.19673974948304,1,13,171.5576167432795,0.9,13.384615384615385,3.0,13.384615384615385,39.0,174.0
fishery,mix4,deterministic,23,0,local_bounded,3,,155,930,0,0.0,0,36.70203391021708,3.9073888138393427,13.105662536965351,0,80,1048.4530029572281,0.0,11.625,3.0,11.625,240.0,930.0
fishery,mix4,deterministic,23,0,joint,3,,174,1044,0,0.0,0,27.441148299694067,4.119594214343281,10.495017819305888,0,80,839.601425544471,0.0,13.05,3.0,3.0,240.0,240.0
fishery,mix4,deterministic,23,0,local_optimistic,6,,29,174,1,0.38461538461538464,4,25.55811169083942,1.001283594440086,13.19673974948304,1,13,171.5576167432795,0.9,13.384615384615385,6.0,13.384615384615385,78.0,174.0
fishery,mix4,deterministic,23,0,local_bounded,6,,212,1272,0,0.0,0,22.259447103187004,5.787735524498887,8.832629540308478,0,80,706.6103632246783,0.0,15.9,6.0,15.9,480.0,1272.0
fishery,mix4,deterministic,23,0,joint,6,,265,1590,0,0.0,0,15.443195537031931,6.762792479717497,6.457679646991863,0,80,516.6143717593491,0.0,19.875,6.0,6.0,480.0,480.0
fishery,mix4,deterministic,24,0,none,0,0.0,0,0,1,0.3333333333333333,0,26.037632078005583,0.0,13.104585035409896,1,15,196.56877553114845,0.875,0.0,0.0,0.0,,
fishery,mix4,deterministic,24,0,local_optimistic,0,,30,180,1,0.3333333333333333,3,27.46051868236412,1.0280097695842698,13.499461870184165,1,15,202.49192805276246,0.875,12.0,0.0,12.0,0.0,180.0
fishery,mix4,deterministic,24,0,local_bounded,0,,111,666,0,0.0,0,42.8497168612035,1.517986951255835,14.574055519105727,0,80,1165.924441528458,0.0,8.325,0.0,8.325,0.0,666.0
fishery,mix4,deterministic,24,0,joint,0,,111,666,0,0.0,0,42.8497168612035,1.517986951255835,14.574055519105727,0,80,1165.924441528458,0.0,8.325,0.0,0.0,0.0,0.0
fishery,mix4,deterministic,24,0,local_optimistic,3,,30,180,1,0.3333333333333333,3,27.46051868236412,1.0280097695842698,13.499461870184165,1,15,202.49192805276246,0.875,12.0,3.0,12.0,45.0,180.0
fishery,mix4,deterministic,24,0,local_bounded,3,,111,666,0,0.0,0,42.8497168612035,1.517986951255835,14.574055519105727,0,80,1165.924441528458,0.0,8.325,3.0,8.325,240.0,666.0
fishery,mix4,deterministic,24,0,joint,3,,174,1044,0,0.0,0,28.117212429919288,4.207281096811986,10.632403127499632,0,80,850.5922501999706,0.0,13.05,3.0,3.0,240.0,240.0
fishery,mix4,deterministic,24,0,local_optimistic,6,,31,186,1,0.3333333333333333,4,26.037632078005583,0.0,13.104585035409896,1,15,196.56877553114845,0.875,12.4,6.0,12.4,90.0,186.0
fishery,mix4,deterministic,24,0,local_bounded,6,,211,1266,0,0.0,0,22.8469092619113,5.880174595683248,9.026853812111565,0,80,722.1483049689252,0.0,15.825,6.0,15.825,480.0,1266.0
fishery,mix4,deterministic,24,0,joint,6,,260,1560,0,0.0,0,16.281017574050242,6.798171306197888,6.7831885070120705,0,80,542.6550805609656,0.0,19.5,6.0,6.0,480.0,480.0
fishery,mix4,deterministic,25,0,none,0,0.0,0,0,1,0.3333333333333333,0,31.024677589065092,0.0,14.433375990134683,1,15,216.50063985202024,0.875,0.0,0.0,0.0,,
fishery,mix4,deterministic,25,0,local_optimistic,0,,38,228,1,0.35294117647058826,4,28.032181768820205,0.3978232881902616,12.99497471686782,2,17,220.9145701867529,0.8625,13.411764705882353,0.0,13.411764705882353,0.0,228.0
fishery,mix4,deterministic,25,0,local_bounded,0,,174,1044,0,0.0,0,35.581795278649814,5.232128098138957,12.782789529194,0,80,1022.6231623355201,0.0,13.05,0.0,13.05,0.0,1044.0
fishery,mix4,deterministic,25,0,joint,0,,174,1044,0,0.0,0,35.581795278649814,5.232128098138957,12.782789529194,0,80,1022.6231623355201,0.0,13.05,0.0,0.0,0.0,0.0
fishery,mix4,deterministic,25,0,local_optimistic,3,,38,228,1,0.35294117647058826,4,28.032181768820205,0.3978232881902616,12.99497471686782,2,17,220.9145701867529,0.8625,13.411764705882353,3.0,13.411764705882353,51.0,228.0
fishery,mix4,deterministic,25,0,local_bounded,3,,174,1044,0,0.0,0,35.581795278649814,5.232128098138957,12.782789529194,0,80,1022.6231623355201,0.0,13.05,3.0,13.05,240.0,1044.0
fishery,mix4,deterministic,25,0,joint,3,,197,1182,0,0.0,0,27.112964831798934,5.654737812431989,10.345619160782054,0,80,827.6495328625642,0.0,14.775,3.0,3.0,240.0,240.0
fishery,mix4,deterministic,25,0,local_optimistic,6,,37,222,1,0.35294117647058826,4,28.032181768820205,0.3978232881902617,12.99497471686782,2,17,220.9145701867529,0.8625,13.058823529411764,6.0,13.058823529411764,102.0,222.0
fishery,mix4,deterministic,25,0,local_bounded,6,,219,1314,0,0.0,0,23.61514325206868,6.675015238465377,9.185413913446713,0,80,734.8331130757368,0.0,16.425,6.0,16.425,480.0,1314.0
fishery,mix4,deterministic,25,0,joint,6,,267,1602,0,0.0,0,16.829524814272226,6.677567842076337,6.89072441036164,0,80,551.2579528289313,0.0,20.025,6.0,6.0,480.0,480.0
fishery,mix4,deterministic,26,0,none,0,0.0,0,0,1,0.38461538461538464,0,27.29555397958055,0.0,14.04531564116314,1,13,182.58910333512085,0.9,0.0,0.0,0.0,,
fishery,mix4,deterministic,26,0,local_optimistic,0,,34,204,1,0.4,1,26.431289191516647,1.9796592826220447,12.968090015599522,2,15,194.52135023399282,0.8875,13.6,0.0,13.6,0.0,204.0
fishery,mix4,deterministic,26,0,local_bounded,0,,167,1002,0,0.0,0,35.992536761972,4.7004847763592705,12.947467117485559,0,80,1035.797369398845,0.0,12.525,0.0,12.525,0.0,1002.0
fishery,mix4,deterministic,26,0,joint,0,,167,1002,0,0.0,0,35.992536761972,4.7004847763592705,12.947467117485559,0,80,1035.797369398845,0.0,12.525,0.0,0.0,0.0,0.0
fishery,mix4,deterministic,26,0,local_optimistic,3,,34,204,1,0.4,1,26.431289191516647,1.9796592826220447,12.968090015599522,2,15,194.52135023399282,0.8875,13.6,3.0,13.6,45.0,204.0
fishery,mix4,deterministic,26,0,local_bounded,3,,167,1002,0,0.0,0,35.992536761972,4.7004847763592705,12.947467117485559,0,80,1035.797369398845,0.0,12.525,3.0,12.525,240.0,1002.0
fishery,mix4,deterministic,26,0,joint,3,,193,1158,0,0.0,0,27.147676409296015,5.289568701837829,10.33181825206435,0,80,826.5454601651481,0.0,14.475,3.0,3.0,240.0,240.0
fishery,mix4,deterministic,26,0,local_optimistic,6,,35,210,1,0.4,4,24.354627380803212,0.42186311141233723,12.44922437609579,2,15,186.73836564143684,0.8875,14.0,6.0,14.0,90.0,210.0
fishery,mix4,deterministic,26,0,local_bounded,6,,200,1200,0,0.0,0,25.00712287609911,5.4851342442872255,9.68286764875246,0,80,774.6294119001969,0.0,15.0,6.0,15.0,480.0,1200.0
fishery,mix4,deterministic,26,0,joint,6,,268,1608,0,0.0,0,15.809666970347797,6.8174155148748214,6.585710915112884,0,80,526.8568732090307,0.0,20.1,6.0,6.0,480.0,480.0
fishery,mix4,deterministic,27,0,none,0,0.0,0,0,1,0.29411764705882354,0,30.227411333881044,0.0,13.820766792740327,1,17,234.95303547658557,0.85,0.0,0.0,0.0,,
fishery,mix4,deterministic,27,0,local_optimistic,0,,31,186,1,0.29411764705882354,3,31.337032106666403,0.8735429425654909,14.056844622960194,1,17,238.96635859032327,0.85,10.941176470588236,0.0,10.941176470588236,0.0,186.0
fishery,mix4,deterministic,27,0,local_bounded,0,,122,732,0,0.0,0,42.694204657284146,2.157455407291034,14.580163456231611,0,80,1166.4130764985289,0.0,9.15,0.0,9.15,0.0,732.0
fishery,mix4,deterministic,27,0,joint,0,,122,732,0,0.0,0,42.694204657284146,2.157455407291034,14.580163456231611,0,80,1166.4130764985289,0.0,9.15,0.0,0.0,0.0,0.0
fishery,mix4,deterministic,27,0,local_optimistic,3,,31,186,1,0.29411764705882354,3,31.337032106666403,0.8735429425654909,14.056844622960194,1,17,238.96635859032327,0.85,10.941176470588236,3.0,10.941176470588236,51.0,186.0
fishery,mix4,deterministic,27,0,local_bounded,3,,122,732,0,0.0,0,42.694204657284146,2.157455407291034,14.580163456231611,0,80,1166.4130764985289,0.0,9.15,3.0,9.15,240.0,732.0
fishery,mix4,deterministic,27,0,joint,3,,186,1116,0,0.0,0,27.56563934957135,4.934704042642835,10.435689358066341,0,80,834.8551486453073,0.0,13.95,3.0,3.0,240.0,240.0
fishery,mix4,deterministic,27,0,local_optimistic,6,,30,180,1,0.29411764705882354,3,31.128169672009783,0.5407450524297707,14.180780078439295,1,17,241.073261333468,0.85,10.588235294117647,6.0,10.588235294117647,102.0,180.0
fishery,mix4,deterministic,27,0,local_bounded,6,,220,1320,0,0.0,0,22.57295495002448,6.517533641226386,8.852859759482788,0,80,708.2287807586232,0.0,16.5,6.0,16.5,480.0,1320.0
fishery,mix4,deterministic,27,0,joint,6,,260,1560,0,0.0,0,17.12774599814921,6.436054170607425,6.990707290560964,0,80,559.2565832448772,0.0,19.5,6.0,6.0,480.0,480.0
fishery,mix4,deterministic,28,0,none,0,0.0,0,0,1,0.4166666666666667,0,22.59988704649361,0.0,13.190825685455096,1,12,158.28990822546115,0.9125,0.0,0.0,0.0,,
fishery,mix4,deterministic,28,0,local_optimistic,0,,27,162,1,0.4166666666666667,3,23.835206126493734,1.0591502177890926,13.366994547666131,1,12,160.40393457199357,0.9125,13.5,0.0,13.5,0.0,162.0
fishery,mix4,deterministic,28,0,local_bounded,0,,156,936,0,0.0,0,36.03470079907489,3.926605022930789,12.948363086652074,0,80,1035.8690469321662,0.0,11.7,0.0,11.7,0.0,936.0
fishery,mix4,deterministic,28,0,joint,0,,156,936,0,0.0,0,36.03470079907489,3.926605022930789,12.948363086652074,0,80,1035.8690469321662,0.0,11.7,0.0,0.0,0.0,0.0
fishery,mix4,deterministic,28,0,local_optimistic,3,,27,162,1,0.4166666666666667,3,23.835206126493734,1.0591502177890926,13.366994547666131,1,12,160.40393457199357,0.9125,13.5,3.0,13.5,36.0,162.0
fishery,mix4,deterministic,28,0,local_bounded,3,,156,936,0,0.0,0,36.03470079907489,3.926605022930789,12.948363086652074,0,80,1035.8690469321662,0.0,11.7,3.0,11.7,240.0,936.0
fishery,mix4,deterministic,28,0,joint,3,,188,1128,0,0.0,0,26.814276338297724,5.014179377499333,10.315587224486773,0,80,825.2469779589419,0.0,14.1,3.0,3.0,240.0,240.0
fishery,mix4,deterministic,28,0,local_optimistic,6,,27,162,1,0.4166666666666667,3,23.835206126493734,1.0591502177890926,13.366994547666131,1,12,160.40393457199357,0.9125,13.5,6.0,13.5,72.0,162.0
fishery,mix4,deterministic,28,0,local_bounded,6,,210,1260,0,0.0,0,23.989093806900208,6.0995006354760735,9.438691169289275,0,80,755.0952935431418,0.0,15.75,6.0,15.75,480.0,1260.0
fishery,mix4,deterministic,28,0,joint,6,,274,1644,0,0.0,0,14.83784998829654,6.9130175554455064,6.322814757218788,0,80,505.8251805775031,0.0,20.55,6.0,6.0,480.0,480.0
fishery,mix4,deterministic,29,0,none,0,0.0,0,0,1,0.4166666666666667,0,23.959935250451633,0.0,13.625083098540719,1,12,163.50099718248862,0.9125,0.0,0.0,0.0,,
fishery,mix4,deterministic,29,0,local_optimistic,0,,26,156,1,0.4166666666666667,3,25.465823855630216,1.3578612209991512,13.773110482720154,1,12,165.27732579264182,0.9125,13.0,0.0,13.0,0.0,156.0
fishery,mix4,deterministic,29,0,local_bounded,0,,156,936,0,0.0,0,40.13679447620159,4.275296345121464,13.973917225149341,0,80,1117.9133780119473,0.0,11.7,0.0,11.7,0.0,936.0
fishery,mix4,deterministic,29,0,joint,0,,156,936,0,0.0,0,40.13679447620159,4.275296345121464,13.973917225149341,0,80,1117.9133780119473,0.0,11.7,0.0,0.0,0.0,0.0
fishery,mix4,deterministic,29,0,local_optimistic,3,,26,156,1,0.4166666666666667,3,25.465823855630216,1.3578612209991512,13.773110482720154,1,12,165.27732579264182,0.9125,13.0,3.0,13.0,36.0,156.0
fishery,mix4,deterministic,29,0,local_bounded,3,,156,936,0,0.0,0,40.13679447620159,4.275296345121464,13.973917225149341,0,80,1117.9133780119473,0.0,11.7,3.0,11.7,240.0,936.0
fishery,mix4,deterministic,29,0,joint,3,,189,1134,0,0.0,0,26.638193450694587,5.037877125628597,10.24673951952969,0,80,819.7391615623752,0.0,14.175,3.0,3.0,240.0,240.0
fishery,mix4,deterministic,29,0,local_optimistic,6,,25,150,1,0.4166666666666667,3,24.737504793587124,0.468226698466266,13.93442594320995,1,12,167.2131113185194,0.9125,12.5,6.0,12.5,72.0,150.0
fishery,mix4,deterministic,29,0,local_bounded,6,,203,1218,0,0.0,0,24.495434036903767,5.692977936240649,9.591638708917637,0,80,767.3310967134111,0.0,15.225,6.0,15.225,480.0,1218.0
fishery,mix4,deterministic,29,0,joint,6,,272,1632,0,0.0,0,15.12563218521952,6.9552629322076545,6.410557855060207,0,80,512.8446284048166,0.0,20.4,6.0,6.0,480.0,480.0
fishery,mix4,deterministic,30,0,none,0,0.0,0,0,1,0.2,0,32.44781388135948,0.0,13.423898713541467,1,25,335.59746783853666,0.75,0.0,0.0,0.0,,
fishery,mix4,deterministic,30,0,local_optimistic,0,,40,240,1,0.2,3,33.30208539120681,0.6267865735528787,13.651383649835918,1,25,341.28459124589796,0.75,9.6,0.0,9.6,0.0,240.0
fishery,mix4,deterministic,30,0,local_bounded,0,,106,636,0,0.0,0,43.44501123915252,1.218389729411856,14.681967659031471,0,80,1174.5574127225177,0.0,7.95,0.0,7.95,0.0,636.0
fishery,mix4,deterministic,30,0,joint,0,,106,636,0,0.0,0,43.44501123915252,1.218389729411856,14.681967659031471,0,80,1174.5574127225177,0.0,7.95,0.0,0.0,0.0,0.0
fishery,mix4,deterministic,30,0,local_optimistic,3,,40,240,1,0.2,3,33.30208539120681,0.6267865735528787,13.651383649835918,1,25,341.28459124589796,0.75,9.6,3.0,9.6,75.0,240.0
fishery,mix4,deterministic,30,0,local_bounded,3,,106,636,0,0.0,0,43.44501123915252,1.218389729411856,14.681967659031471,0,80,1174.5574127225177,0.0,7.95,3.0,7.95,240.0,636.0
fishery,mix4,deterministic,30,0,joint,3,,152,912,0,0.0,0,30.501329453334144,3.1167500132007167,11.322033114903125,0,80,905.7626491922499,0.0,11.4,3.0,3.0,240.0,240.0
fishery,mix4,deterministic,30,0,local_optimistic,6,,41,246,1,0.2,4,32.44781388135949,2.537362320254032e-15,13.423898713541467,1,25,335.5974678385366,0.75,9.84,6.0,9.84,150.0,246.0
fishery,mix4,deterministic,30,0,local_bounded,6,,177,1062,0,0.0,0,26.871950145864343,4.198954878895409,10.239828249208433,0,80,819.1862599366744,0.0,13.275,6.0,13.275,480.0,1062.0
fishery,mix4,deterministic,30,0,joint,6,,235,1410,0,0.0,0,19.54495346561172,5.613839660427052,7.729112960796743,0,80,618.3290368637394,0.0,17.625,6.0,6.0,480.0,480.0
fishery,mix4,deterministic,31,0,none,0,0.0,0,0,1,0.3333333333333333,0,25.250503555973804,0.0,12.871405864660128,1,15,193.07108796990195,0.875,0.0,0.0,0.0,,
fishery,mix4,deterministic,31,0,local_optimistic,0,,46,276,1,0.42105263157894735,4,22.679581381630623,1.7979618539984727,11.108647666068727,2,19,211.06430565530582,0.8625,14.526315789473685,0.0,14.526315789473685,0.0,276.0
fishery,mix4,deterministic,31,0,local_bounded,0,,143,858,0,0.0,0,40.76142332981565,3.348244799769337,14.085336717957091,0,80,1126.826937436567,0.0,10.725,0.0,10.725,0.0,858.0
fishery,mix4,deterministic,31,0,joint,0,,143,858,0,0.0,0,40.76142332981565,3.348244799769337,14.085336717957091,0,80,1126.826937436567,0.0,10.725,0.0,0.0,0.0,0.0
fishery,mix4,deterministic,31,0,local_optimistic,3,,46,276,1,0.42105263157894735,4,22.679581381630623,1.7979618539984727,11.108647666068727,2,19,211.06430565530582,0.8625,14.526315789473685,3.0,14.526315789473685,57.0,276.0
fishery,mix4,deterministic,31,0,local_bounded,3,,143,858,0,0.0,0,40.76142332981565,3.348244799769337,14.085336717957091,0,80,1126.826937436567,0.0,10.725,3.0,10.725,240.0,858.0
fishery,mix4,deterministic,31,0,joint,3,,169,1014,0,0.0,0,28.49110527219242,3.9101363386409234,10.824130800719002,0,80,865.9304640575202,0.0,12.675,3.0,3.0,240.0,240.0
fishery,mix4,deterministic,31,0,local_optimistic,6,,31,186,1,0.3333333333333333,4,25.250503555973804,0.0,12.871405864660128,1,15,193.07108796990195,0.875,12.4,6.0,12.4,90.0,186.0
fishery,mix4,deterministic,31,0,local_bounded,6,,154,924,0,0.0,0,35.027345187738334,3.667075463150242,12.642319628236148,0,80,1011.385570258892,0.0,11.55,6.0,11.55,480.0,924.0
fishery,mix4,deterministic,31,0,joint,6,,253,1518,0,0.0,0,15.881386330945128,6.371908779366312,6.61472214938806,0,80,529.1777719510447,0.0,18.975,6.0,6.0,480.0,480.0
fishery,mix4,deterministic,32,0,none,0,0.0,0,0,1,0.35714285714285715,0,26.437057641196645,0.0,13.449819982674237,1,14,188.2974797574393,0.8875,0.0,0.0,0.0,,
fishery,mix4,deterministic,32,0,local_optimistic,0,,30,180,1,0.35714285714285715,4,26.437057641196645,0.0,13.449819982674237,1,14,188.2974797574393,0.8875,12.857142857142858,0.0,12.857142857142858,0.0,180.0
fishery,mix4,deterministic,32,0,local_bounded,0,,183,1098,0,0.0,0,34.85165569013781,5.87181038226109,12.620672053039522,0,80,1009.6537642431618,0.0,13.725,0.0,13.725,0.0,1098.0
fishery,mix4,deterministic,32,0,joint,0,,183,1098,0,0.0,0,34.85165569013781,5.87181038226109,12.620672053039522,0,80,1009.6537642431618,0.0,13.725,0.0,0.0,0.0,0.0
fishery,mix4,deterministic,32,0,local_optimistic,3,,30,180,1,0.35714285714285715,4,26.437057641196645,0.0,13.449819982674237,1,14,188.2974797574393,0.8875,12.857142857142858,3.0,12.857142857142858,42.0,180.0
fishery,mix4,deterministic,32,0,local_bounded,3,,183,1098,0,0.0,0,34.85165569013781,5.87181038226109,12.620672053039522,0,80,1009.6537642431618,0.0,13.725,3.0,13.725,240.0,1098.0
fishery,mix4,deterministic,32,0,joint,3,,179,1074,0,0.0,0,27.758091002622713,4.487684199339781,10.60815691687211,0,80,848.6525533497688,0.0,13.425,3.0,3.0,240.0,240.0
fishery,mix4,deterministic,32,0,local_optimistic,6,,30,180,1,0.35714285714285715,4,26.437057641196645,0.0,13.449819982674237,1,14,188.2974797574393,0.8875,12.857142857142858,6.0,12.857142857142858,84.0,180.0
fishery,mix4,deterministic,32,0,local_bounded,6,,189,1134,0,0.0,0,32.03055648752827,5.883681791157595,11.863143868886102,0,80,949.0515095108882,0.0,14.175,6.0,14.175,480.0,1134.0
fishery,mix4,deterministic,32,0,joint,6,,263,1578,0,0.0,0,16.085704663139943,6.806895068749517,6.671478866818836,0,80,533.7183093455069,0.0,19.725,6.0,6.0,480.0,480.0
fishery,mix4,deterministic,33,0,none,0,0.0,0,0,1,0.3333333333333333,0,29.711267617142198,0.0,14.11549213167331,1,15,211.73238197509968,0.875,0.0,0.0,0.0,,
fishery,mix4,deterministic,33,0,local_optimistic,0,,37,222,1,0.35294117647058826,4,26.943158668479168,0.4414874904187505,12.74069280852905,2,17,216.5917777449938,0.8625,13.058823529411764,0.0,13.058823529411764,0.0,222.0
fishery,mix4,deterministic,33,0,local_bounded,0,,153,918,0,0.0,0,38.30301393530385,3.9125571603322653,13.508441210307751,0,80,1080.67529682462,0.0,11.475,0.0,11.475,0.0,918.0
fishery,mix4,deterministic,33,0,joint,0,,153,918,0,0.0,0,38.30301393530385,3.9125571603322653,13.508441210307751,0,80,1080.67529682462,0.0,11.475,0.0,0.0,0.0,0.0
fishery,mix4,deterministic,33,0,local_optimistic,3,,37,222,1,0.35294117647058826,4,26.943158668479168,0.4414874904187505,12.74069280852905,2,17,216.5917777449938,0.8625,13.058823529411764,3.0,13.058823529411764,51.0,222.0
fishery,mix4,deterministic,33,0,local_bounded,3,,153,918,0,0.0,0,38.30301393530385,3.9125571603322653,13.508441210307751,0,80,1080.67529682462,0.0,11.475,3.0,11.475,240.0,918.0
fishery,mix4,deterministic,33,0,joint,3,,180,1080,0,0.0,0,27.830373407154628,4.558068959699449,10.57504005204579,0,80,846.0032041636631,0.0,13.5,3.0,3.0,240.0,240.0
fishery,mix4,deterministic,33,0,local_optimistic,6,,41,246,1,0.3888888888888889,4,25.71154900686399,0.5730340420717168,12.142035393568205,2,18,218.5566370842277,0.8625,13.666666666666666,6.0,13.666666666666666,108.0,246.0
fishery,mix4,deterministic,33,0,local_bounded,6,,226,1356,0,0.0,0,21.436506697381827,6.654780681161194,8.478328330584043,0,80,678.2662664467235,0.0,16.95,6.0,16.95,480.0,1356.0
fishery,mix4,deterministic,33,0,joint,6,,262,1572,0,0.0,0,16.60831307134684,6.5884509720373,6.837423505092241,0,80,546.9938804073794,0.0,19.65,6.0,6.0,480.0,480.0
fishery,mix4,deterministic,34,0,none,0,0.0,0,0,1,0.38461538461538464,0,24.620306733236514,0.0,13.44369562591921,1,13,174.76804313694976,0.9,0.0,0.0,0.0,,
fishery,mix4,deterministic,34,0,local_optimistic,0,,26,156,1,0.38461538461538464,1,26.511723940226144,1.4444236844346485,13.890689148474193,1,13,180.57895893016453,0.9,12.0,0.0,12.0,0.0,156.0
fishery,mix4,deterministic,34,0,local_bounded,0,,156,936,0,0.0,0,38.918859921544666,4.176178789164206,13.66836381514246,0,80,1093.4691052113965,0.0,11.7,0.0,11.7,0.0,936.0
fishery,mix4,deterministic,34,0,joint,0,,156,936,0,0.0,0,38.918859921544666,4.176178789164206,13.66836381514246,0,80,1093.4691052113965,0.0,11.7,0.0,0.0,0.0,0.0
fishery,mix4,deterministic,34,0,local_optimistic,3,,26,156,1,0.38461538461538464,1,26.511723940226144,1.4444236844346485,13.890689148474193,1,13,180.57895893016453,0.9,12.0,3.0,12.0,39.0,156.0
fishery,mix4,deterministic,34,0,local_bounded,3,,156,936,0,0.0,0,38.918859921544666,4.176178789164206,13.66836381514246,0,80,1093.4691052113965,0.0,11.7,3.0,11.7,240.0,936.0
fishery,mix4,deterministic,34,0,joint,3,,175,1050,0,0.0,0,28.30182724360297,4.354644301619933,10.783172145588185,0,80,862.653771647055,0.0,13.125,3.0,3.0,240.0,240.0
fishery,mix4,deterministic,34,0,local_optimistic,6,,27,162,1,0.38461538461538464,3,25.738742910100306,0.95352487627609,13.60860692650691,1,13,176.91189004458985,0.9,12.461538461538462,6.0,12.461538461538462,78.0,162.0
fishery,mix4,deterministic,34,0,local_bounded,6,,218,1308,0,0.0,0,22.16753078890536,6.325693827616322,8.812122619591795,0,80,704.9698095673438,0.0,16.35,6.0,16.35,480.0,1308.0
fishery,mix4,deterministic,34,0,joint,6,,266,1596,0,0.0,0,15.784688653110772,7.017166876895947,6.611881288246988,0,80,528.9505030597592,0.0,19.95,6.0,6.0,480.0,480.0
fishery,mix4,deterministic,35,0,none,0,0.0,0,0,1,0.4166666666666667,0,26.36116018496025,0.0,14.185514980812258,1,12,170.2261797697471,0.9125,0.0,0.0,0.0,,
fishery,mix4,deterministic,35,0,local_optimistic,0,,42,252,1,0.5,4,21.51667979332966,1.0525407823111481,11.332405107907519,2,16,181.31848172652033,0.9,15.75,0.0,15.75,0.0,252.0
fishery,mix4,deterministic,35,0,local_bounded,0,,177,1062,0,0.0,0,34.99388947813698,5.379216190625053,12.686696055612268,0,80,1014.9356844489814,0.0,13.275,0.0,13.275,0.0,1062.0
fishery,mix4,deterministic,35,0,joint,0,,177,1062,0,0.0,0,34.99388947813698,5.379216190625053,12.686696055612268,0,80,1014.9356844489814,0.0,13.275,0.0,0.0,0.0,0.0
fishery,mix4,deterministic,35,0,local_optimistic,3,,42,252,1,0.5,4,21.51667979332966,1.0525407823111481,11.332405107907519,2,16,181.31848172652033,0.9,15.75,3.0,15.75,48.0,252.0
fishery,mix4,deterministic,35,0,local_bounded,3,,177,1062,0,0.0,0,34.99388947813698,5.379216190625053,12.686696055612268,0,80,1014.9356844489814,0.0,13.275,3.0,13.275,240.0,1062.0
fishery,mix4,deterministic,35,0,joint,3,,209,1254,0,0.0,0,25.378581428729408,6.339006765249576,9.829116844639817,0,80,786.3293475711852,0.0,15.675,3.0,3.0,240.0,240.0
fishery,mix4,deterministic,35,0,local_optimistic,6,,25,150,1,0.4166666666666667,3,26.36116018496025,0.0,14.185514980812258,1,12,170.2261797697471,0.9125,12.5,6.0,12.5,72.0,150.0
fishery,mix4,deterministic,35,0,local_bounded,6,,241,1446,0,0.0,0,20.68845642488467,7.879099171460387,8.2566500501593,0,80,660.532004012744,0.0,18.075,6.0,18.075,480.0,1446.0
fishery,mix4,deterministic,35,0,joint,6,,278,1668,0,0.0,0,15.300117271949636,6.884617800558777,6.438485319041204,0,80,515.0788255232964,0.0,20.85,6.0,6.0,480.0,480.0
fishery,mix4,deterministic,36,0,none,0,0.0,0,0,1,0.3333333333333333,0,27.95387017908172,0.0,13.616362749811007,1,15,204.2454412471651,0.875,0.0,0.0,0.0,,
fishery,mix4,deterministic,36,0,local_optimistic,0,,65,390,1,0.4782608695652174,7,20.421871378850252,1.315261902038082,9.756061153374748,3,23,224.3894065276192,0.85,16.956521739130434,0.0,16.956521739130434,0.0,390.0
fishery,mix4,deterministic,36,0,local_bounded,0,,130,780,0,0.0,0,42.022818913204404,2.6016100202934234,14.426715825384244,0,80,1154.1372660307393,0.0,9.75,0.0,9.75,0.0,780.0
fishery,mix4,deterministic,36,0,joint,0,,130,780,0,0.0,0,42.022818913204404,2.6016100202934234,14.426715825384244,0,80,1154.1372660307393,0.0,9.75,0.0,0.0,0.0,0.0
fishery,mix4,deterministic,36,0,local_optimistic,3,,65,390,1,0.4782608695652174,7,20.421871378850252,1.315261902038082,9.756061153374748,3,23,224.3894065276192,0.85,16.956521739130434,3.0,16.956521739130434,69.0,390.0
fishery,mix4,deterministic,36,0,local_bounded,3,,130,780,0,0.0,0,42.022818913204404,2.6016100202934234,14.426715825384244,0,80,1154.1372660307393,0.0,9.75,3.0,9.75,240.0,780.0
fishery,mix4,deterministic,36,0,joint,3,,192,1152,0,0.0,0,26.664933301824487,5.27071954762523,10.243344035278636,0,80,819.4675228222909,0.0,14.4,3.0,3.0,240.0,240.0
fishery,mix4,deterministic,36,0,local_optimistic,6,,47,282,1,0.42105263157894735,6,23.13374117774869,0.6388332403533878,11.175823124813162,2,19,212.34063937145007,0.8625,14.842105263157896,6.0,14.842105263157896,114.0,282.0
fishery,mix4,deterministic,36,0,local_bounded,6,,224,1344,0,0.0,0,22.041187044528353,6.7766394183752965,8.73742416452857,0,80,698.9939331622857,0.0,16.8,6.0,16.8,480.0,1344.0
fishery,mix4,deterministic,36,0,joint,6,,265,1590,0,0.0,0,16.494807263813517,6.784936309098906,6.807964330130048,0,80,544.6371464104038,0.0,19.875,6.0,6.0,480.0,480.0
fishery,mix4,deterministic,37,0,none,0,0.0,0,0,1,0.38461538461538464,0,26.997615216752653,0.0,13.979319195879132,1,13,181.73114954642875,0.9,0.0,0.0,0.0,,
fishery,mix4,deterministic,37,0,local_optimistic,0,,36,216,1,0.4,4,24.460949416139396,0.787291167707804,12.391135030341207,2,15,185.86702545511812,0.8875,14.4,0.0,14.4,0.0,216.0
fishery,mix4,deterministic,37,0,local_bounded,0,,151,906,0,0.0,0,38.47130692160009,3.7292452692299998,13.532168014759714,0,80,1082.5734411807769,0.0,11.325,0.0,11.325,0.0,906.0
fishery,mix4,deterministic,37,0,joint,0,,151,906,0,0.0,0,38.47130692160009,3.7292452692299998,13.532168014759714,0,80,1082.5734411807769,0.0,11.325,0.0,0.0,0.0,0.0
fishery,mix4,deterministic,37,0,local_optimistic,3,,36,216,1,0.4,4,24.460949416139396,0.787291167707804,12.391135030341207,2,15,185.86702545511812,0.8875,14.4,3.0,14.4,45.0,216.0
fishery,mix4,deterministic,37,0,local_bounded,3,,151,906,0,0.0,0,38.47130692160009,3.7292452692299998,13.532168014759714,0,80,1082.5734411807769,0.0,11.325,3.0,11.325,240.0,906.0
fishery,mix4,deterministic,37,0,joint,3,,193,1158,0,0.0,0,26.698629699682506,5.273368215968977,10.264768615699406,0,80,821.1814892559526,0.0,14.475,3.0,3.0,240.0,240.0
fishery,mix4,deterministic,37,0,local_optimistic,6,,35,210,1,0.4,4,24.141690022808707,0.4500120429596014,12.409154761758723,2,15,186.13732142638088,0.8875,14.0,6.0,14.0,90.0,210.0
fishery,mix4,deterministic,37,0,local_bounded,6,,206,1236,0,0.0,0,24.34275035375789,5.786555514891452,9.486471111406969,0,80,758.9176889125575,0.0,15.45,6.0,15.45,480.0,1236.0
fishery,mix4,deterministic,37,0,joint,6,,266,1596,0,0.0,0,15.904401030366625,6.879710832245789,6.632401870451145,0,80,530.5921496360917,0.0,19.95,6.0,6.0,480.0,480.0
fishery,mix4,deterministic,38,0,none,0,0.0,0,0,1,0.35714285714285715,0,26.812633652848497,0.0,13.629187738019564,1,14,190.80862833227386,0.8875,0.0,0.0,0.0,,
fishery,mix4,deterministic,38,0,local_optimistic,0,,42,252,1,0.4117647058823529,5,23.390859108972663,0.9278067097919028,11.60609693990987,2,17,197.30364797846775,0.875,14.823529411764707,0.0,14.823529411764707,0.0,252.0
fishery,mix4,deterministic,38,0,local_bounded,0,,157,942,0,0.0,0,38.04185472444618,4.184711185877116,13.459897341317353,0,80,1076.791787305388,0.0,11.775,0.0,11.775,0.0,942.0
fishery,mix4,deterministic,38,0,joint,0,,157,942,0,0.0,0,38.04185472444618,4.184711185877116,13.459897341317353,0,80,1076.791787305388,0.0,11.775,0.0,0.0,0.0,0.0
fishery,mix4,deterministic,38,0,local_optimistic,3,,42,252,1,0.4117647058823529,5,23.390859108972663,0.9278067097919028,11.60609693990987,2,17,197.30364797846775,0.875,14.823529411764707,3.0,14.823529411764707,51.0,252.0
fishery,mix4,deterministic,38,0,local_bounded,3,,157,942,0,0.0,0,38.04185472444618,4.184711185877116,13.459897341317353,0,80,1076.791787305388,0.0,11.775,3.0,11.775,240.0,942.0
fishery,mix4,deterministic,38,0,joint,3,,176,1056,0,0.0,0,27.27323500539462,4.180519542617361,10.401077728626069,0,80,832.0862182900854,0.0,13.2,3.0,3.0,240.0,240.0
fishery,mix4,deterministic,38,0,local_optimistic,6,,41,246,1,0.4117647058823529,5,23.083880598992042,0.6034895025079272,11.623435637213223,2,17,197.59840583262476,0.875,14.470588235294118,6.0,14.470588235294118,102.0,246.0
fishery,mix4,deterministic,38,0,local_bounded,6,,195,1170,0,0.0,0,24.678613362099323,5.032424013715966,9.581846195015942,0,80,766.5476956012752,0.0,14.625,6.0,14.625,480.0,1170.0
fishery,mix4,deterministic,38,0,joint,6,,261,1566,0,0.0,0,15.755532165551681,6.561541063063123,6.599478253000558,0,80,527.9582602400445,0.0,19.575,6.0,6.0,480.0,480.0
fishery,mix4,deterministic,39,0,none,0,0.0,0,0,1,0.22727272727272727,0,36.26313579959007,0.0,14.644626538765852,1,22,322.1817838528487,0.7875,0.0,0.0,0.0,,
fishery,mix4,deterministic,39,0,local_optimistic,0,,62,372,1,0.32142857142857145,5,30.053390186990473,0.997084378601123,12.070334246313179,3,28,337.969358896769,0.7625,13.285714285714286,0.0,13.285714285714286,0.0,372.0
fishery,mix4,deterministic,39,0,local_bounded,0,,117,702,0,0.0,0,43.47447351928095,1.8794287855075187,14.680737434092745,0,80,1174.4589947274194,0.0,8.775,0.0,8.775,0.0,702.0
fishery,mix4,deterministic,39,0,joint,0,,117,702,0,0.0,0,43.47447351928095,1.8794287855075187,14.680737434092745,0,80,1174.4589947274194,0.0,8.775,0.0,0.0,0.0,0.0
fishery,mix4,deterministic,39,0,local_optimistic,3,,62,372,1,0.32142857142857145,5,30.053390186990473,0.997084378601123,12.070334246313179,3,28,337.969358896769,0.7625,13.285714285714286,3.0,13.285714285714286,84.0,372.0
fishery,mix4,deterministic,39,0,local_bounded,3,,117,702,0,0.0,0,43.47447351928095,1.8794287855075187,14.680737434092745,0,80,1174.4589947274194,0.0,8.775,3.0,8.775,240.0,702.0
fishery,mix4,deterministic,39,0,joint,3,,181,1086,0,0.0,0,29.78315974670561,4.93260645158678,11.11073094337532,0,80,888.8584754700254,0.0,13.575,3.0,3.0,240.0,240.0
fishery,mix4,deterministic,39,0,local_optimistic,6,,48,288,1,0.28,4,32.577967231943994,0.40079774950693436,13.152881332911745,2,25,328.82203332279363,0.775,11.52,6.0,11.52,150.0,288.0
fishery,mix4,deterministic,39,0,local_bounded,6,,212,1272,0,0.0,0,25.146393172503824,6.444562292436221,9.596762626551651,0,80,767.7410101241321,0.0,15.9,6.0,15.9,480.0,1272.0
fishery,mix4,deterministic,39,0,joint,6,,249,1494,0,0.0,0,20.03491258377951,6.109368519812847,7.789768183891148,0,80,623.1814547112918,0.0,18.675,6.0,6.0,480.0,480.0
fishery,mix4,deterministic,40,0,none,0,0.0,0,0,1,0.4166666666666667,0,23.849091627433996,0.0,13.363259408682074,1,12,160.35911290418488,0.9125,0.0,0.0,0.0,,
fishery,mix4,deterministic,40,0,local_optimistic,0,,28,168,1,0.4166666666666667,4,23.849091627433996,0.0,13.363259408682074,1,12,160.35911290418488,0.9125,14.0,0.0,14.0,0.0,168.0
fishery,mix4,deterministic,40,0,local_bounded,0,,160,960,0,0.0,0,36.898686641307464,4.2621253550629445,13.15061501609182,0,80,1052.0492012873458,0.0,12.0,0.0,12.0,0.0,960.0
fishery,mix4,deterministic,40,0,joint,0,,160,960,0,0.0,0,36.898686641307464,4.2621253550629445,13.15061501609182,0,80,1052.0492012873458,0.0,12.0,0.0,0.0,0.0,0.0
fishery,mix4,deterministic,40,0,local_optimistic,3,,28,168,1,0.4166666666666667,4,23.849091627433996,0.0,13.363259408682074,1,12,160.35911290418488,0.9125,14.0,3.0,14.0,36.0,168.0
fishery,mix4,deterministic,40,0,local_bounded,3,,160,960,0,0.0,0,36.898686641307464,4.2621253550629445,13.15061501609182,0,80,1052.0492012873458,0.0,12.0,3.0,12.0,240.0,960.0
fishery,mix4,deterministic,40,0,joint,3,,207,1242,0,0.0,0,25.767996963001035,6.22731121150221,9.931964208713904,0,80,794.5571366971125,0.0,15.525,3.0,3.0,240.0,240.0
fishery,mix4,deterministic,40,0,local_optimistic,6,,28,168,1,0.4166666666666667,4,23.849091627433996,0.0,13.363259408682074,1,12,160.35911290418488,0.9125,14.0,6.0,14.0,72.0,168.0
fishery,mix4,deterministic,40,0,local_bounded,6,,239,1434,0,0.0,0,20.900018286282734,7.791891845150568,8.35981967150438,0,80,668.7855737203505,0.0,17.925,6.0,17.925,480.0,1434.0
fishery,mix4,deterministic,40,0,joint,6,,276,1656,0,0.0,0,15.580823054656742,7.283612220077936,6.538577967673781,0,80,523.0862374139025,0.0,20.7,6.0,6.0,480.0,480.0
fishery,mix4,deterministic,41,0,none,0,0.0,0,0,1,0.22727272727272727,0,32.547971904653615,0.0,13.650275153986804,1,22,300.30605338770977,0.7875,0.0,0.0,0.0,,
fishery,mix4,deterministic,41,0,local_optimistic,0,,45,270,1,0.25,1,31.799668344698272,1.3933446084926582,13.08343504809437,2,24,314.0024411542649,0.775,11.25,0.0,11.25,0.0,270.0
fishery,mix4,deterministic,41,0,local_bounded,0,,128,768,0,0.0,0,42.397330079639396,2.5172458947801877,14.482446111437383,0,80,1158.5956889149907,0.0,9.6,0.0,9.6,0.0,768.0
fishery,mix4,deterministic,41,0,joint,0,,128,768,0,0.0,0,42.397330079639396,2.5172458947801877,14.482446111437383,0,80,1158.5956889149907,0.0,9.6,0.0,0.0,0.0,0.0
fishery,mix4,deterministic,41,0,local_optimistic,3,,45,270,1,0.25,1,31.799668344698272,1.3933446084926582,13.08343504809437,2,24,314.0024411542649,0.775,11.25,3.0,11.25,72.0,270.0
fishery,mix4,deterministic,41,0,local_bounded,3,,128,768,0,0.0,0,42.397330079639396,2.5172458947801877,14.482446111437383,0,80,1158.5956889149907,0.0,9.6,3.0,9.6,240.0,768.0
fishery,mix4,deterministic,41,0,joint,3,,159,954,0,0.0,0,29.747046121105143,3.41782159581579,11.106782222091871,0,80,888.5425777673498,0.0,11.925,3.0,3.0,240.0,240.0
fishery,mix4,deterministic,41,0,local_optimistic,6,,38,228,1,0.22727272727272727,4,32.547971904653615,0.0,13.650275153986804,1,22,300.30605338770977,0.7875,10.363636363636363,6.0,10.363636363636363,132.0,228.0
fishery,mix4,deterministic,41,0,local_bounded,6,,180,1080,0,0.0,0,26.944282356015425,4.326356450399734,10.198247367507928,0,80,815.8597894006342,0.0,13.5,6.0,13.5,480.0,1080.0
fishery,mix4,deterministic,41,0,joint,6,,242,1452,0,0.0,0,19.02779424708073,5.988768292410379,7.515906368260092,0,80,601.2725094608073,0.0,18.15,6.0,6.0,480.0,480.0
fishery,mix4,deterministic,42,0,none,0,0.0,0,0,1,0.45454545454545453,0,23.5259906485742,0.0,13.919380752253726,1,11,153.11318827479096,0.925,0.0,0.0,0.0,,
fishery,mix4,deterministic,42,0,local_optimistic,0,,34,204,1,0.46153846153846156,4,20.84906660027737,0.6157914562725837,12.104605231733615,2,13,157.359868012537,0.9125,15.692307692307692,0.0,15.692307692307692,0.0,204.0
fishery,mix4,deterministic,42,0,local_bounded,0,,192,1152,0,0.0,0,34.020392510202235,6.571574338698843,12.431660462186517,0,80,994.5328369749213,0.0,14.4,0.0,14.4,0.0,1152.0
fishery,mix4,deterministic,42,0,joint,0,,192,1152,0,0.0,0,34.020392510202235,6.571574338698843,12.431660462186517,0,80,994.5328369749213,0.0,14.4,0.0,0.0,0.0,0.0
fishery,mix4,deterministic,42,0,local_optimistic,3,,34,204,1,0.46153846153846156,4,20.84906660027737,0.6157914562725837,12.104605231733615,2,13,157.359868012537,0.9125,15.692307692307692,3.0,15.692307692307692,39.0,204.0
fishery,mix4,deterministic,42,0,local_bounded,3,,192,1152,0,0.0,0,34.020392510202235,6.571574338698843,12.431660462186517,0,80,994.5328369749213,0.0,14.4,3.0,14.4,240.0,1152.0
fishery,mix4,deterministic,42,0,joint,3,,205,1230,0,0.0,0,25.53778559273645,5.86865385857468,9.853780122497083,0,80,788.3024097997668,0.0,15.375,3.0,3.0,240.0,240.0
fishery,mix4,deterministic,42,0,local_optimistic,6,,33,198,1,0.46153846153846156,4,20.747404655770787,0.5084236426700367,12.110311100829579,2,13,157.4340443107845,0.9125,15.23076923076923,6.0,15.23076923076923,78.0,198.0
fishery,mix4,deterministic,42,0,local_bounded,6,,199,1194,0,0.0,0,32.10239760630763,6.879616327483333,11.918958351738052,0,80,953.5166681390443,0.0,14.925,6.0,14.925,480.0,1194.0
fishery,mix4,deterministic,42,0,joint,6,,274,1644,0,0.0,0,14.70280819886807,6.893981939478934,6.264239074254071,0,80,501.13912594032575,0.0,20.55,6.0,6.0,480.0,480.0
fishery,mix4,deterministic,43,0,none,0,0.0,0,0,1,0.4166666666666667,0,23.471560544295045,0.0,13.284503364923998,1,12,159.414040379088,0.9125,0.0,0.0,0.0,,
fishery,mix4,deterministic,43,0,local_optimistic,0,,28,168,1,0.4166666666666667,4,23.471560544295045,0.0,13.284503364923998,1,12,159.414040379088,0.9125,14.0,0.0,14.0,0.0,168.0
fishery,mix4,deterministic,43,0,local_bounded,0,,195,1170,0,0.0,0,34.4350902848058,6.775260864096106,12.519853540434529,0,80,1001.5882832347622,0.0,14.625,0.0,14.625,0.0,1170.0
fishery,mix4,deterministic,43,0,joint,0,,195,1170,0,0.0,0,34.4350902848058,6.775260864096106,12.519853540434529,0,80,1001.5882832347622,0.0,14.625,0.0,0.0,0.0,0.0
fishery,mix4,deterministic,43,0,local_optimistic,3,,28,168,1,0.4166666666666667,4,23.471560544295045,0.0,13.284503364923998,1,12,159.414040379088,0.9125,14.0,3.0,14.0,36.0,168.0
fishery,mix4,deterministic,43,0,local_bounded,3,,195,1170,0,0.0,0,34.4350902848058,6.775260864096106,12.519853540434529,0,80,1001.5882832347622,0.0,14.625,3.0,14.625,240.0,1170.0
fishery,mix4,deterministic,43,0,joint,3,,206,1236,0,0.0,0,25.96990623608981,6.065619964492848,9.998377482194833,0,80,799.8701985755866,0.0,15.45,3.0,3.0,240.0,240.0
fishery,mix4,deterministic,43,0,local_optimistic,6,,28,168,1,0.4166666666666667,4,23.471560544295045,0.0,13.284503364923998,1,12,159.414040379088,0.9125,14.0,6.0,14.0,72.0,168.0
fishery,mix4,deterministic,43,0,local_bounded,6,,203,1218,0,0.0,0,30.714284631498465,6.980026468938625,11.484374920751637,0,80,918.7499936601309,0.0,15.225,6.0,15.225,480.0,1218.0
fishery,mix4,deterministic,43,0,joint,6,,272,1632,0,0.0,0,15.123515273937247,6.993876774504504,6.406464987570223,0,80,512.5171990056178,0.0,20.4,6.0,6.0,480.0,480.0
fishery,mix4,deterministic,44,0,none,0,0.0,0,0,1,0.2631578947368421,0,30.370322866622995,0.0,13.5440025920213,1,19,257.3360492484047,0.825,0.0,0.0,0.0,,
fishery,mix4,deterministic,44,0,local_optimistic,0,,35,210,1,0.2631578947368421,4,30.655766074128003,0.3157582167636644,13.513687582762648,1,19,256.7600640724903,0.825,11.052631578947368,0.0,11.052631578947368,0.0,210.0
fishery,mix4,deterministic,44,0,local_bounded,0,,107,642,0,0.0,0,43.675065874081966,1.2326738973617672,14.760556119393414,0,80,1180.844489551473,0.0,8.025,0.0,8.025,0.0,642.0
fishery,mix4,deterministic,44,0,joint,0,,107,642,0,0.0,0,43.675065874081966,1.2326738973617672,14.760556119393414,0,80,1180.844489551473,0.0,8.025,0.0,0.0,0.0,0.0
fishery,mix4,deterministic,44,0,local_optimistic,3,,35,210,1,0.2631578947368421,4,30.655766074128003,0.3157582167636644,13.513687582762648,1,19,256.7600640724903,0.825,11.052631578947368,3.0,11.052631578947368,57.0,210.0
fishery,mix4,deterministic,44,0,local_bounded,3,,107,642,0,0.0,0,43.675065874081966,1.2326738973617672,14.760556119393414,0,80,1180.844489551473,0.0,8.025,3.0,8.025,240.0,642.0
fishery,mix4,deterministic,44,0,joint,3,,178,1068,0,0.0,0,28.14396391945988,4.474149701535303,10.605544185076733,0,80,848.4435348061386,0.0,13.35,3.0,3.0,240.0,240.0
fishery,mix4,deterministic,44,0,local_optimistic,6,,35,210,1,0.2631578947368421,4,30.655766074128003,0.3157582167636644,13.513687582762648,1,19,256.7600640724903,0.825,11.052631578947368,6.0,11.052631578947368,114.0,210.0
fishery,mix4,deterministic,44,0,local_bounded,6,,194,1164,0,0.0,0,25.760176223292735,5.204623122194128,9.875070764417908,0,80,790.0056611534326,0.0,14.55,6.0,14.55,480.0,1164.0
fishery,mix4,deterministic,44,0,joint,6,,251,1506,0,0.0,0,17.999320343217338,6.422812053229626,7.272759203320843,0,80,581.8207362656674,0.0,18.825,6.0,6.0,480.0,480.0
fishery,mix4,deterministic,45,0,none,0,0.0,0,0,1,0.29411764705882354,0,30.878032678976425,0.0,13.857041595721732,1,17,235.56970712726945,0.85,0.0,0.0,0.0,,
fishery,mix4,deterministic,45,0,local_optimistic,0,,33,198,1,0.29411764705882354,4,31.273164299421698,0.4371890082030609,13.814984207963944,1,17,234.85473153538703,0.85,11.647058823529411,0.0,11.647058823529411,0.0,198.0
fishery,mix4,deterministic,45,0,local_bounded,0,,152,912,0,0.0,0,40.72483028290726,4.036071249041294,14.09284289642785,0,80,1127.427431714228,0.0,11.4,0.0,11.4,0.0,912.0
fishery,mix4,deterministic,45,0,joint,0,,152,912,0,0.0,0,40.72483028290726,4.036071249041294,14.09284289642785,0,80,1127.427431714228,0.0,11.4,0.0,0.0,0.0,0.0
fishery,mix4,deterministic,45,0,local_optimistic,3,,33,198,1,0.29411764705882354,4,31.273164299421698,0.4371890082030609,13.814984207963944,1,17,234.85473153538703,0.85,11.647058823529411,3.0,11.647058823529411,51.0,198.0
fishery,mix4,deterministic,45,0,local_bounded,3,,152,912,0,0.0,0,40.72483028290726,4.036071249041294,14.09284289642785,0,80,1127.427431714228,0.0,11.4,3.0,11.4,240.0,912.0
fishery,mix4,deterministic,45,0,joint,3,,183,1098,0,0.0,0,28.117080261800055,4.72786876891102,10.601680684605494,0,80,848.1344547684395,0.0,13.725,3.0,3.0,240.0,240.0
fishery,mix4,deterministic,45,0,local_optimistic,6,,33,198,1,0.29411764705882354,4,31.273164299421698,0.4371890082030609,13.814984207963944,1,17,234.85473153538703,0.85,11.647058823529411,6.0,11.647058823529411,102.0,198.0
fishery,mix4,deterministic,45,0,local_bounded,6,,217,1302,0,0.0,0,22.538607642935176,6.167184765015776,8.832773226068738,0,80,706.6218580854988,0.0,16.275,6.0,16.275,480.0,1302.0
fishery,mix4,deterministic,45,0,joint,6,,258,1548,0,0.0,0,17.298099085043155,6.458132533755533,6.987119391282993,0,80,558.9695513026394,0.0,19.35,6.0,6.0,480.0,480.0
fishery,mix4,deterministic,46,0,none,0,0.0,0,0,1,0.3333333333333333,0,27.025622031752203,0.0,13.482261310114547,1,15,202.2339196517182,0.875,0.0,0.0,0.0,,
fishery,mix4,deterministic,46,0,local_optimistic,0,,42,252,1,0.3888888888888889,5,23.602627570389153,0.6528314107280981,11.663662224963007,2,18,209.94592004933415,0.8625,14.0,0.0,14.0,0.0,252.0
fishery,mix4,deterministic,46,0,local_bounded,0,,126,756,0,0.0,0,42.26113966718192,2.297291412408116,14.421543811744817,0,80,1153.7235049395854,0.0,9.45,0.0,9.45,0.0,756.0
fishery,mix4,deterministic,46,0,joint,0,,126,756,0,0.0,0,42.26113966718192,2.297291412408116,14.421543811744817,0,80,1153.7235049395854,0.0,9.45,0.0,0.0,0.0,0.0
fishery,mix4,deterministic,46,0,local_optimistic,3,,42,252,1,0.3888888888888889,5,23.602627570389153,0.6528314107280981,11.663662224963007,2,18,209.94592004933415,0.8625,14.0,3.0,14.0,54.0,252.0
fishery,mix4,deterministic,46,0,local_bounded,3,,126,756,0,0.0,0,42.26113966718192,2.297291412408116,14.421543811744817,0,80,1153.7235049395854,0.0,9.45,3.0,9.45,240.0,756.0
fishery,mix4,deterministic,46,0,joint,3,,178,1068,0,0.0,0,27.936506536482646,4.479673195187651,10.609442542362427,0,80,848.7554033889941,0.0,13.35,3.0,3.0,240.0,240.0
fishery,mix4,deterministic,46,0,local_optimistic,6,,46,276,1,0.42105263157894735,5,22.586972309195986,0.7512876528495036,11.143557770843069,2,19,211.7275976460183,0.8625,14.526315789473685,6.0,14.526315789473685,114.0,276.0
fishery,mix4,deterministic,46,0,local_bounded,6,,221,1326,0,0.0,0,21.798904269622557,6.445244086953662,8.643871650596415,0,80,691.5097320477132,0.0,16.575,6.0,16.575,480.0,1326.0
fishery,mix4,deterministic,46,0,joint,6,,263,1578,0,0.0,0,16.202828251561026,6.735933868282873,6.724011709801708,0,80,537.9209367841366,0.0,19.725,6.0,6.0,480.0,480.0
fishery,mix4,deterministic,47,0,none,0,0.0,0,0,1,0.3125,0,27.874837485271172,0.0,13.459310492587804,1,16,215.34896788140483,0.8625,0.0,0.0,0.0,,
fishery,mix4,deterministic,47,0,local_optimistic,0,,60,360,1,0.43478260869565216,6,22.107002525536327,1.8499258063281503,10.228884028645835,3,23,235.2643326588542,0.8375,15.652173913043478,0.0,15.652173913043478,0.0,360.0
fishery,mix4,deterministic,47,0,local_bounded,0,,127,762,0,0.0,0,42.151635542855004,2.3689924224624743,14.426573776371807,0,80,1154.1259021097449,0.0,9.525,0.0,9.525,0.0,762.0
fishery,mix4,deterministic,47,0,joint,0,,127,762,0,0.0,0,42.151635542855004,2.3689924224624743,14.426573776371807,0,80,1154.1259021097449,0.0,9.525,0.0,0.0,0.0,0.0
fishery,mix4,deterministic,47,0,local_optimistic,3,,60,360,1,0.43478260869565216,6,22.107002525536327,1.8499258063281503,10.228884028645835,3,23,235.2643326588542,0.8375,15.652173913043478,3.0,15.652173913043478,69.0,360.0
fishery,mix4,deterministic,47,0,local_bounded,3,,127,762,0,0.0,0,42.151635542855004,2.3689924224624743,14.426573776371807,0,80,1154.1259021097449,0.0,9.525,3.0,9.525,240.0,762.0
fishery,mix4,deterministic,47,0,joint,3,,158,948,0,0.0,0,29.44828551490773,3.372232189802241,11.025514664556434,0,80,882.0411731645147,0.0,11.85,3.0,3.0,240.0,240.0
fishery,mix4,deterministic,47,0,local_optimistic,6,,47,282,1,0.4,5,23.48444853596245,0.7114110036042341,11.240615938211523,2,20,224.81231876423047,0.85,14.1,6.0,14.1,120.0,282.0
fishery,mix4,deterministic,47,0,local_bounded,6,,185,1110,0,0.0,0,25.47688044703413,4.546713680497933,9.879714566148103,0,80,790.3771652918482,0.0,13.875,6.0,13.875,480.0,1110.0
fishery,mix4,deterministic,47,0,joint,6,,257,1542,0,0.0,0,16.335168777520796,6.38009722838748,6.745373808268974,0,80,539.629904661518,0.0,19.275,6.0,6.0,480.0,480.0
fishery,mix4,deterministic,48,0,none,0,0.0,0,0,1,0.35714285714285715,0,26.74793584868649,0.0,13.45938339768138,1,14,188.43136756753935,0.8875,0.0,0.0,0.0,,
fishery,mix4,deterministic,48,0,local_optimistic,0,,31,186,1,0.35714285714285715,4,26.74793584868649,-2.5376526277146434e-16,13.45938339768138,1,14,188.43136756753935,0.8875,13.285714285714286,0.0,13.285714285714286,0.0,186.0
fishery,mix4,deterministic,48,0,local_bounded,0,,154,924,0,0.0,0,40.78677750989776,4.175549911650674,14.113423403500747,0,80,1129.0738722800597,0.0,11.55,0.0,11.55,0.0,924.0
fishery,mix4,deterministic,48,0,joint,0,,154,924,0,0.0,0,40.78677750989776,4.175549911650674,14.113423403500747,0,80,1129.0738722800597,0.0,11.55,0.0,0.0,0.0,0.0
fishery,mix4,deterministic,48,0,local_optimistic,3,,31,186,1,0.35714285714285715,4,26.74793584868649,-2.5376526277146434e-16,13.45938339768138,1,14,188.43136756753935,0.8875,13.285714285714286,3.0,13.285714285714286,42.0,186.0
fishery,mix4,deterministic,48,0,local_bounded,3,,154,924,0,0.0,0,40.78677750989776,4.175549911650674,14.113423403500747,0,80,1129.0738722800597,0.0,11.55,3.0,11.55,240.0,924.0
fishery,mix4,deterministic,48,0,joint,3,,208,1248,0,0.0,0,26.108861251736528,6.416401106837372,10.043330114095106,0,80,803.4664091276086,0.0,15.6,3.0,3.0,240.0,240.0
fishery,mix4,deterministic,48,0,local_optimistic,6,,30,180,1,0.35714285714285715,4,26.74793584868649,2.265502071655386e-15,13.45938339768138,1,14,188.43136756753935,0.8875,12.857142857142858,6.0,12.857142857142858,84.0,180.0
fishery,mix4,deterministic,48,0,local_bounded,6,,238,1428,0,0.0,0,21.336852552552575,7.879480485491191,8.522989422013769,0,80,681.8391537611016,0.0,17.85,6.0,17.85,480.0,1428.0
fishery,mix4,deterministic,48,0,joint,6,,273,1638,0,0.0,0,16.381805229718303,7.112083671813461,6.765551634502901,0,80,541.2441307602323,0.0,20.475,6.0,6.0,480.0,480.0
fishery,mix4,deterministic,49,0,none,0,0.0,0,0,1,0.3333333333333333,0,27.044647830313078,0.0,13.545578238597043,1,15,203.18367357895565,0.875,0.0,0.0,0.0,,
fishery,mix4,deterministic,49,0,local_optimistic,0,,43,258,1,0.3888888888888889,5,23.64266387321696,0.7099742569041297,11.683464956549464,2,18,210.30236921789037,0.8625,14.333333333333334,0.0,14.333333333333334,0.0,258.0
fishery,mix4,deterministic,49,0,local_bounded,0,,121,726,0,0.0,0,42.710081415523504,2.0937003784635566,14.541034836509876,0,80,1163.2827869207902,0.0,9.075,0.0,9.075,0.0,726.0
fishery,mix4,deterministic,49,0,joint,0,,121,726,0,0.0,0,42.710081415523504,2.0937003784635566,14.541034836509876,0,80,1163.2827869207902,0.0,9.075,0.0,0.0,0.0,0.0
fishery,mix4,deterministic,49,0,local_optimistic,3,,43,258,1,0.3888888888888889,5,23.64266387321696,0.7099742569041297,11.683464956549464,2,18,210.30236921789037,0.8625,14.333333333333334,3.0,14.333333333333334,54.0,258.0
fishery,mix4,deterministic,49,0,local_bounded,3,,121,726,0,0.0,0,42.710081415523504,2.0937003784635566,14.541034836509876,0,80,1163.2827869207902,0.0,9.075,3.0,9.075,240.0,726.0
fishery,mix4,deterministic,49,0,joint,3,,188,1128,0,0.0,0,26.868568617275105,5.047292969168029,10.339921651452563,0,80,827.1937321162052,0.0,14.1,3.0,3.0,240.0,240.0
fishery,mix4,deterministic,49,0,local_optimistic,6,,42,252,1,0.3888888888888889,5,23.54620447302534,0.6080973565254518,11.688882456736524,2,18,210.3998842212574,0.8625,14.0,6.0,14.0,108.0,252.0
fishery,mix4,deterministic,49,0,local_bounded,6,,202,1212,0,0.0,0,25.013421672100222,5.710235024854299,9.711632945609429,0,80,776.9306356487544,0.0,15.15,6.0,15.15,480.0,1212.0
fishery,mix4,deterministic,49,0,joint,6,,265,1590,0,0.0,0,16.175713893146916,6.7125589041570946,6.741388701212394,0,80,539.3110960969916,0.0,19.875,6.0,6.0,480.0,480.0
fishery,mix4,deterministic,50,0,none,0,0.0,0,0,1,0.4166666666666667,0,24.08253753395735,0.0,13.457804869835599,1,12,161.49365843802718,0.9125,0.0,0.0,0.0,,
fishery,mix4,deterministic,50,0,local_optimistic,0,,28,168,1,0.4166666666666667,4,24.08253753395735,2.6430857502646176e-15,13.457804869835599,1,12,161.49365843802718,0.9125,14.0,0.0,14.0,0.0,168.0
fishery,mix4,deterministic,50,0,local_bounded,0,,192,1152,0,0.0,0,33.66713523651504,6.441764603779504,12.309297938544278,0,80,984.7438350835421,0.0,14.4,0.0,14.4,0.0,1152.0
fishery,mix4,deterministic,50,0,joint,0,,192,1152,0,0.0,0,33.66713523651504,6.441764603779504,12.309297938544278,0,80,984.7438350835421,0.0,14.4,0.0,0.0,0.0,0.0
fishery,mix4,deterministic,50,0,local_optimistic,3,,28,168,1,0.4166666666666667,4,24.08253753395735,2.6430857502646176e-15,13.457804869835599,1,12,161.49365843802718,0.9125,14.0,3.0,14.0,36.0,168.0
fishery,mix4,deterministic,50,0,local_bounded,3,,192,1152,0,0.0,0,33.66713523651504,6.441764603779504,12.309297938544278,0,80,984.7438350835421,0.0,14.4,3.0,14.4,240.0,1152.0
fishery,mix4,deterministic,50,0,joint,3,,203,1218,0,0.0,0,25.608936828074683,5.755862144175596,9.94642112592248,0,80,795.7136900737986,0.0,15.225,3.0,3.0,240.0,240.0
fishery,mix4,deterministic,50,0,local_optimistic,6,,28,168,1,0.4166666666666667,4,24.08253753395735,2.6430857502646176e-15,13.457804869835599,1,12,161.49365843802718,0.9125,14.0,6.0,14.0,72.0,168.0
fishery,mix4,deterministic,50,0,local_bounded,6,,201,1206,0,0.0,0,30.812845948202437,6.770325351784476,11.473301732752262,0,80,917.8641386201809,0.0,15.075,6.0,15.075,480.0,1206.0
fishery,mix4,deterministic,50,0,joint,6,,269,1614,0,0.0,0,15.434923796832782,7.085054183817467,6.468096996012173,0,80,517.4477596809738,0.0,20.175,6.0,6.0,480.0,480.0
fishery,mix4,deterministic,51,0,none,0,0.0,0,0,1,0.3333333333333333,0,28.428033768714204,0.0,13.857354507249784,1,15,207.86031760874675,0.875,0.0,0.0,0.0,,
fishery,mix4,deterministic,51,0,local_optimistic,0,,49,294,1,0.45,4,23.100752752966134,1.071744070132857,11.100999236734967,2,20,222.0199847346993,0.8625,14.7,0.0,14.7,0.0,294.0
fishery,mix4,deterministic,51,0,local_bounded,0,,136,816,0,0.0,0,41.59139283782096,2.9847585754202077,14.324847287953915,0,80,1145.9877830363132,0.0,10.2,0.0,10.2,0.0,816.0
fishery,mix4,deterministic,51,0,joint,0,,136,816,0,0.0,0,41.59139283782096,2.9847585754202077,14.324847287953915,0,80,1145.9877830363132,0.0,10.2,0.0,0.0,0.0,0.0
fishery,mix4,deterministic,51,0,local_optimistic,3,,49,294,1,0.45,4,23.100752752966134,1.071744070132857,11.100999236734967,2,20,222.0199847346993,0.8625,14.7,3.0,14.7,60.0,294.0
fishery,mix4,deterministic,51,0,local_bounded,3,,136,816,0,0.0,0,41.59139283782096,2.9847585754202077,14.324847287953915,0,80,1145.9877830363132,0.0,10.2,3.0,10.2,240.0,816.0
fishery,mix4,deterministic,51,0,joint,3,,162,972,0,0.0,0,28.997305594476995,3.5440625421597076,10.988544983869215,0,80,879.0835987095372,0.0,12.15,3.0,3.0,240.0,240.0
fishery,mix4,deterministic,51,0,local_optimistic,6,,50,300,1,0.45,6,22.579157201258894,0.7554117156038007,10.89573603955678,2,20,217.9147207911356,0.8625,15.0,6.0,15.0,120.0,300.0
fishery,mix4,deterministic,51,0,local_bounded,6,,178,1068,0,0.0,0,26.076634523214608,4.140464845778512,10.015825449479188,0,80,801.2660359583351,0.0,13.35,6.0,13.35,480.0,1068.0
fishery,mix4,deterministic,51,0,joint,6,,257,1542,0,0.0,0,16.153666544188532,6.389679160929285,6.678103788086307,0,80,534.2483030469045,0.0,19.275,6.0,6.0,480.0,480.0
fishery,mix4,deterministic,52,0,none,0,0.0,0,0,1,0.38461538461538464,0,25.489304259970897,0.0,13.446622653646244,1,13,174.80609449740118,0.9,0.0,0.0,0.0,,
fishery,mix4,deterministic,52,0,local_optimistic,0,,29,174,1,0.38461538461538464,4,25.489304259970897,0.0,13.446622653646244,1,13,174.80609449740118,0.9,13.384615384615385,0.0,13.384615384615385,0.0,174.0
fishery,mix4,deterministic,52,0,local_bounded,0,,172,1032,0,0.0,0,35.51913285907908,4.995043748395655,12.752606700306297,0,80,1020.2085360245037,0.0,12.9,0.0,12.9,0.0,1032.0
fishery,mix4,deterministic,52,0,joint,0,,172,1032,0,0.0,0,35.51913285907908,4.995043748395655,12.752606700306297,0,80,1020.2085360245037,0.0,12.9,0.0,0.0,0.0,0.0
fishery,mix4,deterministic,52,0,local_optimistic,3,,29,174,1,0.38461538461538464,4,25.489304259970897,0.0,13.446622653646244,1,13,174.80609449740118,0.9,13.384615384615385,3.0,13.384615384615385,39.0,174.0
fishery,mix4,deterministic,52,0,local_bounded,3,,172,1032,0,0.0,0,35.51913285907908,4.995043748395655,12.752606700306297,0,80,1020.2085360245037,0.0,12.9,3.0,12.9,240.0,1032.0
fishery,mix4,deterministic,52,0,joint,3,,198,1188,0,0.0,0,25.804799735122145,5.504816040436317,9.944992663977757,0,80,795.5994131182205,0.0,14.85,3.0,3.0,240.0,240.0
fishery,mix4,deterministic,52,0,local_optimistic,6,,29,174,1,0.38461538461538464,4,25.489304259970897,0.0,13.446622653646244,1,13,174.80609449740118,0.9,13.384615384615385,6.0,13.384615384615385,78.0,174.0
fishery,mix4,deterministic,52,0,local_bounded,6,,210,1260,0,0.0,0,24.05254665769585,6.070879806503466,9.378928897910606,0,80,750.3143118328485,0.0,15.75,6.0,15.75,480.0,1260.0
fishery,mix4,deterministic,52,0,joint,6,,270,1620,0,0.0,0,15.787011814296642,7.045473161687871,6.586121859643731,0,80,526.8897487714985,0.0,20.25,6.0,6.0,480.0,480.0
fishery,mix4,deterministic,53,0,none,0,0.0,0,0,1,0.3125,0,29.583317550392543,0.0,13.841504739031514,1,16,221.46407582450422,0.8625,0.0,0.0,0.0,,
fishery,mix4,deterministic,53,0,local_optimistic,0,,54,324,1,0.42857142857142855,7,23.65855466271112,0.6708752172575037,10.99391730346426,2,21,230.87226337274944,0.85,15.428571428571429,0.0,15.428571428571429,0.0,324.0
fishery,mix4,deterministic,53,0,local_bounded,0,,126,756,0,0.0,0,42.238538536847116,2.3801351566197857,14.459921841216204,0,80,1156.7937472972962,0.0,9.45,0.0,9.45,0.0,756.0
fishery,mix4,deterministic,53,0,joint,0,,126,756,0,0.0,0,42.238538536847116,2.3801351566197857,14.459921841216204,0,80,1156.7937472972962,0.0,9.45,0.0,0.0,0.0,0.0
fishery,mix4,deterministic,53,0,local_optimistic,3,,54,324,1,0.42857142857142855,7,23.65855466271112,0.6708752172575037,10.99391730346426,2,21,230.87226337274944,0.85,15.428571428571429,3.0,15.428571428571429,63.0,324.0
fishery,mix4,deterministic,53,0,local_bounded,3,,126,756,0,0.0,0,42.238538536847116,2.3801351566197857,14.459921841216204,0,80,1156.7937472972962,0.0,9.45,3.0,9.45,240.0,756.0
fishery,mix4,deterministic,53,0,joint,3,,202,1212,0,0.0,0,26.519037159448562,5.925915150126913,10.08835749051391,0,80,807.0685992411127,0.0,15.15,3.0,3.0,240.0,240.0
fishery,mix4,deterministic,53,0,local_optimistic,6,,53,318,1,0.42857142857142855,7,23.65855466271112,0.6708752172575037,10.99391730346426,2,21,230.87226337274944,0.85,15.142857142857142,6.0,15.142857142857142,126.0,318.0
fishery,mix4,deterministic,53,0,local_bounded,6,,214,1284,0,0.0,0,24.16319361604899,6.47925579891334,9.44493127548801,0,80,755.5945020390408,0.0,16.05,6.0,16.05,480.0,1284.0
fishery,mix4,deterministic,53,0,joint,6,,265,1590,0,0.0,0,17.032029145534075,6.732405901200866,6.926199864076674,0,80,554.0959891261339,0.0,19.875,6.0,6.0,480.0,480.0
fishery,mix4,deterministic,54,0,none,0,0.0,0,0,1,0.4166666666666667,0,23.74074427761022,0.0,13.603048230242457,1,12,163.2365787629095,0.9125,0.0,0.0,0.0,,
fishery,mix4,deterministic,54,0,local_optimistic,0,,38,228,1,0.4666666666666667,3,21.543591796236775,1.8869357282166552,11.546499230125912,2,15,173.19748845188872,0.9,15.2,0.0,15.2,0.0,228.0
fishery,mix4,deterministic,54,0,local_bounded,0,,162,972,0,0.0,0,35.46043705046292,4.257411428558103,12.755192910155234,0,80,1020.4154328124188,0.0,12.15,0.0,12.15,0.0,972.0
fishery,mix4,deterministic,54,0,joint,0,,162,972,0,0.0,0,35.46043705046292,4.257411428558103,12.755192910155234,0,80,1020.4154328124188,0.0,12.15,0.0,0.0,0.0,0.0
fishery,mix4,deterministic,54,0,local_optimistic,3,,38,228,1,0.4666666666666667,3,21.543591796236775,1.8869357282166552,11.546499230125912,2,15,173.19748845188872,0.9,15.2,3.0,15.2,45.0,228.0
fishery,mix4,deterministic,54,0,local_bounded,3,,162,972,0,0.0,0,35.46043705046292,4.257411428558103,12.755192910155234,0,80,1020.4154328124188,0.0,12.15,3.0,12.15,240.0,972.0
fishery,mix4,deterministic,54,0,joint,3,,183,1098,0,0.0,0,27.12224050963828,4.662734499818483,10.411489589449578,0,80,832.9191671559662,0.0,13.725,3.0,3.0,240.0,240.0
fishery,mix4,deterministic,54,0,local_optimistic,6,,26,156,1,0.4166666666666667,3,24.305401195341833,0.6247644460770662,13.542940701897008,1,12,162.51528842276412,0.9125,13.0,6.0,13.0,72.0,156.0
fishery,mix4,deterministic,54,0,local_bounded,6,,220,1320,0,0.0,0,21.91307931180122,6.293969240671638,8.686109667021274,0,80,694.8887733617021,0.0,16.5,6.0,16.5,480.0,1320.0
fishery,mix4,deterministic,54,0,joint,6,,268,1608,0,0.0,0,15.002112083230383,6.858317359756012,6.3933394505104335,0,80,511.46715604083465,0.0,20.1,6.0,6.0,480.0,480.0
fishery,mix4,deterministic,55,0,none,0,0.0,0,0,1,0.4166666666666667,0,23.958975014642885,0.0,13.499904505392145,1,12,161.99885406470574,0.9125,0.0,0.0,0.0,,
fishery,mix4,deterministic,55,0,local_optimistic,0,,28,168,1,0.4166666666666667,4,24.525452944917962,0.626781566360502,13.439600869306725,1,12,161.2752104316807,0.9125,14.0,0.0,14.0,0.0,168.0
fishery,mix4,deterministic,55,0,local_bounded,0,,190,1140,0,0.0,0,34.26569338651719,6.425172407123756,12.489135998072234,0,80,999.1308798457788,0.0,14.25,0.0,14.25,0.0,1140.0
fishery,mix4,deterministic,55,0,joint,0,,190,1140,0,0.0,0,34.26569338651719,6.425172407123756,12.489135998072234,0,80,999.1308798457788,0.0,14.25,0.0,0.0,0.0,0.0
fishery,mix4,deterministic,55,0,local_optimistic,3,,28,168,1,0.4166666666666667,4,24.525452944917962,0.626781566360502,13.439600869306725,1,12,161.2752104316807,0.9125,14.0,3.0,14.0,36.0,168.0
fishery,mix4,deterministic,55,0,local_bounded,3,,190,1140,0,0.0,0,34.26569338651719,6.425172407123756,12.489135998072234,0,80,999.1308798457788,0.0,14.25,3.0,14.25,240.0,1140.0
fishery,mix4,deterministic,55,0,joint,3,,215,1290,0,0.0,0,25.205892859331765,6.713808986981192,9.748233755300163,0,80,779.858700424013,0.0,16.125,3.0,3.0,240.0,240.0
fishery,mix4,deterministic,55,0,local_optimistic,6,,28,168,1,0.4166666666666667,4,24.525452944917962,0.626781566360502,13.439600869306725,1,12,161.2752104316807,0.9125,14.0,6.0,14.0,72.0,168.0
fishery,mix4,deterministic,55,0,local_bounded,6,,226,1356,0,0.0,0,22.922765211502718,7.194803251946061,9.045019336835875,0,80,723.60154694687,0.0,16.95,6.0,16.95,480.0,1356.0
fishery,mix4,deterministic,55,0,joint,6,,274,1644,0,0.0,0,15.686755393673774,7.346757365551222,6.612382283100075,0,80,528.990582648006,0.0,20.55,6.0,6.0,480.0,480.0
fishery,mix4,deterministic,56,0,none,0,0.0,0,0,1,0.2777777777777778,0,31.35040941078382,0.0,13.870708553012811,1,18,249.6727539542306,0.8375,0.0,0.0,0.0,,
fishery,mix4,deterministic,56,0,local_optimistic,0,,56,336,1,0.391304347826087,7,25.870039669669747,0.9096659486813009,11.280607832298093,2,23,259.45398014285615,0.825,14.608695652173912,0.0,14.608695652173912,0.0,336.0
fishery,mix4,deterministic,56,0,local_bounded,0,,130,780,0,0.0,0,42.3482261405238,2.626810237740787,14.488173788017036,0,80,1159.053903041363,0.0,9.75,0.0,9.75,0.0,780.0
fishery,mix4,deterministic,56,0,joint,0,,130,780,0,0.0,0,42.3482261405238,2.626810237740787,14.488173788017036,0,80,1159.053903041363,0.0,9.75,0.0,0.0,0.0,0.0
fishery,mix4,deterministic,56,0,local_optimistic,3,,56,336,1,0.391304347826087,7,25.870039669669747,0.9096659486813009,11.280607832298093,2,23,259.45398014285615,0.825,14.608695652173912,3.0,14.608695652173912,69.0,336.0
fishery,mix4,deterministic,56,0,local_bounded,3,,130,780,0,0.0,0,42.3482261405238,2.626810237740787,14.488173788017036,0,80,1159.053903041363,0.0,9.75,3.0,9.75,240.0,780.0
fishery,mix4,deterministic,56,0,joint,3,,198,1188,0,0.0,0,26.12614977516946,5.534168910036661,9.949837074965725,0,80,795.9869659972578,0.0,14.85,3.0,3.0,240.0,240.0
fishery,mix4,deterministic,56,0,local_optimistic,6,,33,198,1,0.2777777777777778,3,32.11089176336684,0.6339674445547956,13.997223461041036,1,18,251.95002229873865,0.8375,11.0,6.0,11.0,108.0,198.0
fishery,mix4,deterministic,56,0,local_bounded,6,,220,1320,0,0.0,0,22.830665475144126,6.565963113602818,8.918042871399567,0,80,713.4434297119653,0.0,16.5,6.0,16.5,480.0,1320.0
fishery,mix4,deterministic,56,0,joint,6,,257,1542,0,0.0,0,17.86368293132056,6.487920404905751,7.182752619947394,0,80,574.6202095957914,0.0,19.275,6.0,6.0,480.0,480.0
fishery,mix4,deterministic,57,0,none,0,0.0,0,0,1,0.35714285714285715,0,29.675320717961714,0.0,14.347790257289487,1,14,200.86906360205282,0.8875,0.0,0.0,0.0,,
fishery,mix4,deterministic,57,0,local_optimistic,0,,36,216,1,0.375,4,26.730860917976436,0.4641681918320642,12.855103573056176,2,16,205.68165716889882,0.875,13.5,0.0,13.5,0.0,216.0
fishery,mix4,deterministic,57,0,local_bounded,0,,185,1110,0,0.0,0,34.56152617191857,5.8885869406816385,12.50121233091618,0,80,1000.0969864732946,0.0,13.875,0.0,13.875,0.0,1110.0
fishery,mix4,deterministic,57,0,joint,0,,185,1110,0,0.0,0,34.56152617191857,5.8885869406816385,12.50121233091618,0,80,1000.0969864732946,0.0,13.875,0.0,0.0,0.0,0.0
fishery,mix4,deterministic,57,0,local_optimistic,3,,36,216,1,0.375,4,26.730860917976436,0.4641681918320642,12.855103573056176,2,16,205.68165716889882,0.875,13.5,3.0,13.5,48.0,216.0
fishery,mix4,deterministic,57,0,local_bounded,3,,185,1110,0,0.0,0,34.56152617191857,5.8885869406816385,12.50121233091618,0,80,1000.0969864732946,0.0,13.875,3.0,13.875,240.0,1110.0
fishery,mix4,deterministic,57,0,joint,3,,210,1260,0,0.0,0,25.6568688994548,6.4072955595693255,9.863496188447673,0,80,789.0796950758138,0.0,15.75,3.0,3.0,240.0,240.0
fishery,mix4,deterministic,57,0,local_optimistic,6,,26,156,1,0.35714285714285715,2,30.79696746821205,0.6737083174471384,14.795728690092682,1,14,207.14020166129754,0.8875,11.142857142857142,6.0,11.142857142857142,84.0,156.0
fishery,mix4,deterministic,57,0,local_bounded,6,,224,1344,0,0.0,0,23.140584286172988,7.028173279496215,9.056086488805812,0,80,724.486919104465,0.0,16.8,6.0,16.8,480.0,1344.0
fishery,mix4,deterministic,57,0,joint,6,,267,1602,0,0.0,0,16.89479065306649,7.083947207909698,6.953133357098937,0,80,556.2506685679149,0.0,20.025,6.0,6.0,480.0,480.0
fishery,mix4,deterministic,58,0,none,0,0.0,0,0,1,0.4166666666666667,0,24.122761574522258,0.0,13.582515054503622,1,12,162.99018065404346,0.9125,0.0,0.0,0.0,,
fishery,mix4,deterministic,58,0,local_optimistic,0,,77,462,1,0.5833333333333334,8,16.06961181072858,2.5762159417115353,8.223272609007727,4,24,197.35854261618545,0.875,19.25,0.0,19.25,0.0,462.0
fishery,mix4,deterministic,58,0,local_bounded,0,,188,1128,0,0.0,0,34.05405163278611,5.999611889179235,12.37539452007738,0,80,990.0315616061904,0.0,14.1,0.0,14.1,0.0,1128.0
fishery,mix4,deterministic,58,0,joint,0,,188,1128,0,0.0,0,34.05405163278611,5.999611889179235,12.37539452007738,0,80,990.0315616061904,0.0,14.1,0.0,0.0,0.0,0.0
fishery,mix4,deterministic,58,0,local_optimistic,3,,77,462,1,0.5833333333333334,8,16.06961181072858,2.5762159417115353,8.223272609007727,4,24,197.35854261618545,0.875,19.25,3.0,19.25,72.0,462.0
fishery,mix4,deterministic,58,0,local_bounded,3,,188,1128,0,0.0,0,34.05405163278611,5.999611889179235,12.37539452007738,0,80,990.0315616061904,0.0,14.1,3.0,14.1,240.0,1128.0
fishery,mix4,deterministic,58,0,joint,3,,189,1134,0,0.0,0,26.117740784970675,4.869611803211893,10.087293057445388,0,80,806.9834445956309,0.0,14.175,3.0,3.0,240.0,240.0
fishery,mix4,deterministic,58,0,local_optimistic,6,,43,258,1,0.5,5,19.565315867624705,0.8846583734337023,10.775472604177027,2,16,172.4075616668324,0.9,16.125,6.0,16.125,96.0,258.0
fishery,mix4,deterministic,58,0,local_bounded,6,,189,1134,0,0.0,0,32.300518180109684,5.848544687305862,11.891888226505127,0,80,951.35105812041,0.0,14.175,6.0,14.175,480.0,1134.0
fishery,mix4,deterministic,58,0,joint,6,,270,1620,0,0.0,0,14.948831991876043,6.775927763825393,6.290891215002049,0,80,503.271297200164,0.0,20.25,6.0,6.0,480.0,480.0
fishery,mix4,deterministic,59,0,none,0,0.0,0,0,1,0.35714285714285715,0,27.33220112021075,0.0,13.56901726504876,1,14,189.96624171068268,0.8875,0.0,0.0,0.0,,
fishery,mix4,deterministic,59,0,local_optimistic,0,,30,180,1,0.35714285714285715,4,27.33220112021075,0.0,13.56901726504876,1,14,189.96624171068268,0.8875,12.857142857142858,0.0,12.857142857142858,0.0,180.0
fishery,mix4,deterministic,59,0,local_bounded,0,,154,924,0,0.0,0,37.81496858952212,3.931222216725047,13.384004170771032,0,80,1070.7203336616826,0.0,11.55,0.0,11.55,0.0,924.0
fishery,mix4,deterministic,59,0,joint,0,,154,924,0,0.0,0,37.81496858952212,3.931222216725047,13.384004170771032,0,80,1070.7203336616826,0.0,11.55,0.0,0.0,0.0,0.0
fishery,mix4,deterministic,59,0,local_optimistic,3,,30,180,1,0.35714285714285715,4,27.33220112021075,0.0,13.56901726504876,1,14,189.96624171068268,0.8875,12.857142857142858,3.0,12.857142857142858,42.0,180.0
fishery,mix4,deterministic,59,0,local_bounded,3,,154,924,0,0.0,0,37.81496858952212,3.931222216725047,13.384004170771032,0,80,1070.7203336616826,0.0,11.55,3.0,11.55,240.0,924.0
fishery,mix4,deterministic,59,0,joint,3,,197,1182,0,0.0,0,26.800342082237535,5.634842782343122,10.264417399329147,0,80,821.153391946332,0.0,14.775,3.0,3.0,240.0,240.0
fishery,mix4,deterministic,59,0,local_optimistic,6,,30,180,1,0.35714285714285715,4,27.33220112021075,0.0,13.56901726504876,1,14,189.96624171068268,0.8875,12.857142857142858,6.0,12.857142857142858,84.0,180.0
fishery,mix4,deterministic,59,0,local_bounded,6,,216,1296,0,0.0,0,24.007579924677437,6.538857435071624,9.327053108012661,0,80,746.164248641013,0.0,16.2,6.0,16.2,480.0,1296.0
fishery,mix4,deterministic,59,0,joint,6,,269,1614,0,0.0,0,16.368462608815758,7.008954056482833,6.773733629634009,0,80,541.8986903707209,0.0,20.175,6.0,6.0,480.0,480.0
fishery,mix4,deterministic,60,0,none,0,0.0,0,0,1,0.45454545454545453,0,19.860313110536087,0.0,12.798501275329748,1,11,140.78351402862722,0.925,0.0,0.0,0.0,,
fishery,mix4,deterministic,60,0,local_optimistic,0,,40,240,1,0.5,5,17.320539456111018,1.0333361552241958,10.738636858938984,2,14,150.34091602514576,0.9125,17.142857142857142,0.0,17.142857142857142,0.0,240.0
fishery,mix4,deterministic,60,0,local_bounded,0,,173,1038,0,0.0,0,35.47103780690139,5.071244694207509,12.78005809189921,0,80,1022.4046473519369,0.0,12.975,0.0,12.975,0.0,1038.0
fishery,mix4,deterministic,60,0,joint,0,,173,1038,0,0.0,0,35.47103780690139,5.071244694207509,12.78005809189921,0,80,1022.4046473519369,0.0,12.975,0.0,0.0,0.0,0.0
fishery,mix4,deterministic,60,0,local_optimistic,3,,40,240,1,0.5,5,17.320539456111018,1.0333361552241958,10.738636858938984,2,14,150.34091602514576,0.9125,17.142857142857142,3.0,17.142857142857142,42.0,240.0
fishery,mix4,deterministic,60,0,local_bounded,3,,173,1038,0,0.0,0,35.47103780690139,5.071244694207509,12.78005809189921,0,80,1022.4046473519369,0.0,12.975,3.0,12.975,240.0,1038.0
fishery,mix4,deterministic,60,0,joint,3,,209,1254,0,0.0,0,25.267525424166,6.333768971433015,9.853662043517975,0,80,788.2929634814382,0.0,15.675,3.0,3.0,240.0,240.0
fishery,mix4,deterministic,60,0,local_optimistic,6,,27,162,1,0.45454545454545453,4,19.860313110536087,0.0,12.798501275329748,1,11,140.78351402862722,0.925,14.727272727272727,6.0,14.727272727272727,66.0,162.0
fishery,mix4,deterministic,60,0,local_bounded,6,,229,1374,0,0.0,0,22.10210355307168,7.287825981297959,8.819022815396153,0,80,705.5218252316922,0.0,17.175,6.0,17.175,480.0,1374.0
fishery,mix4,deterministic,60,0,joint,6,,283,1698,0,0.0,0,14.394726390105882,7.080083678630045,6.17779729197273,0,80,494.22378335781843,0.0,21.225,6.0,6.0,480.0,480.0
fishery,mix4,deterministic,61,0,none,0,0.0,0,0,1,0.4166666666666667,0,22.404305573914737,0.0,12.992081079344727,1,12,155.90497295213672,0.9125,0.0,0.0,0.0,,
fishery,mix4,deterministic,61,0,local_optimistic,0,,29,174,1,0.4166666666666667,4,22.804437339463814,0.4227165853006876,12.969496259593113,1,12,155.63395511511735,0.9125,14.5,0.0,14.5,0.0,174.0
fishery,mix4,deterministic,61,0,local_bounded,0,,198,1188,0,0.0,0,33.696000319207215,7.060927104995171,12.336972789208238,0,80,986.9578231366589,0.0,14.85,0.0,14.85,0.0,1188.0
fishery,mix4,deterministic,61,0,joint,0,,198,1188,0,0.0,0,33.696000319207215,7.060927104995171,12.336972789208238,0,80,986.9578231366589,0.0,14.85,0.0,0.0,0.0,0.0
fishery,mix4,deterministic,61,0,local_optimistic,3,,29,174,1,0.4166666666666667,4,22.804437339463814,0.4227165853006876,12.969496259593113,1,12,155.63395511511735,0.9125,14.5,3.0,14.5,36.0,174.0
fishery,mix4,deterministic,61,0,local_bounded,3,,198,1188,0,0.0,0,33.696000319207215,7.060927104995171,12.336972789208238,0,80,986.9578231366589,0.0,14.85,3.0,14.85,240.0,1188.0
fishery,mix4,deterministic,61,0,joint,3,,197,1182,0,0.0,0,26.11915893559594,5.465684610532142,10.073755854927551,0,80,805.900468394204,0.0,14.775,3.0,3.0,240.0,240.0
fishery,mix4,deterministic,61,0,local_optimistic,6,,28,168,1,0.4166666666666667,4,22.404305573914737,0.0,12.992081079344727,1,12,155.90497295213672,0.9125,14.0,6.0,14.0,72.0,168.0
fishery,mix4,deterministic,61,0,local_bounded,6,,235,1410,0,0.0,0,20.226424591712487,7.203105040818764,8.174994122508132,0,80,653.9995298006504,0.0,17.625,6.0,17.625,480.0,1410.0
fishery,mix4,deterministic,61,0,joint,6,,274,1644,0,0.0,0,15.097572261671138,7.0970249422914495,6.361910408633524,0,80,508.9528326906818,0.0,20.55,6.0,6.0,480.0,480.0
fishery,mix4,deterministic,62,0,none,0,0.0,0,0,1,0.45454545454545453,0,23.13160835261398,0.0,13.792528947964048,1,11,151.7178184276045,0.925,0.0,0.0,0.0,,
fishery,mix4,deterministic,62,0,local_optimistic,0,,25,150,1,0.45454545454545453,3,24.55466501643444,1.2077385007333812,14.007847111051126,1,11,154.0863182215624,0.925,13.636363636363637,0.0,13.636363636363637,0.0,150.0
fishery,mix4,deterministic,62,0,local_bounded,0,,179,1074,0,0.0,0,34.93322181203532,5.347687842240587,12.606336997409858,0,80,1008.5069597927885,0.0,13.425,0.0,13.425,0.0,1074.0
fishery,mix4,deterministic,62,0,joint,0,,179,1074,0,0.0,0,34.93322181203532,5.347687842240587,12.606336997409858,0,80,1008.5069597927885,0.0,13.425,0.0,0.0,0.0,0.0
fishery,mix4,deterministic,62,0,local_optimistic,3,,25,150,1,0.45454545454545453,3,24.55466501643444,1.2077385007333812,14.007847111051126,1,11,154.0863182215624,0.925,13.636363636363637,3.0,13.636363636363637,33.0,150.0
fishery,mix4,deterministic,62,0,local_bounded,3,,179,1074,0,0.0,0,34.93322181203532,5.347687842240587,12.606336997409858,0,80,1008.5069597927885,0.0,13.425,3.0,13.425,240.0,1074.0
fishery,mix4,deterministic,62,0,joint,3,,216,1296,0,0.0,0,24.752458888696953,6.832707634268973,9.663115563632928,0,80,773.0492450906341,0.0,16.2,3.0,3.0,240.0,240.0
fishery,mix4,deterministic,62,0,local_optimistic,6,,24,144,1,0.45454545454545453,3,23.987419709359983,0.5154527068882097,14.132887597821837,1,11,155.4617635760402,0.925,13.090909090909092,6.0,13.090909090909092,66.0,144.0
fishery,mix4,deterministic,62,0,local_bounded,6,,235,1410,0,0.0,0,21.870952489744646,7.786495476953794,8.708546114727705,0,80,696.6836891782162,0.0,17.625,6.0,17.625,480.0,1410.0
fishery,mix4,deterministic,62,0,joint,6,,282,1692,0,0.0,0,14.855870128325904,7.094232753729196,6.347242741120043,0,80,507.7794192896034,0.0,21.15,6.0,6.0,480.0,480.0
fishery,mix4,deterministic,63,0,none,0,0.0,0,0,1,0.45454545454545453,0,23.94612080058821,0.0,14.036733383729711,1,11,154.40406722102682,0.925,0.0,0.0,0.0,,
fishery,mix4,deterministic,63,0,local_optimistic,0,,23,138,1,0.45454545454545453,0,26.255365272525793,1.8338034307969513,14.512174424870336,1,11,159.63391867357367,0.925,12.545454545454545,0.0,12.545454545454545,0.0,138.0
fishery,mix4,deterministic,63,0,local_bounded,0,,189,1134,0,0.0,0,34.16670339602103,6.3139920519115496,12.473591787682162,0,80,997.8873430145729,0.0,14.175,0.0,14.175,0.0,1134.0
fishery,mix4,deterministic,63,0,joint,0,,189,1134,0,0.0,0,34.16670339602103,6.3139920519115496,12.473591787682162,0,80,997.8873430145729,0.0,14.175,0.0,0.0,0.0,0.0
fishery,mix4,deterministic,63,0,local_optimistic,3,,23,138,1,0.45454545454545453,0,26.255365272525793,1.8338034307969513,14.512174424870336,1,11,159.63391867357367,0.925,12.545454545454545,3.0,12.545454545454545,33.0,138.0
fishery,mix4,deterministic,63,0,local_bounded,3,,189,1134,0,0.0,0,34.16670339602103,6.3139920519115496,12.473591787682162,0,80,997.8873430145729,0.0,14.175,3.0,14.175,240.0,1134.0
fishery,mix4,deterministic,63,0,joint,3,,192,1152,0,0.0,0,26.347157343972878,5.088293947142884,10.136579033392014,0,80,810.9263226713609,0.0,14.4,3.0,3.0,240.0,240.0
fishery,mix4,deterministic,63,0,local_optimistic,6,,24,144,1,0.45454545454545453,3,23.94612080058821,1.5346108222564165e-15,14.036733383729711,1,11,154.40406722102682,0.925,13.090909090909092,6.0,13.090909090909092,66.0,144.0
fishery,mix4,deterministic,63,0,local_bounded,6,,192,1152,0,0.0,0,31.1813041593738,5.970893822154213,11.63463467868124,0,80,930.7707742944991,0.0,14.4,6.0,14.4,480.0,1152.0
fishery,mix4,deterministic,63,0,joint,6,,268,1608,0,0.0,0,14.872283585662212,6.852046288676101,6.3161882132977105,0,80,505.29505706381684,0.0,20.1,6.0,6.0,480.0,480.0
harvest,mix2,slow_regen,0,0,none,0,0.0,0,0,0,0.0125,0,10.63595476951225,0.0,8.575153082999728,1,80,686.0122466399782,0.0125,0.0,0.0,0.0,,
harvest,mix2,slow_regen,0,0,local_optimistic,0,,220,1320,0,0.0,0,12.911762751347192,6.5200793475026275,7.528773484503151,0,80,602.3018787602521,0.0,16.5,0.0,16.5,0.0,1320.0
harvest,mix2,slow_regen,0,0,local_bounded,0,,224,1344,0,0.0,0,14.075345457896077,7.484998132211561,8.855775757338497,0,80,708.4620605870798,0.0,16.8,0.0,16.8,0.0,1344.0
harvest,mix2,slow_regen,0,0,joint,0,,223,1338,0,0.0,0,14.05586097622238,7.399878724587656,8.86404287622805,0,80,709.123430098244,0.0,16.725,0.0,0.0,0.0,0.0
harvest,mix2,slow_regen,0,0,local_optimistic,3,,175,1050,0,0.0,0,11.766018538871355,3.8129286230281005,7.402278569062839,0,80,592.1822855250272,0.0,13.125,3.0,13.125,240.0,1050.0
harvest,mix2,slow_regen,0,0,local_bounded,3,,209,1254,0,0.0,0,12.408034545949088,5.690475390309976,7.202011577817771,0,80,576.1609262254217,0.0,15.675,3.0,15.675,240.0,1254.0
harvest,mix2,slow_regen,0,0,joint,3,,189,1134,0,0.0,0,12.008412783228986,4.583781266970023,7.344817453267742,0,80,587.5853962614194,0.0,14.175,3.0,3.0,240.0,240.0
harvest,mix2,slow_regen,0,0,local_optimistic,6,,97,582,0,0.0,0,10.932616107991226,0.6486614726722074,8.380646319886504,0,80,670.4517055909203,0.0,7.275,6.0,7.275,480.0,582.0
harvest,mix2,slow_regen,0,0,local_bounded,6,,161,966,0,0.0,0,11.647485412403284,3.248260077932694,7.59996516666005,0,80,607.997213332804,0.0,12.075,6.0,12.075,480.0,966.0
harvest,mix2,slow_regen,0,0,joint,6,,98,588,0,0.0,0,10.969060051436525,0.6972653808452046,8.42650541785999,0,80,674.1204334287993,0.0,7.35,6.0,6.0,480.0,480.0
harvest,mix2,slow_regen,0,1,none,0,0.0,0,0,0,0.0,0,10.688495986135043,0.0,8.513521393751844,0,80,681.0817115001475,0.0,0.0,0.0,0.0,,
harvest,mix2,slow_regen,0,1,local_optimistic,0,,224,1344,0,0.0,0,12.883834949183807,6.582522345188278,7.321410174108666,0,80,585.7128139286933,0.0,16.8,0.0,16.8,0.0,1344.0
harvest,mix2,slow_regen,0,1,local_bounded,0,,229,1374,0,0.0,0,14.1729229856741,7.708138558207068,8.756976130779647,0,80,700.5580904623718,0.0,17.175,0.0,17.175,0.0,1374.0
harvest,mix2,slow_regen,0,1,joint,0,,228,1368,0,0.0,0,14.156356305277095,7.618464888478011,8.76979751177435,0,80,701.583800941948,0.0,17.1,0.0,0.0,0.0,0.0
harvest,mix2,slow_regen,0,1,local_optimistic,3,,179,1074,0,0.0,0,11.758981591703408,4.010037606823085,7.157537144992736,0,80,572.6029715994189,0.0,13.425,3.0,13.425,240.0,1074.0
harvest,mix2,slow_regen,0,1,local_bounded,3,,214,1284,0,0.0,0,12.424487516118928,5.758653283001716,6.988667035749574,0,80,559.093362859966,0.0,16.05,3.0,16.05,240.0,1284.0
harvest,mix2,slow_regen,0,1,joint,3,,188,1128,0,0.0,0,11.95509006551615,4.45381133090939,7.1556484680566,0,80,572.451877444528,0.0,14.1,3.0,3.0,240.0,240.0
harvest,mix2,slow_regen,0,1,local_optimistic,6,,94,564,0,0.0,0,10.902374333793853,0.5371348880407243,8.34616856786773,0,80,667.6934854294184,0.0,7.05,6.0,7.05,480.0,564.0
harvest,mix2,slow_regen,0,1,local_bounded,6,,162,972,0,0.0,0,11.646733640206843,3.279806702668276,7.465991222916452,0,80,597.2792978333161,0.0,12.15,6.0,12.15,480.0,972.0
harvest,mix2,slow_regen,0,1,joint,6,,98,588,0,0.0,0,10.944808452659881,0.6991467732338352,8.336758441987413,0,80,666.9406753589931,0.0,7.35,6.0,6.0,480.0,480.0
harvest,mix2,slow_regen,1,0,none,0,0.0,0,0,0,0.725,0,9.785449145920891,0.0,8.943572883023137,14,80,715.485830641851,0.725,0.0,0.0,0.0,,
harvest,mix2,slow_regen,1,0,local_optimistic,0,,212,1272,0,0.0,0,12.717352400484344,5.695182949583676,7.487385695557893,0,80,598.9908556446314,0.0,15.9,0.0,15.9,0.0,1272.0
harvest,mix2,slow_regen,1,0,local_bounded,0,,216,1296,0,0.0,0,14.07074070438777,6.530722840441257,8.836476863544226,0,80,706.9181490835381,0.0,16.2,0.0,16.2,0.0,1296.0
harvest,mix2,slow_regen,1,0,joint,0,,213,1278,0,0.0,0,13.9765905392649,6.2749118266088,8.840561496057157,0,80,707.2449196845726,0.0,15.975,0.0,0.0,0.0,0.0
harvest,mix2,slow_regen,1,0,local_optimistic,3,,189,1134,0,0.0,0,11.942218772308854,4.5913188667175895,7.596216564966338,0,80,607.697325197307,0.0,14.175,3.0,14.175,240.0,1134.0
harvest,mix2,slow_regen,1,0,local_bounded,3,,210,1260,0,0.0,0,12.52188740424061,5.558777668785243,7.31598525546962,0,80,585.2788204375696,0.0,15.75,3.0,15.75,240.0,1260.0
harvest,mix2,slow_regen,1,0,joint,3,,198,1188,0,0.0,0,12.141001443624962,5.006537275767097,7.422418827893134,0,80,593.7935062314507,0.0,14.85,3.0,3.0,240.0,240.0
harvest,mix2,slow_regen,1,0,local_optimistic,6,,159,954,0,0.0,0,10.90095760757499,3.199426950708165,7.782868445841691,0,80,622.6294756673353,0.0,11.925,6.0,11.925,480.0,954.0
harvest,mix2,slow_regen,1,0,local_bounded,6,,178,1068,0,0.0,0,11.6034861717631,4.06492081887516,7.619896068562923,0,80,609.5916854850338,0.0,13.35,6.0,13.35,480.0,1068.0
harvest,mix2,slow_regen,1,0,joint,6,,160,960,0,0.0,0,10.943981883253866,3.2491953616993237,7.790194269114312,0,80,623.215541529145,0.0,12.0,6.0,6.0,480.0,480.0
harvest,mix2,slow_regen,1,1,none,0,0.0,0,0,0,0.7875,0,9.80973830355291,0.0,8.98001315155552,9,80,718.4010521244415,0.7875,0.0,0.0,0.0,,
harvest,mix2,slow_regen,1,1,local_optimistic,0,,211,1266,0,0.0,0,13.018924195379586,6.160324526604018,7.895386648359741,0,80,631.6309318687793,0.0,15.825,0.0,15.825,0.0,1266.0
harvest,mix2,slow_regen,1,1,local_bounded,0,,213,1278,0,0.0,0,14.038511039173375,6.396241458252945,8.916531520453308,0,80,713.3225216362646,0.0,15.975,0.0,15.975,0.0,1278.0
harvest,mix2,slow_regen,1,1,joint,0,,211,1266,0,0.0,0,13.977762408061551,6.256786538614552,8.934771315400258,0,80,714.7817052320207,0.0,15.825,0.0,0.0,0.0,0.0
harvest,mix2,slow_regen,1,1,local_optimistic,3,,189,1134,0,0.0,0,11.81122976977498,4.562412401519504,7.30866548896181,0,80,584.6932391169448,0.0,14.175,3.0,14.175,240.0,1134.0
harvest,mix2,slow_regen,1,1,local_bounded,3,,212,1272,0,0.0,0,12.588733364045371,5.87615728233686,7.2763596159964035,0,80,582.1087692797123,0.0,15.9,3.0,15.9,240.0,1272.0
harvest,mix2,slow_regen,1,1,joint,3,,197,1182,0,0.0,0,11.930432551525032,4.915182155926315,7.028750852786703,0,80,562.3000682229363,0.0,14.775,3.0,3.0,240.0,240.0
harvest,mix2,slow_regen,1,1,local_optimistic,6,,155,930,0,0.0,0,10.93723152247959,3.0254262087437214,7.934785123310917,0,80,634.7828098648733,0.0,11.625,6.0,11.625,480.0,930.0
harvest,mix2,slow_regen,1,1,local_bounded,6,,181,1086,0,0.0,0,11.602145630166095,4.201355178533762,7.371865197131996,0,80,589.7492157705597,0.0,13.575,6.0,13.575,480.0,1086.0
harvest,mix2,slow_regen,1,1,joint,6,,157,942,0,0.0,0,10.989264359460538,3.116567403898059,7.87040209083559,0,80,629.6321672668472,0.0,11.775,6.0,6.0,480.0,480.0
harvest,mix2,slow_regen,2,0,none,0,0.0,0,0,0,0.5875,0,9.941640344680078,0.0,9.024284549141875,22,80,721.94276393135,0.5875,0.0,0.0,0.0,,
harvest,mix2,slow_regen,2,0,local_optimistic,0,,202,1212,0,0.0,0,13.254917574865805,6.3719822565043085,10.48198116288502,0,80,838.5584930308016,0.0,15.15,0.0,15.15,0.0,1212.0
harvest,mix2,slow_regen,2,0,local_bounded,0,,217,1302,0,0.0,0,14.226024032686274,7.886882218126547,10.86014771772841,0,80,868.8118174182728,0.0,16.275,0.0,16.275,0.0,1302.0
harvest,mix2,slow_regen,2,0,joint,0,,217,1302,0,0.0,0,14.226024032686274,7.886882218126547,10.86014771772841,0,80,868.8118174182728,0.0,16.275,0.0,0.0,0.0,0.0
harvest,mix2,slow_regen,2,0,local_optimistic,3,,193,1158,0,0.0,0,12.069632305266902,5.446196944727116,9.30052604601104,0,80,744.0420836808833,0.0,14.475,3.0,14.475,240.0,1158.0
harvest,mix2,slow_regen,2,0,local_bounded,3,,201,1206,0,0.0,0,13.22769964963452,6.35506629952653,10.479048707222256,0,80,838.3238965777805,0.0,15.075,3.0,15.075,240.0,1206.0
harvest,mix2,slow_regen,2,0,joint,3,,193,1158,0,0.0,0,12.59033863682107,6.02116412487845,9.95541851622107,0,80,796.4334812976855,0.0,14.475,3.0,3.0,240.0,240.0
harvest,mix2,slow_regen,2,0,local_optimistic,6,,184,1104,0,0.0,0,10.955142716707751,5.005779303796793,8.181809919199967,0,80,654.5447935359973,0.0,13.8,6.0,13.8,480.0,1104.0
harvest,mix2,slow_regen,2,0,local_bounded,6,,207,1242,0,0.0,0,11.78778087212552,6.222509851448507,8.18747534996819,0,80,654.9980279974552,0.0,15.525,6.0,15.525,480.0,1242.0
harvest,mix2,slow_regen,2,0,joint,6,,188,1128,0,0.0,0,10.998263084864966,5.225281725525093,8.093918968888394,0,80,647.5135175110715,0.0,14.1,6.0,6.0,480.0,480.0
harvest,mix2,slow_regen,2,1,none,0,0.0,0,0,0,0.5875,0,9.953780340639085,0.0,9.01677341618361,19,80,721.3418732946889,0.5875,0.0,0.0,0.0,,
harvest,mix2,slow_regen,2,1,local_optimistic,0,,208,1248,0,0.0,0,12.955777813131004,6.621909455372661,9.713965975005914,0,80,777.1172780004731,0.0,15.6,0.0,15.6,0.0,1248.0
harvest,mix2,slow_regen,2,1,local_bounded,0,,217,1302,0,0.0,0,14.208205982889314,7.960941790651924,10.844145952237703,0,80,867.5316761790162,0.0,16.275,0.0,16.275,0.0,1302.0
harvest,mix2,slow_regen,2,1,joint,0,,217,1302,0,0.0,0,14.208205982889314,7.960941790651924,10.844145952237703,0,80,867.5316761790162,0.0,16.275,0.0,0.0,0.0,0.0
harvest,mix2,slow_regen,2,1,local_optimistic,3,,213,1278,0,0.0,0,11.815795177980798,6.656239129583474,7.988281759116335,0,80,639.0625407293068,0.0,15.975,3.0,15.975,240.0,1278.0
harvest,mix2,slow_regen,2,1,local_bounded,3,,209,1254,0,0.0,0,12.979793958370191,6.747227004205809,9.732065586624497,0,80,778.5652469299597,0.0,15.675,3.0,15.675,240.0,1254.0
harvest,mix2,slow_regen,2,1,joint,3,,206,1236,0,0.0,0,12.22109969780286,6.232829893111836,8.89464151274644,0,80,711.5713210197152,0.0,15.45,3.0,3.0,240.0,240.0
harvest,mix2,slow_regen,2,1,local_optimistic,6,,186,1116,0,0.0,0,10.917623236261349,5.121923560586053,8.013937225433837,0,80,641.114978034707,0.0,13.95,6.0,13.95,480.0,1116.0
harvest,mix2,slow_regen,2,1,local_bounded,6,,210,1260,0,0.0,0,11.87521219147376,6.54829530791018,8.201815401220372,0,80,656.1452320976298,0.0,15.75,6.0,15.75,480.0,1260.0
harvest,mix2,slow_regen,2,1,joint,6,,190,1140,0,0.0,0,11.000862292507728,5.347560795530121,7.9940896057770745,0,80,639.527168462166,0.0,14.25,6.0,6.0,480.0,480.0
harvest,mix2,slow_regen,3,0,none,0,0.0,0,0,0,0.4875,0,9.985926369631946,0.0,8.832961365360509,13,80,706.6369092288408,0.4875,0.0,0.0,0.0,,
harvest,mix2,slow_regen,3,0,local_optimistic,0,,231,1386,0,0.0,0,12.608268207418012,7.244714543667466,7.035774480918467,0,80,562.8619584734773,0.0,17.325,0.0,17.325,0.0,1386.0
harvest,mix2,slow_regen,3,0,local_bounded,0,,235,1410,0,0.0,0,13.44100674894089,7.945706459459691,7.879556912994981,0,80,630.3645530395985,0.0,17.625,0.0,17.625,0.0,1410.0
harvest,mix2,slow_regen,3,0,joint,0,,235,1410,0,0.0,0,13.425588031099531,7.930069015109865,7.868239328481944,0,80,629.4591462785555,0.0,17.625,0.0,0.0,0.0,0.0
harvest,mix2,slow_regen,3,0,local_optimistic,3,,183,1098,0,0.0,0,11.699457228799023,4.537954465529083,7.437663189490701,0,80,595.013055159256,0.0,13.725,3.0,13.725,240.0,1098.0
harvest,mix2,slow_regen,3,0,local_bounded,3,,217,1302,0,0.0,0,12.430130598792266,6.456577156401349,7.2502305664451026,0,80,580.0184453156082,0.0,16.275,3.0,16.275,240.0,1302.0
harvest,mix2,slow_regen,3,0,joint,3,,194,1164,0,0.0,0,11.929385197404168,5.111926803121155,7.355932945001096,0,80,588.4746356000877,0.0,14.55,3.0,3.0,240.0,240.0
harvest,mix2,slow_regen,3,0,local_optimistic,6,,130,780,0,0.0,0,10.90136339737217,2.1367495076487883,8.25563328053894,0,80,660.4506624431151,0.0,9.75,6.0,9.75,480.0,780.0
harvest,mix2,slow_regen,3,0,local_bounded,6,,169,1014,0,0.0,0,11.569956849462226,3.9018608913690223,7.696347372932081,0,80,615.7077898345665,0.0,12.675,6.0,12.675,480.0,1014.0
harvest,mix2,slow_regen,3,0,joint,6,,131,786,0,0.0,0,10.933426836254165,2.1842056651414614,8.219646770184548,0,80,657.5717416147638,0.0,9.825,6.0,6.0,480.0,480.0
harvest,mix2,slow_regen,3,1,none,0,0.0,0,0,0,0.5375,0,9.960711466566787,0.0,8.926058482440178,9,80,714.0846785952142,0.5375,0.0,0.0,0.0,,
harvest,mix2,slow_regen,3,1,local_optimistic,0,,230,1380,0,0.0,0,12.566192336700068,7.149681982949394,6.955534575973431,0,80,556.4427660778745,0.0,17.25,0.0,17.25,0.0,1380.0
harvest,mix2,slow_regen,3,1,local_bounded,0,,232,1392,0,0.0,0,13.415215958736628,7.751224018360769,7.889087758418825,0,80,631.127020673506,0.0,17.4,0.0,17.4,0.0,1392.0
harvest,mix2,slow_regen,3,1,joint,0,,231,1386,0,0.0,0,13.392515878331562,7.669713641090394,7.880386248412717,0,80,630.4308998730173,0.0,17.325,0.0,0.0,0.0,0.0
harvest,mix2,slow_regen,3,1,local_optimistic,3,,187,1122,0,0.0,0,11.753500732673107,4.772690276939239,7.390825214487006,0,80,591.2660171589605,0.0,14.025,3.0,14.025,240.0,1122.0
harvest,mix2,slow_regen,3,1,local_bounded,3,,223,1338,0,0.0,0,12.384233410379196,6.722948328384173,6.976579329690611,0,80,558.1263463752489,0.0,16.725,3.0,16.725,240.0,1338.0
harvest,mix2,slow_regen,3,1,joint,3,,199,1194,0,0.0,0,11.955623888747017,5.4031331471217126,7.2139693486244,0,80,577.117547889952,0.0,14.925,3.0,3.0,240.0,240.0
harvest,mix2,slow_regen,3,1,local_optimistic,6,,131,786,0,0.0,0,10.943827660558306,2.185419449363935,8.321793996843917,0,80,665.7435197475133,0.0,9.825,6.0,9.825,480.0,786.0
harvest,mix2,slow_regen,3,1,local_bounded,6,,171,1026,0,0.0,0,11.582545303066434,4.032555453941708,7.675452735871903,0,80,614.0362188697522,0.0,12.825,6.0,12.825,480.0,1026.0
harvest,mix2,slow_regen,3,1,joint,6,,133,798,0,0.0,0,10.973956451223051,2.2808756879624914,8.270876913273396,0,80,661.6701530618717,0.0,9.975,6.0,6.0,480.0,480.0
harvest,mix2,slow_regen,4,0,none,0,0.0,0,0,0,0.5,0,10.022499885196305,0.0,8.95575616133541,11,80,716.4604929068328,0.5,0.0,0.0,0.0,,
harvest,mix2,slow_regen,4,0,local_optimistic,0,,226,1356,0,0.0,0,12.519602366387474,6.344996951815257,6.524556283874707,0,80,521.9645027099766,0.0,16.95,0.0,16.95,0.0,1356.0
harvest,mix2,slow_regen,4,0,local_bounded,0,,221,1326,0,0.0,0,13.666907146236966,6.975586215764627,8.082587869348348,0,80,646.6070295478678,0.0,16.575,0.0,16.575,0.0,1326.0
harvest,mix2,slow_regen,4,0,joint,0,,217,1302,0,0.0,0,13.580766530467827,6.713735866805541,8.18183553627918,0,80,654.5468429023344,0.0,16.275,0.0,0.0,0.0,0.0
harvest,mix2,slow_regen,4,0,local_optimistic,3,,185,1110,0,0.0,0,11.67368434390767,4.390103645856515,7.213513392181585,0,80,577.0810713745268,0.0,13.875,3.0,13.875,240.0,1110.0
harvest,mix2,slow_regen,4,0,local_bounded,3,,214,1284,0,0.0,0,12.241910791209426,5.736576244210157,6.6718411525664125,0,80,533.747292205313,0.0,16.05,3.0,16.05,240.0,1284.0
harvest,mix2,slow_regen,4,0,joint,3,,193,1158,0,0.0,0,11.896215557963265,4.7822851011287115,7.144520163868663,0,80,571.561613109493,0.0,14.475,3.0,3.0,240.0,240.0
harvest,mix2,slow_regen,4,0,local_optimistic,6,,142,852,0,0.0,0,10.916999911499605,2.512852794762598,8.164766327523541,0,80,653.1813062018832,0.0,10.65,6.0,10.65,480.0,852.0
harvest,mix2,slow_regen,4,0,local_bounded,6,,175,1050,0,0.0,0,11.539491949918176,3.9808407090600566,7.489905469440664,0,80,599.1924375552532,0.0,13.125,6.0,13.125,480.0,1050.0
harvest,mix2,slow_regen,4,0,joint,6,,146,876,0,0.0,0,10.979414180743492,2.679668653133816,8.090676563775398,0,80,647.2541251020318,0.0,10.95,6.0,6.0,480.0,480.0
harvest,mix2,slow_regen,4,1,none,0,0.0,0,0,0,0.55,0,9.994717163352064,0.0,8.79786763389978,12,80,703.8294107119824,0.55,0.0,0.0,0.0,,
harvest,mix2,slow_regen,4,1,local_optimistic,0,,219,1314,0,0.0,0,12.603300964989714,6.16263033849148,7.045439996336043,0,80,563.6351997068834,0.0,16.425,0.0,16.425,0.0,1314.0
harvest,mix2,slow_regen,4,1,local_bounded,0,,225,1350,0,0.0,0,13.660353436592255,7.227276242617799,8.020268830553249,0,80,641.6215064442599,0.0,16.875,0.0,16.875,0.0,1350.0
harvest,mix2,slow_regen,4,1,joint,0,,217,1302,0,0.0,0,13.566820444914566,6.77521929602878,8.246273118548435,0,80,659.7018494838749,0.0,16.275,0.0,0.0,0.0,0.0
harvest,mix2,slow_regen,4,1,local_optimistic,3,,193,1158,0,0.0,0,11.70071436363472,4.754855138061264,7.026775942467165,0,80,562.1420753973732,0.0,14.475,3.0,14.475,240.0,1158.0
harvest,mix2,slow_regen,4,1,local_bounded,3,,211,1266,0,0.0,0,12.471279712997745,5.777503028681489,7.216240904516683,0,80,577.2992723613346,0.0,15.825,3.0,15.825,240.0,1266.0
harvest,mix2,slow_regen,4,1,joint,3,,200,1200,0,0.0,0,11.875216586664356,5.116985361105088,6.9198780397343,0,80,553.590243178744,0.0,15.0,3.0,3.0,240.0,240.0
harvest,mix2,slow_regen,4,1,local_optimistic,6,,152,912,0,0.0,0,10.902736580447558,2.921081887272839,7.8858660887907135,0,80,630.8692871032571,0.0,11.4,6.0,11.4,480.0,912.0
harvest,mix2,slow_regen,4,1,local_bounded,6,,181,1086,0,0.0,0,11.54383535926755,4.2474305470354805,7.3510631703208675,0,80,588.0850536256694,0.0,13.575,6.0,13.575,480.0,1086.0
harvest,mix2,slow_regen,4,1,joint,6,,152,912,0,0.0,0,10.952571287050045,2.948734974373636,7.887816424508908,0,80,631.0253139607127,0.0,11.4,6.0,6.0,480.0,480.0
harvest,mix2,slow_regen,5,0,none,0,0.0,0,0,0,0.175,0,10.205038897269127,0.0,9.023241660662439,5,80,721.8593328529951,0.175,0.0,0.0,0.0,,
harvest,mix2,slow_regen,5,0,local_optimistic,0,,229,1374,0,0.0,0,12.397972384890341,6.148204863208126,6.250711392920946,0,80,500.05691143367574,0.0,17.175,0.0,17.175,0.0,1374.0
harvest,mix2,slow_regen,5,0,local_bounded,0,,237,1422,0,0.0,0,13.303234943399309,7.163245297917081,7.197933639001545,0,80,575.8346911201236,0.0,17.775,0.0,17.775,0.0,1422.0
harvest,mix2,slow_regen,5,0,joint,0,,236,1416,0,0.0,0,13.29069527615871,7.096923094132746,7.225927721708186,0,80,578.0742177366549,0.0,17.7,0.0,0.0,0.0,0.0
harvest,mix2,slow_regen,5,0,local_optimistic,3,,179,1074,0,0.0,0,11.73870055893667,3.921796900309423,7.258623028517984,0,80,580.6898422814387,0.0,13.425,3.0,13.425,240.0,1074.0
harvest,mix2,slow_regen,5,0,local_bounded,3,,214,1284,0,0.0,0,12.363865386632764,5.509408885528536,6.794688979212767,0,80,543.5751183370213,0.0,16.05,3.0,16.05,240.0,1284.0
harvest,mix2,slow_regen,5,0,joint,3,,189,1134,0,0.0,0,11.95424414799821,4.387366639091912,7.165913082796396,0,80,573.2730466237117,0.0,14.175,3.0,3.0,240.0,240.0
harvest,mix2,slow_regen,5,0,local_optimistic,6,,129,774,0,0.0,0,10.939961112792238,1.8998737089146538,8.29746977632638,0,80,663.7975821061104,0.0,9.675,6.0,9.675,480.0,774.0
harvest,mix2,slow_regen,5,0,local_bounded,6,,165,990,0,0.0,0,11.60683712091382,3.3583633449507424,7.604053089751754,0,80,608.3242471801403,0.0,12.375,6.0,12.375,480.0,990.0
harvest,mix2,slow_regen,5,0,joint,6,,128,768,0,0.0,0,10.944143959376108,1.870910025544108,8.34093687325821,0,80,667.2749498606568,0.0,9.6,6.0,6.0,480.0,480.0
harvest,mix2,slow_regen,5,1,none,0,0.0,0,0,0,0.2,0,10.228145757583452,0.0,8.967493975614719,4,80,717.3995180491775,0.2,0.0,0.0,0.0,,
harvest,mix2,slow_regen,5,1,local_optimistic,0,,229,1374,0,0.0,0,12.549339169575273,6.227619909298494,6.562346548903449,0,80,524.9877239122759,0.0,17.175,0.0,17.175,0.0,1374.0
harvest,mix2,slow_regen,5,1,local_bounded,0,,238,1428,0,0.0,0,13.306334217029242,7.232926995660064,7.15836489840805,0,80,572.669191872644,0.0,17.85,0.0,17.85,0.0,1428.0
harvest,mix2,slow_regen,5,1,joint,0,,237,1422,0,0.0,0,13.295850561155271,7.149129683495195,7.215103204077022,0,80,577.2082563261617,0.0,17.775,0.0,0.0,0.0,0.0
harvest,mix2,slow_regen,5,1,local_optimistic,3,,179,1074,0,0.0,0,11.902181919904521,3.9037670092788894,7.543087923797725,0,80,603.447033903818,0.0,13.425,3.0,13.425,240.0,1074.0
harvest,mix2,slow_regen,5,1,local_bounded,3,,214,1284,0,0.0,0,12.630307233601249,5.577973195850239,7.25451664235504,0,80,580.3613313884032,0.0,16.05,3.0,16.05,240.0,1284.0
harvest,mix2,slow_regen,5,1,joint,3,,194,1164,0,0.0,0,11.952059223039461,4.6125884674915865,7.004648664147334,0,80,560.3718931317867,0.0,14.55,3.0,3.0,240.0,240.0
harvest,mix2,slow_regen,5,1,local_optimistic,6,,129,774,0,0.0,0,10.934510551837459,1.8994665634401664,8.2799439313709,0,80,662.395514509672,0.0,9.675,6.0,9.675,480.0,774.0
harvest,mix2,slow_regen,5,1,local_bounded,6,,166,996,0,0.0,0,11.67879450173091,3.392181849051022,7.689649426708163,0,80,615.1719541366531,0.0,12.45,6.0,12.45,480.0,996.0
harvest,mix2,slow_regen,5,1,joint,6,,129,774,0,0.0,0,10.953648237803744,1.9448486518235755,8.274120652715728,0,80,661.9296522172583,0.0,9.675,6.0,6.0,480.0,480.0
harvest,mix2,slow_regen,6,0,none,0,0.0,0,0,0,0.075,0,10.55307178751256,0.0,8.334838684872949,1,80,666.7870947898359,0.075,0.0,0.0,0.0,,
harvest,mix2,slow_regen,6,0,local_optimistic,0,,238,1428,0,0.0,0,12.105159773753407,6.9786634895326305,5.9334819741060585,0,80,474.6785579284847,0.0,17.85,0.0,17.85,0.0,1428.0
harvest,mix2,slow_regen,6,0,local_bounded,0,,241,1446,0,0.0,0,12.423375322993133,7.46238590679751,6.307686479857006,0,80,504.6149183885605,0.0,18.075,0.0,18.075,0.0,1446.0
harvest,mix2,slow_regen,6,0,joint,0,,240,1440,0,0.0,0,12.416093494061228,7.414104202866193,6.32948006677127,0,80,506.3584053417016,0.0,18.0,0.0,0.0,0.0,0.0
harvest,mix2,slow_regen,6,0,local_optimistic,3,,197,1182,0,0.0,0,11.591381841681434,4.861763335095487,6.780146219968799,0,80,542.4116975975039,0.0,14.775,3.0,14.775,240.0,1182.0
harvest,mix2,slow_regen,6,0,local_bounded,3,,229,1374,0,0.0,0,11.99918161843587,6.542423170767985,6.172847675544103,0,80,493.8278140435283,0.0,17.175,3.0,17.175,240.0,1374.0
harvest,mix2,slow_regen,6,0,joint,3,,208,1248,0,0.0,0,11.824339545584369,5.464513174550372,6.706616954660106,0,80,536.5293563728085,0.0,15.6,3.0,3.0,240.0,240.0
harvest,mix2,slow_regen,6,0,local_optimistic,6,,109,654,0,0.0,0,10.876122624043427,1.1528608595660015,8.067367423126395,0,80,645.3893938501117,0.0,8.175,6.0,8.175,480.0,654.0
harvest,mix2,slow_regen,6,0,local_bounded,6,,181,1086,0,0.0,0,11.486481102868794,4.233015454394874,7.151950683350916,0,80,572.1560546680732,0.0,13.575,6.0,13.575,480.0,1086.0
harvest,mix2,slow_regen,6,0,joint,6,,112,672,0,0.0,0,10.893051329308545,1.3113652445796207,8.044063084778742,0,80,643.5250467822993,0.0,8.4,6.0,6.0,480.0,480.0
harvest,mix2,slow_regen,6,1,none,0,0.0,0,0,0,0.0375,0,10.659705692459912,0.0,8.582913762228634,1,80,686.6331009782907,0.0375,0.0,0.0,0.0,,
harvest,mix2,slow_regen,6,1,local_optimistic,0,,233,1398,0,0.0,0,12.335160250150036,6.832800494773332,6.2283989253955,0,80,498.27191403164,0.0,17.475,0.0,17.475,0.0,1398.0
harvest,mix2,slow_regen,6,1,local_bounded,0,,239,1434,0,0.0,0,12.639965167526503,7.418884517370654,6.440935709668842,0,80,515.2748567735074,0.0,17.925,0.0,17.925,0.0,1434.0
harvest,mix2,slow_regen,6,1,joint,0,,239,1434,0,0.0,0,12.639965167526503,7.418884517370654,6.440935709668842,0,80,515.2748567735074,0.0,17.925,0.0,0.0,0.0,0.0
harvest,mix2,slow_regen,6,1,local_optimistic,3,,182,1092,0,0.0,0,11.649790596196704,4.255193479938756,7.208777640382169,0,80,576.7022112305735,0.0,13.65,3.0,13.65,240.0,1092.0
harvest,mix2,slow_regen,6,1,local_bounded,3,,219,1314,0,0.0,0,12.110740717350637,6.118520794241784,6.470777246176782,0,80,517.6621796941425,0.0,16.425,3.0,16.425,240.0,1314.0
harvest,mix2,slow_regen,6,1,joint,3,,193,1158,0,0.0,0,11.7975395408205,4.8409446769222395,7.055169016282214,0,80,564.4135213025771,0.0,14.475,3.0,3.0,240.0,240.0
harvest,mix2,slow_regen,6,1,local_optimistic,6,,99,594,0,0.0,0,10.908414522734265,0.7786672685376074,8.417013676104013,0,80,673.361094088321,0.0,7.425,6.0,7.425,480.0,594.0
harvest,mix2,slow_regen,6,1,local_bounded,6,,173,1038,0,0.0,0,11.57012795324678,3.9151155362543917,7.417299946401255,0,80,593.3839957121004,0.0,12.975,6.0,12.975,480.0,1038.0
harvest,mix2,slow_regen,6,1,joint,6,,102,612,0,0.0,0,10.940953922448962,0.9079901917323211,8.369217670885131,0,80,669.5374136708106,0.0,7.65,6.0,6.0,480.0,480.0
harvest,mix2,slow_regen,7,0,none,0,0.0,0,0,0,0.0875,0,10.395287817977843,0.0,8.331603042262097,2,80,666.5282433809678,0.0875,0.0,0.0,0.0,,
harvest,mix2,slow_regen,7,0,local_optimistic,0,,233,1398,0,0.0,0,12.927994427589317,7.264089560989925,6.93838142896154,0,80,555.0705143169232,0.0,17.475,0.0,17.475,0.0,1398.0
harvest,mix2,slow_regen,7,0,local_bounded,0,,240,1440,0,0.0,0,13.31649696690057,8.036773024880208,7.143317060388827,0,80,571.4653648311062,0.0,18.0,0.0,18.0,0.0,1440.0
harvest,mix2,slow_regen,7,0,joint,0,,239,1434,0,0.0,0,13.264021627364263,7.90078548273941,7.114381723940485,0,80,569.1505379152388,0.0,17.925,0.0,0.0,0.0,0.0
harvest,mix2,slow_regen,7,0,local_optimistic,3,,188,1128,0,0.0,0,11.692044036250008,4.7795363059109786,6.935319037427203,0,80,554.8255229941763,0.0,14.1,3.0,14.1,240.0,1128.0
harvest,mix2,slow_regen,7,0,local_bounded,3,,222,1332,0,0.0,0,12.227549127196236,6.490826328620718,6.350312608234914,0,80,508.02500865879307,0.0,16.65,3.0,16.65,240.0,1332.0
harvest,mix2,slow_regen,7,0,joint,3,,199,1194,0,0.0,0,11.872843185785385,5.345118006524336,6.7220111026983815,0,80,537.7608882158705,0.0,14.925,3.0,3.0,240.0,240.0
harvest,mix2,slow_regen,7,0,local_optimistic,6,,134,804,0,0.0,0,10.89264482503754,2.301043144915746,7.896869011322616,0,80,631.7495209058093,0.0,10.05,6.0,10.05,480.0,804.0
harvest,mix2,slow_regen,7,0,local_bounded,6,,172,1032,0,0.0,0,11.505635968070518,4.073503256443233,7.296092306918888,0,80,583.687384553511,0.0,12.9,6.0,12.9,480.0,1032.0
harvest,mix2,slow_regen,7,0,joint,6,,136,816,0,0.0,0,10.914524311108531,2.399768291404996,7.869384617104503,0,80,629.5507693683602,0.0,10.2,6.0,6.0,480.0,480.0
harvest,mix2,slow_regen,7,1,none,0,0.0,0,0,0,0.125,0,10.326943929033353,0.0,8.281274385403098,4,80,662.5019508322478,0.125,0.0,0.0,0.0,,
harvest,mix2,slow_regen,7,1,local_optimistic,0,,235,1410,0,0.0,0,12.930587581350167,7.485104806522452,7.003804443537026,0,80,560.3043554829621,0.0,17.625,0.0,17.625,0.0,1410.0
harvest,mix2,slow_regen,7,1,local_bounded,0,,239,1434,0,0.0,0,13.260114111709004,8.045624529594082,7.2661802329065495,0,80,581.294418632524,0.0,17.925,0.0,17.925,0.0,1434.0
harvest,mix2,slow_regen,7,1,joint,0,,237,1422,0,0.0,0,13.21810443997192,7.872111044324401,7.2809445900858005,0,80,582.4755672068641,0.0,17.775,0.0,0.0,0.0,0.0
harvest,mix2,slow_regen,7,1,local_optimistic,3,,188,1128,0,0.0,0,11.603638278298614,4.786633144558663,6.9346051115116385,0,80,554.768408920931,0.0,14.1,3.0,14.1,240.0,1128.0
harvest,mix2,slow_regen,7,1,local_bounded,3,,221,1326,0,0.0,0,12.270966369851022,6.501455770530899,6.595472130603378,0,80,527.6377704482702,0.0,16.575,3.0,16.575,240.0,1326.0
harvest,mix2,slow_regen,7,1,joint,3,,202,1212,0,0.0,0,11.857682406187337,5.492166830947252,6.703179007979921,0,80,536.2543206383937,0.0,15.15,3.0,3.0,240.0,240.0
harvest,mix2,slow_regen,7,1,local_optimistic,6,,141,846,0,0.0,0,10.86813325623694,2.5919293057650035,7.791818775193282,0,80,623.3455020154626,0.0,10.575,6.0,10.575,480.0,846.0
harvest,mix2,slow_regen,7,1,local_bounded,6,,179,1074,0,0.0,0,11.495422195650267,4.405087273966205,7.139821016373693,0,80,571.1856813098955,0.0,13.425,6.0,13.425,480.0,1074.0
harvest,mix2,slow_regen,7,1,joint,6,,144,864,0,0.0,0,10.91378698817934,2.728339019696425,7.749083998866998,0,80,619.9267199093598,0.0,10.8,6.0,6.0,480.0,480.0
harvest,mix2,slow_regen,8,0,none,0,0.0,0,0,0,0.9875,0,9.23080938239058,0.0,9.335629719150912,1,80,746.850377532073,0.9875,0.0,0.0,0.0,,
harvest,mix2,slow_regen,8,0,local_optimistic,0,,230,1380,0,0.0,0,12.412030432676248,7.386881051348214,7.079636395183035,0,80,566.3709116146428,0.0,17.25,0.0,17.25,0.0,1380.0
harvest,mix2,slow_regen,8,0,local_bounded,0,,219,1314,0,0.0,0,13.592001119799132,7.683564887826603,8.816931536305393,0,80,705.3545229044315,0.0,16.425,0.0,16.425,0.0,1314.0
harvest,mix2,slow_regen,8,0,joint,0,,218,1308,0,0.0,0,13.49228509447517,7.604127045070838,8.806218779398622,0,80,704.4975023518897,0.0,16.35,0.0,0.0,0.0,0.0
harvest,mix2,slow_regen,8,0,local_optimistic,3,,204,1224,0,0.0,0,11.715635792656652,5.962078692018427,7.506831589073784,0,80,600.5465271259027,0.0,15.3,3.0,15.3,240.0,1224.0
harvest,mix2,slow_regen,8,0,local_bounded,3,,222,1332,0,0.0,0,12.330226697390758,6.991667825647032,7.341903961209169,0,80,587.3523168967336,0.0,16.65,3.0,16.65,240.0,1332.0
harvest,mix2,slow_regen,8,0,joint,3,,212,1272,0,0.0,0,11.975291358548086,6.4205283850078185,7.418454331811906,0,80,593.4763465449524,0.0,15.9,3.0,3.0,240.0,240.0
harvest,mix2,slow_regen,8,0,local_optimistic,6,,172,1032,0,0.0,0,10.93703009507692,4.307765634874732,8.255818234862636,0,80,660.4654587890109,0.0,12.9,6.0,12.9,480.0,1032.0
harvest,mix2,slow_regen,8,0,local_bounded,6,,197,1182,0,0.0,0,11.618242696136488,5.607345737935378,7.733151563875599,0,80,618.6521251100479,0.0,14.775,6.0,14.775,480.0,1182.0
harvest,mix2,slow_regen,8,0,joint,6,,174,1044,0,0.0,0,10.979338365710849,4.420975577144259,8.19060613445391,0,80,655.2484907563128,0.0,13.05,6.0,6.0,480.0,480.0
harvest,mix2,slow_regen,8,1,none,0,0.0,0,0,0,0.9875,0,9.214402777206804,0.0,9.2033656478935,1,80,736.26925183148,0.9875,0.0,0.0,0.0,,
harvest,mix2,slow_regen,8,1,local_optimistic,0,,236,1416,0,0.0,0,12.40701748679718,7.684824362891935,6.808901791316833,0,80,544.7121433053467,0.0,17.7,0.0,17.7,0.0,1416.0
harvest,mix2,slow_regen,8,1,local_bounded,0,,220,1320,0,0.0,0,13.615989388149071,7.798257577672092,8.871812914184954,0,80,709.7450331347964,0.0,16.5,0.0,16.5,0.0,1320.0
harvest,mix2,slow_regen,8,1,joint,0,,214,1284,0,0.0,0,13.515734968382066,7.42795709931841,9.065758062612218,0,80,725.2606450089775,0.0,16.05,0.0,0.0,0.0,0.0
harvest,mix2,slow_regen,8,1,local_optimistic,3,,206,1236,0,0.0,0,11.665037479718471,6.006185383464164,7.331503951993271,0,80,586.5203161594617,0.0,15.45,3.0,15.45,240.0,1236.0
harvest,mix2,slow_regen,8,1,local_bounded,3,,228,1368,0,0.0,0,12.212626279492653,7.275964133203553,6.939696483985836,0,80,555.1757187188668,0.0,17.1,3.0,17.1,240.0,1368.0
harvest,mix2,slow_regen,8,1,joint,3,,217,1302,0,0.0,0,11.91548705393187,6.60356412193706,7.0876092238444475,0,80,567.0087379075558,0.0,16.275,3.0,3.0,240.0,240.0
harvest,mix2,slow_regen,8,1,local_optimistic,6,,175,1050,0,0.0,0,10.923734934047905,4.432107313806417,8.120892371612628,0,80,649.6713897290102,0.0,13.125,6.0,13.125,480.0,1050.0
harvest,mix2,slow_regen,8,1,local_bounded,6,,201,1206,0,0.0,0,11.56488331531176,5.789851952184552,7.459154001556447,0,80,596.7323201245158,0.0,15.075,6.0,15.075,480.0,1206.0
harvest,mix2,slow_regen,8,1,joint,6,,176,1056,0,0.0,0,10.95085231961969,4.5018516563350515,8.11331776379273,0,80,649.0654211034184,0.0,13.2,6.0,6.0,480.0,480.0
harvest,mix2,slow_regen,9,0,none,0,0.0,0,0,0,0.0125,0,10.7194984104566,0.0,8.163897289543772,1,80,653.1117831635019,0.0125,0.0,0.0,0.0,,
harvest,mix2,slow_regen,9,0,local_optimistic,0,,230,1380,0,0.0,0,12.711478859813406,6.604120293271069,6.477380503775896,0,80,518.1904403020717,0.0,17.25,0.0,17.25,0.0,1380.0
harvest,mix2,slow_regen,9,0,local_bounded,0,,235,1410,0,0.0,0,14.122826497137549,7.6615840404052165,8.17989823710834,0,80,654.3918589686672,0.0,17.625,0.0,17.625,0.0,1410.0
harvest,mix2,slow_regen,9,0,joint,0,,235,1410,0,0.0,0,14.122826497137549,7.6615840404052165,8.17989823710834,0,80,654.3918589686672,0.0,17.625,0.0,0.0,0.0,0.0
harvest,mix2,slow_regen,9,0,local_optimistic,3,,172,1032,0,0.0,0,11.880131365039755,3.729041444157653,7.362031028027507,0,80,588.9624822422006,0.0,12.9,3.0,12.9,240.0,1032.0
harvest,mix2,slow_regen,9,0,local_bounded,3,,210,1260,0,0.0,0,12.724579542329277,5.764093816949736,7.219888483376065,0,80,577.5910786700852,0.0,15.75,3.0,15.75,240.0,1260.0
harvest,mix2,slow_regen,9,0,joint,3,,186,1116,0,0.0,0,12.037639757372947,4.424236295659045,7.030992784676656,0,80,562.4794227741324,0.0,13.95,3.0,3.0,240.0,240.0
harvest,mix2,slow_regen,9,0,local_optimistic,6,,95,570,0,0.0,0,10.870080044496929,0.6008551310936789,8.07473382809943,0,80,645.9787062479543,0.0,7.125,6.0,7.125,480.0,570.0
harvest,mix2,slow_regen,9,0,local_bounded,6,,161,966,0,0.0,0,11.648392895929263,3.305519907531881,7.3991415431853484,0,80,591.9313234548279,0.0,12.075,6.0,12.075,480.0,966.0
harvest,mix2,slow_regen,9,0,joint,6,,99,594,0,0.0,0,10.915924449397338,0.7861320130044595,8.057681332870706,0,80,644.6145066296565,0.0,7.425,6.0,6.0,480.0,480.0
harvest,mix2,slow_regen,9,1,none,0,0.0,0,0,0,0.0,0,10.869592185203121,0.0,8.468894368930487,0,80,677.5115495144389,0.0,0.0,0.0,0.0,,
harvest,mix2,slow_regen,9,1,local_optimistic,0,,218,1308,0,0.0,0,13.134331875243765,6.330594375711914,7.459484135157767,0,80,596.7587308126214,0.0,16.35,0.0,16.35,0.0,1308.0
harvest,mix2,slow_regen,9,1,local_bounded,0,,232,1392,0,0.0,0,13.735031846064022,7.375726283883383,7.739775284921241,0,80,619.1820227936993,0.0,17.4,0.0,17.4,0.0,1392.0
harvest,mix2,slow_regen,9,1,joint,0,,232,1392,0,0.0,0,13.735031846064022,7.375726283883383,7.739775284921241,0,80,619.1820227936993,0.0,17.4,0.0,0.0,0.0,0.0
harvest,mix2,slow_regen,9,1,local_optimistic,3,,168,1008,0,0.0,0,11.855237797694333,3.6034487538457314,7.368047852237328,0,80,589.4438281789862,0.0,12.6,3.0,12.6,240.0,1008.0
harvest,mix2,slow_regen,9,1,local_bounded,3,,200,1200,0,0.0,0,12.948212079074324,5.401840448114086,7.822024847449029,0,80,625.7619877959223,0.0,15.0,3.0,15.0,240.0,1200.0
harvest,mix2,slow_regen,9,1,joint,3,,180,1080,0,0.0,0,12.088458807758409,4.203020941564692,7.236180397436419,0,80,578.8944317949135,0.0,13.5,3.0,3.0,240.0,240.0
harvest,mix2,slow_regen,9,1,local_optimistic,6,,91,546,0,0.0,0,10.990571021647606,0.438542733090663,8.474390159604457,0,80,677.9512127683566,0.0,6.825,6.0,6.825,480.0,546.0
harvest,mix2,slow_regen,9,1,local_bounded,6,,158,948,0,0.0,0,11.732498079625831,3.2345961263241834,7.505697984524618,0,80,600.4558387619694,0.0,11.85,6.0,11.85,480.0,948.0
harvest,mix2,slow_regen,9,1,joint,6,,92,552,0,0.0,0,11.059322049054108,0.4908960972329265,8.49868458850704,0,80,679.8947670805632,0.0,6.9,6.0,6.0,480.0,480.0
harvest,mix2,slow_regen,10,0,none,0,0.0,0,0,0,0.15,0,10.25840017590483,0.0,9.06746956604824,6,80,725.3975652838592,0.15,0.0,0.0,0.0,,
harvest,mix2,slow_regen,10,0,local_optimistic,0,,224,1344,0,0.0,0,12.97878956364001,6.7149322765409325,7.358174396954247,0,80,588.6539517563398,0.0,16.8,0.0,16.8,0.0,1344.0
harvest,mix2,slow_regen,10,0,local_bounded,0,,238,1428,0,0.0,0,13.378769351046293,7.83245611745472,7.251713867843213,0,80,580.1371094274571,0.0,17.85,0.0,17.85,0.0,1428.0
harvest,mix2,slow_regen,10,0,joint,0,,238,1428,0,0.0,0,13.378769351046293,7.83245611745472,7.251713867843213,0,80,580.1371094274571,0.0,17.85,0.0,0.0,0.0,0.0
harvest,mix2,slow_regen,10,0,local_optimistic,3,,184,1104,0,0.0,0,11.749405212517507,4.498593923406067,7.43614862171259,0,80,594.8918897370072,0.0,13.8,3.0,13.8,240.0,1104.0
harvest,mix2,slow_regen,10,0,local_bounded,3,,211,1266,0,0.0,0,12.782215148753185,6.1260060657275215,7.665422393341364,0,80,613.2337914673092,0.0,15.825,3.0,15.825,240.0,1266.0
harvest,mix2,slow_regen,10,0,joint,3,,194,1164,0,0.0,0,12.112608287436704,5.065839960660851,7.503802768591048,0,80,600.3042214872838,0.0,14.55,3.0,3.0,240.0,240.0
harvest,mix2,slow_regen,10,0,local_optimistic,6,,136,816,0,0.0,0,10.949035552623794,2.3541514294010675,8.449604270671685,0,80,675.9683416537348,0.0,10.2,6.0,10.2,480.0,816.0
harvest,mix2,slow_regen,10,0,local_bounded,6,,174,1044,0,0.0,0,11.749206021733533,4.112176994744471,7.944467450277861,0,80,635.5573960222289,0.0,13.05,6.0,13.05,480.0,1044.0
harvest,mix2,slow_regen,10,0,joint,6,,138,828,0,0.0,0,10.967035479616433,2.4394484882361143,8.370331702210317,0,80,669.6265361768253,0.0,10.35,6.0,6.0,480.0,480.0
harvest,mix2,slow_regen,10,1,none,0,0.0,0,0,0,0.15,0,10.248660083429119,0.0,8.94934925488774,9,80,715.9479403910191,0.15,0.0,0.0,0.0,,
harvest,mix2,slow_regen,10,1,local_optimistic,0,,225,1350,0,0.0,0,12.928907931007538,6.6524435765967125,7.230141475099671,0,80,578.4113180079737,0.0,16.875,0.0,16.875,0.0,1350.0
harvest,mix2,slow_regen,10,1,local_bounded,0,,238,1428,0,0.0,0,13.33410839881912,7.776598344631784,7.17031975103333,0,80,573.6255800826664,0.0,17.85,0.0,17.85,0.0,1428.0
harvest,mix2,slow_regen,10,1,joint,0,,238,1428,0,0.0,0,13.33410839881912,7.776598344631784,7.17031975103333,0,80,573.6255800826664,0.0,17.85,0.0,0.0,0.0,0.0
harvest,mix2,slow_regen,10,1,local_optimistic,3,,187,1122,0,0.0,0,11.713616824390886,4.589129196111299,7.228944815266507,0,80,578.3155852213206,0.0,14.025,3.0,14.025,240.0,1122.0
harvest,mix2,slow_regen,10,1,local_bounded,3,,217,1302,0,0.0,0,12.243402130408011,6.017049845692214,6.571210338652781,0,80,525.6968270922225,0.0,16.275,3.0,16.275,240.0,1302.0
harvest,mix2,slow_regen,10,1,joint,3,,194,1164,0,0.0,0,12.153575633864373,5.045266183644032,7.608013052691247,0,80,608.6410442152998,0.0,14.55,3.0,3.0,240.0,240.0
harvest,mix2,slow_regen,10,1,local_optimistic,6,,139,834,0,0.0,0,10.911372926618052,2.4834215967943303,8.361171359545603,0,80,668.8937087636482,0.0,10.425,6.0,10.425,480.0,834.0
harvest,mix2,slow_regen,10,1,local_bounded,6,,178,1068,0,0.0,0,11.581731603662607,4.205992536315205,7.470114690496705,0,80,597.6091752397364,0.0,13.35,6.0,13.35,480.0,1068.0
harvest,mix2,slow_regen,10,1,joint,6,,146,876,0,0.0,0,10.981969956607847,2.795646760854152,8.198879027891806,0,80,655.9103222313445,0.0,10.95,6.0,6.0,480.0,480.0
harvest,mix2,slow_regen,11,0,none,0,0.0,0,0,0,0.0375,0,10.444422338081019,0.0,8.484770640274414,2,80,678.7816512219531,0.0375,0.0,0.0,0.0,,
harvest,mix2,slow_regen,11,0,local_optimistic,0,,233,1398,0,0.0,0,12.257121824073952,6.6523093298074185,5.811098761187294,0,80,464.88790089498355,0.0,17.475,0.0,17.475,0.0,1398.0
harvest,mix2,slow_regen,11,0,local_bounded,0,,237,1422,0,0.0,0,12.497697285159585,6.988147849276112,5.948022978983044,0,80,475.8418383186435,0.0,17.775,0.0,17.775,0.0,1422.0
harvest,mix2,slow_regen,11,0,joint,0,,237,1422,0,0.0,0,12.497697285159585,6.988147849276112,5.948022978983044,0,80,475.8418383186435,0.0,17.775,0.0,0.0,0.0,0.0
harvest,mix2,slow_regen,11,0,local_optimistic,3,,193,1158,0,0.0,0,11.668614625231413,4.804815897374891,6.753814033754594,0,80,540.3051227003675,0.0,14.475,3.0,14.475,240.0,1158.0
harvest,mix2,slow_regen,11,0,local_bounded,3,,221,1326,0,0.0,0,12.110919507597362,6.120820150700121,6.141154944886069,0,80,491.2923955908855,0.0,16.575,3.0,16.575,240.0,1326.0
harvest,mix2,slow_regen,11,0,joint,3,,197,1182,0,0.0,0,11.84472204951202,5.011903252802649,6.796649668116342,0,80,543.7319734493074,0.0,14.775,3.0,3.0,240.0,240.0
harvest,mix2,slow_regen,11,0,local_optimistic,6,,124,744,0,0.0,0,10.87448250628004,1.8320142019054786,7.988612774681821,0,80,639.0890219745456,0.0,9.3,6.0,9.3,480.0,744.0
harvest,mix2,slow_regen,11,0,local_bounded,6,,180,1080,0,0.0,0,11.524302733419209,4.2537988839455805,7.042439439927284,0,80,563.3951551941827,0.0,13.5,6.0,13.5,480.0,1080.0
harvest,mix2,slow_regen,11,0,joint,6,,125,750,0,0.0,0,10.904216013991675,1.8924377057342938,7.980023314849267,0,80,638.4018651879413,0.0,9.375,6.0,6.0,480.0,480.0
harvest,mix2,slow_regen,11,1,none,0,0.0,0,0,0,0.1375,0,10.401551276584646,0.0,8.57068498449032,5,80,685.6547987592256,0.1375,0.0,0.0,0.0,,
harvest,mix2,slow_regen,11,1,local_optimistic,0,,232,1392,0,0.0,0,12.345069313770153,6.644777247094976,6.092446425944148,0,80,487.3957140755318,0.0,17.4,0.0,17.4,0.0,1392.0
harvest,mix2,slow_regen,11,1,local_bounded,0,,237,1422,0,0.0,0,12.743777431185459,7.190340558095157,6.379180178010538,0,80,510.334414240843,0.0,17.775,0.0,17.775,0.0,1422.0
harvest,mix2,slow_regen,11,1,joint,0,,237,1422,0,0.0,0,12.743777431185459,7.190340558095157,6.379180178010538,0,80,510.334414240843,0.0,17.775,0.0,0.0,0.0,0.0
harvest,mix2,slow_regen,11,1,local_optimistic,3,,190,1140,0,0.0,0,11.710748576323944,4.658432985213048,6.952230010641543,0,80,556.1784008513234,0.0,14.25,3.0,14.25,240.0,1140.0
harvest,mix2,slow_regen,11,1,local_bounded,3,,219,1314,0,0.0,0,12.466070917265753,6.14664882440603,6.862545044484645,0,80,549.0036035587716,0.0,16.425,3.0,16.425,240.0,1314.0
harvest,mix2,slow_regen,11,1,joint,3,,201,1206,0,0.0,0,11.860723674671608,5.205912647996755,6.749159762358653,0,80,539.9327809886922,0.0,15.075,3.0,3.0,240.0,240.0
harvest,mix2,slow_regen,11,1,local_optimistic,6,,121,726,0,0.0,0,10.89484843241426,1.727077040943947,8.080971714319148,0,80,646.4777371455318,0.0,9.075,6.0,9.075,480.0,726.0
harvest,mix2,slow_regen,11,1,local_bounded,6,,177,1062,0,0.0,0,11.576948157031424,4.093133424733661,7.2558913569581875,0,80,580.471308556655,0.0,13.275,6.0,13.275,480.0,1062.0
harvest,mix2,slow_regen,11,1,joint,6,,125,750,0,0.0,0,10.954030966470626,1.8958027337740593,8.018787369306605,0,80,641.5029895445284,0.0,9.375,6.0,6.0,480.0,480.0
harvest,mix2,slow_regen,12,0,none,0,0.0,0,0,0,0.0625,0,10.534493189080354,0.0,8.741783158468035,2,80,699.3426526774429,0.0625,0.0,0.0,0.0,,
harvest,mix2,slow_regen,12,0,local_optimistic,0,,205,1230,0,0.0,0,13.119193252797382,5.151930114331817,7.186440655866191,0,80,574.9152524692953,0.0,15.375,0.0,15.375,0.0,1230.0
harvest,mix2,slow_regen,12,0,local_bounded,0,,215,1290,0,0.0,0,13.775345522782207,5.976768431162484,7.525617632005646,0,80,602.0494105604516,0.0,16.125,0.0,16.125,0.0,1290.0
harvest,mix2,slow_regen,12,0,joint,0,,208,1248,0,0.0,0,13.716604053509247,5.652153820000324,7.68439193373441,0,80,614.7513546987528,0.0,15.6,0.0,0.0,0.0,0.0
harvest,mix2,slow_regen,12,0,local_optimistic,3,,165,990,0,0.0,0,12.000376778139081,3.1659141218138513,7.178838934862867,0,80,574.3071147890294,0.0,12.375,3.0,12.375,240.0,990.0
harvest,mix2,slow_regen,12,0,local_bounded,3,,198,1188,0,0.0,0,12.928148095902412,4.71158469246753,7.17559091905923,0,80,574.0472735247384,0.0,14.85,3.0,14.85,240.0,1188.0
harvest,mix2,slow_regen,12,0,joint,3,,172,1032,0,0.0,0,12.58312926886215,3.602780582417156,7.746154555635277,0,80,619.6923644508222,0.0,12.9,3.0,3.0,240.0,240.0
harvest,mix2,slow_regen,12,0,local_optimistic,6,,99,594,0,0.0,0,10.903683026824089,0.7075669698463061,8.513708424389922,0,80,681.0966739511937,0.0,7.425,6.0,7.425,480.0,594.0
harvest,mix2,slow_regen,12,0,local_bounded,6,,153,918,0,0.0,0,11.818711750814202,2.7109835307130274,7.424452422078073,0,80,593.9561937662459,0.0,11.475,6.0,11.475,480.0,918.0
harvest,mix2,slow_regen,12,0,joint,6,,99,594,0,0.0,0,10.903683026824089,0.7075669698463061,8.513708424389922,0,80,681.0966739511937,0.0,7.425,6.0,6.0,480.0,480.0
harvest,mix2,slow_regen,12,1,none,0,0.0,0,0,0,0.0375,0,10.612624005086598,0.0,8.728362041517508,2,80,698.2689633214006,0.0375,0.0,0.0,0.0,,
harvest,mix2,slow_regen,12,1,local_optimistic,0,,210,1260,0,0.0,0,13.122087891078877,5.30125288092398,6.952163409778795,0,80,556.1730727823036,0.0,15.75,0.0,15.75,0.0,1260.0
harvest,mix2,slow_regen,12,1,local_bounded,0,,212,1272,0,0.0,0,13.7940903996126,5.849081002413175,7.607338996988895,0,80,608.5871197591116,0.0,15.9,0.0,15.9,0.0,1272.0
harvest,mix2,slow_regen,12,1,joint,0,,206,1236,0,0.0,0,13.719976592000318,5.520128078639638,7.746305090927962,0,80,619.7044072742369,0.0,15.45,0.0,0.0,0.0,0.0
harvest,mix2,slow_regen,12,1,local_optimistic,3,,156,936,0,0.0,0,11.88131799399513,2.8311198741703882,7.262443160825685,0,80,580.9954528660548,0.0,11.7,3.0,11.7,240.0,936.0
harvest,mix2,slow_regen,12,1,local_bounded,3,,192,1152,0,0.0,0,12.934365028044818,4.488009640105854,7.339450983965994,0,80,587.1560787172796,0.0,14.4,3.0,14.4,240.0,1152.0
harvest,mix2,slow_regen,12,1,joint,3,,169,1014,0,0.0,0,12.118596047982763,3.388302603804069,7.088235623320855,0,80,567.0588498656684,0.0,12.675,3.0,3.0,240.0,240.0
harvest,mix2,slow_regen,12,1,local_optimistic,6,,98,588,0,0.0,0,10.934057291004015,0.6661099479510579,8.404698650081182,0,80,672.3758920064945,0.0,7.35,6.0,7.35,480.0,588.0
harvest,mix2,slow_regen,12,1,local_bounded,6,,153,918,0,0.0,0,11.822348761744427,2.695064171443502,7.315600195511965,0,80,585.2480156409572,0.0,11.475,6.0,11.475,480.0,918.0
harvest,mix2,slow_regen,12,1,joint,6,,98,588,0,0.0,0,10.950396171325327,0.6731769866060844,8.425105196335274,0,80,674.0084157068219,0.0,7.35,6.0,6.0,480.0,480.0
harvest,mix2,slow_regen,13,0,none,0,0.0,0,0,0,0.9625,0,9.504782483010846,0.0,9.147815909979858,2,80,731.8252727983886,0.9625,0.0,0.0,0.0,,
harvest,mix2,slow_regen,13,0,local_optimistic,0,,234,1404,0,0.0,0,12.254577873837897,7.4150266342163125,6.514802014994183,0,80,521.1841611995346,0.0,17.55,0.0,17.55,0.0,1404.0
harvest,mix2,slow_regen,13,0,local_bounded,0,,231,1386,0,0.0,0,13.225103721451642,7.995974674432796,7.887170825183158,0,80,630.9736660146526,0.0,17.325,0.0,17.325,0.0,1386.0
harvest,mix2,slow_regen,13,0,joint,0,,231,1386,0,0.0,0,13.1981478269305,7.982256001928223,7.873973983695791,0,80,629.9179186956633,0.0,17.325,0.0,0.0,0.0,0.0
harvest,mix2,slow_regen,13,0,local_optimistic,3,,199,1194,0,0.0,0,11.649116418648902,5.598766629949594,7.3071227393674665,0,80,584.5698191493973,0.0,14.925,3.0,14.925,240.0,1194.0
harvest,mix2,slow_regen,13,0,local_bounded,3,,225,1350,0,0.0,0,12.168668565659717,7.012751045250849,6.8376804329268355,0,80,547.0144346341468,0.0,16.875,3.0,16.875,240.0,1350.0
harvest,mix2,slow_regen,13,0,joint,3,,205,1230,0,0.0,0,11.813738398398486,5.921591993288972,7.250801034574261,0,80,580.0640827659408,0.0,15.375,3.0,3.0,240.0,240.0
harvest,mix2,slow_regen,13,0,local_optimistic,6,,156,936,0,0.0,0,10.903351128196366,3.463114034334051,8.279739742572893,0,80,662.3791794058315,0.0,11.7,6.0,11.7,480.0,936.0
harvest,mix2,slow_regen,13,0,local_bounded,6,,190,1140,0,0.0,0,11.52938210090679,5.15075830185025,7.540975023468408,0,80,603.2780018774727,0.0,14.25,6.0,14.25,480.0,1140.0
harvest,mix2,slow_regen,13,0,joint,6,,158,948,0,0.0,0,10.960912479120491,3.5972213732728653,8.258668745591104,0,80,660.6934996472883,0.0,11.85,6.0,6.0,480.0,480.0
harvest,mix2,slow_regen,13,1,none,0,0.0,0,0,0,0.9625,0,9.414410185515049,0.0,9.15534725450731,2,80,732.4277803605848,0.9625,0.0,0.0,0.0,,
harvest,mix2,slow_regen,13,1,local_optimistic,0,,233,1398,0,0.0,0,12.305249067719021,7.382240894668686,6.6038040565866085,0,80,528.3043245269287,0.0,17.475,0.0,17.475,0.0,1398.0
harvest,mix2,slow_regen,13,1,local_bounded,0,,227,1362,0,0.0,0,13.617512550544678,8.076076352583607,8.52384833930738,0,80,681.9078671445903,0.0,17.025,0.0,17.025,0.0,1362.0
harvest,mix2,slow_regen,13,1,joint,0,,236,1416,0,0.0,0,12.719757302580012,7.840934930322112,7.042833216939805,0,80,563.4266573551844,0.0,17.7,0.0,0.0,0.0,0.0
harvest,mix2,slow_regen,13,1,local_optimistic,3,,201,1206,0,0.0,0,11.709545011581413,5.678038725281908,7.299601938382255,0,80,583.9681550705803,0.0,15.075,3.0,15.075,240.0,1206.0
harvest,mix2,slow_regen,13,1,local_bounded,3,,226,1356,0,0.0,0,12.158252832617984,6.999760539292538,6.723768353181984,0,80,537.9014682545587,0.0,16.95,3.0,16.95,240.0,1356.0
harvest,mix2,slow_regen,13,1,joint,3,,208,1248,0,0.0,0,11.829076311595767,6.068454717395146,7.1412876142723976,0,80,571.3030091417918,0.0,15.6,3.0,3.0,240.0,240.0
harvest,mix2,slow_regen,13,1,local_optimistic,6,,159,954,0,0.0,0,10.93455332874237,3.642670787967546,8.256427949667287,0,80,660.5142359733829,0.0,11.925,6.0,11.925,480.0,954.0
harvest,mix2,slow_regen,13,1,local_bounded,6,,193,1158,0,0.0,0,11.556667213806266,5.3293832027197,7.523961204609288,0,80,601.916896368743,0.0,14.475,6.0,14.475,480.0,1158.0
harvest,mix2,slow_regen,13,1,joint,6,,160,960,0,0.0,0,10.953807713170068,3.701383423587475,8.244847629313295,0,80,659.5878103450636,0.0,12.0,6.0,6.0,480.0,480.0
harvest,mix2,slow_regen,14,0,none,0,0.0,0,0,0,0.0875,0,10.309982954135755,0.0,8.822333461852299,6,80,705.786676948184,0.0875,0.0,0.0,0.0,,
harvest,mix2,slow_regen,14,0,local_optimistic,0,,222,1332,0,0.0,0,12.94517429520351,7.177498371164735,8.2153184298194,0,80,657.2254743855519,0.0,16.65,0.0,16.65,0.0,1332.0
harvest,mix2,slow_regen,14,0,local_bounded,0,,223,1338,0,0.0,0,13.531485899199732,7.6387147692539985,8.597152728026558,0,80,687.7722182421246,0.0,16.725,0.0,16.725,0.0,1338.0
harvest,mix2,slow_regen,14,0,joint,0,,222,1332,0,0.0,0,13.467292722362185,7.554520191193703,8.608121150650522,0,80,688.6496920520417,0.0,16.65,0.0,0.0,0.0,0.0
harvest,mix2,slow_regen,14,0,local_optimistic,3,,196,1176,0,0.0,0,11.734601897243952,5.300779016214128,7.5465532259879495,0,80,603.724258079036,0.0,14.7,3.0,14.7,240.0,1176.0
harvest,mix2,slow_regen,14,0,local_bounded,3,,216,1296,0,0.0,0,12.849947402143812,6.706919415784419,8.3690481378387,0,80,669.523851027096,0.0,16.2,3.0,16.2,240.0,1296.0
harvest,mix2,slow_regen,14,0,joint,3,,204,1224,0,0.0,0,11.999004403961738,5.786099989767595,7.665304262125548,0,80,613.2243409700438,0.0,15.3,3.0,3.0,240.0,240.0
harvest,mix2,slow_regen,14,0,local_optimistic,6,,146,876,0,0.0,0,10.912445207333864,2.888270521703414,8.197903623936208,0,80,655.8322899148966,0.0,10.95,6.0,10.95,480.0,876.0
harvest,mix2,slow_regen,14,0,local_bounded,6,,186,1116,0,0.0,0,11.591917424427677,4.835653594102,7.7555946167679135,0,80,620.4475693414331,0.0,13.95,6.0,13.95,480.0,1116.0
harvest,mix2,slow_regen,14,0,joint,6,,144,864,0,0.0,0,10.934870501383728,2.812910120166472,8.270695141772308,0,80,661.6556113417846,0.0,10.8,6.0,6.0,480.0,480.0
harvest,mix2,slow_regen,14,1,none,0,0.0,0,0,0,0.1,0,10.250453930503472,0.0,8.926090261134217,6,80,714.0872208907374,0.1,0.0,0.0,0.0,,
harvest,mix2,slow_regen,14,1,local_optimistic,0,,219,1314,0,0.0,0,12.92465604900857,7.04322078590525,8.372119064675058,0,80,669.7695251740047,0.0,16.425,0.0,16.425,0.0,1314.0
harvest,mix2,slow_regen,14,1,local_bounded,0,,222,1332,0,0.0,0,13.78499243600939,7.681114525599011,9.072820603730591,0,80,725.8256482984473,0.0,16.65,0.0,16.65,0.0,1332.0
harvest,mix2,slow_regen,14,1,joint,0,,220,1320,0,0.0,0,13.698537688138952,7.501186779214438,9.102654443005623,0,80,728.2123554404499,0.0,16.5,0.0,0.0,0.0,0.0
harvest,mix2,slow_regen,14,1,local_optimistic,3,,191,1146,0,0.0,0,11.783875018744354,5.054290219488353,7.885263600898388,0,80,630.821088071871,0.0,14.325,3.0,14.325,240.0,1146.0
harvest,mix2,slow_regen,14,1,local_bounded,3,,216,1296,0,0.0,0,12.848366614518563,6.836689054072129,8.329878362080066,0,80,666.3902689664053,0.0,16.2,3.0,16.2,240.0,1296.0
harvest,mix2,slow_regen,14,1,joint,3,,200,1200,0,0.0,0,12.319244810956835,5.66946495414066,8.365076714398409,0,80,669.2061371518728,0.0,15.0,3.0,3.0,240.0,240.0
harvest,mix2,slow_regen,14,1,local_optimistic,6,,146,876,0,0.0,0,10.91040434257342,2.9007742695391534,8.283408363338307,0,80,662.6726690670646,0.0,10.95,6.0,10.95,480.0,876.0
harvest,mix2,slow_regen,14,1,local_bounded,6,,187,1122,0,0.0,0,11.531076967812712,4.8644560445064515,7.636372344919684,0,80,610.9097875935747,0.0,14.025,6.0,14.025,480.0,1122.0
harvest,mix2,slow_regen,14,1,joint,6,,147,882,0,0.0,0,10.962827435209801,2.9511246588239293,8.266418537325217,0,80,661.3134829860173,0.0,11.025,6.0,6.0,480.0,480.0
harvest,mix2,slow_regen,15,0,none,0,0.0,0,0,0,0.075,0,10.804961550849304,0.0,7.971079975852407,2,80,637.6863980681926,0.075,0.0,0.0,0.0,,
harvest,mix2,slow_regen,15,0,local_optimistic,0,,225,1350,0,0.0,0,12.766576186714392,6.207341083930399,6.523878057374924,0,80,521.9102445899939,0.0,16.875,0.0,16.875,0.0,1350.0
harvest,mix2,slow_regen,15,0,local_bounded,0,,233,1398,0,0.0,0,13.522436749074107,7.27016942589557,7.246079159454278,0,80,579.6863327563423,0.0,17.475,0.0,17.475,0.0,1398.0
harvest,mix2,slow_regen,15,0,joint,0,,231,1386,0,0.0,0,13.583793934533631,7.1686612554952145,7.327505669669148,0,80,586.2004535735318,0.0,17.325,0.0,0.0,0.0,0.0
harvest,mix2,slow_regen,15,0,local_optimistic,3,,173,1038,0,0.0,0,11.795748185672553,3.528572770136897,6.74188314456602,0,80,539.3506515652816,0.0,12.975,3.0,12.975,240.0,1038.0
harvest,mix2,slow_regen,15,0,local_bounded,3,,213,1278,0,0.0,0,12.314899547997399,5.41070564448634,6.273489826107576,0,80,501.87918608860605,0.0,15.975,3.0,15.975,240.0,1278.0
harvest,mix2,slow_regen,15,0,joint,3,,184,1104,0,0.0,0,12.015537926509968,4.05820270406983,6.721686284962539,0,80,537.7349027970031,0.0,13.8,3.0,3.0,240.0,240.0
harvest,mix2,slow_regen,15,0,local_optimistic,6,,86,516,0,0.0,0,10.982699533789722,0.27156209751884075,7.953230447309492,0,80,636.2584357847594,0.0,6.45,6.0,6.45,480.0,516.0
harvest,mix2,slow_regen,15,0,local_bounded,6,,156,936,0,0.0,0,11.660763693764581,2.8878359279374246,7.024140275941709,0,80,561.9312220753367,0.0,11.7,6.0,11.7,480.0,936.0
harvest,mix2,slow_regen,15,0,joint,6,,90,540,0,0.0,0,11.073759491775565,0.40639006859976046,7.882195803883232,0,80,630.5756643106586,0.0,6.75,6.0,6.0,480.0,480.0
harvest,mix2,slow_regen,15,1,none,0,0.0,0,0,0,0.1,0,10.789271497569137,0.0,8.144914525942207,2,80,651.5931620753765,0.1,0.0,0.0,0.0,,
harvest,mix2,slow_regen,15,1,local_optimistic,0,,220,1320,0,0.0,0,12.949418249936025,6.117659022082117,7.065196565503626,0,80,565.2157252402901,0.0,16.5,0.0,16.5,0.0,1320.0
harvest,mix2,slow_regen,15,1,local_bounded,0,,229,1374,0,0.0,0,13.727745044095235,7.282593787542892,7.732195197737243,0,80,618.5756158189795,0.0,17.175,0.0,17.175,0.0,1374.0
harvest,mix2,slow_regen,15,1,joint,0,,225,1350,0,0.0,0,13.639624175930853,6.951409914673354,7.776074284399671,0,80,622.0859427519737,0.0,16.875,0.0,0.0,0.0,0.0
harvest,mix2,slow_regen,15,1,local_optimistic,3,,166,996,0,0.0,0,11.80347236678399,3.2744423331930954,7.085847713207795,0,80,566.8678170566236,0.0,12.45,3.0,12.45,240.0,996.0
harvest,mix2,slow_regen,15,1,local_bounded,3,,206,1236,0,0.0,0,12.556752985591439,5.303436363090218,6.961975379021797,0,80,556.9580303217438,0.0,15.45,3.0,15.45,240.0,1236.0
harvest,mix2,slow_regen,15,1,joint,3,,178,1068,0,0.0,0,12.049589326354496,3.868462496457613,7.100033895245,0,80,568.0027116196,0.0,13.35,3.0,3.0,240.0,240.0
harvest,mix2,slow_regen,15,1,local_optimistic,6,,89,534,0,0.0,0,11.03683584717361,0.36713634165222064,8.080379759251441,0,80,646.4303807401153,0.0,6.675,6.0,6.675,480.0,534.0
harvest,mix2,slow_regen,15,1,local_bounded,6,,157,942,0,0.0,0,11.759983527389249,2.948566301698224,7.221595543029531,0,80,577.7276434423625,0.0,11.775,6.0,11.775,480.0,942.0
harvest,mix2,slow_regen,15,1,joint,6,,92,552,0,0.0,0,11.099741230063481,0.4795755851280674,8.006665407306084,0,80,640.5332325844868,0.0,6.9,6.0,6.0,480.0,480.0
harvest,mix2,slow_regen,16,0,none,0,0.0,0,0,0,0.2375,0,10.204729958873418,0.0,8.473630418028312,15,80,677.890433442265,0.2375,0.0,0.0,0.0,,
harvest,mix2,slow_regen,16,0,local_optimistic,0,,235,1410,0,0.0,0,12.366725874924358,6.797002799069868,6.13493274139704,0,80,490.7946193117632,0.0,17.625,0.0,17.625,0.0,1410.0
harvest,mix2,slow_regen,16,0,local_bounded,0,,238,1428,0,0.0,0,12.706709447649644,7.072610142727281,6.495877151139072,0,80,519.6701720911258,0.0,17.85,0.0,17.85,0.0,1428.0
harvest,mix2,slow_regen,16,0,joint,0,,238,1428,0,0.0,0,12.706709447649644,7.072610142727281,6.495877151139072,0,80,519.6701720911258,0.0,17.85,0.0,0.0,0.0,0.0
harvest,mix2,slow_regen,16,0,local_optimistic,3,,198,1188,0,0.0,0,11.640293877159612,4.996833731495068,6.86873661495423,0,80,549.4989291963384,0.0,14.85,3.0,14.85,240.0,1188.0
harvest,mix2,slow_regen,16,0,local_bounded,3,,224,1344,0,0.0,0,12.1629472196633,6.303794133018181,6.374253022262266,0,80,509.9402417809813,0.0,16.8,3.0,16.8,240.0,1344.0
harvest,mix2,slow_regen,16,0,joint,3,,207,1242,0,0.0,0,11.854567638096094,5.45785794232361,6.779777873437081,0,80,542.3822298749665,0.0,15.525,3.0,3.0,240.0,240.0
harvest,mix2,slow_regen,16,0,local_optimistic,6,,144,864,0,0.0,0,10.876432708025309,2.6372631744111343,7.852414928618758,0,80,628.1931942895006,0.0,10.8,6.0,10.8,480.0,864.0
harvest,mix2,slow_regen,16,0,local_bounded,6,,186,1116,0,0.0,0,11.554304331418175,4.475848729273126,7.180267827535687,0,80,574.421426202855,0.0,13.95,6.0,13.95,480.0,1116.0
harvest,mix2,slow_regen,16,0,joint,6,,148,888,0,0.0,0,10.957889922923139,2.8484673753043923,7.830701447322516,0,80,626.4561157858013,0.0,11.1,6.0,6.0,480.0,480.0
harvest,mix2,slow_regen,16,1,none,0,0.0,0,0,0,0.2625,0,10.225050810683962,0.0,8.668649809685096,16,80,693.4919847748076,0.2625,0.0,0.0,0.0,,
harvest,mix2,slow_regen,16,1,local_optimistic,0,,234,1404,0,0.0,0,12.433521355446494,6.78624833884791,6.291272653194701,0,80,503.3018122555761,0.0,17.55,0.0,17.55,0.0,1404.0
harvest,mix2,slow_regen,16,1,local_bounded,0,,238,1428,0,0.0,0,12.758092964174327,7.218048731640538,6.530922574340572,0,80,522.4738059472458,0.0,17.85,0.0,17.85,0.0,1428.0
harvest,mix2,slow_regen,16,1,joint,0,,237,1422,0,0.0,0,12.585436666267077,7.075067468239101,6.320070139643823,0,80,505.60561117150587,0.0,17.775,0.0,0.0,0.0,0.0
harvest,mix2,slow_regen,16,1,local_optimistic,3,,191,1146,0,0.0,0,11.698996299168083,4.676997693414927,7.153478154676142,0,80,572.2782523740914,0.0,14.325,3.0,14.325,240.0,1146.0
harvest,mix2,slow_regen,16,1,local_bounded,3,,220,1320,0,0.0,0,12.204650800331763,6.136703834475009,6.6345732835124185,0,80,530.7658626809935,0.0,16.5,3.0,16.5,240.0,1320.0
harvest,mix2,slow_regen,16,1,joint,3,,206,1236,0,0.0,0,11.948519682879077,5.459575050398768,6.913038390372995,0,80,553.0430712298396,0.0,15.45,3.0,3.0,240.0,240.0
harvest,mix2,slow_regen,16,1,local_optimistic,6,,139,834,0,0.0,0,10.91462163961216,2.424473334442804,8.073956299640837,0,80,645.916503971267,0.0,10.425,6.0,10.425,480.0,834.0
harvest,mix2,slow_regen,16,1,local_bounded,6,,183,1098,0,0.0,0,11.581192991585997,4.378677647532234,7.364472668885929,0,80,589.1578135108743,0.0,13.725,6.0,13.725,480.0,1098.0
harvest,mix2,slow_regen,16,1,joint,6,,143,858,0,0.0,0,11.005423065848998,2.6457579626735255,8.009410136549796,0,80,640.7528109239837,0.0,10.725,6.0,6.0,480.0,480.0
harvest,mix2,slow_regen,17,0,none,0,0.0,0,0,0,0.5875,0,9.957371849679157,0.0,8.594704134248392,16,80,687.5763307398713,0.5875,0.0,0.0,0.0,,
harvest,mix2,slow_regen,17,0,local_optimistic,0,,187,1122,0,0.0,0,13.098637206768966,4.9819317243895025,9.226175625655609,0,80,738.0940500524487,0.0,14.025,0.0,14.025,0.0,1122.0
harvest,mix2,slow_regen,17,0,local_bounded,0,,216,1296,0,0.0,0,13.748368677779064,6.722446084860033,8.647575382079173,0,80,691.8060305663339,0.0,16.2,0.0,16.2,0.0,1296.0
harvest,mix2,slow_regen,17,0,joint,0,,212,1272,0,0.0,0,13.699662295219166,6.457641139375966,8.695828409561338,0,80,695.666272764907,0.0,15.9,0.0,0.0,0.0,0.0
harvest,mix2,slow_regen,17,0,local_optimistic,3,,189,1134,0,0.0,0,11.895110927313663,4.942636909181377,7.71752008574766,0,80,617.4016068598128,0.0,14.175,3.0,14.175,240.0,1134.0
harvest,mix2,slow_regen,17,0,local_bounded,3,,184,1104,0,0.0,0,13.057832795894825,4.834108187238823,9.26381460460475,0,80,741.10516836838,0.0,13.8,3.0,13.8,240.0,1104.0
harvest,mix2,slow_regen,17,0,joint,3,,173,1038,0,0.0,0,12.623703258911203,4.266932339122552,9.30599380389338,0,80,744.4795043114704,0.0,12.975,3.0,3.0,240.0,240.0
harvest,mix2,slow_regen,17,0,local_optimistic,6,,164,984,0,0.0,0,10.910204336776582,3.8080890589683434,7.557269397284716,0,80,604.5815517827773,0.0,12.3,6.0,12.3,480.0,984.0
harvest,mix2,slow_regen,17,0,local_bounded,6,,186,1116,0,0.0,0,11.74849550225927,4.873927597578573,7.660702747019218,0,80,612.8562197615374,0.0,13.95,6.0,13.95,480.0,1116.0
harvest,mix2,slow_regen,17,0,joint,6,,168,1008,0,0.0,0,10.969727860626945,3.9894316311711804,7.549414873376068,0,80,603.9531898700855,0.0,12.6,6.0,6.0,480.0,480.0
harvest,mix2,slow_regen,17,1,none,0,0.0,0,0,0,0.5375,0,9.981228987394427,0.0,8.704797058505019,18,80,696.3837646804014,0.5375,0.0,0.0,0.0,,
harvest,mix2,slow_regen,17,1,local_optimistic,0,,185,1110,0,0.0,0,13.099546213744599,4.879834723600557,9.256879577023813,0,80,740.5503661619051,0.0,13.875,0.0,13.875,0.0,1110.0
harvest,mix2,slow_regen,17,1,local_bounded,0,,210,1260,0,0.0,0,14.059208745358006,6.404008925964851,9.393398948498007,0,80,751.4719158798406,0.0,15.75,0.0,15.75,0.0,1260.0
harvest,mix2,slow_regen,17,1,joint,0,,208,1248,0,0.0,0,14.022994058184938,6.240859974087772,9.40354882411682,0,80,752.2839059293456,0.0,15.6,0.0,0.0,0.0,0.0
harvest,mix2,slow_regen,17,1,local_optimistic,3,,189,1134,0,0.0,0,11.783988694373784,4.939341492378778,7.685506534414943,0,80,614.8405227531954,0.0,14.175,3.0,14.175,240.0,1134.0
harvest,mix2,slow_regen,17,1,local_bounded,3,,182,1092,0,0.0,0,13.048621032042139,4.812789678937584,9.335069898382667,0,80,746.8055918706134,0.0,13.65,3.0,13.65,240.0,1092.0
harvest,mix2,slow_regen,17,1,joint,3,,194,1164,0,0.0,0,12.117641558055833,5.210692919388748,7.862259972601028,0,80,628.9807978080822,0.0,14.55,3.0,3.0,240.0,240.0
harvest,mix2,slow_regen,17,1,local_optimistic,6,,162,972,0,0.0,0,10.921631248387211,3.728794530026538,7.762256069852208,0,80,620.9804855881766,0.0,12.15,6.0,12.15,480.0,972.0
harvest,mix2,slow_regen,17,1,local_bounded,6,,183,1098,0,0.0,0,11.706056748124317,4.736057137228113,7.789134880701906,0,80,623.1307904561525,0.0,13.725,6.0,13.725,480.0,1098.0
harvest,mix2,slow_regen,17,1,joint,6,,163,978,0,0.0,0,10.981304162055995,3.738978242245313,7.776307792883334,0,80,622.1046234306667,0.0,12.225,6.0,6.0,480.0,480.0
harvest,mix2,slow_regen,18,0,none,0,0.0,0,0,0,0.225,0,10.19268079475674,0.0,8.83899308945215,6,80,707.119447156172,0.225,0.0,0.0,0.0,,
harvest,mix2,slow_regen,18,0,local_optimistic,0,,230,1380,0,0.0,0,12.988706593019822,7.054159916622629,6.994962376558307,0,80,559.5969901246646,0.0,17.25,0.0,17.25,0.0,1380.0
harvest,mix2,slow_regen,18,0,local_bounded,0,,237,1422,0,0.0,0,13.221637201800268,7.756649120517109,6.96811389122459,0,80,557.4491112979672,0.0,17.775,0.0,17.775,0.0,1422.0
harvest,mix2,slow_regen,18,0,joint,0,,237,1422,0,0.0,0,13.211950916991645,7.7375401161800825,6.949004886887565,0,80,555.9203909510052,0.0,17.775,0.0,0.0,0.0,0.0
harvest,mix2,slow_regen,18,0,local_optimistic,3,,183,1098,0,0.0,0,11.888693960682293,4.570203852794879,7.622103901332022,0,80,609.7683121065618,0.0,13.725,3.0,13.725,240.0,1098.0
harvest,mix2,slow_regen,18,0,local_bounded,3,,219,1314,0,0.0,0,12.283726231424717,6.289180871224104,6.455045286585213,0,80,516.403622926817,0.0,16.425,3.0,16.425,240.0,1314.0
harvest,mix2,slow_regen,18,0,joint,3,,199,1194,0,0.0,0,11.94232399907783,5.352583028147903,6.8845608626880646,0,80,550.7648690150452,0.0,14.925,3.0,3.0,240.0,240.0
harvest,mix2,slow_regen,18,0,local_optimistic,6,,128,768,0,0.0,0,10.88923803943062,2.0488997432087017,8.263937167417492,0,80,661.1149733933994,0.0,9.6,6.0,9.6,480.0,768.0
harvest,mix2,slow_regen,18,0,local_bounded,6,,174,1044,0,0.0,0,11.585287471641745,4.181575405342623,7.555524348519347,0,80,604.4419478815478,0.0,13.05,6.0,13.05,480.0,1044.0
harvest,mix2,slow_regen,18,0,joint,6,,129,774,0,0.0,0,10.915092198850699,2.0889802585698853,8.223152948038258,0,80,657.8522358430607,0.0,9.675,6.0,6.0,480.0,480.0
harvest,mix2,slow_regen,18,1,none,0,0.0,0,0,0,0.0625,0,10.312867603283312,0.0,9.016661421090081,4,80,721.3329136872064,0.0625,0.0,0.0,0.0,,
harvest,mix2,slow_regen,18,1,local_optimistic,0,,226,1356,0,0.0,0,12.587167536933796,6.535203893511463,6.436044823407295,0,80,514.8835858725836,0.0,16.95,0.0,16.95,0.0,1356.0
harvest,mix2,slow_regen,18,1,local_bounded,0,,239,1434,0,0.0,0,13.539259015902399,7.771789080111269,7.203981386675243,0,80,576.3185109340194,0.0,17.925,0.0,17.925,0.0,1434.0
harvest,mix2,slow_regen,18,1,joint,0,,239,1434,0,0.0,0,13.539259015902399,7.771789080111269,7.203981386675243,0,80,576.3185109340194,0.0,17.925,0.0,0.0,0.0,0.0
harvest,mix2,slow_regen,18,1,local_optimistic,3,,181,1086,0,0.0,0,11.77521587914282,4.409733473929651,7.263083675763272,0,80,581.0466940610618,0.0,13.575,3.0,13.575,240.0,1086.0
harvest,mix2,slow_regen,18,1,local_bounded,3,,216,1296,0,0.0,0,12.235669509521793,6.050225656094158,6.35688386922327,0,80,508.5507095378616,0.0,16.2,3.0,16.2,240.0,1296.0
harvest,mix2,slow_regen,18,1,joint,3,,198,1188,0,0.0,0,11.984767962986089,5.225619493779718,6.7991941896900325,0,80,543.9355351752026,0.0,14.85,3.0,3.0,240.0,240.0
harvest,mix2,slow_regen,18,1,local_optimistic,6,,123,738,0,0.0,0,10.91207963894438,1.8216570611600793,8.371647875594043,0,80,669.7318300475234,0.0,9.225,6.0,9.225,480.0,738.0
harvest,mix2,slow_regen,18,1,local_bounded,6,,169,1014,0,0.0,0,11.629752109648454,3.8803985343093097,7.569045266206222,0,80,605.5236212964978,0.0,12.675,6.0,12.675,480.0,1014.0
harvest,mix2,slow_regen,18,1,joint,6,,127,762,0,0.0,0,10.944607496263885,1.992195025705755,8.300588932069095,0,80,664.0471145655276,0.0,9.525,6.0,6.0,480.0,480.0
harvest,mix2,slow_regen,19,0,none,0,0.0,0,0,0,0.975,0,9.160994249375133,0.0,9.429094294037224,1,80,754.327543522978,0.975,0.0,0.0,0.0,,
harvest,mix2,slow_regen,19,0,local_optimistic,0,,223,1338,0,0.0,0,13.021971893797371,6.796941322561335,8.05113980089944,0,80,644.0911840719552,0.0,16.725,0.0,16.725,0.0,1338.0
harvest,mix2,slow_regen,19,0,local_bounded,0,,234,1404,0,0.0,0,13.668779114873018,7.93483942818237,8.211387870889164,0,80,656.9110296711331,0.0,17.55,0.0,17.55,0.0,1404.0
harvest,mix2,slow_regen,19,0,joint,0,,234,1404,0,0.0,0,13.637596161857342,7.909263645690333,8.181243986831552,0,80,654.4995189465242,0.0,17.55,0.0,0.0,0.0,0.0
harvest,mix2,slow_regen,19,0,local_optimistic,3,,196,1176,0,0.0,0,11.816456717007654,5.047559115438111,7.747129196393388,0,80,619.770335711471,0.0,14.7,3.0,14.7,240.0,1176.0
harvest,mix2,slow_regen,19,0,local_bounded,3,,215,1290,0,0.0,0,12.831321300099656,6.396123940416457,8.156918588541359,0,80,652.5534870833087,0.0,16.125,3.0,16.125,240.0,1290.0
harvest,mix2,slow_regen,19,0,joint,3,,205,1230,0,0.0,0,12.008177249319909,5.563263940930112,7.540335287462352,0,80,603.2268229969882,0.0,15.375,3.0,3.0,240.0,240.0
harvest,mix2,slow_regen,19,0,local_optimistic,6,,170,1020,0,0.0,0,10.941396556920171,3.865952190491207,8.01627154622716,0,80,641.3017236981727,0.0,12.75,6.0,12.75,480.0,1020.0
harvest,mix2,slow_regen,19,0,local_bounded,6,,178,1068,0,0.0,0,11.977824725879689,4.41807790804107,9.034174375176269,0,80,722.7339500141015,0.0,13.35,6.0,13.35,480.0,1068.0
harvest,mix2,slow_regen,19,0,joint,6,,166,996,0,0.0,0,11.012613790028444,3.7068507864729128,8.385314053474374,0,80,670.82512427795,0.0,12.45,6.0,6.0,480.0,480.0
harvest,mix2,slow_regen,19,1,none,0,0.0,0,0,0,0.975,0,9.187264083220532,0.0,9.516402365919273,1,80,761.3121892735419,0.975,0.0,0.0,0.0,,
harvest,mix2,slow_regen,19,1,local_optimistic,0,,223,1338,0,0.0,0,13.096697846653768,6.80486873611846,8.089195484027973,0,80,647.1356387222379,0.0,16.725,0.0,16.725,0.0,1338.0
harvest,mix2,slow_regen,19,1,local_bounded,0,,234,1404,0,0.0,0,13.50472346874792,7.781687096451728,7.974090221260161,0,80,637.9272177008129,0.0,17.55,0.0,17.55,0.0,1404.0
harvest,mix2,slow_regen,19,1,joint,0,,233,1398,0,0.0,0,13.452867165195908,7.684201413818272,7.973719385504706,0,80,637.8975508403765,0.0,17.475,0.0,0.0,0.0,0.0
harvest,mix2,slow_regen,19,1,local_optimistic,3,,195,1170,0,0.0,0,11.960785725304763,5.059698915982052,7.984494675748766,0,80,638.7595740599013,0.0,14.625,3.0,14.625,240.0,1170.0
harvest,mix2,slow_regen,19,1,local_bounded,3,,219,1314,0,0.0,0,12.34333468457594,6.24263095874365,7.185032434605463,0,80,574.8025947684371,0.0,16.425,3.0,16.425,240.0,1314.0
harvest,mix2,slow_regen,19,1,joint,3,,198,1188,0,0.0,0,12.478835049606637,5.373562353152693,8.466468237861585,0,80,677.3174590289268,0.0,14.85,3.0,3.0,240.0,240.0
harvest,mix2,slow_regen,19,1,local_optimistic,6,,163,978,0,0.0,0,10.954481120217952,3.5505321914318366,8.405276783462048,0,80,672.4221426769639,0.0,12.225,6.0,12.225,480.0,978.0
harvest,mix2,slow_regen,19,1,local_bounded,6,,189,1134,0,0.0,0,11.682257646161828,4.7692181706964,7.888473158666692,0,80,631.0778526933353,0.0,14.175,6.0,14.175,480.0,1134.0
harvest,mix2,slow_regen,19,1,joint,6,,167,1002,0,0.0,0,11.021072398465197,3.768919643218733,8.245468837740402,0,80,659.6375070192322,0.0,12.525,6.0,6.0,480.0,480.0
harvest,mix2,slow_regen,20,0,none,0,0.0,0,0,0,0.0,0,10.682229615521225,0.0,8.456094183502232,0,80,676.4875346801786,0.0,0.0,0.0,0.0,,
harvest,mix2,slow_regen,20,0,local_optimistic,0,,218,1308,0,0.0,0,12.495928533367831,5.531604321846845,5.646998062413521,0,80,451.75984499308174,0.0,16.35,0.0,16.35,0.0,1308.0
harvest,mix2,slow_regen,20,0,local_bounded,0,,234,1404,0,0.0,0,13.698697746755155,6.749616155815218,6.7699218630838445,0,80,541.5937490467076,0.0,17.55,0.0,17.55,0.0,1404.0
harvest,mix2,slow_regen,20,0,joint,0,,234,1404,0,0.0,0,13.662769900883916,6.711997831814735,6.732303539083361,0,80,538.5842831266689,0.0,17.55,0.0,0.0,0.0,0.0
harvest,mix2,slow_regen,20,0,local_optimistic,3,,164,984,0,0.0,0,11.811325231084837,3.318262226433167,6.70084722947878,0,80,536.0677783583025,0.0,12.3,3.0,12.3,240.0,984.0
harvest,mix2,slow_regen,20,0,local_bounded,3,,201,1206,0,0.0,0,12.28722324142868,4.832842137460007,5.96397186998643,0,80,477.11774959891443,0.0,15.075,3.0,15.075,240.0,1206.0
harvest,mix2,slow_regen,20,0,joint,3,,176,1056,0,0.0,0,11.991911820982025,3.8098082974777845,6.492575203104738,0,80,519.406016248379,0.0,13.2,3.0,3.0,240.0,240.0
harvest,mix2,slow_regen,20,0,local_optimistic,6,,97,582,0,0.0,0,10.913708697617324,0.6604266615381482,8.161411037143786,0,80,652.9128829715029,0.0,7.275,6.0,7.275,480.0,582.0
harvest,mix2,slow_regen,20,0,local_bounded,6,,156,936,0,0.0,0,11.721147111125802,3.0026861928202995,6.885854027134836,0,80,550.8683221707869,0.0,11.7,6.0,11.7,480.0,936.0
harvest,mix2,slow_regen,20,0,joint,6,,97,582,0,0.0,0,10.913708697617324,0.6604266615381482,8.161411037143786,0,80,652.9128829715029,0.0,7.275,6.0,6.0,480.0,480.0
harvest,mix2,slow_regen,20,1,none,0,0.0,0,0,0,0.0,0,10.781252291172004,0.0,8.514011460681376,0,80,681.12091685451,0.0,0.0,0.0,0.0,,
harvest,mix2,slow_regen,20,1,local_optimistic,0,,211,1266,0,0.0,0,12.944496943254313,5.309670747619769,6.5143149901389865,0,80,521.1451992111189,0.0,15.825,0.0,15.825,0.0,1266.0
harvest,mix2,slow_regen,20,1,local_bounded,0,,233,1398,0,0.0,0,14.031775040582469,6.82822147750402,7.18374417034021,0,80,574.6995336272169,0.0,17.475,0.0,17.475,0.0,1398.0
harvest,mix2,slow_regen,20,1,joint,0,,230,1380,0,0.0,0,13.980098630423607,6.623452362739175,7.222489743593238,0,80,577.799179487459,0.0,17.25,0.0,0.0,0.0,0.0
harvest,mix2,slow_regen,20,1,local_optimistic,3,,160,960,0,0.0,0,11.894533837067758,3.152009748087855,6.874307682377628,0,80,549.9446145902102,0.0,12.0,3.0,12.0,240.0,960.0
harvest,mix2,slow_regen,20,1,local_bounded,3,,200,1200,0,0.0,0,12.421373801376467,4.836348504242662,6.102473013358685,0,80,488.1978410686948,0.0,15.0,3.0,15.0,240.0,1200.0
harvest,mix2,slow_regen,20,1,joint,3,,176,1056,0,0.0,0,12.104337026627281,3.8224757221379497,6.534246508094071,0,80,522.7397206475257,0.0,13.2,3.0,3.0,240.0,240.0
harvest,mix2,slow_regen,20,1,local_optimistic,6,,90,540,0,0.0,0,10.926473566359968,0.3832332089188431,8.330284517614094,0,80,666.4227614091276,0.0,6.75,6.0,6.75,480.0,540.0
harvest,mix2,slow_regen,20,1,local_bounded,6,,152,912,0,0.0,0,11.832349346110007,2.8622540126909035,7.080012952635039,0,80,566.4010362108031,0.0,11.4,6.0,11.4,480.0,912.0
harvest,mix2,slow_regen,20,1,joint,6,,91,546,0,0.0,0,10.933249961410326,0.42218955706318645,8.317644145935644,0,80,665.4115316748515,0.0,6.825,6.0,6.0,480.0,480.0
harvest,mix2,slow_regen,21,0,none,0,0.0,0,0,0,0.9375,0,9.589199774933512,0.0,9.411798065073018,5,80,752.9438452058414,0.9375,0.0,0.0,0.0,,
harvest,mix2,slow_regen,21,0,local_optimistic,0,,236,1416,0,0.0,0,12.281834111706655,7.709425719453438,6.689933128720989,0,80,535.1946502976791,0.0,17.7,0.0,17.7,0.0,1416.0
harvest,mix2,slow_regen,21,0,local_bounded,0,,241,1446,0,0.0,0,12.699971831397665,8.249800507240327,7.016431736351817,0,80,561.3145389081453,0.0,18.075,0.0,18.075,0.0,1446.0
harvest,mix2,slow_regen,21,0,joint,0,,239,1434,0,0.0,0,12.675214688214101,8.154738759759487,7.082644045243983,0,80,566.6115236195186,0.0,17.925,0.0,0.0,0.0,0.0
harvest,mix2,slow_regen,21,0,local_optimistic,3,,204,1224,0,0.0,0,11.66541516549655,6.029347763703105,7.44147936335892,0,80,595.3183490687136,0.0,15.3,3.0,15.3,240.0,1224.0
harvest,mix2,slow_regen,21,0,local_bounded,3,,229,1374,0,0.0,0,12.176986684371125,7.373186731549578,6.893477239148164,0,80,551.4781791318532,0.0,17.175,3.0,17.175,240.0,1374.0
harvest,mix2,slow_regen,21,0,joint,3,,210,1260,0,0.0,0,11.820405085575699,6.385939009932773,7.378870382042244,0,80,590.3096305633795,0.0,15.75,3.0,3.0,240.0,240.0
harvest,mix2,slow_regen,21,0,local_optimistic,6,,167,1002,0,0.0,0,10.932347965510813,4.113802189440565,8.289084556075087,0,80,663.126764486007,0.0,12.525,6.0,12.525,480.0,1002.0
harvest,mix2,slow_regen,21,0,local_bounded,6,,198,1188,0,0.0,0,11.571563910553724,5.739141259965779,7.6250525061509835,0,80,610.0042004920787,0.0,14.85,6.0,14.85,480.0,1188.0
harvest,mix2,slow_regen,21,0,joint,6,,171,1026,0,0.0,0,11.008789546981713,4.364385202547413,8.231143668625142,0,80,658.4914934900114,0.0,12.825,6.0,6.0,480.0,480.0
harvest,mix2,slow_regen,21,1,none,0,0.0,0,0,0,0.9125,0,9.62602112017187,0.0,9.382927694814423,5,80,750.6342155851539,0.9125,0.0,0.0,0.0,,
harvest,mix2,slow_regen,21,1,local_optimistic,0,,238,1428,0,0.0,0,12.26306807334127,7.7249279216568905,6.462171859894515,0,80,516.9737487915612,0.0,17.85,0.0,17.85,0.0,1428.0
harvest,mix2,slow_regen,21,1,local_bounded,0,,239,1434,0,0.0,0,12.43722232303367,7.931697384001808,6.6465875744994465,0,80,531.7270059599557,0.0,17.925,0.0,17.925,0.0,1434.0
harvest,mix2,slow_regen,21,1,joint,0,,239,1434,0,0.0,0,12.43722232303367,7.931697384001808,6.6465875744994465,0,80,531.7270059599557,0.0,17.925,0.0,0.0,0.0,0.0
harvest,mix2,slow_regen,21,1,local_optimistic,3,,204,1224,0,0.0,0,11.573667393214722,5.977113111942882,7.249414560643729,0,80,579.9531648514983,0.0,15.3,3.0,15.3,240.0,1224.0
harvest,mix2,slow_regen,21,1,local_bounded,3,,229,1374,0,0.0,0,12.172134678301777,7.322506451375773,6.791424409810553,0,80,543.3139527848442,0.0,17.175,3.0,17.175,240.0,1374.0
harvest,mix2,slow_regen,21,1,joint,3,,211,1266,0,0.0,0,11.813360078874123,6.407127578052931,7.220566585537758,0,80,577.6453268430206,0.0,15.825,3.0,3.0,240.0,240.0
harvest,mix2,slow_regen,21,1,local_optimistic,6,,169,1014,0,0.0,0,10.936577594032297,4.217709860795691,8.192392716132535,0,80,655.3914172906027,0.0,12.675,6.0,12.675,480.0,1014.0
harvest,mix2,slow_regen,21,1,local_bounded,6,,200,1200,0,0.0,0,11.586109943813092,5.834697456435989,7.51201490048629,0,80,600.9611920389032,0.0,15.0,6.0,15.0,480.0,1200.0
harvest,mix2,slow_regen,21,1,joint,6,,169,1014,0,0.0,0,10.946283201083165,4.217709860795691,8.192392716132535,0,80,655.3914172906027,0.0,12.675,6.0,6.0,480.0,480.0
harvest,mix2,slow_regen,22,0,none,0,0.0,0,0,0,0.9,0,9.659744780740246,0.0,8.518525322336396,8,80,681.4820257869117,0.9,0.0,0.0,0.0,,
harvest,mix2,slow_regen,22,0,local_optimistic,0,,230,1380,0,0.0,0,12.824519453729469,7.391369035392891,7.997250815626144,0,80,639.7800652500915,0.0,17.25,0.0,17.25,0.0,1380.0
harvest,mix2,slow_regen,22,0,local_bounded,0,,239,1434,0,0.0,0,13.155312901032413,8.15314158304329,7.892534404645002,0,80,631.4027523716002,0.0,17.925,0.0,17.925,0.0,1434.0
harvest,mix2,slow_regen,22,0,joint,0,,239,1434,0,0.0,0,13.155312901032413,8.15314158304329,7.892534404645002,0,80,631.4027523716002,0.0,17.925,0.0,0.0,0.0,0.0
harvest,mix2,slow_regen,22,0,local_optimistic,3,,211,1266,0,0.0,0,11.658792446690825,5.824885246365829,7.340043782816203,0,80,587.2035026252962,0.0,15.825,3.0,15.825,240.0,1266.0
harvest,mix2,slow_regen,22,0,local_bounded,3,,225,1350,0,0.0,0,12.764305464670116,7.11344733644795,8.137002258201132,0,80,650.9601806560906,0.0,16.875,3.0,16.875,240.0,1350.0
harvest,mix2,slow_regen,22,0,joint,3,,208,1248,0,0.0,0,12.354317537191097,5.978482630191765,8.44084946195475,0,80,675.26795695638,0.0,15.6,3.0,3.0,240.0,240.0
harvest,mix2,slow_regen,22,0,local_optimistic,6,,181,1086,0,0.0,0,10.93805335094461,4.30290331715266,7.860146526732251,0,80,628.8117221385801,0.0,13.575,6.0,13.575,480.0,1086.0
harvest,mix2,slow_regen,22,0,local_bounded,6,,191,1146,0,0.0,0,11.899506194854302,5.038590812620297,8.773591308705905,0,80,701.8873046964724,0.0,14.325,6.0,14.325,480.0,1146.0
harvest,mix2,slow_regen,22,0,joint,6,,183,1098,0,0.0,0,10.96947774931485,4.437826650659092,7.8310607640955565,0,80,626.4848611276445,0.0,13.725,6.0,6.0,480.0,480.0
harvest,mix2,slow_regen,22,1,none,0,0.0,0,0,0,0.875,0,9.704945557522045,0.0,8.648350182872855,9,80,691.8680146298284,0.875,0.0,0.0,0.0,,
harvest,mix2,slow_regen,22,1,local_optimistic,0,,228,1368,0,0.0,0,12.84333180096381,7.170986887043983,8.014298140727874,0,80,641.1438512582299,0.0,17.1,0.0,17.1,0.0,1368.0
harvest,mix2,slow_regen,22,1,local_bounded,0,,238,1428,0,0.0,0,13.213936009120989,8.092071616125054,7.972842997836963,0,80,637.8274398269571,0.0,17.85,0.0,17.85,0.0,1428.0
harvest,mix2,slow_regen,22,1,joint,0,,238,1428,0,0.0,0,13.213936009120989,8.092071616125054,7.972842997836963,0,80,637.8274398269571,0.0,17.85,0.0,0.0,0.0,0.0
harvest,mix2,slow_regen,22,1,local_optimistic,3,,200,1200,0,0.0,0,11.870029550804901,5.415625051245125,8.226708183244376,0,80,658.1366546595501,0.0,15.0,3.0,15.0,240.0,1200.0
harvest,mix2,slow_regen,22,1,local_bounded,3,,224,1344,0,0.0,0,12.810230582447335,7.018615281451341,8.145772214072784,0,80,651.6617771258227,0.0,16.8,3.0,16.8,240.0,1344.0
harvest,mix2,slow_regen,22,1,joint,3,,208,1248,0,0.0,0,12.377673627978533,5.968503894657947,8.381730715541526,0,80,670.5384572433221,0.0,15.6,3.0,3.0,240.0,240.0
harvest,mix2,slow_regen,22,1,local_optimistic,6,,177,1062,0,0.0,0,10.937706933382353,4.156318008108602,8.013171567944273,0,80,641.0537254355418,0.0,13.275,6.0,13.275,480.0,1062.0
harvest,mix2,slow_regen,22,1,local_bounded,6,,195,1170,0,0.0,0,11.826622893776435,5.159653169843793,8.358217220535735,0,80,668.6573776428588,0.0,14.625,6.0,14.625,480.0,1170.0
harvest,mix2,slow_regen,22,1,joint,6,,177,1062,0,0.0,0,10.984893848434206,4.171898216315069,8.096045885562328,0,80,647.6836708449862,0.0,13.275,6.0,6.0,480.0,480.0
harvest,mix2,slow_regen,23,0,none,0,0.0,0,0,0,0.0,0,10.98092259265096,0.0,8.46881771078516,0,80,677.5054168628128,0.0,0.0,0.0,0.0,,
harvest,mix2,slow_regen,23,0,local_optimistic,0,,175,1050,0,0.0,0,13.132263803178699,4.056085409880768,8.548709634823306,0,80,683.8967707858644,0.0,13.125,0.0,13.125,0.0,1050.0
harvest,mix2,slow_regen,23,0,local_bounded,0,,216,1296,0,0.0,0,13.620372835296592,6.1993454186488135,7.87444949458951,0,80,629.9559595671608,0.0,16.2,0.0,16.2,0.0,1296.0
harvest,mix2,slow_regen,23,0,joint,0,,206,1236,0,0.0,0,13.537655356947681,5.606417034186435,8.069068244839514,0,80,645.5254595871611,0.0,15.45,0.0,0.0,0.0,0.0
harvest,mix2,slow_regen,23,0,local_optimistic,3,,145,870,0,0.0,0,12.32572219456057,2.497228054796344,8.502460793619026,0,80,680.1968634895221,0.0,10.875,3.0,10.875,240.0,870.0
harvest,mix2,slow_regen,23,0,local_bounded,3,,179,1074,0,0.0,0,13.011416523876699,4.237056107743154,8.405310274981929,0,80,672.4248219985543,0.0,13.425,3.0,13.425,240.0,1074.0
harvest,mix2,slow_regen,23,0,joint,3,,166,996,0,0.0,0,12.662235401098243,3.529341904814415,8.376908152221024,0,80,670.1526521776818,0.0,12.45,3.0,3.0,240.0,240.0
harvest,mix2,slow_regen,23,0,local_optimistic,6,,91,546,0,0.0,0,11.114500481682011,0.40022147452590007,8.429632328062699,0,80,674.3705862450158,0.0,6.825,6.0,6.825,480.0,546.0
harvest,mix2,slow_regen,23,0,local_bounded,6,,140,840,0,0.0,0,12.311064473552563,2.411841511892365,8.684081510645505,0,80,694.7265208516404,0.0,10.5,6.0,10.5,480.0,840.0
harvest,mix2,slow_regen,23,0,joint,6,,93,558,0,0.0,0,11.089600302787153,0.4564189167163598,8.394118930723527,0,80,671.5295144578822,0.0,6.975,6.0,6.0,480.0,480.0
harvest,mix2,slow_regen,23,1,none,0,0.0,0,0,0,0.0,0,10.82543783094852,0.0,8.299183329589587,0,80,663.934666367167,0.0,0.0,0.0,0.0,,
harvest,mix2,slow_regen,23,1,local_optimistic,0,,172,1032,0,0.0,0,13.189196711470274,3.984058452924036,8.691171901278315,0,80,695.2937521022652,0.0,12.9,0.0,12.9,0.0,1032.0
harvest,mix2,slow_regen,23,1,local_bounded,0,,213,1278,0,0.0,0,13.606632147208467,6.134096708068517,8.020085047819093,0,80,641.6068038255274,0.0,15.975,0.0,15.975,0.0,1278.0
harvest,mix2,slow_regen,23,1,joint,0,,204,1224,0,0.0,0,13.557600168121235,5.6039003216647405,8.208039055195917,0,80,656.6431244156734,0.0,15.3,0.0,0.0,0.0,0.0
harvest,mix2,slow_regen,23,1,local_optimistic,3,,140,840,0,0.0,0,12.377660769376485,2.3396455777001366,8.719936301003747,0,80,697.5949040802998,0.0,10.5,3.0,10.5,240.0,840.0
harvest,mix2,slow_regen,23,1,local_bounded,3,,178,1068,0,0.0,0,12.998810383037256,4.272756211740693,8.462558710334656,0,80,677.0046968267725,0.0,13.35,3.0,13.35,240.0,1068.0
harvest,mix2,slow_regen,23,1,joint,3,,166,996,0,0.0,0,12.695527305139382,3.5429829727281197,8.438326418334617,0,80,675.0661134667694,0.0,12.45,3.0,3.0,240.0,240.0
harvest,mix2,slow_regen,23,1,local_optimistic,6,,90,540,0,0.0,0,11.017304304102709,0.39579104082776373,8.309996587847529,0,80,664.7997270278023,0.0,6.75,6.0,6.75,480.0,540.0
harvest,mix2,slow_regen,23,1,local_bounded,6,,136,816,0,0.0,0,12.364543838507537,2.2536196184867427,8.82420977990419,0,80,705.9367823923352,0.0,10.2,6.0,10.2,480.0,816.0
harvest,mix2,slow_regen,23,1,joint,6,,91,546,0,0.0,0,11.045635982730746,0.44451313420186034,8.269636907763651,0,80,661.5709526210921,0.0,6.825,6.0,6.0,480.0,480.0
harvest,mix2,slow_regen,24,0,none,0,0.0,0,0,0,0.975,0,9.479853997878008,0.0,8.97120866300612,1,80,717.6966930404897,0.975,0.0,0.0,0.0,,
harvest,mix2,slow_regen,24,0,local_optimistic,0,,194,1164,0,0.0,0,13.059329624014259,5.455929843612025,9.359105483386527,0,80,748.7284386709222,0.0,14.55,0.0,14.55,0.0,1164.0
harvest,mix2,slow_regen,24,0,local_bounded,0,,224,1344,0,0.0,0,13.66884818363294,7.3503723783848045,8.701904064718295,0,80,696.1523251774636,0.0,16.8,0.0,16.8,0.0,1344.0
harvest,mix2,slow_regen,24,0,joint,0,,218,1308,0,0.0,0,13.576695852992227,6.910370593134365,8.898014461527278,0,80,711.8411569221823,0.0,16.35,0.0,0.0,0.0,0.0
harvest,mix2,slow_regen,24,0,local_optimistic,3,,186,1116,0,0.0,0,11.854115967890644,4.840492324150536,8.320984849193966,0,80,665.6787879355172,0.0,13.95,3.0,13.95,240.0,1116.0
harvest,mix2,slow_regen,24,0,local_bounded,3,,188,1128,0,0.0,0,12.90382779558339,5.163442416496579,9.430165470965175,0,80,754.413237677214,0.0,14.1,3.0,14.1,240.0,1128.0
harvest,mix2,slow_regen,24,0,joint,3,,203,1218,0,0.0,0,12.063680972202595,5.730383645747828,7.8167373761302725,0,80,625.3389900904218,0.0,15.225,3.0,3.0,240.0,240.0
harvest,mix2,slow_regen,24,0,local_optimistic,6,,165,990,0,0.0,0,10.93806352128355,3.805377229278045,8.10171081708813,0,80,648.1368653670504,0.0,12.375,6.0,12.375,480.0,990.0
harvest,mix2,slow_regen,24,0,local_bounded,6,,183,1098,0,0.0,0,11.798294693807382,4.749100506633957,8.39300263838444,0,80,671.4402110707551,0.0,13.725,6.0,13.725,480.0,1098.0
harvest,mix2,slow_regen,24,0,joint,6,,165,990,0,0.0,0,10.981017817049482,3.7881527088809412,8.13269536546658,0,80,650.6156292373264,0.0,12.375,6.0,6.0,480.0,480.0
harvest,mix2,slow_regen,24,1,none,0,0.0,0,0,0,0.95,0,9.455288036552147,0.0,8.910344682723101,1,80,712.8275746178481,0.95,0.0,0.0,0.0,,
harvest,mix2,slow_regen,24,1,local_optimistic,0,,193,1158,0,0.0,0,12.976479754331427,5.4050017725793875,9.294814999397005,0,80,743.5851999517604,0.0,14.475,0.0,14.475,0.0,1158.0
harvest,mix2,slow_regen,24,1,local_bounded,0,,225,1350,0,0.0,0,13.592830407742298,7.468439761387847,8.623314186466262,0,80,689.8651349173009,0.0,16.875,0.0,16.875,0.0,1350.0
harvest,mix2,slow_regen,24,1,joint,0,,218,1308,0,0.0,0,13.490092923574206,6.95284021436606,8.780208638522783,0,80,702.4166910818226,0.0,16.35,0.0,0.0,0.0,0.0
harvest,mix2,slow_regen,24,1,local_optimistic,3,,168,1008,0,0.0,0,12.237859050831094,4.0768936364175365,9.778977368131148,0,80,782.3181894504919,0.0,12.6,3.0,12.6,240.0,1008.0
harvest,mix2,slow_regen,24,1,local_bounded,3,,190,1140,0,0.0,0,12.97493392492809,5.2946273592131,9.397718984959885,0,80,751.8175187967909,0.0,14.25,3.0,14.25,240.0,1140.0
harvest,mix2,slow_regen,24,1,joint,3,,181,1086,0,0.0,0,12.538881054563449,4.748849393559614,9.49176304003135,0,80,759.341043202508,0.0,13.575,3.0,3.0,240.0,240.0
harvest,mix2,slow_regen,24,1,local_optimistic,6,,167,1002,0,0.0,0,10.913893559000112,3.860943154897798,7.96682373462026,0,80,637.3458987696208,0.0,12.525,6.0,12.525,480.0,1002.0
harvest,mix2,slow_regen,24,1,local_bounded,6,,191,1146,0,0.0,0,11.60362045195915,5.057646619560326,7.730988917538315,0,80,618.4791134030652,0.0,14.325,6.0,14.325,480.0,1146.0
harvest,mix2,slow_regen,24,1,joint,6,,167,1002,0,0.0,0,10.958529488590894,3.894114733953386,8.039252989637756,0,80,643.1402391710205,0.0,12.525,6.0,6.0,480.0,480.0
harvest,mix2,slow_regen,25,0,none,0,0.0,0,0,0,0.1,0,10.312495881341464,0.0,8.454425354645357,8,80,676.3540283716286,0.1,0.0,0.0,0.0,,
harvest,mix2,slow_regen,25,0,local_optimistic,0,,238,1428,0,0.0,0,12.156647043858694,7.948740893880592,6.411328486443256,0,80,512.9062789154605,0.0,17.85,0.0,17.85,0.0,1428.0
harvest,mix2,slow_regen,25,0,local_bounded,0,,240,1440,0,0.0,0,12.331906745708133,8.117669690308077,6.59756686851379,0,80,527.8053494811032,0.0,18.0,0.0,18.0,0.0,1440.0
harvest,mix2,slow_regen,25,0,joint,0,,240,1440,0,0.0,0,12.331906745708133,8.117669690308077,6.59756686851379,0,80,527.8053494811032,0.0,18.0,0.0,0.0,0.0,0.0
harvest,mix2,slow_regen,25,0,local_optimistic,3,,204,1224,0,0.0,0,11.651645336632672,5.9396258450734996,7.02120346651032,0,80,561.6962773208256,0.0,15.3,3.0,15.3,240.0,1224.0
harvest,mix2,slow_regen,25,0,local_bounded,3,,230,1380,0,0.0,0,12.090832962174469,7.410730157513198,6.614770899327757,0,80,529.1816719462206,0.0,17.25,3.0,17.25,240.0,1380.0
harvest,mix2,slow_regen,25,0,joint,3,,213,1278,0,0.0,0,11.790543635631732,6.477915312769329,6.879038338366851,0,80,550.3230670693481,0.0,15.975,3.0,3.0,240.0,240.0
harvest,mix2,slow_regen,25,0,local_optimistic,6,,146,876,0,0.0,0,10.881010585917112,3.085955433165182,7.947671184206695,0,80,635.8136947365356,0.0,10.95,6.0,10.95,480.0,876.0
harvest,mix2,slow_regen,25,0,local_bounded,6,,190,1140,0,0.0,0,11.50030879296224,5.3178440887148515,7.356218002659242,0,80,588.4974402127393,0.0,14.25,6.0,14.25,480.0,1140.0
harvest,mix2,slow_regen,25,0,joint,6,,152,912,0,0.0,0,10.962963149199393,3.3412933323127176,7.889428804948205,0,80,631.1543043958563,0.0,11.4,6.0,6.0,480.0,480.0
harvest,mix2,slow_regen,25,1,none,0,0.0,0,0,0,0.0375,0,10.374873397441672,0.0,8.26466844402853,3,80,661.1734755222824,0.0375,0.0,0.0,0.0,,
harvest,mix2,slow_regen,25,1,local_optimistic,0,,240,1440,0,0.0,0,12.230875100085532,7.967102984559348,6.248136257074775,0,80,499.85090056598204,0.0,18.0,0.0,18.0,0.0,1440.0
harvest,mix2,slow_regen,25,1,local_bounded,0,,240,1440,0,0.0,0,13.239328872269045,8.420811854270033,7.625233326733455,0,80,610.0186661386764,0.0,18.0,0.0,18.0,0.0,1440.0
harvest,mix2,slow_regen,25,1,joint,0,,240,1440,0,0.0,0,13.239328872269045,8.420811854270033,7.625233326733455,0,80,610.0186661386764,0.0,18.0,0.0,0.0,0.0,0.0
harvest,mix2,slow_regen,25,1,local_optimistic,3,,200,1200,0,0.0,0,11.636955455899779,5.6478769071987385,6.902435858481226,0,80,552.1948686784981,0.0,15.0,3.0,15.0,240.0,1200.0
harvest,mix2,slow_regen,25,1,local_bounded,3,,232,1392,0,0.0,0,12.135402740347871,7.481027305954271,6.415248236485955,0,80,513.2198589188764,0.0,17.4,3.0,17.4,240.0,1392.0
harvest,mix2,slow_regen,25,1,joint,3,,216,1296,0,0.0,0,11.925305444551793,6.573888458855519,6.7888447512922125,0,80,543.107580103377,0.0,16.2,3.0,3.0,240.0,240.0
harvest,mix2,slow_regen,25,1,local_optimistic,6,,138,828,0,0.0,0,10.857516686216904,2.6717446158328584,7.791028640749952,0,80,623.2822912599961,0.0,10.35,6.0,10.35,480.0,828.0
harvest,mix2,slow_regen,25,1,local_bounded,6,,186,1116,0,0.0,0,11.482132202926383,4.996880044379029,7.149802357554404,0,80,571.9841886043523,0.0,13.95,6.0,13.95,480.0,1116.0
harvest,mix2,slow_regen,25,1,joint,6,,141,846,0,0.0,0,10.919102462212459,2.8042998030154065,7.7554638831152785,0,80,620.4371106492223,0.0,10.575,6.0,6.0,480.0,480.0
harvest,mix2,slow_regen,26,0,none,0,0.0,0,0,0,0.55,0,10.020646291166745,0.0,8.849421444833295,22,80,707.9537155866636,0.55,0.0,0.0,0.0,,
harvest,mix2,slow_regen,26,0,local_optimistic,0,,238,1428,0,0.0,0,12.07783427683056,7.654871578288725,6.4565769295768884,0,80,516.5261543661511,0.0,17.85,0.0,17.85,0.0,1428.0
harvest,mix2,slow_regen,26,0,local_bounded,0,,242,1452,0,0.0,0,12.341054794817024,8.021244709526723,6.606098334853594,0,80,528.4878667882875,0.0,18.15,0.0,18.15,0.0,1452.0
harvest,mix2,slow_regen,26,0,joint,0,,239,1434,0,0.0,0,12.301669495193767,7.8811760721423285,6.708584092972586,0,80,536.6867274378069,0.0,17.925,0.0,0.0,0.0,0.0
harvest,mix2,slow_regen,26,0,local_optimistic,3,,211,1266,0,0.0,0,11.563297812037248,6.255488793886573,7.236900669166738,0,80,578.952053533339,0.0,15.825,3.0,15.825,240.0,1266.0
harvest,mix2,slow_regen,26,0,local_bounded,3,,233,1398,0,0.0,0,12.033318305489093,7.429967937151202,6.638103027123819,0,80,531.0482421699055,0.0,17.475,3.0,17.475,240.0,1398.0
harvest,mix2,slow_regen,26,0,joint,3,,216,1296,0,0.0,0,11.689629749122432,6.52889757927075,7.120070072218008,0,80,569.6056057774406,0.0,16.2,3.0,3.0,240.0,240.0
harvest,mix2,slow_regen,26,0,local_optimistic,6,,183,1098,0,0.0,0,10.940348536408745,4.795670230084504,7.895432552190954,0,80,631.6346041752763,0.0,13.725,6.0,13.725,480.0,1098.0
harvest,mix2,slow_regen,26,0,local_bounded,6,,210,1260,0,0.0,0,11.546212128109408,6.220246295727824,7.240391525468273,0,80,579.2313220374618,0.0,15.75,6.0,15.75,480.0,1260.0
harvest,mix2,slow_regen,26,0,joint,6,,183,1098,0,0.0,0,10.971984694519966,4.849733589450663,7.938110035724547,0,80,635.0488028579638,0.0,13.725,6.0,6.0,480.0,480.0
harvest,mix2,slow_regen,26,1,none,0,0.0,0,0,0,0.45,0,10.072211651052076,0.0,8.96884545343228,18,80,717.5076362745824,0.45,0.0,0.0,0.0,,
harvest,mix2,slow_regen,26,1,local_optimistic,0,,237,1422,0,0.0,0,12.11553565754183,7.540598376922925,6.498578280482573,0,80,519.8862624386059,0.0,17.775,0.0,17.775,0.0,1422.0
harvest,mix2,slow_regen,26,1,local_bounded,0,,242,1452,0,0.0,0,12.283708998384395,7.918185078896473,6.491479077025039,0,80,519.3183261620031,0.0,18.15,0.0,18.15,0.0,1452.0
harvest,mix2,slow_regen,26,1,joint,0,,240,1440,0,0.0,0,12.264570840505593,7.824805987306876,6.559802915771033,0,80,524.7842332616826,0.0,18.0,0.0,0.0,0.0,0.0
harvest,mix2,slow_regen,26,1,local_optimistic,3,,209,1254,0,0.0,0,11.631299541110502,6.155262112417042,7.369861272736986,0,80,589.5889018189589,0.0,15.675,3.0,15.675,240.0,1254.0
harvest,mix2,slow_regen,26,1,local_bounded,3,,231,1386,0,0.0,0,12.055479250130237,7.295211110645843,6.788800053106018,0,80,543.1040042484815,0.0,17.325,3.0,17.325,240.0,1386.0
harvest,mix2,slow_regen,26,1,joint,3,,213,1278,0,0.0,0,11.722607207928025,6.435901059247305,7.306929055325488,0,80,584.5543244260391,0.0,15.975,3.0,3.0,240.0,240.0
harvest,mix2,slow_regen,26,1,local_optimistic,6,,183,1098,0,0.0,0,10.95924672975029,4.8685856361754745,8.067117240278339,0,80,645.3693792222671,0.0,13.725,6.0,13.725,480.0,1098.0
harvest,mix2,slow_regen,26,1,local_bounded,6,,207,1242,0,0.0,0,11.561971387147295,6.05528195572637,7.405621211077391,0,80,592.4496968861913,0.0,15.525,6.0,15.525,480.0,1242.0
harvest,mix2,slow_regen,26,1,joint,6,,184,1104,0,0.0,0,10.993064762129837,4.90731032699347,8.033656741772532,0,80,642.6925393418026,0.0,13.8,6.0,6.0,480.0,480.0
harvest,mix2,slow_regen,27,0,none,0,0.0,0,0,0,0.15,0,10.331885570731819,0.0,8.633637358805565,8,80,690.6909887044452,0.15,0.0,0.0,0.0,,
harvest,mix2,slow_regen,27,0,local_optimistic,0,,232,1392,0,0.0,0,12.59478666792665,7.355689905988768,6.616871695030795,0,80,529.3497356024636,0.0,17.4,0.0,17.4,0.0,1392.0
harvest,mix2,slow_regen,27,0,local_bounded,0,,231,1386,0,0.0,0,13.683583432198805,7.708594344925471,7.928059596022368,0,80,634.2447676817894,0.0,17.325,0.0,17.325,0.0,1386.0
harvest,mix2,slow_regen,27,0,joint,0,,226,1356,0,0.0,0,13.55998370260608,7.363852502178574,8.060282664759498,0,80,644.8226131807598,0.0,16.95,0.0,0.0,0.0,0.0
harvest,mix2,slow_regen,27,0,local_optimistic,3,,193,1158,0,0.0,0,11.672974343999817,5.297266824824016,6.926915626632717,0,80,554.1532501306174,0.0,14.475,3.0,14.475,240.0,1158.0
harvest,mix2,slow_regen,27,0,local_bounded,3,,224,1344,0,0.0,0,12.17899736133278,6.920202814044677,6.3540199030738975,0,80,508.3215922459118,0.0,16.8,3.0,16.8,240.0,1344.0
harvest,mix2,slow_regen,27,0,joint,3,,206,1236,0,0.0,0,11.860352833752994,6.006144455378445,6.709154191288034,0,80,536.7323353030428,0.0,15.45,3.0,3.0,240.0,240.0
harvest,mix2,slow_regen,27,0,local_optimistic,6,,121,726,0,0.0,0,10.88603834967752,1.8514272644000946,8.07509400715712,0,80,646.0075205725695,0.0,9.075,6.0,9.075,480.0,726.0
harvest,mix2,slow_regen,27,0,local_bounded,6,,179,1074,0,0.0,0,11.518339186576103,4.633593067544119,7.183161966033627,0,80,574.6529572826902,0.0,13.425,6.0,13.425,480.0,1074.0
harvest,mix2,slow_regen,27,0,joint,6,,126,756,0,0.0,0,10.923079316609483,2.0935524291748537,8.022176964264201,0,80,641.774157141136,0.0,9.45,6.0,6.0,480.0,480.0
harvest,mix2,slow_regen,27,1,none,0,0.0,0,0,0,0.2,0,10.227098427121947,0.0,8.718545218080061,12,80,697.4836174464049,0.2,0.0,0.0,0.0,,
harvest,mix2,slow_regen,27,1,local_optimistic,0,,222,1332,0,0.0,0,12.64565758188542,6.877272321296604,7.20975565812643,0,80,576.7804526501144,0.0,16.65,0.0,16.65,0.0,1332.0
harvest,mix2,slow_regen,27,1,local_bounded,0,,230,1380,0,0.0,0,14.083191909440234,7.818200581453557,8.772363186752738,0,80,701.789054940219,0.0,17.25,0.0,17.25,0.0,1380.0
harvest,mix2,slow_regen,27,1,joint,0,,229,1374,0,0.0,0,14.070260116767207,7.738149542773489,8.7951069104566,0,80,703.608552836528,0.0,17.175,0.0,0.0,0.0,0.0
harvest,mix2,slow_regen,27,1,local_optimistic,3,,190,1140,0,0.0,0,11.68779663126941,5.166402368315723,7.257568868410559,0,80,580.6055094728447,0.0,14.25,3.0,14.25,240.0,1140.0
harvest,mix2,slow_regen,27,1,local_bounded,3,,218,1308,0,0.0,0,12.373026889549411,6.673943094453344,7.055069486285182,0,80,564.4055589028146,0.0,16.35,3.0,16.35,240.0,1308.0
harvest,mix2,slow_regen,27,1,joint,3,,203,1218,0,0.0,0,11.981562760376406,5.837724597131699,7.110310440186069,0,80,568.8248352148855,0.0,15.225,3.0,3.0,240.0,240.0
harvest,mix2,slow_regen,27,1,local_optimistic,6,,125,750,0,0.0,0,10.872487172954212,2.0322791402761857,8.1323237199044,0,80,650.585897592352,0.0,9.375,6.0,9.375,480.0,750.0
harvest,mix2,slow_regen,27,1,local_bounded,6,,181,1086,0,0.0,0,11.581325656071062,4.74210732741698,7.431324410381999,0,80,594.5059528305599,0.0,13.575,6.0,13.575,480.0,1086.0
harvest,mix2,slow_regen,27,1,joint,6,,129,774,0,0.0,0,10.946878804662935,2.2329304078929826,8.069184845531986,0,80,645.5347876425589,0.0,9.675,6.0,6.0,480.0,480.0
harvest,mix2,slow_regen,28,0,none,0,0.0,0,0,0,0.975,0,8.738074868461377,0.0,9.556113019973461,1,80,764.4890415978768,0.975,0.0,0.0,0.0,,
harvest,mix2,slow_regen,28,0,local_optimistic,0,,235,1410,0,0.0,0,12.742500755306752,9.21829430218267,9.028938843151144,0,80,722.3151074520915,0.0,17.625,0.0,17.625,0.0,1410.0
harvest,mix2,slow_regen,28,0,local_bounded,0,,231,1386,0,0.0,0,13.548757446198739,9.430396997930908,9.780349970451663,0,80,782.427997636133,0.0,17.325,0.0,17.325,0.0,1386.0
harvest,mix2,slow_regen,28,0,joint,0,,230,1380,0,0.0,0,13.289518854864204,9.320050818697545,9.784903551186527,0,80,782.7922840949221,0.0,17.25,0.0,0.0,0.0,0.0
harvest,mix2,slow_regen,28,0,local_optimistic,3,,215,1290,0,0.0,0,12.044761922669926,7.661707214012495,9.572547804801605,0,80,765.8038243841283,0.0,16.125,3.0,16.125,240.0,1290.0
harvest,mix2,slow_regen,28,0,local_bounded,3,,233,1398,0,0.0,0,12.683687397632738,9.050375599868397,9.093534629149588,0,80,727.482770331967,0.0,17.475,3.0,17.475,240.0,1398.0
harvest,mix2,slow_regen,28,0,joint,3,,223,1338,0,0.0,0,12.38849707556848,8.312264196396955,9.421460092666669,0,80,753.7168074133335,0.0,16.725,3.0,3.0,240.0,240.0
harvest,mix2,slow_regen,28,0,local_optimistic,6,,191,1146,0,0.0,0,11.134961573814644,6.059545965585707,10.167718412248728,0,80,813.4174729798982,0.0,14.325,6.0,14.325,480.0,1146.0
harvest,mix2,slow_regen,28,0,local_bounded,6,,213,1278,0,0.0,0,11.997120938491742,7.576509366769139,9.650744896120605,0,80,772.0595916896484,0.0,15.975,6.0,15.975,480.0,1278.0
harvest,mix2,slow_regen,28,0,joint,6,,196,1176,0,0.0,0,11.263657866216093,6.401428150355018,10.052968503687525,0,80,804.237480295002,0.0,14.7,6.0,6.0,480.0,480.0
harvest,mix2,slow_regen,28,1,none,0,0.0,0,0,0,0.975,0,8.745926960673826,0.0,9.366241671274949,1,80,749.2993337019959,0.975,0.0,0.0,0.0,,
harvest,mix2,slow_regen,28,1,local_optimistic,0,,235,1410,0,0.0,0,12.56721291619053,9.153650329346409,9.00606467031876,0,80,720.4851736255008,0.0,17.625,0.0,17.625,0.0,1410.0
harvest,mix2,slow_regen,28,1,local_bounded,0,,238,1428,0,0.0,0,12.912692463990528,9.574628843826726,9.14428989204371,0,80,731.5431913634968,0.0,17.85,0.0,17.85,0.0,1428.0
harvest,mix2,slow_regen,28,1,joint,0,,238,1428,0,0.0,0,12.912692463990528,9.574628843826726,9.14428989204371,0,80,731.5431913634968,0.0,17.85,0.0,0.0,0.0,0.0
harvest,mix2,slow_regen,28,1,local_optimistic,3,,217,1302,0,0.0,0,11.89698256967021,7.713891148965837,9.44287958686428,0,80,755.4303669491424,0.0,16.275,3.0,16.275,240.0,1302.0
harvest,mix2,slow_regen,28,1,local_bounded,3,,236,1416,0,0.0,0,12.59254185987459,9.234936625830311,8.958672988503594,0,80,716.6938390802875,0.0,17.7,3.0,17.7,240.0,1416.0
harvest,mix2,slow_regen,28,1,joint,3,,225,1350,0,0.0,0,12.27977125758636,8.402264020292757,9.32788123120773,0,80,746.2304984966185,0.0,16.875,3.0,3.0,240.0,240.0
harvest,mix2,slow_regen,28,1,local_optimistic,6,,194,1164,0,0.0,0,11.089785949015594,6.202832862459174,9.97291549686328,0,80,797.8332397490624,0.0,14.55,6.0,14.55,480.0,1164.0
harvest,mix2,slow_regen,28,1,local_bounded,6,,219,1314,0,0.0,0,11.986686120783254,7.914715581650606,9.375781920453196,0,80,750.0625536362556,0.0,16.425,6.0,16.425,480.0,1314.0
harvest,mix2,slow_regen,28,1,joint,6,,198,1188,0,0.0,0,11.217626375157312,6.453640790269361,9.90381629964602,0,80,792.3053039716816,0.0,14.85,6.0,6.0,480.0,480.0
harvest,mix2,slow_regen,29,0,none,0,0.0,0,0,0,0.1875,0,10.226901718812115,0.0,9.083150659485502,11,80,726.6520527588402,0.1875,0.0,0.0,0.0,,
harvest,mix2,slow_regen,29,0,local_optimistic,0,,201,1206,0,0.0,0,12.960851536765194,6.223375045479843,9.219155736413564,0,80,737.5324589130851,0.0,15.075,0.0,15.075,0.0,1206.0
harvest,mix2,slow_regen,29,0,local_bounded,0,,229,1374,0,0.0,0,13.67853215899635,8.271379666666416,8.798709756148273,0,80,703.8967804918618,0.0,17.175,0.0,17.175,0.0,1374.0
harvest,mix2,slow_regen,29,0,joint,0,,227,1362,0,0.0,0,13.620346278372239,8.06940973983412,8.815297652824281,0,80,705.2238122259425,0.0,17.025,0.0,0.0,0.0,0.0
harvest,mix2,slow_regen,29,0,local_optimistic,3,,184,1104,0,0.0,0,12.21382612127837,4.969274448019865,9.133961763763264,0,80,730.7169411010611,0.0,13.8,3.0,13.8,240.0,1104.0
harvest,mix2,slow_regen,29,0,local_bounded,3,,199,1194,0,0.0,0,12.925922767697202,6.093750416110169,9.244108619657316,0,80,739.5286895725853,0.0,14.925,3.0,14.925,240.0,1194.0
harvest,mix2,slow_regen,29,0,joint,3,,190,1140,0,0.0,0,12.566160658158102,5.493972743899563,9.238548562530237,0,80,739.0838850024189,0.0,14.25,3.0,3.0,240.0,240.0
harvest,mix2,slow_regen,29,0,local_optimistic,6,,152,912,0,0.0,0,10.950728640619113,3.1996270606680346,8.402012032008413,0,80,672.160962560673,0.0,11.4,6.0,11.4,480.0,912.0
harvest,mix2,slow_regen,29,0,local_bounded,6,,168,1008,0,0.0,0,12.013132469831461,4.180215900863013,9.481403431909069,0,80,758.5122745527254,0.0,12.6,6.0,12.6,480.0,1008.0
harvest,mix2,slow_regen,29,0,joint,6,,155,930,0,0.0,0,10.975013327528378,3.31202386903785,8.37790246894653,0,80,670.2321975157224,0.0,11.625,6.0,6.0,480.0,480.0
harvest,mix2,slow_regen,29,1,none,0,0.0,0,0,0,0.1125,0,10.252638925776708,0.0,9.112283316996024,9,80,728.982665359682,0.1125,0.0,0.0,0.0,,
harvest,mix2,slow_regen,29,1,local_optimistic,0,,201,1206,0,0.0,0,12.940378815208657,6.148413797767461,9.117779076911196,0,80,729.4223261528957,0.0,15.075,0.0,15.075,0.0,1206.0
harvest,mix2,slow_regen,29,1,local_bounded,0,,230,1380,0,0.0,0,13.546054551842385,8.236496203769189,8.534790135654028,0,80,682.7832108523222,0.0,17.25,0.0,17.25,0.0,1380.0
harvest,mix2,slow_regen,29,1,joint,0,,226,1356,0,0.0,0,13.463726458115593,7.858421285797315,8.6085603331021,0,80,688.6848266481679,0.0,16.95,0.0,0.0,0.0,0.0
harvest,mix2,slow_regen,29,1,local_optimistic,3,,178,1068,0,0.0,0,12.222407066454892,4.710436231619075,9.273288133885293,0,80,741.8630507108235,0.0,13.35,3.0,13.35,240.0,1068.0
harvest,mix2,slow_regen,29,1,local_bounded,3,,195,1170,0,0.0,0,12.901528352627555,5.827666552618031,9.260574982976552,0,80,740.8459986381241,0.0,14.625,3.0,14.625,240.0,1170.0
harvest,mix2,slow_regen,29,1,joint,3,,187,1122,0,0.0,0,12.575174943788351,5.267357254065351,9.255710338315987,0,80,740.456827065279,0.0,14.025,3.0,3.0,240.0,240.0
harvest,mix2,slow_regen,29,1,local_optimistic,6,,149,894,0,0.0,0,10.940533652624021,3.0872499284424633,8.512053681408966,0,80,680.9642945127173,0.0,11.175,6.0,11.175,480.0,894.0
harvest,mix2,slow_regen,29,1,local_bounded,6,,165,990,0,0.0,0,12.00925563626945,3.9795381475164633,9.490246756567853,0,80,759.2197405254283,0.0,12.375,6.0,12.375,480.0,990.0
harvest,mix2,slow_regen,29,1,joint,6,,153,918,0,0.0,0,11.005327533311675,3.2728638115083335,8.48873170474827,0,80,679.0985363798616,0.0,11.475,6.0,6.0,480.0,480.0
harvest,mix2,slow_regen,30,0,none,0,0.0,0,0,0,0.075,0,10.405133940453647,0.0,8.5151426492181,2,80,681.211411937448,0.075,0.0,0.0,0.0,,
harvest,mix2,slow_regen,30,0,local_optimistic,0,,232,1392,0,0.0,0,12.380291497266558,6.637587168465268,6.069111409430371,0,80,485.52891275442965,0.0,17.4,0.0,17.4,0.0,1392.0
harvest,mix2,slow_regen,30,0,local_bounded,0,,237,1422,0,0.0,0,12.617889148562893,7.068438102527213,6.109502522224619,0,80,488.76020177796954,0.0,17.775,0.0,17.775,0.0,1422.0
harvest,mix2,slow_regen,30,0,joint,0,,237,1422,0,0.0,0,12.617889148562893,7.068438102527213,6.109502522224619,0,80,488.76020177796954,0.0,17.775,0.0,0.0,0.0,0.0
harvest,mix2,slow_regen,30,0,local_optimistic,3,,188,1128,0,0.0,0,11.673050973096434,4.552391764614702,6.982773806852928,0,80,558.6219045482343,0.0,14.1,3.0,14.1,240.0,1128.0
harvest,mix2,slow_regen,30,0,local_bounded,3,,220,1320,0,0.0,0,12.181744284270607,6.0973962234318195,6.347094614385264,0,80,507.7675691508211,0.0,16.5,3.0,16.5,240.0,1320.0
harvest,mix2,slow_regen,30,0,joint,3,,199,1194,0,0.0,0,11.917454156237165,5.0915161162473925,6.865174494234378,0,80,549.2139595387503,0.0,14.925,3.0,3.0,240.0,240.0
harvest,mix2,slow_regen,30,0,local_optimistic,6,,133,798,0,0.0,0,10.924228223152605,2.1641664144704955,7.915771976937594,0,80,633.2617581550076,0.0,9.975,6.0,9.975,480.0,798.0
harvest,mix2,slow_regen,30,0,local_bounded,6,,175,1050,0,0.0,0,11.550569090569706,4.005545605083435,7.340518082999607,0,80,587.2414466399686,0.0,13.125,6.0,13.125,480.0,1050.0
harvest,mix2,slow_regen,30,0,joint,6,,137,822,0,0.0,0,10.964872498405086,2.362454228058164,7.875215838051301,0,80,630.0172670441041,0.0,10.275,6.0,6.0,480.0,480.0
harvest,mix2,slow_regen,30,1,none,0,0.0,0,0,0,0.0875,0,10.408770823227773,0.0,8.454729168174566,2,80,676.3783334539653,0.0875,0.0,0.0,0.0,,
harvest,mix2,slow_regen,30,1,local_optimistic,0,,231,1386,0,0.0,0,12.507086922951482,6.647692445504506,6.383617661911435,0,80,510.6894129529148,0.0,17.325,0.0,17.325,0.0,1386.0
harvest,mix2,slow_regen,30,1,local_bounded,0,,236,1416,0,0.0,0,13.418059112775172,7.485579095331678,7.417080215069544,0,80,593.3664172055635,0.0,17.7,0.0,17.7,0.0,1416.0
harvest,mix2,slow_regen,30,1,joint,0,,236,1416,0,0.0,0,13.418059112775172,7.485579095331678,7.417080215069544,0,80,593.3664172055635,0.0,17.7,0.0,0.0,0.0,0.0
harvest,mix2,slow_regen,30,1,local_optimistic,3,,189,1134,0,0.0,0,11.756148462020576,4.633904223571493,7.112178173613323,0,80,568.9742538890658,0.0,14.175,3.0,14.175,240.0,1134.0
harvest,mix2,slow_regen,30,1,local_bounded,3,,222,1332,0,0.0,0,12.321795159563104,6.241087640490534,6.519017921256506,0,80,521.5214337005204,0.0,16.65,3.0,16.65,240.0,1332.0
harvest,mix2,slow_regen,30,1,joint,3,,201,1206,0,0.0,0,11.884439058722702,5.248590858235679,6.796521107028674,0,80,543.7216885622939,0.0,15.075,3.0,3.0,240.0,240.0
harvest,mix2,slow_regen,30,1,local_optimistic,6,,130,780,0,0.0,0,10.912764752061753,2.057737904147127,7.885512411305103,0,80,630.8409929044083,0.0,9.75,6.0,9.75,480.0,780.0
harvest,mix2,slow_regen,30,1,local_bounded,6,,180,1080,0,0.0,0,11.519323991372113,4.233494857815434,7.136897272666947,0,80,570.9517818133558,0.0,13.5,6.0,13.5,480.0,1080.0
harvest,mix2,slow_regen,30,1,joint,6,,132,792,0,0.0,0,10.930709859688445,2.145481768605955,7.860924651980293,0,80,628.8739721584234,0.0,9.9,6.0,6.0,480.0,480.0
harvest,mix2,slow_regen,31,0,none,0,0.0,0,0,0,0.05,0,10.407779329014208,0.0,8.556740893270502,4,80,684.5392714616402,0.05,0.0,0.0,0.0,,
harvest,mix2,slow_regen,31,0,local_optimistic,0,,220,1320,0,0.0,0,12.802532198474125,5.803231708324342,7.029196581472204,0,80,562.3357265177764,0.0,16.5,0.0,16.5,0.0,1320.0
harvest,mix2,slow_regen,31,0,local_bounded,0,,213,1278,0,0.0,0,13.723762843832418,6.07249996918949,8.248324181018656,0,80,659.8659344814926,0.0,15.975,0.0,15.975,0.0,1278.0
harvest,mix2,slow_regen,31,0,joint,0,,208,1248,0,0.0,0,13.617249234353466,5.819408520640963,8.383140793583866,0,80,670.6512634867092,0.0,15.6,0.0,0.0,0.0,0.0
harvest,mix2,slow_regen,31,0,local_optimistic,3,,181,1086,0,0.0,0,11.703036363720813,3.996265595684818,7.126932510537617,0,80,570.1546008430093,0.0,13.575,3.0,13.575,240.0,1086.0
harvest,mix2,slow_regen,31,0,local_bounded,3,,210,1260,0,0.0,0,12.379385001528377,5.31615674560345,6.803974583408018,0,80,544.3179666726414,0.0,15.75,3.0,15.75,240.0,1260.0
harvest,mix2,slow_regen,31,0,joint,3,,191,1146,0,0.0,0,11.944474464860956,4.459080612166131,7.03702843016058,0,80,562.9622744128465,0.0,14.325,3.0,3.0,240.0,240.0
harvest,mix2,slow_regen,31,0,local_optimistic,6,,126,756,0,0.0,0,10.870815911696688,1.732165602724394,8.031517466336798,0,80,642.5213973069438,0.0,9.45,6.0,9.45,480.0,756.0
harvest,mix2,slow_regen,31,0,local_bounded,6,,175,1050,0,0.0,0,11.609903216172574,3.7330320426447434,7.25518423301618,0,80,580.4147386412944,0.0,13.125,6.0,13.125,480.0,1050.0
harvest,mix2,slow_regen,31,0,joint,6,,128,768,0,0.0,0,10.903248653041882,1.8171736367591182,8.017719217465268,0,80,641.4175373972215,0.0,9.6,6.0,6.0,480.0,480.0
harvest,mix2,slow_regen,31,1,none,0,0.0,0,0,0,0.05,0,10.422829026348111,0.0,8.519085938954442,2,80,681.5268751163553,0.05,0.0,0.0,0.0,,
harvest,mix2,slow_regen,31,1,local_optimistic,0,,226,1356,0,0.0,0,12.873459973587808,5.981640997386634,6.784660988760177,0,80,542.7728791008142,0.0,16.95,0.0,16.95,0.0,1356.0
harvest,mix2,slow_regen,31,1,local_bounded,0,,213,1278,0,0.0,0,13.739300962695927,6.045511107421739,8.224162570772616,0,80,657.9330056618094,0.0,15.975,0.0,15.975,0.0,1278.0
harvest,mix2,slow_regen,31,1,joint,0,,214,1284,0,0.0,0,13.619592666150073,6.063666079273641,8.111527256167232,0,80,648.9221804933786,0.0,16.05,0.0,0.0,0.0,0.0
harvest,mix2,slow_regen,31,1,local_optimistic,3,,186,1116,0,0.0,0,11.791970875990794,4.19138358639951,6.944948652394098,0,80,555.5958921915278,0.0,13.95,3.0,13.95,240.0,1116.0
harvest,mix2,slow_regen,31,1,local_bounded,3,,217,1302,0,0.0,0,12.386693346211771,5.5320095553772415,6.42535320679611,0,80,514.0282565436888,0.0,16.275,3.0,16.275,240.0,1302.0
harvest,mix2,slow_regen,31,1,joint,3,,193,1158,0,0.0,0,11.973541337748816,4.510261839319053,6.869067120931885,0,80,549.5253696745508,0.0,14.475,3.0,3.0,240.0,240.0
harvest,mix2,slow_regen,31,1,local_optimistic,6,,121,726,0,0.0,0,10.90482389114889,1.564650997691133,8.128017345944645,0,80,650.2413876755716,0.0,9.075,6.0,9.075,480.0,726.0
harvest,mix2,slow_regen,31,1,local_bounded,6,,173,1038,0,0.0,0,11.606057967088098,3.6907738499581226,7.288946451306252,0,80,583.1157161045002,0.0,12.975,6.0,12.975,480.0,1038.0
harvest,mix2,slow_regen,31,1,joint,6,,123,738,0,0.0,0,10.897566187518304,1.6226210191295691,8.095444814791323,0,80,647.6355851833058,0.0,9.225,6.0,6.0,480.0,480.0
harvest,mix2,slow_regen,32,0,none,0,0.0,0,0,0,0.95,0,9.649576759139133,0.0,8.876622507103662,3,80,710.1298005682929,0.95,0.0,0.0,0.0,,
harvest,mix2,slow_regen,32,0,local_optimistic,0,,222,1332,0,0.0,0,12.988839528633282,7.031750715231459,7.7936002997722555,0,80,623.4880239817804,0.0,16.65,0.0,16.65,0.0,1332.0
harvest,mix2,slow_regen,32,0,local_bounded,0,,238,1428,0,0.0,0,13.391198148250632,8.21369344722797,7.533683368162572,0,80,602.6946694530058,0.0,17.85,0.0,17.85,0.0,1428.0
harvest,mix2,slow_regen,32,0,joint,0,,238,1428,0,0.0,0,13.391198148250632,8.21369344722797,7.533683368162572,0,80,602.6946694530058,0.0,17.85,0.0,0.0,0.0,0.0
harvest,mix2,slow_regen,32,0,local_optimistic,3,,183,1098,0,0.0,0,12.242505716528589,4.821016846929187,8.689589543970365,0,80,695.1671635176292,0.0,13.725,3.0,13.725,240.0,1098.0
harvest,mix2,slow_regen,32,0,local_bounded,3,,211,1266,0,0.0,0,12.830972414329688,6.408969823762,8.080279879859695,0,80,646.4223903887756,0.0,15.825,3.0,15.825,240.0,1266.0
harvest,mix2,slow_regen,32,0,joint,3,,195,1170,0,0.0,0,12.53852802963937,5.495777251222059,8.48562895477769,0,80,678.8503163822152,0.0,14.625,3.0,3.0,240.0,240.0
harvest,mix2,slow_regen,32,0,local_optimistic,6,,159,954,0,0.0,0,11.014191818543008,3.4999261667005315,8.450292946002914,0,80,676.0234356802332,0.0,11.925,6.0,11.925,480.0,954.0
harvest,mix2,slow_regen,32,0,local_bounded,6,,172,1032,0,0.0,0,11.981045061530684,4.262605633224541,8.971370140772642,0,80,717.7096112618113,0.0,12.9,6.0,12.9,480.0,1032.0
harvest,mix2,slow_regen,32,0,joint,6,,158,948,0,0.0,0,11.010931306730233,3.481148933780368,8.428133980308234,0,80,674.2507184246587,0.0,11.85,6.0,6.0,480.0,480.0
harvest,mix2,slow_regen,32,1,none,0,0.0,0,0,0,0.9375,0,9.598937022318541,0.0,8.71597316362907,3,80,697.2778530903256,0.9375,0.0,0.0,0.0,,
harvest,mix2,slow_regen,32,1,local_optimistic,0,,224,1344,0,0.0,0,12.956496670499295,6.938970877497388,7.563866859650227,0,80,605.1093487720182,0.0,16.8,0.0,16.8,0.0,1344.0
harvest,mix2,slow_regen,32,1,local_bounded,0,,238,1428,0,0.0,0,13.327505563592974,7.993077752879543,7.371058498018044,0,80,589.6846798414435,0.0,17.85,0.0,17.85,0.0,1428.0
harvest,mix2,slow_regen,32,1,joint,0,,238,1428,0,0.0,0,13.327505563592974,7.993077752879543,7.371058498018044,0,80,589.6846798414435,0.0,17.85,0.0,0.0,0.0,0.0
harvest,mix2,slow_regen,32,1,local_optimistic,3,,196,1176,0,0.0,0,11.729983100340789,5.267299622453255,7.234140152356514,0,80,578.7312121885211,0.0,14.7,3.0,14.7,240.0,1176.0
harvest,mix2,slow_regen,32,1,local_bounded,3,,217,1302,0,0.0,0,12.855181025202493,6.62353257439278,7.75391416496503,0,80,620.3131331972024,0.0,16.275,3.0,16.275,240.0,1302.0
harvest,mix2,slow_regen,32,1,joint,3,,205,1230,0,0.0,0,11.99348698853193,5.740850929744808,7.1401282681118,0,80,571.210261448944,0.0,15.375,3.0,3.0,240.0,240.0
harvest,mix2,slow_regen,32,1,local_optimistic,6,,159,954,0,0.0,0,10.943999175217055,3.4772879159558983,8.02537490766839,0,80,642.0299926134712,0.0,11.925,6.0,11.925,480.0,954.0
harvest,mix2,slow_regen,32,1,local_bounded,6,,186,1116,0,0.0,0,11.581077812597199,4.785795953081674,7.514828652022589,0,80,601.1862921618072,0.0,13.95,6.0,13.95,480.0,1116.0
harvest,mix2,slow_regen,32,1,joint,6,,158,948,0,0.0,0,10.992143512186605,3.4537746202176884,8.16594090580848,0,80,653.2752724646784,0.0,11.85,6.0,6.0,480.0,480.0
harvest,mix2,slow_regen,33,0,none,0,0.0,0,0,0,0.9125,0,9.610645791004924,0.0,8.781226931736109,3,80,702.4981545388887,0.9125,0.0,0.0,0.0,,
harvest,mix2,slow_regen,33,0,local_optimistic,0,,180,1080,0,0.0,0,13.015418844558031,4.552812771351302,9.138524812062073,0,80,731.0819849649658,0.0,13.5,0.0,13.5,0.0,1080.0
harvest,mix2,slow_regen,33,0,local_bounded,0,,218,1308,0,0.0,0,13.65443169637453,6.623094967667979,8.386240763075257,0,80,670.8992610460206,0.0,16.35,0.0,16.35,0.0,1308.0
harvest,mix2,slow_regen,33,0,joint,0,,211,1266,0,0.0,0,13.57380728563788,6.2471071019271776,8.505527716353106,0,80,680.4422173082485,0.0,15.825,0.0,0.0,0.0,0.0
harvest,mix2,slow_regen,33,0,local_optimistic,3,,186,1116,0,0.0,0,11.796720777150803,4.521358798155181,7.614149230975491,0,80,609.1319384780393,0.0,13.95,3.0,13.95,240.0,1116.0
harvest,mix2,slow_regen,33,0,local_bounded,3,,196,1176,0,0.0,0,12.917688419633578,5.3205651898641175,8.559641418033895,0,80,684.7713134427115,0.0,14.7,3.0,14.7,240.0,1176.0
harvest,mix2,slow_regen,33,0,joint,3,,192,1152,0,0.0,0,12.02109945015229,4.843095392462326,7.576988541242022,0,80,606.1590832993618,0.0,14.4,3.0,3.0,240.0,240.0
harvest,mix2,slow_regen,33,0,local_optimistic,6,,147,882,0,0.0,0,10.88938728236842,2.776280449044143,8.133375243038298,0,80,650.6700194430639,0.0,11.025,6.0,11.025,480.0,882.0
harvest,mix2,slow_regen,33,0,local_bounded,6,,173,1038,0,0.0,0,11.597155864282112,3.953708534981569,7.8051539803982966,0,80,624.4123184318637,0.0,12.975,6.0,12.975,480.0,1038.0
harvest,mix2,slow_regen,33,0,joint,6,,148,888,0,0.0,0,10.969908728971825,2.8529155306647147,8.215687020757487,0,80,657.254961660599,0.0,11.1,6.0,6.0,480.0,480.0
harvest,mix2,slow_regen,33,1,none,0,0.0,0,0,0,0.9625,0,9.604579633434025,0.0,8.904149807209532,1,80,712.3319845767626,0.9625,0.0,0.0,0.0,,
harvest,mix2,slow_regen,33,1,local_optimistic,0,,181,1086,0,0.0,0,13.0816149539647,4.653633701131313,9.249086497507268,0,80,739.9269198005813,0.0,13.575,0.0,13.575,0.0,1086.0
harvest,mix2,slow_regen,33,1,local_bounded,0,,216,1296,0,0.0,0,13.588055366207843,6.576422237424386,8.351226578801862,0,80,668.098126304149,0.0,16.2,0.0,16.2,0.0,1296.0
harvest,mix2,slow_regen,33,1,joint,0,,211,1266,0,0.0,0,13.532509934676714,6.290205969809041,8.509862587349533,0,80,680.7890069879626,0.0,15.825,0.0,0.0,0.0,0.0
harvest,mix2,slow_regen,33,1,local_optimistic,3,,186,1116,0,0.0,0,11.74976500781376,4.484539660676956,7.477316715369852,0,80,598.1853372295882,0.0,13.95,3.0,13.95,240.0,1116.0
harvest,mix2,slow_regen,33,1,local_bounded,3,,183,1098,0,0.0,0,12.980823071222494,4.738770962506676,9.088803999632637,0,80,727.104319970611,0.0,13.725,3.0,13.725,240.0,1098.0
harvest,mix2,slow_regen,33,1,joint,3,,193,1158,0,0.0,0,12.021809783036367,4.8791600760233536,7.511763788031023,0,80,600.9411030424818,0.0,14.475,3.0,3.0,240.0,240.0
harvest,mix2,slow_regen,33,1,local_optimistic,6,,148,888,0,0.0,0,10.936037010373935,2.7893939948307866,8.16956194021994,0,80,653.5649552175953,0.0,11.1,6.0,11.1,480.0,888.0
harvest,mix2,slow_regen,33,1,local_bounded,6,,176,1056,0,0.0,0,11.6024834193941,4.06945989875454,7.692538734140824,0,80,615.4030987312659,0.0,13.2,6.0,13.2,480.0,1056.0
harvest,mix2,slow_regen,33,1,joint,6,,147,882,0,0.0,0,10.974041907271147,2.7804600685677316,8.219272682598591,0,80,657.5418146078873,0.0,11.025,6.0,6.0,480.0,480.0
harvest,mix2,slow_regen,34,0,none,0,0.0,0,0,0,0.9625,0,9.20824888013174,0.0,9.392208403005174,1,80,751.376672240414,0.9625,0.0,0.0,0.0,,
harvest,mix2,slow_regen,34,0,local_optimistic,0,,209,1254,0,0.0,0,12.8800195041465,6.5813822712685255,9.155966180633461,0,80,732.4772944506769,0.0,15.675,0.0,15.675,0.0,1254.0
harvest,mix2,slow_regen,34,0,local_bounded,0,,232,1392,0,0.0,0,13.605542861695948,8.247532316281402,8.64850137551085,0,80,691.880110040868,0.0,17.4,0.0,17.4,0.0,1392.0
harvest,mix2,slow_regen,34,0,joint,0,,226,1356,0,0.0,0,13.465370458523655,7.822723157662848,8.830061928652933,0,80,706.4049542922346,0.0,16.95,0.0,0.0,0.0,0.0
harvest,mix2,slow_regen,34,0,local_optimistic,3,,196,1176,0,0.0,0,12.10149081551037,5.504009409179079,8.997016476044289,0,80,719.7613180835431,0.0,14.7,3.0,14.7,240.0,1176.0
harvest,mix2,slow_regen,34,0,local_bounded,3,,209,1254,0,0.0,0,12.884012044990385,6.600994369809084,9.14584221086625,0,80,731.6673768693,0.0,15.675,3.0,15.675,240.0,1254.0
harvest,mix2,slow_regen,34,0,joint,3,,200,1200,0,0.0,0,12.5217603450307,6.018050303377757,9.290642194213044,0,80,743.2513755370435,0.0,15.0,3.0,3.0,240.0,240.0
harvest,mix2,slow_regen,34,0,local_optimistic,6,,184,1104,0,0.0,0,10.940241168998794,4.669824068030664,8.113454812760617,0,80,649.0763850208493,0.0,13.8,6.0,13.8,480.0,1104.0
harvest,mix2,slow_regen,34,0,local_bounded,6,,189,1134,0,0.0,0,11.940760184557552,5.149045736368355,9.15933534127405,0,80,732.746827301924,0.0,14.175,6.0,14.175,480.0,1134.0
harvest,mix2,slow_regen,34,0,joint,6,,185,1110,0,0.0,0,11.003307425738829,4.714044111256875,8.134456566154352,0,80,650.7565252923482,0.0,13.875,6.0,6.0,480.0,480.0
harvest,mix2,slow_regen,34,1,none,0,0.0,0,0,0,0.9625,0,9.277675466534925,0.0,9.561956688774362,2,80,764.9565351019489,0.9625,0.0,0.0,0.0,,
harvest,mix2,slow_regen,34,1,local_optimistic,0,,207,1242,0,0.0,0,12.908634161962848,6.433481705021225,9.186671161145114,0,80,734.9336928916091,0.0,15.525,0.0,15.525,0.0,1242.0
harvest,mix2,slow_regen,34,1,local_bounded,0,,228,1368,0,0.0,0,13.569576678569394,7.9405194046823855,8.749417917385385,0,80,699.9534333908308,0.0,17.1,0.0,17.1,0.0,1368.0
harvest,mix2,slow_regen,34,1,joint,0,,225,1350,0,0.0,0,13.475923248920804,7.713699872972687,8.826101860833456,0,80,706.0881488666764,0.0,16.875,0.0,0.0,0.0,0.0
harvest,mix2,slow_regen,34,1,local_optimistic,3,,194,1164,0,0.0,0,12.090561037370463,5.36218669220514,9.016767746762195,0,80,721.3414197409755,0.0,14.55,3.0,14.55,240.0,1164.0
harvest,mix2,slow_regen,34,1,local_bounded,3,,207,1242,0,0.0,0,12.884207970234618,6.401905897734721,9.12068788345446,0,80,729.6550306763568,0.0,15.525,3.0,15.525,240.0,1242.0
harvest,mix2,slow_regen,34,1,joint,3,,204,1224,0,0.0,0,12.457226104565084,5.996955086680048,8.8789490216821,0,80,710.3159217345681,0.0,15.3,3.0,3.0,240.0,240.0
harvest,mix2,slow_regen,34,1,local_optimistic,6,,179,1074,0,0.0,0,11.001573964434527,4.417986498243025,8.376874433170922,0,80,670.1499546536738,0.0,13.425,6.0,13.425,480.0,1074.0
harvest,mix2,slow_regen,34,1,local_bounded,6,,191,1146,0,0.0,0,11.986378654190986,5.198854410485973,9.07516752813875,0,80,726.0134022510999,0.0,14.325,6.0,14.325,480.0,1146.0
harvest,mix2,slow_regen,34,1,joint,6,,178,1068,0,0.0,0,11.074095578049898,4.395289287068626,8.640085411964549,0,80,691.2068329571639,0.0,13.35,6.0,6.0,480.0,480.0
harvest,mix2,slow_regen,35,0,none,0,0.0,0,0,0,0.0375,0,10.426105220124782,0.0,8.895925909307849,3,80,711.6740727446279,0.0375,0.0,0.0,0.0,,
harvest,mix2,slow_regen,35,0,local_optimistic,0,,217,1302,0,0.0,0,13.346659194275322,7.630458943736069,10.473727037669098,0,80,837.8981630135279,0.0,16.275,0.0,16.275,0.0,1302.0
harvest,mix2,slow_regen,35,0,local_bounded,0,,237,1422,0,0.0,0,14.081982562734803,9.953039721929489,10.355686492954105,0,80,828.4549194363284,0.0,17.775,0.0,17.775,0.0,1422.0
harvest,mix2,slow_regen,35,0,joint,0,,237,1422,0,0.0,0,14.081982562734803,9.953039721929489,10.355686492954105,0,80,828.4549194363284,0.0,17.775,0.0,0.0,0.0,0.0
harvest,mix2,slow_regen,35,0,local_optimistic,3,,188,1128,0,0.0,0,12.601325380988847,5.276741128830319,10.534229481842967,0,80,842.7383585474374,0.0,14.1,3.0,14.1,240.0,1128.0
harvest,mix2,slow_regen,35,0,local_bounded,3,,215,1290,0,0.0,0,13.4086126361374,7.607691445194479,10.605597610749678,0,80,848.4478088599742,0.0,16.125,3.0,16.125,240.0,1290.0
harvest,mix2,slow_regen,35,0,joint,3,,204,1224,0,0.0,0,13.064330607190907,6.559072699646345,10.527396612716624,0,80,842.1917290173299,0.0,15.3,3.0,3.0,240.0,240.0
harvest,mix2,slow_regen,35,0,local_optimistic,6,,176,1056,0,0.0,0,10.951042844528857,4.281417952666663,8.38272067597554,0,80,670.6176540780432,0.0,13.2,6.0,13.2,480.0,1056.0
harvest,mix2,slow_regen,35,0,local_bounded,6,,164,984,0,0.0,0,12.35028116779413,3.7572093456301845,10.499947062544218,0,80,839.9957650035374,0.0,12.3,6.0,12.3,480.0,984.0
harvest,mix2,slow_regen,35,0,joint,6,,181,1086,0,0.0,0,11.005774240992391,4.594272275736024,8.37433020250609,0,80,669.9464162004872,0.0,13.575,6.0,6.0,480.0,480.0
harvest,mix2,slow_regen,35,1,none,0,0.0,0,0,0,0.1125,0,10.398349550612767,0.0,8.877251703783553,8,80,710.1801363026843,0.1125,0.0,0.0,0.0,,
harvest,mix2,slow_regen,35,1,local_optimistic,0,,216,1296,0,0.0,0,13.392632806498785,7.686890816943809,10.600054162205376,0,80,848.0043329764301,0.0,16.2,0.0,16.2,0.0,1296.0
harvest,mix2,slow_regen,35,1,local_bounded,0,,234,1404,0,0.0,0,14.104678944909562,9.801385870127929,10.591331083578934,0,80,847.3064866863148,0.0,17.55,0.0,17.55,0.0,1404.0
harvest,mix2,slow_regen,35,1,joint,0,,234,1404,0,0.0,0,14.104678944909562,9.801385870127929,10.591331083578934,0,80,847.3064866863148,0.0,17.55,0.0,0.0,0.0,0.0
harvest,mix2,slow_regen,35,1,local_optimistic,3,,185,1110,0,0.0,0,12.626255764814458,4.965442547732812,10.47104476232389,0,80,837.6835809859112,0.0,13.875,3.0,13.875,240.0,1110.0
harvest,mix2,slow_regen,35,1,local_bounded,3,,219,1314,0,0.0,0,13.44715510248036,8.011436966903725,10.567291842872866,0,80,845.3833474298292,0.0,16.425,3.0,16.425,240.0,1314.0
harvest,mix2,slow_regen,35,1,joint,3,,204,1224,0,0.0,0,13.09018816128679,6.651933212592792,10.635251486478884,0,80,850.8201189183108,0.0,15.3,3.0,3.0,240.0,240.0
harvest,mix2,slow_regen,35,1,local_optimistic,6,,175,1050,0,0.0,0,10.967830272625875,4.278528801741288,8.326655689331792,0,80,666.1324551465434,0.0,13.125,6.0,13.125,480.0,1050.0
harvest,mix2,slow_regen,35,1,local_bounded,6,,160,960,0,0.0,0,12.394564649974862,3.5434919687630426,10.630475906289124,0,80,850.43807250313,0.0,12.0,6.0,12.0,480.0,960.0
harvest,mix2,slow_regen,35,1,joint,6,,178,1068,0,0.0,0,11.041269058751109,4.430495773989251,8.446049216418865,0,80,675.6839373135092,0.0,13.35,6.0,6.0,480.0,480.0
harvest,mix2,slow_regen,36,0,none,0,0.0,0,0,0,0.025,0,10.402585825701681,0.0,8.82952885443907,1,80,706.3623083551256,0.025,0.0,0.0,0.0,,
harvest,mix2,slow_regen,36,0,local_optimistic,0,,221,1326,0,0.0,0,13.008752643772374,5.784490056492909,7.161314743688986,0,80,572.9051794951189,0.0,16.575,0.0,16.575,0.0,1326.0
harvest,mix2,slow_regen,36,0,local_bounded,0,,220,1320,0,0.0,0,13.890047909684977,6.491536092040829,8.19941508444633,0,80,655.9532067557063,0.0,16.5,0.0,16.5,0.0,1320.0
harvest,mix2,slow_regen,36,0,joint,0,,219,1314,0,0.0,0,13.72643181715863,6.370441120888248,8.057012304538048,0,80,644.5609843630439,0.0,16.425,0.0,0.0,0.0,0.0
harvest,mix2,slow_regen,36,0,local_optimistic,3,,178,1068,0,0.0,0,11.815723793420522,3.747341691095811,7.279976225662734,0,80,582.3980980530188,0.0,13.35,3.0,13.35,240.0,1068.0
harvest,mix2,slow_regen,36,0,local_bounded,3,,206,1236,0,0.0,0,12.682282679268736,5.124428531200132,7.353944844553314,0,80,588.3155875642651,0.0,15.45,3.0,15.45,240.0,1236.0
harvest,mix2,slow_regen,36,0,joint,3,,190,1140,0,0.0,0,12.113230536642451,4.30522278155051,7.2127134623772235,0,80,577.0170769901779,0.0,14.25,3.0,3.0,240.0,240.0
harvest,mix2,slow_regen,36,0,local_optimistic,6,,119,714,0,0.0,0,10.914648720450112,1.4014246777649806,8.272729787748743,0,80,661.8183830198994,0.0,8.925,6.0,8.925,480.0,714.0
harvest,mix2,slow_regen,36,0,local_bounded,6,,168,1008,0,0.0,0,11.697079897622029,3.380856618385902,7.54891955991018,0,80,603.9135647928144,0.0,12.6,6.0,12.6,480.0,1008.0
harvest,mix2,slow_regen,36,0,joint,6,,120,720,0,0.0,0,10.934910869078365,1.4646163228788187,8.2558662245709,0,80,660.469297965672,0.0,9.0,6.0,6.0,480.0,480.0
harvest,mix2,slow_regen,36,1,none,0,0.0,0,0,0,0.0625,0,10.416599904946278,0.0,8.779902150937815,3,80,702.3921720750252,0.0625,0.0,0.0,0.0,,
harvest,mix2,slow_regen,36,1,local_optimistic,0,,221,1326,0,0.0,0,13.277045124524017,5.92796840486534,7.507084097688901,0,80,600.5667278151121,0.0,16.575,0.0,16.575,0.0,1326.0
harvest,mix2,slow_regen,36,1,local_bounded,0,,218,1308,0,0.0,0,13.705943218404764,6.279089274830286,7.942485428002459,0,80,635.3988342401967,0.0,16.35,0.0,16.35,0.0,1308.0
harvest,mix2,slow_regen,36,1,joint,0,,224,1344,0,0.0,0,13.642338675434065,6.551379734423103,7.724413597599797,0,80,617.9530878079838,0.0,16.8,0.0,0.0,0.0,0.0
harvest,mix2,slow_regen,36,1,local_optimistic,3,,178,1068,0,0.0,0,11.775524759944453,3.747942163339986,7.195024184145012,0,80,575.601934731601,0.0,13.35,3.0,13.35,240.0,1068.0
harvest,mix2,slow_regen,36,1,local_bounded,3,,207,1242,0,0.0,0,12.676483147446774,5.090712596739769,7.230529033046883,0,80,578.4423226437507,0.0,15.525,3.0,15.525,240.0,1242.0
harvest,mix2,slow_regen,36,1,joint,3,,186,1116,0,0.0,0,12.143265164904935,4.170331511656738,7.377384546963685,0,80,590.1907637570948,0.0,13.95,3.0,3.0,240.0,240.0
harvest,mix2,slow_regen,36,1,local_optimistic,6,,118,708,0,0.0,0,10.931258253476479,1.4182733713222437,8.326015179763157,0,80,666.0812143810526,0.0,8.85,6.0,8.85,480.0,708.0
harvest,mix2,slow_regen,36,1,local_bounded,6,,165,990,0,0.0,0,11.667403722132807,3.2602851466050327,7.621340380801736,0,80,609.7072304641389,0.0,12.375,6.0,12.375,480.0,990.0
harvest,mix2,slow_regen,36,1,joint,6,,121,726,0,0.0,0,10.967042352466429,1.5242941992635952,8.279343362471758,0,80,662.3474689977406,0.0,9.075,6.0,6.0,480.0,480.0
harvest,mix2,slow_regen,37,0,none,0,0.0,0,0,0,0.05,0,10.594109422324658,0.0,8.567053147152626,1,80,685.3642517722101,0.05,0.0,0.0,0.0,,
harvest,mix2,slow_regen,37,0,local_optimistic,0,,164,984,0,0.0,0,13.20497828321786,3.859165360709233,9.053052843454438,0,80,724.244227476355,0.0,12.3,0.0,12.3,0.0,984.0
harvest,mix2,slow_regen,37,0,local_bounded,0,,202,1212,0,0.0,0,13.68292332231284,5.946805955268693,8.40487662678716,0,80,672.3901301429728,0.0,15.15,0.0,15.15,0.0,1212.0
harvest,mix2,slow_regen,37,0,joint,0,,196,1176,0,0.0,0,13.601858338710949,5.560817662143213,8.483576040135137,0,80,678.6860832108109,0.0,14.7,0.0,0.0,0.0,0.0
harvest,mix2,slow_regen,37,0,local_optimistic,3,,179,1074,0,0.0,0,11.887868976518735,4.297265097950207,7.291408043187192,0,80,583.3126434549754,0.0,13.425,3.0,13.425,240.0,1074.0
harvest,mix2,slow_regen,37,0,local_bounded,3,,164,984,0,0.0,0,13.217692932896108,3.8638057625046764,9.044731135740298,0,80,723.5784908592238,0.0,12.3,3.0,12.3,240.0,984.0
harvest,mix2,slow_regen,37,0,joint,3,,180,1080,0,0.0,0,12.279531974860776,4.463702037589712,7.689330851522331,0,80,615.1464681217865,0.0,13.5,3.0,3.0,240.0,240.0
harvest,mix2,slow_regen,37,0,local_optimistic,6,,100,600,0,0.0,0,10.892014850511188,0.8363682228156104,8.29710616609374,0,80,663.7684932874993,0.0,7.5,6.0,7.5,480.0,600.0
harvest,mix2,slow_regen,37,0,local_bounded,6,,161,966,0,0.0,0,11.702780140343439,3.5023976163308133,7.516922264219032,0,80,601.3537811375226,0.0,12.075,6.0,12.075,480.0,966.0
harvest,mix2,slow_regen,37,0,joint,6,,100,600,0,0.0,0,10.916972287385457,0.8417427141443843,8.313254068759687,0,80,665.060325500775,0.0,7.5,6.0,6.0,480.0,480.0
harvest,mix2,slow_regen,37,1,none,0,0.0,0,0,0,0.05,0,10.456305559081034,0.0,8.652234838064356,1,80,692.1787870451485,0.05,0.0,0.0,0.0,,
harvest,mix2,slow_regen,37,1,local_optimistic,0,,166,996,0,0.0,0,13.173424248225055,4.006036269001599,9.147265061236832,0,80,731.7812048989465,0.0,12.45,0.0,12.45,0.0,996.0
harvest,mix2,slow_regen,37,1,local_bounded,0,,207,1242,0,0.0,0,13.648267184082897,6.258292197037365,8.375140712982976,0,80,670.0112570386381,0.0,15.525,0.0,15.525,0.0,1242.0
harvest,mix2,slow_regen,37,1,joint,0,,200,1200,0,0.0,0,13.57921273149518,5.851850027316227,8.519697115986833,0,80,681.5757692789466,0.0,15.0,0.0,0.0,0.0,0.0
harvest,mix2,slow_regen,37,1,local_optimistic,3,,169,1014,0,0.0,0,11.934928324065321,3.9065683199213703,7.840562241914414,0,80,627.2449793531531,0.0,12.675,3.0,12.675,240.0,1014.0
harvest,mix2,slow_regen,37,1,local_bounded,3,,167,1002,0,0.0,0,13.093187885842756,4.053088430704006,9.088136264931347,0,80,727.0509011945077,0.0,12.525,3.0,12.525,240.0,1002.0
harvest,mix2,slow_regen,37,1,joint,3,,178,1068,0,0.0,0,12.397623220938831,4.385577977005041,8.148471125448554,0,80,651.8776900358843,0.0,13.35,3.0,3.0,240.0,240.0
harvest,mix2,slow_regen,37,1,local_optimistic,6,,109,654,0,0.0,0,10.891575701126147,1.2044227648548618,8.361896238042783,0,80,668.9516990434226,0.0,8.175,6.0,8.175,480.0,654.0
harvest,mix2,slow_regen,37,1,local_bounded,6,,160,960,0,0.0,0,11.753110742248534,3.5197742406487444,7.8615023907180275,0,80,628.9201912574422,0.0,12.0,6.0,12.0,480.0,960.0
harvest,mix2,slow_regen,37,1,joint,6,,109,654,0,0.0,0,10.951717495309616,1.207784453345267,8.426783982318158,0,80,674.1427185854526,0.0,8.175,6.0,6.0,480.0,480.0
harvest,mix2,slow_regen,38,0,none,0,0.0,0,0,0,0.9875,0,9.277955264216756,0.0,8.857620662774371,1,80,708.6096530219497,0.9875,0.0,0.0,0.0,,
harvest,mix2,slow_regen,38,0,local_optimistic,0,,213,1278,0,0.0,0,12.720491233143438,6.416810854974235,7.6278836735401185,0,80,610.2306938832095,0.0,15.975,0.0,15.975,0.0,1278.0
harvest,mix2,slow_regen,38,0,local_bounded,0,,212,1272,0,0.0,0,13.715186974102789,6.682942814124712,8.591650643535583,0,80,687.3320514828467,0.0,15.9,0.0,15.9,0.0,1272.0
harvest,mix2,slow_regen,38,0,joint,0,,209,1254,0,0.0,0,13.642211925245402,6.504846487227344,8.68140044070676,0,80,694.5120352565408,0.0,15.675,0.0,0.0,0.0,0.0
harvest,mix2,slow_regen,38,0,local_optimistic,3,,192,1152,0,0.0,0,11.675188728886415,5.246905639307576,7.246868489821097,0,80,579.7494791856877,0.0,14.4,3.0,14.4,240.0,1152.0
harvest,mix2,slow_regen,38,0,local_bounded,3,,217,1302,0,0.0,0,12.34621192982143,6.522962910405825,6.947901939830027,0,80,555.8321551864021,0.0,16.275,3.0,16.275,240.0,1302.0
harvest,mix2,slow_regen,38,0,joint,3,,200,1200,0,0.0,0,12.019666579530412,5.672578514510994,7.307095092636365,0,80,584.5676074109092,0.0,15.0,3.0,3.0,240.0,240.0
harvest,mix2,slow_regen,38,0,local_optimistic,6,,161,966,0,0.0,0,10.905051311674146,3.759221551680562,7.955765367374323,0,80,636.4612293899459,0.0,12.075,6.0,12.075,480.0,966.0
harvest,mix2,slow_regen,38,0,local_bounded,6,,184,1104,0,0.0,0,11.541140133207335,4.873790984160799,7.456314033243385,0,80,596.5051226594708,0.0,13.8,6.0,13.8,480.0,1104.0
harvest,mix2,slow_regen,38,0,joint,6,,162,972,0,0.0,0,10.99355221859929,3.825253993380721,7.9935469002027855,0,80,639.4837520162229,0.0,12.15,6.0,6.0,480.0,480.0
harvest,mix2,slow_regen,38,1,none,0,0.0,0,0,0,0.975,0,9.378214084222353,0.0,8.978631934634992,2,80,718.2905547707993,0.975,0.0,0.0,0.0,,
harvest,mix2,slow_regen,38,1,local_optimistic,0,,220,1320,0,0.0,0,12.6341425147888,6.693599255968868,7.125150138429783,0,80,570.0120110743826,0.0,16.5,0.0,16.5,0.0,1320.0
harvest,mix2,slow_regen,38,1,local_bounded,0,,210,1260,0,0.0,0,13.687648588216721,6.58322797499026,8.60467421247439,0,80,688.3739369979511,0.0,15.75,0.0,15.75,0.0,1260.0
harvest,mix2,slow_regen,38,1,joint,0,,199,1194,0,0.0,0,13.564220272397444,5.999654210272608,8.935732462811947,0,80,714.8585970249558,0.0,14.925,0.0,0.0,0.0,0.0
harvest,mix2,slow_regen,38,1,local_optimistic,3,,187,1122,0,0.0,0,11.793508945115466,5.034229121316548,7.655425095335644,0,80,612.4340076268516,0.0,14.025,3.0,14.025,240.0,1122.0
harvest,mix2,slow_regen,38,1,local_bounded,3,,213,1278,0,0.0,0,12.447739816504926,6.347989463040262,7.205289433466751,0,80,576.4231546773401,0.0,15.975,3.0,15.975,240.0,1278.0
harvest,mix2,slow_regen,38,1,joint,3,,197,1182,0,0.0,0,12.186719432687127,5.5861551138386805,7.609934836182807,0,80,608.7947868946246,0.0,14.775,3.0,3.0,240.0,240.0
harvest,mix2,slow_regen,38,1,local_optimistic,6,,156,936,0,0.0,0,10.939253619037753,3.525332529009755,8.16840506948408,0,80,653.4724055587265,0.0,11.7,6.0,11.7,480.0,936.0
harvest,mix2,slow_regen,38,1,local_bounded,6,,177,1062,0,0.0,0,11.644402618621715,4.570190934963012,7.9451400093148905,0,80,635.6112007451912,0.0,13.275,6.0,13.275,480.0,1062.0
harvest,mix2,slow_regen,38,1,joint,6,,157,942,0,0.0,0,11.041303140100661,3.6079403045281295,8.273415144909261,0,80,661.873211592741,0.0,11.775,6.0,6.0,480.0,480.0
harvest,mix2,slow_regen,39,0,none,0,0.0,0,0,0,0.075,0,10.401366535376257,0.0,8.41373412353014,1,80,673.0987298824112,0.075,0.0,0.0,0.0,,
harvest,mix2,slow_regen,39,0,local_optimistic,0,,232,1392,0,0.0,0,12.904856938506082,7.323384524304663,7.147483204370803,0,80,571.7986563496643,0.0,17.4,0.0,17.4,0.0,1392.0
harvest,mix2,slow_regen,39,0,local_bounded,0,,239,1434,0,0.0,0,13.150106280771576,7.971594660720811,7.15483749182057,0,80,572.3869993456456,0.0,17.925,0.0,17.925,0.0,1434.0
harvest,mix2,slow_regen,39,0,joint,0,,239,1434,0,0.0,0,13.150106280771576,7.971594660720811,7.15483749182057,0,80,572.3869993456456,0.0,17.925,0.0,0.0,0.0,0.0
harvest,mix2,slow_regen,39,0,local_optimistic,3,,191,1146,0,0.0,0,11.691628308459277,4.89754945816154,7.076156547093197,0,80,566.0925237674558,0.0,14.325,3.0,14.325,240.0,1146.0
harvest,mix2,slow_regen,39,0,local_bounded,3,,223,1338,0,0.0,0,12.546022214774373,6.6917403885309765,6.989365823771945,0,80,559.1492659017556,0.0,16.725,3.0,16.725,240.0,1338.0
harvest,mix2,slow_regen,39,0,joint,3,,201,1206,0,0.0,0,11.885978430763334,5.4614027082187135,6.910288787728041,0,80,552.8231030182433,0.0,15.075,3.0,3.0,240.0,240.0
harvest,mix2,slow_regen,39,0,local_optimistic,6,,134,804,0,0.0,0,10.907386095733983,2.298705459086416,7.929786998473406,0,80,634.3829598778725,0.0,10.05,6.0,10.05,480.0,804.0
harvest,mix2,slow_regen,39,0,local_bounded,6,,178,1068,0,0.0,0,11.536333308122204,4.329996875891804,7.368314181406835,0,80,589.4651345125468,0.0,13.35,6.0,13.35,480.0,1068.0
harvest,mix2,slow_regen,39,0,joint,6,,136,816,0,0.0,0,10.930028533669295,2.416298029316308,7.899049585177181,0,80,631.9239668141745,0.0,10.2,6.0,6.0,480.0,480.0
harvest,mix2,slow_regen,39,1,none,0,0.0,0,0,0,0.1125,0,10.325772380177535,0.0,8.491085185843735,3,80,679.2868148674988,0.1125,0.0,0.0,0.0,,
harvest,mix2,slow_regen,39,1,local_optimistic,0,,233,1398,0,0.0,0,12.973359312776722,7.502114408464607,7.311393641046192,0,80,584.9114912836953,0.0,17.475,0.0,17.475,0.0,1398.0
harvest,mix2,slow_regen,39,1,local_bounded,0,,239,1434,0,0.0,0,13.153924970356888,8.096015828192122,7.3302332525545,0,80,586.41866020436,0.0,17.925,0.0,17.925,0.0,1434.0
harvest,mix2,slow_regen,39,1,joint,0,,239,1434,0,0.0,0,13.153924970356888,8.096015828192122,7.3302332525545,0,80,586.41866020436,0.0,17.925,0.0,0.0,0.0,0.0
harvest,mix2,slow_regen,39,1,local_optimistic,3,,190,1140,0,0.0,0,11.775552027260572,4.868657129867661,7.2332961269672635,0,80,578.6636901573811,0.0,14.25,3.0,14.25,240.0,1140.0
harvest,mix2,slow_regen,39,1,local_bounded,3,,216,1296,0,0.0,0,12.75450865199628,6.531207421034106,7.661512876381442,0,80,612.9210301105154,0.0,16.2,3.0,16.2,240.0,1296.0
harvest,mix2,slow_regen,39,1,joint,3,,200,1200,0,0.0,0,11.895210301299105,5.420154629668163,7.011783615995418,0,80,560.9426892796334,0.0,15.0,3.0,3.0,240.0,240.0
harvest,mix2,slow_regen,39,1,local_optimistic,6,,139,834,0,0.0,0,10.922027426639477,2.5400144021915323,7.980370600671935,0,80,638.4296480537548,0.0,10.425,6.0,10.425,480.0,834.0
harvest,mix2,slow_regen,39,1,local_bounded,6,,177,1062,0,0.0,0,11.586794830693872,4.339213490216212,7.486822573817824,0,80,598.9458059054259,0.0,13.275,6.0,13.275,480.0,1062.0
harvest,mix2,slow_regen,39,1,joint,6,,141,846,0,0.0,0,10.937361759823833,2.6547629771581756,7.9492949415097485,0,80,635.9435953207799,0.0,10.575,6.0,6.0,480.0,480.0
harvest,mix2,slow_regen,40,0,none,0,0.0,0,0,0,0.2,0,10.270570597755292,0.0,8.843943431260382,9,80,707.5154745008306,0.2,0.0,0.0,0.0,,
harvest,mix2,slow_regen,40,0,local_optimistic,0,,184,1104,0,0.0,0,13.319337448567577,4.889059037128826,10.08566909385363,0,80,806.8535275082904,0.0,13.8,0.0,13.8,0.0,1104.0
harvest,mix2,slow_regen,40,0,local_bounded,0,,196,1176,0,0.0,0,14.47201895335047,6.011525067419688,10.965792731750197,0,80,877.2634185400158,0.0,14.7,0.0,14.7,0.0,1176.0
harvest,mix2,slow_regen,40,0,joint,0,,196,1176,0,0.0,0,14.47201895335047,6.011525067419688,10.965792731750197,0,80,877.2634185400158,0.0,14.7,0.0,0.0,0.0,0.0
harvest,mix2,slow_regen,40,0,local_optimistic,3,,203,1218,0,0.0,0,11.77717586898909,5.539759069969149,7.5953835235292555,0,80,607.6306818823405,0.0,15.225,3.0,15.225,240.0,1218.0
harvest,mix2,slow_regen,40,0,local_bounded,3,,191,1146,0,0.0,0,12.971659868063899,5.509556390961114,9.421597223660926,0,80,753.7277778928741,0.0,14.325,3.0,14.325,240.0,1146.0
harvest,mix2,slow_regen,40,0,joint,3,,181,1086,0,0.0,0,12.693217092152292,4.927182548589472,9.446537028813768,0,80,755.7229623051014,0.0,13.575,3.0,3.0,240.0,240.0
harvest,mix2,slow_regen,40,0,local_optimistic,6,,151,906,0,0.0,0,10.913578715659028,3.0382233041311855,8.150360650836594,0,80,652.0288520669276,0.0,11.325,6.0,11.325,480.0,906.0
harvest,mix2,slow_regen,40,0,local_bounded,6,,185,1110,0,0.0,0,11.993569169105445,4.828345380029923,8.521259974853805,0,80,681.7007979883044,0.0,13.875,6.0,13.875,480.0,1110.0
harvest,mix2,slow_regen,40,0,joint,6,,157,942,0,0.0,0,10.96981054422217,3.3430838320894978,8.112585796558074,0,80,649.0068637246459,0.0,11.775,6.0,6.0,480.0,480.0
harvest,mix2,slow_regen,40,1,none,0,0.0,0,0,0,0.075,0,10.368245850669151,0.0,8.925864274085484,4,80,714.0691419268387,0.075,0.0,0.0,0.0,,
harvest,mix2,slow_regen,40,1,local_optimistic,0,,188,1128,0,0.0,0,13.135184056808862,5.414657299606114,9.858208485892943,0,80,788.6566788714355,0.0,14.1,0.0,14.1,0.0,1128.0
harvest,mix2,slow_regen,40,1,local_bounded,0,,196,1176,0,0.0,0,14.495362319951749,6.1173221336398695,11.161442270265017,0,80,892.9153816212014,0.0,14.7,0.0,14.7,0.0,1176.0
harvest,mix2,slow_regen,40,1,joint,0,,196,1176,0,0.0,0,14.495362319951749,6.1173221336398695,11.161442270265017,0,80,892.9153816212014,0.0,14.7,0.0,0.0,0.0,0.0
harvest,mix2,slow_regen,40,1,local_optimistic,3,,196,1176,0,0.0,0,12.0301924652383,5.358333976732709,8.246846152099339,0,80,659.7476921679471,0.0,14.7,3.0,14.7,240.0,1176.0
harvest,mix2,slow_regen,40,1,local_bounded,3,,186,1116,0,0.0,0,13.107220094875583,5.377939483891479,9.902525506996552,0,80,792.2020405597242,0.0,13.95,3.0,13.95,240.0,1116.0
harvest,mix2,slow_regen,40,1,joint,3,,175,1050,0,0.0,0,12.710080421700956,4.651011133519253,9.72459961163845,0,80,777.9679689310759,0.0,13.125,3.0,3.0,240.0,240.0
harvest,mix2,slow_regen,40,1,local_optimistic,6,,146,876,0,0.0,0,10.9471963072457,2.8230607872253213,8.309760350699893,0,80,664.7808280559914,0.0,10.95,6.0,10.95,480.0,876.0
harvest,mix2,slow_regen,40,1,local_bounded,6,,179,1074,0,0.0,0,12.073009710389838,4.546883599568271,8.892845937603443,0,80,711.4276750082754,0.0,13.425,6.0,13.425,480.0,1074.0
harvest,mix2,slow_regen,40,1,joint,6,,145,870,0,0.0,0,10.956010096711944,2.7869973282185883,8.36221455640715,0,80,668.9771645125719,0.0,10.875,6.0,6.0,480.0,480.0
harvest,mix2,slow_regen,41,0,none,0,0.0,0,0,0,0.9375,0,9.472004007814855,0.0,9.149172318305125,1,80,731.93378546441,0.9375,0.0,0.0,0.0,,
harvest,mix2,slow_regen,41,0,local_optimistic,0,,217,1302,0,0.0,0,13.163082700637972,6.061466586343181,8.021843193422649,0,80,641.7474554738119,0.0,16.275,0.0,16.275,0.0,1302.0
harvest,mix2,slow_regen,41,0,local_bounded,0,,213,1278,0,0.0,0,14.39068321472046,6.7115087258866115,9.560338089964862,0,80,764.8270471971889,0.0,15.975,0.0,15.975,0.0,1278.0
harvest,mix2,slow_regen,41,0,joint,0,,210,1260,0,0.0,0,14.117698385054627,6.449118680191593,9.367534975892195,0,80,749.4027980713756,0.0,15.75,0.0,0.0,0.0,0.0
harvest,mix2,slow_regen,41,0,local_optimistic,3,,186,1116,0,0.0,0,11.896323444095376,4.293699038099911,7.756176225695384,0,80,620.4940980556307,0.0,13.95,3.0,13.95,240.0,1116.0
harvest,mix2,slow_regen,41,0,local_bounded,3,,208,1248,0,0.0,0,12.953368811924975,5.582844388145965,8.155166826085708,0,80,652.4133460868567,0.0,15.6,3.0,15.6,240.0,1248.0
harvest,mix2,slow_regen,41,0,joint,3,,194,1164,0,0.0,0,12.13914165439919,4.677753138834011,7.684051997506506,0,80,614.7241598005205,0.0,14.55,3.0,3.0,240.0,240.0
harvest,mix2,slow_regen,41,0,local_optimistic,6,,149,894,0,0.0,0,10.933137291670544,2.7013986276200352,8.296980585572868,0,80,663.7584468458294,0.0,11.175,6.0,11.175,480.0,894.0
harvest,mix2,slow_regen,41,0,local_bounded,6,,178,1068,0,0.0,0,11.639248220268916,3.957032642987626,7.765262621914772,0,80,621.2210097531818,0.0,13.35,6.0,13.35,480.0,1068.0
harvest,mix2,slow_regen,41,0,joint,6,,150,900,0,0.0,0,10.975163035092546,2.773586672147367,8.334863579624713,0,80,666.789086369977,0.0,11.25,6.0,6.0,480.0,480.0
harvest,mix2,slow_regen,41,1,none,0,0.0,0,0,0,0.9625,0,9.481294851017951,0.0,9.243394371093768,1,80,739.4715496875015,0.9625,0.0,0.0,0.0,,
harvest,mix2,slow_regen,41,1,local_optimistic,0,,205,1230,0,0.0,0,12.979299883138648,5.511550840989761,8.333279601477003,0,80,666.6623681181602,0.0,15.375,0.0,15.375,0.0,1230.0
harvest,mix2,slow_regen,41,1,local_bounded,0,,210,1260,0,0.0,0,14.43972566164236,6.586260874301084,9.753213203637344,0,80,780.2570562909875,0.0,15.75,0.0,15.75,0.0,1260.0
harvest,mix2,slow_regen,41,1,joint,0,,208,1248,0,0.0,0,14.408740941965636,6.4602773273119904,9.822027518247307,0,80,785.7622014597846,0.0,15.6,0.0,0.0,0.0,0.0
harvest,mix2,slow_regen,41,1,local_optimistic,3,,182,1092,0,0.0,0,11.909552389038947,4.192045076015974,8.002377941504202,0,80,640.1902353203361,0.0,13.65,3.0,13.65,240.0,1092.0
harvest,mix2,slow_regen,41,1,local_bounded,3,,197,1182,0,0.0,0,13.117165214127386,5.1664516528501325,8.93698683983673,0,80,714.9589471869383,0.0,14.775,3.0,14.775,240.0,1182.0
harvest,mix2,slow_regen,41,1,joint,3,,190,1140,0,0.0,0,12.084701001922562,4.614283211157398,7.7839059595581634,0,80,622.712476764653,0.0,14.25,3.0,3.0,240.0,240.0
harvest,mix2,slow_regen,41,1,local_optimistic,6,,150,900,0,0.0,0,10.966718375144685,2.787291129472675,8.389447806865856,0,80,671.1558245492685,0.0,11.25,6.0,11.25,480.0,900.0
harvest,mix2,slow_regen,41,1,local_bounded,6,,178,1068,0,0.0,0,11.7204194413576,3.999272271336293,7.865692239921441,0,80,629.2553791937153,0.0,13.35,6.0,13.35,480.0,1068.0
harvest,mix2,slow_regen,41,1,joint,6,,150,900,0,0.0,0,10.989268413371235,2.7844555675372056,8.393989767609215,0,80,671.5191814087372,0.0,11.25,6.0,6.0,480.0,480.0
harvest,mix2,slow_regen,42,0,none,0,0.0,0,0,0,0.95,0,9.311228483254444,0.0,9.002844361623156,2,80,720.2275489298524,0.95,0.0,0.0,0.0,,
harvest,mix2,slow_regen,42,0,local_optimistic,0,,227,1362,0,0.0,0,12.852429858739105,7.488876878293064,8.565326035726237,0,80,685.226082858099,0.0,17.025,0.0,17.025,0.0,1362.0
harvest,mix2,slow_regen,42,0,local_bounded,0,,235,1410,0,0.0,0,14.244828423419744,9.144329583376063,9.790718234696106,0,80,783.2574587756885,0.0,17.625,0.0,17.625,0.0,1410.0
harvest,mix2,slow_regen,42,0,joint,0,,235,1410,0,0.0,0,14.244828423419744,9.144329583376063,9.790718234696106,0,80,783.2574587756885,0.0,17.625,0.0,0.0,0.0,0.0
harvest,mix2,slow_regen,42,0,local_optimistic,3,,200,1200,0,0.0,0,12.090509542820367,5.740230465300845,9.218244007985808,0,80,737.4595206388647,0.0,15.0,3.0,15.0,240.0,1200.0
harvest,mix2,slow_regen,42,0,local_bounded,3,,223,1338,0,0.0,0,12.889503434972198,7.360520155220857,8.825431511106478,0,80,706.0345208885183,0.0,16.725,3.0,16.725,240.0,1338.0
harvest,mix2,slow_regen,42,0,joint,3,,214,1284,0,0.0,0,12.498598369227146,6.611568667490421,8.878155019025439,0,80,710.2524015220351,0.0,16.05,3.0,3.0,240.0,240.0
harvest,mix2,slow_regen,42,0,local_optimistic,6,,171,1026,0,0.0,0,11.051087105538627,4.042922375592944,9.478298506732582,0,80,758.2638805386066,0.0,12.825,6.0,12.825,480.0,1026.0
harvest,mix2,slow_regen,42,0,local_bounded,6,,196,1176,0,0.0,0,11.9684580630316,5.5966544366416215,9.326994166647506,0,80,746.1595333318004,0.0,14.7,6.0,14.7,480.0,1176.0
harvest,mix2,slow_regen,42,0,joint,6,,174,1044,0,0.0,0,11.191894711918518,4.249366294821719,9.60237858474349,0,80,768.1902867794793,0.0,13.05,6.0,6.0,480.0,480.0
harvest,mix2,slow_regen,42,1,none,0,0.0,0,0,0,0.975,0,9.306458838579545,0.0,8.98789080588229,1,80,719.0312644705832,0.975,0.0,0.0,0.0,,
harvest,mix2,slow_regen,42,1,local_optimistic,0,,227,1362,0,0.0,0,12.825583747240689,7.316277032579771,8.36723309351529,0,80,669.3786474812232,0.0,17.025,0.0,17.025,0.0,1362.0
harvest,mix2,slow_regen,42,1,local_bounded,0,,233,1398,0,0.0,0,14.101245432620152,8.824104548823433,9.69871058979891,0,80,775.8968471839128,0.0,17.475,0.0,17.475,0.0,1398.0
harvest,mix2,slow_regen,42,1,joint,0,,233,1398,0,0.0,0,14.101245432620152,8.824104548823433,9.69871058979891,0,80,775.8968471839128,0.0,17.475,0.0,0.0,0.0,0.0
harvest,mix2,slow_regen,42,1,local_optimistic,3,,200,1200,0,0.0,0,12.060075129042406,5.658554974646537,8.98378617327298,0,80,718.7028938618384,0.0,15.0,3.0,15.0,240.0,1200.0
harvest,mix2,slow_regen,42,1,local_bounded,3,,224,1344,0,0.0,0,12.83285673378349,7.246971904946882,8.522414127635347,0,80,681.7931302108278,0.0,16.8,3.0,16.8,240.0,1344.0
harvest,mix2,slow_regen,42,1,joint,3,,210,1260,0,0.0,0,12.32665218236157,6.208424264187191,8.700413801298795,0,80,696.0331041039036,0.0,15.75,3.0,3.0,240.0,240.0
harvest,mix2,slow_regen,42,1,local_optimistic,6,,190,1140,0,0.0,0,10.953588464110883,4.8066968917953705,7.978515108474234,0,80,638.2812086779387,0.0,14.25,6.0,14.25,480.0,1140.0
harvest,mix2,slow_regen,42,1,local_bounded,6,,196,1176,0,0.0,0,11.969888203009054,5.443195625929904,9.111586897173686,0,80,728.9269517738949,0.0,14.7,6.0,14.7,480.0,1176.0
harvest,mix2,slow_regen,42,1,joint,6,,191,1146,0,0.0,0,11.01005449501118,4.907969759484972,8.001125073478534,0,80,640.0900058782827,0.0,14.325,6.0,6.0,480.0,480.0
harvest,mix2,slow_regen,43,0,none,0,0.0,0,0,0,0.7875,0,9.848084497982152,0.0,9.105897426237359,13,80,728.4717940989888,0.7875,0.0,0.0,0.0,,
harvest,mix2,slow_regen,43,0,local_optimistic,0,,231,1386,0,0.0,0,12.499441715618431,6.821172876000209,6.530885706981013,0,80,522.470856558481,0.0,17.325,0.0,17.325,0.0,1386.0
harvest,mix2,slow_regen,43,0,local_bounded,0,,237,1422,0,0.0,0,13.314500302770018,7.688785086343001,7.352168528333456,0,80,588.1734822666765,0.0,17.775,0.0,17.775,0.0,1422.0
harvest,mix2,slow_regen,43,0,joint,0,,237,1422,0,0.0,0,13.314500302770018,7.688785086343001,7.352168528333456,0,80,588.1734822666765,0.0,17.775,0.0,0.0,0.0,0.0
harvest,mix2,slow_regen,43,0,local_optimistic,3,,194,1164,0,0.0,0,11.773449028180579,5.059060176015753,7.342404141198567,0,80,587.3923312958854,0.0,14.55,3.0,14.55,240.0,1164.0
harvest,mix2,slow_regen,43,0,local_bounded,3,,220,1320,0,0.0,0,12.362458410414808,6.32893384003029,6.880602940284933,0,80,550.4482352227947,0.0,16.5,3.0,16.5,240.0,1320.0
harvest,mix2,slow_regen,43,0,joint,3,,201,1206,0,0.0,0,11.91747417375247,5.426512279296708,7.148552727021704,0,80,571.8842181617363,0.0,15.075,3.0,3.0,240.0,240.0
harvest,mix2,slow_regen,43,0,local_optimistic,6,,157,942,0,0.0,0,10.936397687966842,3.3466050805676177,8.105214252454816,0,80,648.4171401963853,0.0,11.775,6.0,11.775,480.0,942.0
harvest,mix2,slow_regen,43,0,local_bounded,6,,186,1116,0,0.0,0,11.619727978940725,4.713404068267279,7.524453014735376,0,80,601.95624117883,0.0,13.95,6.0,13.95,480.0,1116.0
harvest,mix2,slow_regen,43,0,joint,6,,159,954,0,0.0,0,11.012771211197926,3.4648725408923204,8.112977329500506,0,80,649.0381863600404,0.0,11.925,6.0,6.0,480.0,480.0
harvest,mix2,slow_regen,43,1,none,0,0.0,0,0,0,0.8625,0,9.775544384755833,0.0,8.811341756298276,7,80,704.9073405038621,0.8625,0.0,0.0,0.0,,
harvest,mix2,slow_regen,43,1,local_optimistic,0,,229,1374,0,0.0,0,12.701548175466275,6.880263108271803,7.083768325092589,0,80,566.7014660074071,0.0,17.175,0.0,17.175,0.0,1374.0
harvest,mix2,slow_regen,43,1,local_bounded,0,,237,1422,0,0.0,0,13.18417362469047,7.643877033000749,7.225574586818782,0,80,578.0459669455025,0.0,17.775,0.0,17.775,0.0,1422.0
harvest,mix2,slow_regen,43,1,joint,0,,237,1422,0,0.0,0,13.18417362469047,7.643877033000749,7.225574586818782,0,80,578.0459669455025,0.0,17.775,0.0,0.0,0.0,0.0
harvest,mix2,slow_regen,43,1,local_optimistic,3,,199,1194,0,0.0,0,11.686552969346035,5.323375661723638,7.115959254605042,0,80,569.2767403684034,0.0,14.925,3.0,14.925,240.0,1194.0
harvest,mix2,slow_regen,43,1,local_bounded,3,,222,1332,0,0.0,0,12.372189707089827,6.549633606759485,6.921636120684392,0,80,553.7308896547513,0.0,16.65,3.0,16.65,240.0,1332.0
harvest,mix2,slow_regen,43,1,joint,3,,204,1224,0,0.0,0,11.7879828235568,5.547196396234291,6.945205664257536,0,80,555.6164531406029,0.0,15.3,3.0,3.0,240.0,240.0
harvest,mix2,slow_regen,43,1,local_optimistic,6,,165,990,0,0.0,0,10.885413420389252,3.7389037524714284,7.806740309187174,0,80,624.5392247349739,0.0,12.375,6.0,12.375,480.0,990.0
harvest,mix2,slow_regen,43,1,local_bounded,6,,188,1128,0,0.0,0,11.66763458356375,4.861000313024258,7.645165656823471,0,80,611.6132525458777,0.0,14.1,6.0,14.1,480.0,1128.0
harvest,mix2,slow_regen,43,1,joint,6,,165,990,0,0.0,0,10.93995710874669,3.741874621011275,7.8025025364801674,0,80,624.2002029184134,0.0,12.375,6.0,6.0,480.0,480.0
harvest,mix2,slow_regen,44,0,none,0,0.0,0,0,0,0.3375,0,10.193102860200492,0.0,9.28674457620476,9,80,742.9395660963808,0.3375,0.0,0.0,0.0,,
harvest,mix2,slow_regen,44,0,local_optimistic,0,,186,1116,0,0.0,0,13.096408534149754,4.705148050220201,8.853828997581726,0,80,708.3063198065381,0.0,13.95,0.0,13.95,0.0,1116.0
harvest,mix2,slow_regen,44,0,local_bounded,0,,213,1278,0,0.0,0,13.751818216713042,6.18751434509995,8.36098242241889,0,80,668.8785937935112,0.0,15.975,0.0,15.975,0.0,1278.0
harvest,mix2,slow_regen,44,0,joint,0,,207,1242,0,0.0,0,13.738291840355696,5.931926042463203,8.61874433101217,0,80,689.4995464809737,0.0,15.525,0.0,0.0,0.0,0.0
harvest,mix2,slow_regen,44,0,local_optimistic,3,,174,1044,0,0.0,0,11.878211737118372,3.6657068111619253,7.773219051453102,0,80,621.8575241162482,0.0,13.05,3.0,13.05,240.0,1044.0
harvest,mix2,slow_regen,44,0,local_bounded,3,,187,1122,0,0.0,0,12.960700367057134,4.663624161508663,8.694602504315984,0,80,695.5682003452787,0.0,14.025,3.0,14.025,240.0,1122.0
harvest,mix2,slow_regen,44,0,joint,3,,185,1110,0,0.0,0,12.291588530986001,4.234483670909219,7.878248230255458,0,80,630.2598584204367,0.0,13.875,3.0,3.0,240.0,240.0
harvest,mix2,slow_regen,44,0,local_optimistic,6,,121,726,0,0.0,0,10.933484056131842,1.5455474200901143,8.542127250985802,0,80,683.3701800788641,0.0,9.075,6.0,9.075,480.0,726.0
harvest,mix2,slow_regen,44,0,local_bounded,6,,166,996,0,0.0,0,11.770788592620747,3.3337115800411565,7.930082170673093,0,80,634.4065736538474,0.0,12.45,6.0,12.45,480.0,996.0
harvest,mix2,slow_regen,44,0,joint,6,,124,744,0,0.0,0,10.97945841046879,1.6611833793858053,8.530476131396075,0,80,682.4380905116859,0.0,9.3,6.0,6.0,480.0,480.0
harvest,mix2,slow_regen,44,1,none,0,0.0,0,0,0,0.6375,0,9.872711130526719,0.0,9.036157191734027,9,80,722.8925753387222,0.6375,0.0,0.0,0.0,,
harvest,mix2,slow_regen,44,1,local_optimistic,0,,186,1116,0,0.0,0,13.094191973443447,4.741851065308522,8.770342886715294,0,80,701.6274309372235,0.0,13.95,0.0,13.95,0.0,1116.0
harvest,mix2,slow_regen,44,1,local_bounded,0,,217,1302,0,0.0,0,13.75821128242911,6.459277566830453,8.222275784759278,0,80,657.7820627807422,0.0,16.275,0.0,16.275,0.0,1302.0
harvest,mix2,slow_regen,44,1,joint,0,,209,1254,0,0.0,0,13.613222584217231,6.029377499390421,8.384280630075583,0,80,670.7424504060467,0.0,15.675,0.0,0.0,0.0,0.0
harvest,mix2,slow_regen,44,1,local_optimistic,3,,181,1086,0,0.0,0,11.887356576446653,3.9464740376359244,7.526094842176474,0,80,602.0875873741179,0.0,13.575,3.0,13.575,240.0,1086.0
harvest,mix2,slow_regen,44,1,local_bounded,3,,198,1188,0,0.0,0,12.885816939765515,5.133730180850292,8.106304782108781,0,80,648.5043825687025,0.0,14.85,3.0,14.85,240.0,1188.0
harvest,mix2,slow_regen,44,1,joint,3,,187,1122,0,0.0,0,12.136241871782392,4.2813315993713035,7.57806451149761,0,80,606.2451609198088,0.0,14.025,3.0,3.0,240.0,240.0
harvest,mix2,slow_regen,44,1,local_optimistic,6,,131,786,0,0.0,0,10.890489479385337,1.890784219480068,8.231154430189932,0,80,658.4923544151945,0.0,9.825,6.0,9.825,480.0,786.0
harvest,mix2,slow_regen,44,1,local_bounded,6,,169,1014,0,0.0,0,11.677598788141182,3.403128569505417,7.697107348571558,0,80,615.7685878857246,0.0,12.675,6.0,12.675,480.0,1014.0
harvest,mix2,slow_regen,44,1,joint,6,,132,792,0,0.0,0,10.931390502706723,1.9327676787500352,8.250864795207244,0,80,660.0691836165795,0.0,9.9,6.0,6.0,480.0,480.0
harvest,mix2,slow_regen,45,0,none,0,0.0,0,0,0,0.0625,0,10.48070589933354,0.0,8.353756078057717,1,80,668.3004862446173,0.0625,0.0,0.0,0.0,,
harvest,mix2,slow_regen,45,0,local_optimistic,0,,209,1254,0,0.0,0,12.94289628515251,6.203625144163272,7.988672528590223,0,80,639.0938022872178,0.0,15.675,0.0,15.675,0.0,1254.0
harvest,mix2,slow_regen,45,0,local_bounded,0,,235,1410,0,0.0,0,13.583805536090017,8.173945572826499,7.787201165568466,0,80,622.9760932454773,0.0,17.625,0.0,17.625,0.0,1410.0
harvest,mix2,slow_regen,45,0,joint,0,,229,1374,0,0.0,0,13.515877458054934,7.688487654255051,7.904750004063972,0,80,632.3800003251177,0.0,17.175,0.0,0.0,0.0,0.0
harvest,mix2,slow_regen,45,0,local_optimistic,3,,191,1146,0,0.0,0,11.61470676205037,5.013359384674849,6.93175729470965,0,80,554.540583576772,0.0,14.325,3.0,14.325,240.0,1146.0
harvest,mix2,slow_regen,45,0,local_bounded,3,,221,1326,0,0.0,0,12.39300290532066,6.6332176379391345,6.881092673695814,0,80,550.4874138956651,0.0,16.575,3.0,16.575,240.0,1326.0
harvest,mix2,slow_regen,45,0,joint,3,,198,1188,0,0.0,0,11.909909272792257,5.392092806915383,7.0711246937877785,0,80,565.6899755030223,0.0,14.85,3.0,3.0,240.0,240.0
harvest,mix2,slow_regen,45,0,local_optimistic,6,,116,696,0,0.0,0,10.86229374901416,1.573418281147631,7.981503829160428,0,80,638.5203063328343,0.0,8.7,6.0,8.7,480.0,696.0
harvest,mix2,slow_regen,45,0,local_bounded,6,,179,1074,0,0.0,0,11.482026218838904,4.457698197038537,7.133241857814008,0,80,570.6593486251206,0.0,13.425,6.0,13.425,480.0,1074.0
harvest,mix2,slow_regen,45,0,joint,6,,116,696,0,0.0,0,10.868701706021046,1.5513950891283723,7.986718987902648,0,80,638.9375190322119,0.0,8.7,6.0,6.0,480.0,480.0
harvest,mix2,slow_regen,45,1,none,0,0.0,0,0,0,0.025,0,10.545436629484026,0.0,8.590755757328996,1,80,687.2604605863196,0.025,0.0,0.0,0.0,,
harvest,mix2,slow_regen,45,1,local_optimistic,0,,204,1224,0,0.0,0,12.976506645882514,6.059920071782646,8.378811531025459,0,80,670.3049224820368,0.0,15.3,0.0,15.3,0.0,1224.0
harvest,mix2,slow_regen,45,1,local_bounded,0,,233,1398,0,0.0,0,13.558065701713872,8.154945133908521,7.919719390742071,0,80,633.5775512593657,0.0,17.475,0.0,17.475,0.0,1398.0
harvest,mix2,slow_regen,45,1,joint,0,,230,1380,0,0.0,0,13.482948719469372,7.901592548826406,7.9840803161042455,0,80,638.7264252883397,0.0,17.25,0.0,0.0,0.0,0.0
harvest,mix2,slow_regen,45,1,local_optimistic,3,,191,1146,0,0.0,0,11.695802795574524,5.100969355463846,7.150886509556639,0,80,572.0709207645311,0.0,14.325,3.0,14.325,240.0,1146.0
harvest,mix2,slow_regen,45,1,local_bounded,3,,198,1188,0,0.0,0,12.907305016607683,5.72389126611312,8.443833023996756,0,80,675.5066419197404,0.0,14.85,3.0,14.85,240.0,1188.0
harvest,mix2,slow_regen,45,1,joint,3,,201,1206,0,0.0,0,11.933269390701309,5.606785333925191,7.0811676475863,0,80,566.493411806904,0.0,15.075,3.0,3.0,240.0,240.0
harvest,mix2,slow_regen,45,1,local_optimistic,6,,114,684,0,0.0,0,10.902795552483838,1.4937101464152218,8.23966034924911,0,80,659.1728279399288,0.0,8.55,6.0,8.55,480.0,684.0
harvest,mix2,slow_regen,45,1,local_bounded,6,,177,1062,0,0.0,0,11.534805042823276,4.451244994579882,7.443166277029315,0,80,595.4533021623452,0.0,13.275,6.0,13.275,480.0,1062.0
harvest,mix2,slow_regen,45,1,joint,6,,116,696,0,0.0,0,10.933435038251428,1.6013686320929588,8.21746658219767,0,80,657.3973265758135,0.0,8.7,6.0,6.0,480.0,480.0
harvest,mix2,slow_regen,46,0,none,0,0.0,0,0,0,0.2125,0,10.225449277073178,0.0,8.784058876632661,6,80,702.724710130613,0.2125,0.0,0.0,0.0,,
harvest,mix2,slow_regen,46,0,local_optimistic,0,,227,1362,0,0.0,0,12.433643867562633,6.707663462693951,5.824651316833373,0,80,465.9721053466699,0.0,17.025,0.0,17.025,0.0,1362.0
harvest,mix2,slow_regen,46,0,local_bounded,0,,239,1434,0,0.0,0,12.755141003322958,7.399878894445175,5.782024036986835,0,80,462.56192295894675,0.0,17.925,0.0,17.925,0.0,1434.0
harvest,mix2,slow_regen,46,0,joint,0,,239,1434,0,0.0,0,12.755141003322958,7.399878894445175,5.782024036986835,0,80,462.56192295894675,0.0,17.925,0.0,0.0,0.0,0.0
harvest,mix2,slow_regen,46,0,local_optimistic,3,,180,1080,0,0.0,0,11.735076839408675,4.527936037566515,6.815987371093376,0,80,545.2789896874701,0.0,13.5,3.0,13.5,240.0,1080.0
harvest,mix2,slow_regen,46,0,local_bounded,3,,215,1290,0,0.0,0,12.293462545775956,6.165537959851875,6.119889483179953,0,80,489.5911586543962,0.0,16.125,3.0,16.125,240.0,1290.0
harvest,mix2,slow_regen,46,0,joint,3,,192,1152,0,0.0,0,11.939898157841352,5.1028244338791735,6.581493811635001,0,80,526.5195049308,0.0,14.4,3.0,3.0,240.0,240.0
harvest,mix2,slow_regen,46,0,local_optimistic,6,,122,732,0,0.0,0,10.880971249761405,1.8574029485257568,8.115255689185082,0,80,649.2204551348066,0.0,9.15,6.0,9.15,480.0,732.0
harvest,mix2,slow_regen,46,0,local_bounded,6,,168,1008,0,0.0,0,11.581781886440421,3.9737969096478607,7.0784651345380265,0,80,566.2772107630421,0.0,12.6,6.0,12.6,480.0,1008.0
harvest,mix2,slow_regen,46,0,joint,6,,122,732,0,0.0,0,10.890155546833144,1.86310718785198,8.110328365365321,0,80,648.8262692292257,0.0,9.15,6.0,6.0,480.0,480.0
harvest,mix2,slow_regen,46,1,none,0,0.0,0,0,0,0.1125,0,10.387935920268651,0.0,8.957416998076637,2,80,716.593359846131,0.1125,0.0,0.0,0.0,,
harvest,mix2,slow_regen,46,1,local_optimistic,0,,221,1326,0,0.0,0,12.479509329805984,6.432929361551556,6.055969114083316,0,80,484.47752912666533,0.0,16.575,0.0,16.575,0.0,1326.0
harvest,mix2,slow_regen,46,1,local_bounded,0,,237,1422,0,0.0,0,12.823546394983978,7.264387341144014,5.904083579389727,0,80,472.3266863511782,0.0,17.775,0.0,17.775,0.0,1422.0
harvest,mix2,slow_regen,46,1,joint,0,,237,1422,0,0.0,0,12.823546394983978,7.264387341144014,5.904083579389727,0,80,472.3266863511782,0.0,17.775,0.0,0.0,0.0,0.0
harvest,mix2,slow_regen,46,1,local_optimistic,3,,172,1032,0,0.0,0,11.790395672514446,4.194332997595035,7.141027034687639,0,80,571.2821627750111,0.0,12.9,3.0,12.9,240.0,1032.0
harvest,mix2,slow_regen,46,1,local_bounded,3,,206,1236,0,0.0,0,12.297704738440064,5.765064090567161,6.394261649889228,0,80,511.5409319911382,0.0,15.45,3.0,15.45,240.0,1236.0
harvest,mix2,slow_regen,46,1,joint,3,,183,1098,0,0.0,0,12.00261457820786,4.707364556610857,6.946435204090531,0,80,555.7148163272425,0.0,13.725,3.0,3.0,240.0,240.0
harvest,mix2,slow_regen,46,1,local_optimistic,6,,113,678,0,0.0,0,10.920813300066573,1.4555003504856252,8.429672843801404,0,80,674.3738275041123,0.0,8.475,6.0,8.475,480.0,678.0
harvest,mix2,slow_regen,46,1,local_bounded,6,,162,972,0,0.0,0,11.673993976181036,3.7151613842127618,7.3993502894335474,0,80,591.9480231546838,0.0,12.15,6.0,12.15,480.0,972.0
harvest,mix2,slow_regen,46,1,joint,6,,113,678,0,0.0,0,10.929283013719004,1.4622206537834965,8.436226483376092,0,80,674.8981186700875,0.0,8.475,6.0,6.0,480.0,480.0
harvest,mix2,slow_regen,47,0,none,0,0.0,0,0,0,0.0125,0,10.549686388099914,0.0,8.777335424876751,1,80,702.1868339901401,0.0125,0.0,0.0,0.0,,
harvest,mix2,slow_regen,47,0,local_optimistic,0,,213,1278,0,0.0,0,13.044210765927426,5.3209965133832124,6.863590478044071,0,80,549.0872382435257,0.0,15.975,0.0,15.975,0.0,1278.0
harvest,mix2,slow_regen,47,0,local_bounded,0,,238,1428,0,0.0,0,13.519943327203936,6.974163814181902,6.467400698921741,0,80,517.3920559137393,0.0,17.85,0.0,17.85,0.0,1428.0
harvest,mix2,slow_regen,47,0,joint,0,,234,1404,0,0.0,0,13.45137170366355,6.689346114178531,6.531546210472078,0,80,522.5236968377662,0.0,17.55,0.0,0.0,0.0,0.0
harvest,mix2,slow_regen,47,0,local_optimistic,3,,169,1014,0,0.0,0,11.849587322600556,3.3954760946135694,6.993967357520961,0,80,559.5173886016769,0.0,12.675,3.0,12.675,240.0,1014.0
harvest,mix2,slow_regen,47,0,local_bounded,3,,197,1182,0,0.0,0,12.91537107746978,4.780552861599442,7.3048725856072325,0,80,584.3898068485786,0.0,14.775,3.0,14.775,240.0,1182.0
harvest,mix2,slow_regen,47,0,joint,3,,182,1092,0,0.0,0,12.071806152495984,3.943182191232671,6.753615187518493,0,80,540.2892150014794,0.0,13.65,3.0,3.0,240.0,240.0
harvest,mix2,slow_regen,47,0,local_optimistic,6,,108,648,0,0.0,0,10.879986447433817,1.027795418707118,8.11746531321236,0,80,649.3972250569889,0.0,8.1,6.0,8.1,480.0,648.0
harvest,mix2,slow_regen,47,0,local_bounded,6,,148,888,0,0.0,0,12.22707605864358,2.678583803063506,8.393030949128207,0,80,671.4424759302566,0.0,11.1,6.0,11.1,480.0,888.0
harvest,mix2,slow_regen,47,0,joint,6,,105,630,0,0.0,0,10.951000530065192,0.9423985502763113,8.36115315513745,0,80,668.892252410996,0.0,7.875,6.0,6.0,480.0,480.0
harvest,mix2,slow_regen,47,1,none,0,0.0,0,0,0,0.0375,0,10.434267074942872,0.0,8.64902254200685,2,80,691.921803360548,0.0375,0.0,0.0,0.0,,
harvest,mix2,slow_regen,47,1,local_optimistic,0,,210,1260,0,0.0,0,13.072270615388181,5.260175299189086,7.108006940812255,0,80,568.6405552649804,0.0,15.75,0.0,15.75,0.0,1260.0
harvest,mix2,slow_regen,47,1,local_bounded,0,,238,1428,0,0.0,0,13.558465925207695,7.098259996238264,6.683922124685644,0,80,534.7137699748515,0.0,17.85,0.0,17.85,0.0,1428.0
harvest,mix2,slow_regen,47,1,joint,0,,236,1416,0,0.0,0,13.536504905817333,6.965667984732147,6.7254073903168345,0,80,538.0325912253468,0.0,17.7,0.0,0.0,0.0,0.0
harvest,mix2,slow_regen,47,1,local_optimistic,3,,172,1032,0,0.0,0,11.789369991392944,3.521128536546402,6.845625258145617,0,80,547.6500206516494,0.0,12.9,3.0,12.9,240.0,1032.0
harvest,mix2,slow_regen,47,1,local_bounded,3,,192,1152,0,0.0,0,12.943826674348026,4.619166967121023,7.641720870568742,0,80,611.3376696454993,0.0,14.4,3.0,14.4,240.0,1152.0
harvest,mix2,slow_regen,47,1,joint,3,,174,1044,0,0.0,0,12.645811678305542,3.8351307589600574,8.015061190763877,0,80,641.2048952611102,0.0,13.05,3.0,3.0,240.0,240.0
harvest,mix2,slow_regen,47,1,local_optimistic,6,,110,660,0,0.0,0,10.899684484064693,1.1288565869805534,8.155190249662798,0,80,652.4152199730238,0.0,8.25,6.0,8.25,480.0,660.0
harvest,mix2,slow_regen,47,1,local_bounded,6,,156,936,0,0.0,0,11.975445167503619,2.94085167618301,7.815627914139806,0,80,625.2502331311845,0.0,11.7,6.0,11.7,480.0,936.0
harvest,mix2,slow_regen,47,1,joint,6,,110,660,0,0.0,0,10.916836594167401,1.145899481921349,8.146803039523032,0,80,651.7442431618426,0.0,8.25,6.0,6.0,480.0,480.0
harvest,mix2,slow_regen,48,0,none,0,0.0,0,0,0,0.9625,0,9.361585930751852,0.0,8.848398191558669,1,80,707.8718553246935,0.9625,0.0,0.0,0.0,,
harvest,mix2,slow_regen,48,0,local_optimistic,0,,234,1404,0,0.0,0,12.498680312919198,8.140483670370344,8.16171550455062,0,80,652.9372403640496,0.0,17.55,0.0,17.55,0.0,1404.0
harvest,mix2,slow_regen,48,0,local_bounded,0,,237,1422,0,0.0,0,13.876733969548917,9.272937774000031,9.644011709316718,0,80,771.5209367453375,0.0,17.775,0.0,17.775,0.0,1422.0
harvest,mix2,slow_regen,48,0,joint,0,,237,1422,0,0.0,0,13.864171847668766,9.28222603613601,9.6532999714527,0,80,772.263997716216,0.0,17.775,0.0,0.0,0.0,0.0
harvest,mix2,slow_regen,48,0,local_optimistic,3,,220,1320,0,0.0,0,11.676727946877417,7.021227332655681,7.861093848092073,0,80,628.8875078473659,0.0,16.5,3.0,16.5,240.0,1320.0
harvest,mix2,slow_regen,48,0,local_bounded,3,,231,1386,0,0.0,0,12.474006937221276,8.039764156508834,8.292338763073388,0,80,663.3871010458711,0.0,17.325,3.0,17.325,240.0,1386.0
harvest,mix2,slow_regen,48,0,joint,3,,224,1344,0,0.0,0,12.097804012448574,7.516347296934367,8.262331109207693,0,80,660.9864887366155,0.0,16.8,3.0,3.0,240.0,240.0
harvest,mix2,slow_regen,48,0,local_optimistic,6,,203,1218,0,0.0,0,10.922032649625464,5.988453200713083,7.8263371951358796,0,80,626.1069756108703,0.0,15.225,6.0,15.225,480.0,1218.0
harvest,mix2,slow_regen,48,0,local_bounded,6,,222,1332,0,0.0,0,11.75458066154247,7.092720246649243,7.858205547588211,0,80,628.6564438070569,0.0,16.65,6.0,16.65,480.0,1332.0
harvest,mix2,slow_regen,48,0,joint,6,,205,1230,0,0.0,0,11.003381593190202,6.100733185704046,7.848272069428312,0,80,627.8617655542649,0.0,15.375,6.0,6.0,480.0,480.0
harvest,mix2,slow_regen,48,1,none,0,0.0,0,0,0,0.9625,0,9.37156771105844,0.0,8.967601209788262,2,80,717.408096783061,0.9625,0.0,0.0,0.0,,
harvest,mix2,slow_regen,48,1,local_optimistic,0,,230,1380,0,0.0,0,12.448963362583942,7.938698870326354,8.293552488646244,0,80,663.4841990916995,0.0,17.25,0.0,17.25,0.0,1380.0
harvest,mix2,slow_regen,48,1,local_bounded,0,,238,1428,0,0.0,0,13.675956160351166,9.280501076448992,9.28022705430985,0,80,742.418164344788,0.0,17.85,0.0,17.85,0.0,1428.0
harvest,mix2,slow_regen,48,1,joint,0,,236,1416,0,0.0,0,13.616731744865472,9.135986905930285,9.345104178135799,0,80,747.6083342508639,0.0,17.7,0.0,0.0,0.0,0.0
harvest,mix2,slow_regen,48,1,local_optimistic,3,,221,1326,0,0.0,0,11.55298316515896,7.002497202945747,7.587295678108229,0,80,606.9836542486584,0.0,16.575,3.0,16.575,240.0,1326.0
harvest,mix2,slow_regen,48,1,local_bounded,3,,230,1380,0,0.0,0,12.524549945676249,7.97714999305239,8.413528560222904,0,80,673.0822848178324,0.0,17.25,3.0,17.25,240.0,1380.0
harvest,mix2,slow_regen,48,1,joint,3,,228,1368,0,0.0,0,12.021667939951351,7.55684120372913,7.829829185723668,0,80,626.3863348578934,0.0,17.1,3.0,3.0,240.0,240.0
harvest,mix2,slow_regen,48,1,local_optimistic,6,,200,1200,0,0.0,0,10.962168901310736,5.796868068008218,7.938595683964853,0,80,635.0876547171882,0.0,15.0,6.0,15.0,480.0,1200.0
harvest,mix2,slow_regen,48,1,local_bounded,6,,220,1320,0,0.0,0,11.701412241887597,6.9819882093107,7.847385462749072,0,80,627.7908370199258,0.0,16.5,6.0,16.5,480.0,1320.0
harvest,mix2,slow_regen,48,1,joint,6,,201,1206,0,0.0,0,10.989144257810276,5.8714822319286215,7.996639314195784,0,80,639.7311451356627,0.0,15.075,6.0,6.0,480.0,480.0
harvest,mix2,slow_regen,49,0,none,0,0.0,0,0,0,0.6375,0,9.964280042732236,0.0,8.611616658825252,15,80,688.9293327060202,0.6375,0.0,0.0,0.0,,
harvest,mix2,slow_regen,49,0,local_optimistic,0,,213,1278,0,0.0,0,13.355659579326817,6.208267017980557,8.624075015207783,0,80,689.9260012166226,0.0,15.975,0.0,15.975,0.0,1278.0
harvest,mix2,slow_regen,49,0,local_bounded,0,,229,1374,0,0.0,0,14.308490126877842,7.709050424378701,8.974674174110945,0,80,717.9739339288756,0.0,17.175,0.0,17.175,0.0,1374.0
harvest,mix2,slow_regen,49,0,joint,0,,229,1374,0,0.0,0,14.308490126877842,7.709050424378701,8.974674174110945,0,80,717.9739339288756,0.0,17.175,0.0,0.0,0.0,0.0
harvest,mix2,slow_regen,49,0,local_optimistic,3,,180,1080,0,0.0,0,12.208068341491716,4.316278502568121,8.252713603235758,0,80,660.2170882588607,0.0,13.5,3.0,13.5,240.0,1080.0
harvest,mix2,slow_regen,49,0,local_bounded,3,,211,1266,0,0.0,0,13.058100028476138,6.128680734048875,8.194137582333765,0,80,655.5310065867012,0.0,15.825,3.0,15.825,240.0,1266.0
harvest,mix2,slow_regen,49,0,joint,3,,193,1158,0,0.0,0,12.492368521416704,4.963518899291249,8.189976739158904,0,80,655.1981391327124,0.0,14.475,3.0,3.0,240.0,240.0
harvest,mix2,slow_regen,49,0,local_optimistic,6,,141,846,0,0.0,0,10.898177554087525,2.438627195879441,8.046513528393689,0,80,643.7210822714951,0.0,10.575,6.0,10.575,480.0,846.0
harvest,mix2,slow_regen,49,0,local_bounded,6,,165,990,0,0.0,0,11.990117356524477,3.6286740709364222,8.6248771842499,0,80,689.990174739992,0.0,12.375,6.0,12.375,480.0,990.0
harvest,mix2,slow_regen,49,0,joint,6,,142,852,0,0.0,0,10.979718790404574,2.4931841947916076,8.132142832944002,0,80,650.5714266355201,0.0,10.65,6.0,6.0,480.0,480.0
harvest,mix2,slow_regen,49,1,none,0,0.0,0,0,0,0.5625,0,10.016586234306132,0.0,8.431371117576877,18,80,674.5096894061501,0.5625,0.0,0.0,0.0,,
harvest,mix2,slow_regen,49,1,local_optimistic,0,,229,1374,0,0.0,0,13.152152477050333,7.0009180110093325,7.561400598639096,0,80,604.9120478911277,0.0,17.175,0.0,17.175,0.0,1374.0
harvest,mix2,slow_regen,49,1,local_bounded,0,,232,1392,0,0.0,0,14.319745160725049,7.826328098910247,8.749931265880747,0,80,699.9945012704598,0.0,17.4,0.0,17.4,0.0,1392.0
harvest,mix2,slow_regen,49,1,joint,0,,230,1380,0,0.0,0,14.278555545911733,7.625018087050698,8.763632843884956,0,80,701.0906275107965,0.0,17.25,0.0,0.0,0.0,0.0
harvest,mix2,slow_regen,49,1,local_optimistic,3,,183,1098,0,0.0,0,12.14239904380494,4.406087513340017,8.086152335308558,0,80,646.8921868246846,0.0,13.725,3.0,13.725,240.0,1098.0
harvest,mix2,slow_regen,49,1,local_bounded,3,,215,1290,0,0.0,0,12.903914234742178,6.294593795616327,7.780469048007001,0,80,622.4375238405601,0.0,16.125,3.0,16.125,240.0,1290.0
harvest,mix2,slow_regen,49,1,joint,3,,199,1194,0,0.0,0,12.497829112348288,5.331882340316806,7.888080040339252,0,80,631.0464032271402,0.0,14.925,3.0,3.0,240.0,240.0
harvest,mix2,slow_regen,49,1,local_optimistic,6,,145,870,0,0.0,0,10.877128278617914,2.628211439994584,7.863881054277651,0,80,629.1104843422121,0.0,10.875,6.0,10.875,480.0,870.0
harvest,mix2,slow_regen,49,1,local_bounded,6,,167,1002,0,0.0,0,11.97608774097832,3.7138758755762566,8.507909560444983,0,80,680.6327648355986,0.0,12.525,6.0,12.525,480.0,1002.0
harvest,mix2,slow_regen,49,1,joint,6,,148,888,0,0.0,0,10.910667805945858,2.754474377101423,7.81856806003943,0,80,625.4854448031545,0.0,11.1,6.0,6.0,480.0,480.0
harvest,mix2,slow_regen,50,0,none,0,0.0,0,0,0,0.0,0,11.079717878212282,0.0,7.6541826026605575,0,80,612.3346082128446,0.0,0.0,0.0,0.0,,
harvest,mix2,slow_regen,50,0,local_optimistic,0,,217,1302,0,0.0,0,13.060439667302091,5.54370084276171,6.899464446159274,0,80,551.9571556927419,0.0,16.275,0.0,16.275,0.0,1302.0
harvest,mix2,slow_regen,50,0,local_bounded,0,,230,1380,0,0.0,0,14.353460995234986,7.0529715212754835,8.162773181555021,0,80,653.0218545244018,0.0,17.25,0.0,17.25,0.0,1380.0
harvest,mix2,slow_regen,50,0,joint,0,,229,1374,0,0.0,0,13.871865989865304,6.752775983750288,7.556745553629196,0,80,604.5396442903357,0.0,17.175,0.0,0.0,0.0,0.0
harvest,mix2,slow_regen,50,0,local_optimistic,3,,161,966,0,0.0,0,11.781162693936727,2.893064974430936,6.692672675463605,0,80,535.4138140370884,0.0,12.075,3.0,12.075,240.0,966.0
harvest,mix2,slow_regen,50,0,local_bounded,3,,209,1254,0,0.0,0,12.479320413033282,5.009081193915849,6.39886490882855,0,80,511.909192706284,0.0,15.675,3.0,15.675,240.0,1254.0
harvest,mix2,slow_regen,50,0,joint,3,,177,1062,0,0.0,0,11.912265763946973,3.544803998191603,6.457264604190355,0,80,516.5811683352284,0.0,13.275,3.0,3.0,240.0,240.0
harvest,mix2,slow_regen,50,0,local_optimistic,6,,83,498,0,0.0,0,11.148090616260767,0.11539059542824157,7.640222736277349,0,80,611.2178189021879,0.0,6.225,6.0,6.225,480.0,498.0
harvest,mix2,slow_regen,50,0,local_bounded,6,,152,912,0,0.0,0,11.766655403640607,2.6028754474550295,6.828552593187842,0,80,546.2842074550274,0.0,11.4,6.0,11.4,480.0,912.0
harvest,mix2,slow_regen,50,0,joint,6,,82,492,0,0.0,0,11.142223976417485,0.08958852298583592,7.662106172126281,0,80,612.9684937701024,0.0,6.15,6.0,6.0,480.0,480.0
harvest,mix2,slow_regen,50,1,none,0,0.0,0,0,0,0.025,0,11.130553025774782,0.0,7.557140304109194,1,80,604.5712243287355,0.025,0.0,0.0,0.0,,
harvest,mix2,slow_regen,50,1,local_optimistic,0,,216,1296,0,0.0,0,13.09138707327234,5.546928443162767,7.0419941923165466,0,80,563.3595353853237,0.0,16.2,0.0,16.2,0.0,1296.0
harvest,mix2,slow_regen,50,1,local_bounded,0,,229,1374,0,0.0,0,14.409731440297117,7.19016534802841,8.35288062305612,0,80,668.2304498444896,0.0,17.175,0.0,17.175,0.0,1374.0
harvest,mix2,slow_regen,50,1,joint,0,,229,1374,0,0.0,0,14.409731440297117,7.19016534802841,8.35288062305612,0,80,668.2304498444896,0.0,17.175,0.0,0.0,0.0,0.0
harvest,mix2,slow_regen,50,1,local_optimistic,3,,159,954,0,0.0,0,11.90593730135917,2.8008490873908167,6.838250991125702,0,80,547.0600792900561,0.0,11.925,3.0,11.925,240.0,954.0
harvest,mix2,slow_regen,50,1,local_bounded,3,,197,1182,0,0.0,0,12.912811817617534,4.621605422442992,7.27829671549713,0,80,582.2637372397704,0.0,14.775,3.0,14.775,240.0,1182.0
harvest,mix2,slow_regen,50,1,joint,3,,174,1044,0,0.0,0,12.129942752612616,3.464325363955786,6.796646150850836,0,80,543.7316920680669,0.0,13.05,3.0,3.0,240.0,240.0
harvest,mix2,slow_regen,50,1,local_optimistic,6,,82,492,0,0.0,0,11.175967940588864,0.07260012092678736,7.604260156502174,0,80,608.3408125201739,0.0,6.15,6.0,6.15,480.0,492.0
harvest,mix2,slow_regen,50,1,local_bounded,6,,149,894,0,0.0,0,11.928883923209261,2.484339709785831,7.105730362902511,0,80,568.4584290322009,0.0,11.175,6.0,11.175,480.0,894.0
harvest,mix2,slow_regen,50,1,joint,6,,82,492,0,0.0,0,11.175967940588864,0.07260012092678736,7.604260156502174,0,80,608.3408125201739,0.0,6.15,6.0,6.0,480.0,480.0
harvest,mix2,slow_regen,51,0,none,0,0.0,0,0,0,0.275,0,10.120908908442882,0.0,8.424771464910592,11,80,673.9817171928473,0.275,0.0,0.0,0.0,,
harvest,mix2,slow_regen,51,0,local_optimistic,0,,219,1314,0,0.0,0,12.78270732179468,6.053910501791282,7.073035404609544,0,80,565.8428323687635,0.0,16.425,0.0,16.425,0.0,1314.0
harvest,mix2,slow_regen,51,0,local_bounded,0,,226,1356,0,0.0,0,13.949632534477349,7.127886374580804,8.150750226672605,0,80,652.0600181338084,0.0,16.95,0.0,16.95,0.0,1356.0
harvest,mix2,slow_regen,51,0,joint,0,,223,1338,0,0.0,0,13.904097409587655,6.961558594036825,8.232057832086282,0,80,658.5646265669026,0.0,16.725,0.0,0.0,0.0,0.0
harvest,mix2,slow_regen,51,0,local_optimistic,3,,188,1128,0,0.0,0,11.737811877739631,4.521384150235038,7.094313410494658,0,80,567.5450728395726,0.0,14.1,3.0,14.1,240.0,1128.0
harvest,mix2,slow_regen,51,0,local_bounded,3,,209,1254,0,0.0,0,12.557645553784337,5.6074672803444665,7.203295216841028,0,80,576.2636173472822,0.0,15.675,3.0,15.675,240.0,1254.0
harvest,mix2,slow_regen,51,0,joint,3,,198,1188,0,0.0,0,12.093957585967463,5.0125990515818115,7.093245047168918,0,80,567.4596037735134,0.0,14.85,3.0,3.0,240.0,240.0
harvest,mix2,slow_regen,51,0,local_optimistic,6,,158,948,0,0.0,0,10.94661364548995,3.1582524418097737,7.622984935524768,0,80,609.8387948419814,0.0,11.85,6.0,11.85,480.0,948.0
harvest,mix2,slow_regen,51,0,local_bounded,6,,179,1074,0,0.0,0,11.60966408959951,4.1319507818491275,7.342928358312316,0,80,587.4342686649853,0.0,13.425,6.0,13.425,480.0,1074.0
harvest,mix2,slow_regen,51,0,joint,6,,159,954,0,0.0,0,10.989131235618501,3.2285328436277334,7.6184227262072195,0,80,609.4738180965776,0.0,11.925,6.0,6.0,480.0,480.0
harvest,mix2,slow_regen,51,1,none,0,0.0,0,0,0,0.25,0,10.111247321689923,0.0,8.298085812373477,12,80,663.8468649898782,0.25,0.0,0.0,0.0,,
harvest,mix2,slow_regen,51,1,local_optimistic,0,,232,1392,0,0.0,0,12.348859802584343,6.44923907498867,5.927191149879574,0,80,474.17529199036596,0.0,17.4,0.0,17.4,0.0,1392.0
harvest,mix2,slow_regen,51,1,local_bounded,0,,216,1296,0,0.0,0,14.155410591395185,6.725053793748225,8.819366649801463,0,80,705.549331984117,0.0,16.2,0.0,16.2,0.0,1296.0
harvest,mix2,slow_regen,51,1,joint,0,,214,1284,0,0.0,0,14.086105338628418,6.600684064533368,8.853181764991637,0,80,708.254541199331,0.0,16.05,0.0,0.0,0.0,0.0
harvest,mix2,slow_regen,51,1,local_optimistic,3,,194,1164,0,0.0,0,11.635024847384534,4.730566420800022,6.752370189590513,0,80,540.1896151672411,0.0,14.55,3.0,14.55,240.0,1164.0
harvest,mix2,slow_regen,51,1,local_bounded,3,,218,1308,0,0.0,0,12.38925295588005,5.939420863183427,6.666647606428896,0,80,533.3318085143117,0.0,16.35,3.0,16.35,240.0,1308.0
harvest,mix2,slow_regen,51,1,joint,3,,204,1224,0,0.0,0,11.892573034326258,5.224320866689228,6.601004116207212,0,80,528.080329296577,0.0,15.3,3.0,3.0,240.0,240.0
harvest,mix2,slow_regen,51,1,local_optimistic,6,,161,966,0,0.0,0,10.875390286168788,3.265088414250998,7.400841181337626,0,80,592.06729450701,0.0,12.075,6.0,12.075,480.0,966.0
harvest,mix2,slow_regen,51,1,local_bounded,6,,185,1110,0,0.0,0,11.497095884413081,4.362118722725623,6.998487081383013,0,80,559.878966510641,0.0,13.875,6.0,13.875,480.0,1110.0
harvest,mix2,slow_regen,51,1,joint,6,,164,984,0,0.0,0,10.940116267050803,3.3927179577268176,7.3504597573099915,0,80,588.0367805847993,0.0,12.3,6.0,6.0,480.0,480.0
harvest,mix2,slow_regen,52,0,none,0,0.0,0,0,0,0.1875,0,10.185335639236172,0.0,8.617332938779242,6,80,689.3866351023394,0.1875,0.0,0.0,0.0,,
harvest,mix2,slow_regen,52,0,local_optimistic,0,,207,1242,0,0.0,0,13.048896795267945,5.465183998388352,7.687521609714419,0,80,615.0017287771535,0.0,15.525,0.0,15.525,0.0,1242.0
harvest,mix2,slow_regen,52,0,local_bounded,0,,224,1344,0,0.0,0,13.660949189238716,6.6396669636738705,7.635256231195865,0,80,610.8204984956692,0.0,16.8,0.0,16.8,0.0,1344.0
harvest,mix2,slow_regen,52,0,joint,0,,217,1302,0,0.0,0,13.588667060301972,6.269687970239706,7.822750694362457,0,80,625.8200555489966,0.0,16.275,0.0,0.0,0.0,0.0
harvest,mix2,slow_regen,52,0,local_optimistic,3,,177,1062,0,0.0,0,12.040305291035551,3.843588961421466,7.7779377154340965,0,80,622.2350172347277,0.0,13.275,3.0,13.275,240.0,1062.0
harvest,mix2,slow_regen,52,0,local_bounded,3,,200,1200,0,0.0,0,12.902315434926283,5.132238800888325,7.823756446376879,0,80,625.9005157101503,0.0,15.0,3.0,15.0,240.0,1200.0
harvest,mix2,slow_regen,52,0,joint,3,,181,1086,0,0.0,0,12.574862304588958,4.2214489934756045,8.21788480503144,0,80,657.4307844025152,0.0,13.575,3.0,3.0,240.0,240.0
harvest,mix2,slow_regen,52,0,local_optimistic,6,,137,822,0,0.0,0,10.902485766842196,2.174534394903825,7.944669838093188,0,80,635.573587047455,0.0,10.275,6.0,10.275,480.0,822.0
harvest,mix2,slow_regen,52,0,local_bounded,6,,170,1020,0,0.0,0,11.639189604931346,3.533339191798953,7.479875630415092,0,80,598.3900504332074,0.0,12.75,6.0,12.75,480.0,1020.0
harvest,mix2,slow_regen,52,0,joint,6,,139,834,0,0.0,0,10.937385224042428,2.261093843998072,7.861697302995134,0,80,628.9357842396107,0.0,10.425,6.0,6.0,480.0,480.0
harvest,mix2,slow_regen,52,1,none,0,0.0,0,0,0,0.35,0,10.060674375580414,0.0,8.655634168584564,13,80,692.4507334867651,0.35,0.0,0.0,0.0,,
harvest,mix2,slow_regen,52,1,local_optimistic,0,,205,1230,0,0.0,0,13.048921250976827,5.348316827323904,7.743818070395852,0,80,619.5054456316682,0.0,15.375,0.0,15.375,0.0,1230.0
harvest,mix2,slow_regen,52,1,local_bounded,0,,224,1344,0,0.0,0,13.62512933670711,6.58946592720541,7.593723665207769,0,80,607.4978932166215,0.0,16.8,0.0,16.8,0.0,1344.0
harvest,mix2,slow_regen,52,1,joint,0,,217,1302,0,0.0,0,13.547946144134007,6.243307266465296,7.787101228224808,0,80,622.9680982579846,0.0,16.275,0.0,0.0,0.0,0.0
harvest,mix2,slow_regen,52,1,local_optimistic,3,,173,1038,0,0.0,0,12.120545723287261,3.694486402662502,7.929766843375435,0,80,634.3813474700348,0.0,12.975,3.0,12.975,240.0,1038.0
harvest,mix2,slow_regen,52,1,local_bounded,3,,199,1194,0,0.0,0,12.88762363033561,5.03955471432968,7.794997587183005,0,80,623.5998069746404,0.0,14.925,3.0,14.925,240.0,1194.0
harvest,mix2,slow_regen,52,1,joint,3,,182,1092,0,0.0,0,12.613772859484317,4.194503375653284,8.12621414526653,0,80,650.0971316213224,0.0,13.65,3.0,3.0,240.0,240.0
harvest,mix2,slow_regen,52,1,local_optimistic,6,,139,834,0,0.0,0,10.90528765802434,2.244163701829131,7.860016676235881,0,80,628.8013340988705,0.0,10.425,6.0,10.425,480.0,834.0
harvest,mix2,slow_regen,52,1,local_bounded,6,,162,972,0,0.0,0,11.928808750349479,3.2366522332287624,8.14838111384767,0,80,651.8704891078136,0.0,12.15,6.0,12.15,480.0,972.0
harvest,mix2,slow_regen,52,1,joint,6,,143,858,0,0.0,0,10.95060035138189,2.407294915772147,7.797757325560369,0,80,623.8205860448295,0.0,10.725,6.0,6.0,480.0,480.0
harvest,mix2,slow_regen,53,0,none,0,0.0,0,0,0,0.0,0,10.604892210601433,0.0,8.562173209217026,0,80,684.973856737362,0.0,0.0,0.0,0.0,,
harvest,mix2,slow_regen,53,0,local_optimistic,0,,193,1158,0,0.0,0,13.497359303881169,4.618661673519265,8.417544785117588,0,80,673.403582809407,0.0,14.475,0.0,14.475,0.0,1158.0
harvest,mix2,slow_regen,53,0,local_bounded,0,,218,1308,0,0.0,0,14.44629551415682,6.323339990776117,8.680921968209779,0,80,694.4737574567823,0.0,16.35,0.0,16.35,0.0,1308.0
harvest,mix2,slow_regen,53,0,joint,0,,218,1308,0,0.0,0,14.44629551415682,6.323339990776117,8.680921968209779,0,80,694.4737574567823,0.0,16.35,0.0,0.0,0.0,0.0
harvest,mix2,slow_regen,53,0,local_optimistic,3,,161,966,0,0.0,0,12.152256231113437,2.936750897786957,7.833487984368938,0,80,626.679038749515,0.0,12.075,3.0,12.075,240.0,966.0
harvest,mix2,slow_regen,53,0,local_bounded,3,,190,1140,0,0.0,0,13.165530874107157,4.399052375056338,8.062004874033992,0,80,644.9603899227193,0.0,14.25,3.0,14.25,240.0,1140.0
harvest,mix2,slow_regen,53,0,joint,3,,178,1068,0,0.0,0,12.456029238337276,3.7320375037334843,7.603963113522335,0,80,608.3170490817868,0.0,13.35,3.0,3.0,240.0,240.0
harvest,mix2,slow_regen,53,0,local_optimistic,6,,104,624,0,0.0,0,10.911758366742955,0.8359535577029252,8.237659464458641,0,80,659.0127571566914,0.0,7.8,6.0,7.8,480.0,624.0
harvest,mix2,slow_regen,53,0,local_bounded,6,,157,942,0,0.0,0,12.046664034566167,2.8407625882116605,7.865180580846062,0,80,629.214446467685,0.0,11.775,6.0,11.775,480.0,942.0
harvest,mix2,slow_regen,53,0,joint,6,,105,630,0,0.0,0,10.949792848094123,0.8861542745945267,8.242761218605617,0,80,659.4208974884493,0.0,7.875,6.0,6.0,480.0,480.0
harvest,mix2,slow_regen,53,1,none,0,0.0,0,0,0,0.275,0,10.324963952209519,0.0,8.66929161358903,2,80,693.5433290871224,0.275,0.0,0.0,0.0,,
harvest,mix2,slow_regen,53,1,local_optimistic,0,,201,1206,0,0.0,0,13.272987821158981,4.781291052385113,7.743323979555927,0,80,619.4659183644742,0.0,15.075,0.0,15.075,0.0,1206.0
harvest,mix2,slow_regen,53,1,local_bounded,0,,217,1302,0,0.0,0,14.49939199661498,6.320467208558764,8.737186937201475,0,80,698.9749549761179,0.0,16.275,0.0,16.275,0.0,1302.0
harvest,mix2,slow_regen,53,1,joint,0,,217,1302,0,0.0,0,14.49939199661498,6.320467208558764,8.737186937201475,0,80,698.9749549761179,0.0,16.275,0.0,0.0,0.0,0.0
harvest,mix2,slow_regen,53,1,local_optimistic,3,,163,978,0,0.0,0,11.976743179830974,3.051383252819657,7.494999348461015,0,80,599.5999478768812,0.0,12.225,3.0,12.225,240.0,978.0
harvest,mix2,slow_regen,53,1,local_bounded,3,,187,1122,0,0.0,0,13.100436365895263,4.233737343441489,8.031838410820317,0,80,642.5470728656253,0.0,14.025,3.0,14.025,240.0,1122.0
harvest,mix2,slow_regen,53,1,joint,3,,170,1020,0,0.0,0,12.697399230226967,3.467396076034788,8.22742644378016,0,80,658.1941155024128,0.0,12.75,3.0,3.0,240.0,240.0
harvest,mix2,slow_regen,53,1,local_optimistic,6,,99,594,0,0.0,0,10.921653883327828,0.6581367396088554,8.553354444898133,0,80,684.2683555918506,0.0,7.425,6.0,7.425,480.0,594.0
harvest,mix2,slow_regen,53,1,local_bounded,6,,151,906,0,0.0,0,12.059163147775413,2.637172677883682,8.13156813818958,0,80,650.5254510551664,0.0,11.325,6.0,11.325,480.0,906.0
harvest,mix2,slow_regen,53,1,joint,6,,106,636,0,0.0,0,10.954965968788681,0.9182301885296964,8.353158283490938,0,80,668.2526626792751,0.0,7.95,6.0,6.0,480.0,480.0
harvest,mix2,slow_regen,54,0,none,0,0.0,0,0,0,0.9375,0,9.636854458925228,0.0,9.097200618613845,4,80,727.7760494891077,0.9375,0.0,0.0,0.0,,
harvest,mix2,slow_regen,54,0,local_optimistic,0,,234,1404,0,0.0,0,12.222534433467079,8.036139357016243,6.794089984343751,0,80,543.5271987475,0.0,17.55,0.0,17.55,0.0,1404.0
harvest,mix2,slow_regen,54,0,local_bounded,0,,239,1434,0,0.0,0,12.628814370333085,8.501241877147432,7.089584269522786,0,80,567.1667415618228,0.0,17.925,0.0,17.925,0.0,1434.0
harvest,mix2,slow_regen,54,0,joint,0,,236,1416,0,0.0,0,12.590211794916012,8.347605911757862,7.190646781399242,0,80,575.2517425119394,0.0,17.7,0.0,0.0,0.0,0.0
harvest,mix2,slow_regen,54,0,local_optimistic,3,,207,1242,0,0.0,0,11.603634943962383,6.52468161409883,7.359937870062197,0,80,588.7950296049758,0.0,15.525,3.0,15.525,240.0,1242.0
harvest,mix2,slow_regen,54,0,local_bounded,3,,230,1380,0,0.0,0,12.159476330146905,7.867137177416964,6.944650195627302,0,80,555.5720156501842,0.0,17.25,3.0,17.25,240.0,1380.0
harvest,mix2,slow_regen,54,0,joint,3,,213,1278,0,0.0,0,11.807727009295041,6.894204135293469,7.352320232673281,0,80,588.1856186138625,0.0,15.975,3.0,3.0,240.0,240.0
harvest,mix2,slow_regen,54,0,local_optimistic,6,,171,1026,0,0.0,0,10.914831595645737,4.564163615094486,8.12732447843276,0,80,650.1859582746208,0.0,12.825,6.0,12.825,480.0,1026.0
harvest,mix2,slow_regen,54,0,local_bounded,6,,203,1218,0,0.0,0,11.548152745863849,6.329536030139753,7.477164788547151,0,80,598.1731830837721,0.0,15.225,6.0,15.225,480.0,1218.0
harvest,mix2,slow_regen,54,0,joint,6,,171,1026,0,0.0,0,10.943840713109026,4.576307059260568,8.146949541409567,0,80,651.7559633127654,0.0,12.825,6.0,6.0,480.0,480.0
harvest,mix2,slow_regen,54,1,none,0,0.0,0,0,0,0.95,0,9.653416466369324,0.0,9.15078169370528,2,80,732.0625354964225,0.95,0.0,0.0,0.0,,
harvest,mix2,slow_regen,54,1,local_optimistic,0,,235,1410,0,0.0,0,12.219956812065744,8.108550100807745,6.742735930643771,0,80,539.4188744515017,0.0,17.625,0.0,17.625,0.0,1410.0
harvest,mix2,slow_regen,54,1,local_bounded,0,,237,1422,0,0.0,0,12.663107890218942,8.420602793294483,7.217540040261342,0,80,577.4032032209074,0.0,17.775,0.0,17.775,0.0,1422.0
harvest,mix2,slow_regen,54,1,joint,0,,237,1422,0,0.0,0,12.663107890218942,8.420602793294483,7.217540040261342,0,80,577.4032032209074,0.0,17.775,0.0,0.0,0.0,0.0
harvest,mix2,slow_regen,54,1,local_optimistic,3,,207,1242,0,0.0,0,11.624948366186027,6.555651526574422,7.390575053215409,0,80,591.2460042572327,0.0,15.525,3.0,15.525,240.0,1242.0
harvest,mix2,slow_regen,54,1,local_bounded,3,,229,1374,0,0.0,0,12.158383325367762,7.791849127173023,6.9517330450352315,0,80,556.1386436028185,0.0,17.175,3.0,17.175,240.0,1374.0
harvest,mix2,slow_regen,54,1,joint,3,,212,1272,0,0.0,0,11.850119359273204,6.868323882014886,7.441240629185009,0,80,595.2992503348007,0.0,15.9,3.0,3.0,240.0,240.0
harvest,mix2,slow_regen,54,1,local_optimistic,6,,173,1038,0,0.0,0,10.938747805404551,4.706714060841864,8.188265958242717,0,80,655.0612766594173,0.0,12.975,6.0,12.975,480.0,1038.0
harvest,mix2,slow_regen,54,1,local_bounded,6,,203,1218,0,0.0,0,11.59838841275064,6.355538880602365,7.564161258301368,0,80,605.1329006641095,0.0,15.225,6.0,15.225,480.0,1218.0
harvest,mix2,slow_regen,54,1,joint,6,,174,1044,0,0.0,0,11.008281134091982,4.777327097184982,8.197082007329271,0,80,655.7665605863417,0.0,13.05,6.0,6.0,480.0,480.0
harvest,mix2,slow_regen,55,0,none,0,0.0,0,0,0,0.0,0,10.96649385671,0.0,8.132442179574529,0,80,650.5953743659624,0.0,0.0,0.0,0.0,,
harvest,mix2,slow_regen,55,0,local_optimistic,0,,210,1260,0,0.0,0,13.110342722726468,5.549502430422075,7.3110200817654585,0,80,584.8816065412367,0.0,15.75,0.0,15.75,0.0,1260.0
harvest,mix2,slow_regen,55,0,local_bounded,0,,218,1308,0,0.0,0,13.711859169200409,6.404218150048102,7.602789850708047,0,80,608.2231880566437,0.0,16.35,0.0,16.35,0.0,1308.0
harvest,mix2,slow_regen,55,0,joint,0,,222,1332,0,0.0,0,13.578646940070389,6.584204707414858,7.416317485288124,0,80,593.3053988230499,0.0,16.65,0.0,0.0,0.0,0.0
harvest,mix2,slow_regen,55,0,local_optimistic,3,,170,1020,0,0.0,0,11.822875721406865,3.512326041916727,6.9786340516929,0,80,558.290724135432,0.0,12.75,3.0,12.75,240.0,1020.0
harvest,mix2,slow_regen,55,0,local_bounded,3,,194,1164,0,0.0,0,12.881297199333062,4.8191720329072,7.654382989929594,0,80,612.3506391943675,0.0,14.55,3.0,14.55,240.0,1164.0
harvest,mix2,slow_regen,55,0,joint,3,,180,1080,0,0.0,0,12.156162187613637,3.9989495311381438,7.124833752696015,0,80,569.9867002156811,0.0,13.5,3.0,3.0,240.0,240.0
harvest,mix2,slow_regen,55,0,local_optimistic,6,,86,516,0,0.0,0,11.04367219571093,0.23787518371366723,8.03429194155816,0,80,642.7433553246528,0.0,6.45,6.0,6.45,480.0,516.0
harvest,mix2,slow_regen,55,0,local_bounded,6,,158,948,0,0.0,0,11.727962580742988,3.074031102215268,7.192007541723643,0,80,575.3606033378915,0.0,11.85,6.0,11.85,480.0,948.0
harvest,mix2,slow_regen,55,0,joint,6,,87,522,0,0.0,0,11.04719244001988,0.2800456614002343,8.010845237039533,0,80,640.8676189631626,0.0,6.525,6.0,6.0,480.0,480.0
harvest,mix2,slow_regen,55,1,none,0,0.0,0,0,0,0.0,0,10.806664041385389,0.0,7.947312931006874,0,80,635.7850344805499,0.0,0.0,0.0,0.0,,
harvest,mix2,slow_regen,55,1,local_optimistic,0,,209,1254,0,0.0,0,13.029675562195369,5.447753173761027,7.2619653560193544,0,80,580.9572284815483,0.0,15.675,0.0,15.675,0.0,1254.0
harvest,mix2,slow_regen,55,1,local_bounded,0,,217,1302,0,0.0,0,13.736280960457663,6.39094584542102,7.6651171501122946,0,80,613.2093720089836,0.0,16.275,0.0,16.275,0.0,1302.0
harvest,mix2,slow_regen,55,1,joint,0,,226,1356,0,0.0,0,13.542562775490348,6.719484760541162,7.214784407167985,0,80,577.1827525734388,0.0,16.95,0.0,0.0,0.0,0.0
harvest,mix2,slow_regen,55,1,local_optimistic,3,,177,1062,0,0.0,0,11.825178110227364,3.80697711294439,6.7198333826916965,0,80,537.5866706153357,0.0,13.275,3.0,13.275,240.0,1062.0
harvest,mix2,slow_regen,55,1,local_bounded,3,,198,1188,0,0.0,0,12.894023845045876,5.00784253478259,7.52905163191631,0,80,602.3241305533048,0.0,14.85,3.0,14.85,240.0,1188.0
harvest,mix2,slow_regen,55,1,joint,3,,183,1098,0,0.0,0,12.322612911324743,4.155154967988095,7.280120089830453,0,80,582.4096071864362,0.0,13.725,3.0,3.0,240.0,240.0
harvest,mix2,slow_regen,55,1,local_optimistic,6,,92,552,0,0.0,0,10.931513249348864,0.4430520363936221,7.845712917479679,0,80,627.6570333983743,0.0,6.9,6.0,6.9,480.0,552.0
harvest,mix2,slow_regen,55,1,local_bounded,6,,160,960,0,0.0,0,11.638617969682873,3.1418404214961395,7.119200115602792,0,80,569.5360092482234,0.0,12.0,6.0,12.0,480.0,960.0
harvest,mix2,slow_regen,55,1,joint,6,,95,570,0,0.0,0,10.964818481858229,0.5929231641271684,7.822971703636507,0,80,625.8377362909206,0.0,7.125,6.0,6.0,480.0,480.0
harvest,mix2,slow_regen,56,0,none,0,0.0,0,0,0,0.9625,0,9.554657487548456,0.0,9.178959539599813,2,80,734.3167631679851,0.9625,0.0,0.0,0.0,,
harvest,mix2,slow_regen,56,0,local_optimistic,0,,200,1200,0,0.0,0,13.726869497478464,5.307096076260872,9.166563267248833,0,80,733.3250613799066,0.0,15.0,0.0,15.0,0.0,1200.0
harvest,mix2,slow_regen,56,0,local_bounded,0,,220,1320,0,0.0,0,14.399225661736518,6.851285182618362,8.91725826950989,0,80,713.3806615607912,0.0,16.5,0.0,16.5,0.0,1320.0
harvest,mix2,slow_regen,56,0,joint,0,,220,1320,0,0.0,0,14.399225661736518,6.851285182618362,8.91725826950989,0,80,713.3806615607912,0.0,16.5,0.0,0.0,0.0,0.0
harvest,mix2,slow_regen,56,0,local_optimistic,3,,158,948,0,0.0,0,12.799700020167197,3.2618423223408444,9.997141047231867,0,80,799.7712837785493,0.0,11.85,3.0,11.85,240.0,948.0
harvest,mix2,slow_regen,56,0,local_bounded,3,,185,1110,0,0.0,0,13.520693614723024,4.712358413701525,9.595650905886476,0,80,767.652072470918,0.0,13.875,3.0,13.875,240.0,1110.0
harvest,mix2,slow_regen,56,0,joint,3,,175,1050,0,0.0,0,13.202760785309831,4.124751194021341,9.664179447876714,0,80,773.1343558301371,0.0,13.125,3.0,3.0,240.0,240.0
harvest,mix2,slow_regen,56,0,local_optimistic,6,,139,834,0,0.0,0,10.924970616719776,2.1893189135119897,8.300193485542797,0,80,664.0154788434238,0.0,10.425,6.0,10.425,480.0,834.0
harvest,mix2,slow_regen,56,0,local_bounded,6,,155,930,0,0.0,0,12.732194062769338,3.1508130062177058,10.089941015889659,0,80,807.1952812711727,0.0,11.625,6.0,11.625,480.0,930.0
harvest,mix2,slow_regen,56,0,joint,6,,124,744,0,0.0,0,11.178305020525054,1.7669550741051818,9.734895889585687,0,80,778.7916711668549,0.0,9.3,6.0,6.0,480.0,480.0
harvest,mix2,slow_regen,56,1,none,0,0.0,0,0,0,0.8625,0,9.631887763174808,0.0,9.109058505181762,5,80,728.724680414541,0.8625,0.0,0.0,0.0,,
harvest,mix2,slow_regen,56,1,local_optimistic,0,,200,1200,0,0.0,0,13.744293656508791,5.373755004680982,9.121649193133099,0,80,729.7319354506478,0.0,15.0,0.0,15.0,0.0,1200.0
harvest,mix2,slow_regen,56,1,local_bounded,0,,221,1326,0,0.0,0,14.351418387433034,6.832747325489859,8.798487573261012,0,80,703.879005860881,0.0,16.575,0.0,16.575,0.0,1326.0
harvest,mix2,slow_regen,56,1,joint,0,,221,1326,0,0.0,0,14.351418387433034,6.832747325489859,8.798487573261012,0,80,703.879005860881,0.0,16.575,0.0,0.0,0.0,0.0
harvest,mix2,slow_regen,56,1,local_optimistic,3,,169,1014,0,0.0,0,12.283693519279353,3.5724449626909047,8.668037149137223,0,80,693.4429719309779,0.0,12.675,3.0,12.675,240.0,1014.0
harvest,mix2,slow_regen,56,1,local_bounded,3,,188,1128,0,0.0,0,13.501771635838628,4.801340332804658,9.366891099026663,0,80,749.3512879221331,0.0,14.1,3.0,14.1,240.0,1128.0
harvest,mix2,slow_regen,56,1,joint,3,,182,1092,0,0.0,0,12.603654208529088,4.204100737422236,8.448201480879925,0,80,675.856118470394,0.0,13.65,3.0,3.0,240.0,240.0
harvest,mix2,slow_regen,56,1,local_optimistic,6,,137,822,0,0.0,0,10.973885669057578,2.1415912286954373,8.681002961185419,0,80,694.4802368948335,0.0,10.275,6.0,10.275,480.0,822.0
harvest,mix2,slow_regen,56,1,local_bounded,6,,161,966,0,0.0,0,12.108969803581163,3.239908091431842,8.866959567256364,0,80,709.3567653805092,0.0,12.075,6.0,12.075,480.0,966.0
harvest,mix2,slow_regen,56,1,joint,6,,140,840,0,0.0,0,10.96095425058902,2.2611167201818048,8.460298183989085,0,80,676.8238547191268,0.0,10.5,6.0,6.0,480.0,480.0
harvest,mix2,slow_regen,57,0,none,0,0.0,0,0,0,0.9875,0,9.369946720638193,0.0,9.048088425332944,1,80,723.8470740266355,0.9875,0.0,0.0,0.0,,
harvest,mix2,slow_regen,57,0,local_optimistic,0,,231,1386,0,0.0,0,12.426277178656651,8.066113057489767,7.2382227712536436,0,80,579.0578217002915,0.0,17.325,0.0,17.325,0.0,1386.0
harvest,mix2,slow_regen,57,0,local_bounded,0,,227,1362,0,0.0,0,13.51427459811166,8.31085798072315,8.637381254953649,0,80,690.990500396292,0.0,17.025,0.0,17.025,0.0,1362.0
harvest,mix2,slow_regen,57,0,joint,0,,223,1338,0,0.0,0,13.41294883455302,7.9902540966211975,8.733057923050286,0,80,698.6446338440228,0.0,16.725,0.0,0.0,0.0,0.0
harvest,mix2,slow_regen,57,0,local_optimistic,3,,203,1218,0,0.0,0,11.6817828970925,6.41946857573775,7.654300662441479,0,80,612.3440529953183,0.0,15.225,3.0,15.225,240.0,1218.0
harvest,mix2,slow_regen,57,0,local_bounded,3,,222,1332,0,0.0,0,12.202310751661889,7.563656066758736,7.390916229461132,0,80,591.2732983568906,0.0,16.65,3.0,16.65,240.0,1332.0
harvest,mix2,slow_regen,57,0,joint,3,,211,1266,0,0.0,0,11.86718864745114,6.923740949518953,7.481193887010589,0,80,598.4955109608471,0.0,15.825,3.0,3.0,240.0,240.0
harvest,mix2,slow_regen,57,0,local_optimistic,6,,175,1050,0,0.0,0,10.948448347053532,4.8863481372770945,8.175768495399959,0,80,654.0614796319967,0.0,13.125,6.0,13.125,480.0,1050.0
harvest,mix2,slow_regen,57,0,local_bounded,6,,201,1206,0,0.0,0,11.586178881485825,6.308561131923481,7.585659802304212,0,80,606.852784184337,0.0,15.075,6.0,15.075,480.0,1206.0
harvest,mix2,slow_regen,57,0,joint,6,,174,1044,0,0.0,0,10.97142165773815,4.840101083754363,8.240850693391497,0,80,659.2680554713197,0.0,13.05,6.0,6.0,480.0,480.0
harvest,mix2,slow_regen,57,1,none,0,0.0,0,0,0,0.975,0,9.380947141848191,0.0,8.947460395182654,1,80,715.7968316146123,0.975,0.0,0.0,0.0,,
harvest,mix2,slow_regen,57,1,local_optimistic,0,,238,1428,0,0.0,0,12.167007130410152,8.432340526018118,6.603730299651362,0,80,528.2984239721089,0.0,17.85,0.0,17.85,0.0,1428.0
harvest,mix2,slow_regen,57,1,local_bounded,0,,231,1386,0,0.0,0,13.410249267178045,8.513209337752254,8.477483129681726,0,80,678.1986503745381,0.0,17.325,0.0,17.325,0.0,1386.0
harvest,mix2,slow_regen,57,1,joint,0,,224,1344,0,0.0,0,13.383789355282698,8.091243515575846,8.738282876430285,0,80,699.0626301144227,0.0,16.8,0.0,0.0,0.0,0.0
harvest,mix2,slow_regen,57,1,local_optimistic,3,,210,1260,0,0.0,0,11.58635251393829,6.816144010314446,7.27721969699806,0,80,582.1775757598448,0.0,15.75,3.0,15.75,240.0,1260.0
harvest,mix2,slow_regen,57,1,local_bounded,3,,233,1398,0,0.0,0,12.119029604151686,8.131931864609589,6.790567911255115,0,80,543.2454329004092,0.0,17.475,3.0,17.475,240.0,1398.0
harvest,mix2,slow_regen,57,1,joint,3,,216,1296,0,0.0,0,11.751381487838213,7.19884949731352,7.216637109717193,0,80,577.3309687773755,0.0,16.2,3.0,3.0,240.0,240.0
harvest,mix2,slow_regen,57,1,local_optimistic,6,,180,1080,0,0.0,0,10.90647716445786,5.172875560863476,8.016506728414068,0,80,641.3205382731255,0.0,13.5,6.0,13.5,480.0,1080.0
harvest,mix2,slow_regen,57,1,local_bounded,6,,207,1242,0,0.0,0,11.533012790350366,6.662543837270175,7.387567362965396,0,80,591.0053890372317,0.0,15.525,6.0,15.525,480.0,1242.0
harvest,mix2,slow_regen,57,1,joint,6,,182,1092,0,0.0,0,10.968825398281897,5.304801169840987,8.038370474835057,0,80,643.0696379868045,0.0,13.65,6.0,6.0,480.0,480.0
harvest,mix2,slow_regen,58,0,none,0,0.0,0,0,0,0.2875,0,10.121394714236038,0.0,8.677237380291636,10,80,694.1789904233309,0.2875,0.0,0.0,0.0,,
harvest,mix2,slow_regen,58,0,local_optimistic,0,,231,1386,0,0.0,0,12.749127552075306,7.13715963013887,6.879379613504692,0,80,550.3503690803753,0.0,17.325,0.0,17.325,0.0,1386.0
harvest,mix2,slow_regen,58,0,local_bounded,0,,221,1326,0,0.0,0,13.735701773555274,7.344333641537043,8.33860836715066,0,80,667.0886693720529,0.0,16.575,0.0,16.575,0.0,1326.0
harvest,mix2,slow_regen,58,0,joint,0,,225,1350,0,0.0,0,13.46910786231732,7.440014883986251,8.024744895570162,0,80,641.979591645613,0.0,16.875,0.0,0.0,0.0,0.0
harvest,mix2,slow_regen,58,0,local_optimistic,3,,193,1158,0,0.0,0,11.681806107046272,5.0990712673703715,7.070374249327978,0,80,565.6299399462382,0.0,14.475,3.0,14.475,240.0,1158.0
harvest,mix2,slow_regen,58,0,local_bounded,3,,221,1326,0,0.0,0,12.582470996414488,6.590037235561342,7.088541943655029,0,80,567.0833554924023,0.0,16.575,3.0,16.575,240.0,1326.0
harvest,mix2,slow_regen,58,0,joint,3,,201,1206,0,0.0,0,12.029833008352984,5.509043133755304,7.192152605836872,0,80,575.3722084669498,0.0,15.075,3.0,3.0,240.0,240.0
harvest,mix2,slow_regen,58,0,local_optimistic,6,,137,822,0,0.0,0,10.889129847697017,2.479117904507031,8.06980165884209,0,80,645.5841327073672,0.0,10.275,6.0,10.275,480.0,822.0
harvest,mix2,slow_regen,58,0,local_bounded,6,,183,1098,0,0.0,0,11.547265965661264,4.627653452422303,7.3361458383007605,0,80,586.8916670640608,0.0,13.725,6.0,13.725,480.0,1098.0
harvest,mix2,slow_regen,58,0,joint,6,,138,828,0,0.0,0,10.940047668514435,2.548569777309182,8.07980679891676,0,80,646.3845439133407,0.0,10.35,6.0,6.0,480.0,480.0
harvest,mix2,slow_regen,58,1,none,0,0.0,0,0,0,0.3125,0,10.170838559333603,0.0,8.562496033498173,9,80,684.9996826798538,0.3125,0.0,0.0,0.0,,
harvest,mix2,slow_regen,58,1,local_optimistic,0,,231,1386,0,0.0,0,12.37467798920276,6.9778322520698906,6.164332830909776,0,80,493.14662647278203,0.0,17.325,0.0,17.325,0.0,1386.0
harvest,mix2,slow_regen,58,1,local_bounded,0,,224,1344,0,0.0,0,13.695193504324447,7.498475020261125,8.045011547784867,0,80,643.6009238227894,0.0,16.8,0.0,16.8,0.0,1344.0
harvest,mix2,slow_regen,58,1,joint,0,,235,1410,0,0.0,0,12.86903880437302,7.450571991707605,6.636447732449389,0,80,530.9158185959511,0.0,17.625,0.0,0.0,0.0,0.0
harvest,mix2,slow_regen,58,1,local_optimistic,3,,193,1158,0,0.0,0,11.683586096963433,5.096277308356931,7.001426307142975,0,80,560.114104571438,0.0,14.475,3.0,14.475,240.0,1158.0
harvest,mix2,slow_regen,58,1,local_bounded,3,,221,1326,0,0.0,0,12.307423476035767,6.49069653456493,6.551925658100435,0,80,524.1540526480348,0.0,16.575,3.0,16.575,240.0,1326.0
harvest,mix2,slow_regen,58,1,joint,3,,200,1200,0,0.0,0,11.857991400843432,5.454459273537206,6.915082413737915,0,80,553.2065930990332,0.0,15.0,3.0,3.0,240.0,240.0
harvest,mix2,slow_regen,58,1,local_optimistic,6,,137,822,0,0.0,0,10.904483066023547,2.472395154107101,8.003306073449378,0,80,640.2644858759503,0.0,10.275,6.0,10.275,480.0,822.0
harvest,mix2,slow_regen,58,1,local_bounded,6,,181,1086,0,0.0,0,11.536518405985012,4.566666486652951,7.2947918329201,0,80,583.583346633608,0.0,13.575,6.0,13.575,480.0,1086.0
harvest,mix2,slow_regen,58,1,joint,6,,138,828,0,0.0,0,10.947370920038908,2.5227227694479,8.018443964458234,0,80,641.4755171566587,0.0,10.35,6.0,6.0,480.0,480.0
harvest,mix2,slow_regen,59,0,none,0,0.0,0,0,0,0.075,0,10.554683932582263,0.0,8.224946903452198,1,80,657.9957522761758,0.075,0.0,0.0,0.0,,
harvest,mix2,slow_regen,59,0,local_optimistic,0,,224,1344,0,0.0,0,12.550166575767552,6.379006953647665,5.967521527347179,0,80,477.40172218777434,0.0,16.8,0.0,16.8,0.0,1344.0
harvest,mix2,slow_regen,59,0,local_bounded,0,,239,1434,0,0.0,0,13.540284867583273,7.575801124752519,6.8213016414549035,0,80,545.7041313163922,0.0,17.925,0.0,17.925,0.0,1434.0
harvest,mix2,slow_regen,59,0,joint,0,,239,1434,0,0.0,0,13.540284867583273,7.575801124752519,6.8213016414549035,0,80,545.7041313163922,0.0,17.925,0.0,0.0,0.0,0.0
harvest,mix2,slow_regen,59,0,local_optimistic,3,,179,1074,0,0.0,0,11.75773509481388,4.332203044032708,6.767059235934371,0,80,541.3647388747497,0.0,13.425,3.0,13.425,240.0,1074.0
harvest,mix2,slow_regen,59,0,local_bounded,3,,212,1272,0,0.0,0,12.35015028819204,5.882516806052588,6.15816553228027,0,80,492.6532425824216,0.0,15.9,3.0,15.9,240.0,1272.0
harvest,mix2,slow_regen,59,0,joint,3,,186,1116,0,0.0,0,11.953318017758466,4.647527357057989,6.71952425515402,0,80,537.5619404123216,0.0,13.95,3.0,3.0,240.0,240.0
harvest,mix2,slow_regen,59,0,local_optimistic,6,,110,660,0,0.0,0,10.894631757824968,1.3003028549640596,7.8713304161012925,0,80,629.7064332881034,0.0,8.25,6.0,8.25,480.0,660.0
harvest,mix2,slow_regen,59,0,local_bounded,6,,169,1014,0,0.0,0,11.595471204618999,3.894643445099392,6.984155672311213,0,80,558.7324537848971,0.0,12.675,6.0,12.675,480.0,1014.0
harvest,mix2,slow_regen,59,0,joint,6,,114,684,0,0.0,0,10.957819672161444,1.4934507294826571,7.823677629412879,0,80,625.8942103530303,0.0,8.55,6.0,6.0,480.0,480.0
harvest,mix2,slow_regen,59,1,none,0,0.0,0,0,0,0.1,0,10.580110493511478,0.0,8.285986849148644,2,80,662.8789479318915,0.1,0.0,0.0,0.0,,
harvest,mix2,slow_regen,59,1,local_optimistic,0,,220,1320,0,0.0,0,12.50817906233716,6.192037797706822,6.0614583154589585,0,80,484.91666523671665,0.0,16.5,0.0,16.5,0.0,1320.0
harvest,mix2,slow_regen,59,1,local_bounded,0,,236,1416,0,0.0,0,13.046314003458036,7.053326504558524,6.16127385766338,0,80,492.9019086130704,0.0,17.7,0.0,17.7,0.0,1416.0
harvest,mix2,slow_regen,59,1,joint,0,,234,1404,0,0.0,0,13.030816745102802,6.966843839821676,6.2143157265428295,0,80,497.14525812342634,0.0,17.55,0.0,0.0,0.0,0.0
harvest,mix2,slow_regen,59,1,local_optimistic,3,,180,1080,0,0.0,0,11.802891200128283,4.378310890389052,6.775454744219386,0,80,542.0363795375509,0.0,13.5,3.0,13.5,240.0,1080.0
harvest,mix2,slow_regen,59,1,local_bounded,3,,210,1260,0,0.0,0,12.362304368717147,5.76109563680607,6.2560945823444625,0,80,500.487566587557,0.0,15.75,3.0,15.75,240.0,1260.0
harvest,mix2,slow_regen,59,1,joint,3,,186,1116,0,0.0,0,12.026121645311685,4.691289904036427,6.7926665637348735,0,80,543.4133250987899,0.0,13.95,3.0,3.0,240.0,240.0
harvest,mix2,slow_regen,59,1,local_optimistic,6,,103,618,0,0.0,0,10.889635623730237,0.9811523247431332,8.009248472399692,0,80,640.7398777919753,0.0,7.725,6.0,7.725,480.0,618.0
harvest,mix2,slow_regen,59,1,local_bounded,6,,166,996,0,0.0,0,11.606427577192738,3.7629728062757444,7.074814064896083,0,80,565.9851251916866,0.0,12.45,6.0,12.45,480.0,996.0
harvest,mix2,slow_regen,59,1,joint,6,,107,642,0,0.0,0,10.945487098834965,1.1682795218871425,7.971439162003383,0,80,637.7151329602707,0.0,8.025,6.0,6.0,480.0,480.0
harvest,mix2,slow_regen,60,0,none,0,0.0,0,0,0,0.9875,0,9.32937900044531,0.0,8.981444046336922,1,80,718.5155237069537,0.9875,0.0,0.0,0.0,,
harvest,mix2,slow_regen,60,0,local_optimistic,0,,216,1296,0,0.0,0,12.97281708962808,6.717232604304565,8.486804274414345,0,80,678.9443419531476,0.0,16.2,0.0,16.2,0.0,1296.0
harvest,mix2,slow_regen,60,0,local_bounded,0,,231,1386,0,0.0,0,13.798511624310052,8.018262085605283,8.560104495088108,0,80,684.8083596070486,0.0,17.325,0.0,17.325,0.0,1386.0
harvest,mix2,slow_regen,60,0,joint,0,,228,1368,0,0.0,0,13.627381567232751,7.744137765097635,8.5766631240927,0,80,686.1330499274161,0.0,17.1,0.0,0.0,0.0,0.0
harvest,mix2,slow_regen,60,0,local_optimistic,3,,199,1194,0,0.0,0,11.937124742029848,5.5743299966932005,8.11105526176709,0,80,648.8844209413672,0.0,14.925,3.0,14.925,240.0,1194.0
harvest,mix2,slow_regen,60,0,local_bounded,3,,214,1284,0,0.0,0,13.059114312166907,6.62569034546878,8.738537272667278,0,80,699.0829818133823,0.0,16.05,3.0,16.05,240.0,1284.0
harvest,mix2,slow_regen,60,0,joint,3,,208,1248,0,0.0,0,12.294634344529584,6.04669471952368,8.073722373263113,0,80,645.897789861049,0.0,15.6,3.0,3.0,240.0,240.0
harvest,mix2,slow_regen,60,0,local_optimistic,6,,177,1062,0,0.0,0,10.954157490223906,4.407665711790038,8.073443280314589,0,80,645.8754624251671,0.0,13.275,6.0,13.275,480.0,1062.0
harvest,mix2,slow_regen,60,0,local_bounded,6,,198,1188,0,0.0,0,11.666456811477715,5.476587044198878,7.757870864054519,0,80,620.6296691243615,0.0,14.85,6.0,14.85,480.0,1188.0
harvest,mix2,slow_regen,60,0,joint,6,,178,1068,0,0.0,0,10.980014739591457,4.488084148731358,8.068191392912446,0,80,645.4553114329957,0.0,13.35,6.0,6.0,480.0,480.0
harvest,mix2,slow_regen,60,1,none,0,0.0,0,0,0,0.975,0,9.374864313293253,0.0,9.109060285714474,2,80,728.724822857158,0.975,0.0,0.0,0.0,,
harvest,mix2,slow_regen,60,1,local_optimistic,0,,214,1284,0,0.0,0,13.099839771206792,6.607438029656182,8.688506409846223,0,80,695.0805127876978,0.0,16.05,0.0,16.05,0.0,1284.0
harvest,mix2,slow_regen,60,1,local_bounded,0,,228,1368,0,0.0,0,13.607881041337043,7.73352355424303,8.354165722314196,0,80,668.3332577851357,0.0,17.1,0.0,17.1,0.0,1368.0
harvest,mix2,slow_regen,60,1,joint,0,,225,1350,0,0.0,0,13.488704349093492,7.488115348360293,8.386776810148234,0,80,670.9421448118587,0.0,16.875,0.0,0.0,0.0,0.0
harvest,mix2,slow_regen,60,1,local_optimistic,3,,196,1176,0,0.0,0,11.864314537523777,5.439641244377714,8.114505609903365,0,80,649.1604487922691,0.0,14.7,3.0,14.7,240.0,1176.0
harvest,mix2,slow_regen,60,1,local_bounded,3,,216,1296,0,0.0,0,12.50378709217933,6.548307458641271,7.809999707201564,0,80,624.7999765761251,0.0,16.2,3.0,16.2,240.0,1296.0
harvest,mix2,slow_regen,60,1,joint,3,,206,1236,0,0.0,0,12.131248243791799,5.988365300106584,7.855521045668347,0,80,628.4416836534677,0.0,15.45,3.0,3.0,240.0,240.0
harvest,mix2,slow_regen,60,1,local_optimistic,6,,171,1026,0,0.0,0,10.99408305869623,4.128969143444351,8.342347550726595,0,80,667.3878040581276,0.0,12.825,6.0,12.825,480.0,1026.0
harvest,mix2,slow_regen,60,1,local_bounded,6,,190,1140,0,0.0,0,11.70743077536466,5.1554694070748095,8.225529539648445,0,80,658.0423631718756,0.0,14.25,6.0,14.25,480.0,1140.0
harvest,mix2,slow_regen,60,1,joint,6,,172,1032,0,0.0,0,11.053814177644758,4.220709118080831,8.418144522441406,0,80,673.4515617953125,0.0,12.9,6.0,6.0,480.0,480.0
harvest,mix2,slow_regen,61,0,none,0,0.0,0,0,0,0.9125,0,9.666746973741567,0.0,9.094092213596118,6,80,727.5273770876895,0.9125,0.0,0.0,0.0,,
harvest,mix2,slow_regen,61,0,local_optimistic,0,,228,1368,0,0.0,0,12.593205567000922,7.479214825892383,7.295716089105085,0,80,583.6572871284068,0.0,17.1,0.0,17.1,0.0,1368.0
harvest,mix2,slow_regen,61,0,local_bounded,0,,228,1368,0,0.0,0,13.440942204901024,7.967816887027439,8.226228740756373,0,80,658.0982992605097,0.0,17.1,0.0,17.1,0.0,1368.0
harvest,mix2,slow_regen,61,0,joint,0,,228,1368,0,0.0,0,13.376247020305073,7.926749913268563,8.181922137058928,0,80,654.5537709647142,0.0,17.1,0.0,0.0,0.0,0.0
harvest,mix2,slow_regen,61,0,local_optimistic,3,,201,1206,0,0.0,0,11.742217103688272,5.952329870462276,7.471403565978432,0,80,597.7122852782745,0.0,15.075,3.0,15.075,240.0,1206.0
harvest,mix2,slow_regen,61,0,local_bounded,3,,221,1326,0,0.0,0,12.40530622888233,7.108492803798694,7.38697613713444,0,80,590.9580909707552,0.0,16.575,3.0,16.575,240.0,1326.0
harvest,mix2,slow_regen,61,0,joint,3,,210,1260,0,0.0,0,12.096215765408497,6.452940898919048,7.4845092708783225,0,80,598.7607416702658,0.0,15.75,3.0,3.0,240.0,240.0
harvest,mix2,slow_regen,61,0,local_optimistic,6,,170,1020,0,0.0,0,10.931949182820684,4.351008271052735,8.050385392918324,0,80,644.0308314334659,0.0,12.75,6.0,12.75,480.0,1020.0
harvest,mix2,slow_regen,61,0,local_bounded,6,,190,1140,0,0.0,0,11.746135431679026,5.419302500270218,8.122809901570587,0,80,649.824792125647,0.0,14.25,6.0,14.25,480.0,1140.0
harvest,mix2,slow_regen,61,0,joint,6,,172,1032,0,0.0,0,10.979260060838207,4.45169574176048,8.004647407468761,0,80,640.3717925975009,0.0,12.9,6.0,6.0,480.0,480.0
harvest,mix2,slow_regen,61,1,none,0,0.0,0,0,0,0.9,0,9.711545025385755,0.0,9.133369714333199,6,80,730.6695771466559,0.9,0.0,0.0,0.0,,
harvest,mix2,slow_regen,61,1,local_optimistic,0,,233,1398,0,0.0,0,12.380760706950843,7.571361822462009,6.599605195861457,0,80,527.9684156689166,0.0,17.475,0.0,17.475,0.0,1398.0
harvest,mix2,slow_regen,61,1,local_bounded,0,,235,1410,0,0.0,0,13.387079450042325,8.080618440242128,7.8179412914039315,0,80,625.4353033123145,0.0,17.625,0.0,17.625,0.0,1410.0
harvest,mix2,slow_regen,61,1,joint,0,,235,1410,0,0.0,0,13.387079450042325,8.080618440242128,7.8179412914039315,0,80,625.4353033123145,0.0,17.625,0.0,0.0,0.0,0.0
harvest,mix2,slow_regen,61,1,local_optimistic,3,,200,1200,0,0.0,0,11.633763112095291,5.851102912209414,7.200068482839318,0,80,576.0054786271454,0.0,15.0,3.0,15.0,240.0,1200.0
harvest,mix2,slow_regen,61,1,local_bounded,3,,222,1332,0,0.0,0,12.498920836032756,7.067283256782713,7.3242292387819035,0,80,585.9383391025523,0.0,16.65,3.0,16.65,240.0,1332.0
harvest,mix2,slow_regen,61,1,joint,3,,206,1236,0,0.0,0,11.90315512750865,6.242603105325057,7.34034066546229,0,80,587.2272532369832,0.0,15.45,3.0,3.0,240.0,240.0
harvest,mix2,slow_regen,61,1,local_optimistic,6,,170,1020,0,0.0,0,10.975477427448364,4.347765669878976,7.982437553067392,0,80,638.5950042453914,0.0,12.75,6.0,12.75,480.0,1020.0
harvest,mix2,slow_regen,61,1,local_bounded,6,,194,1164,0,0.0,0,11.630055017055264,5.5591132461800274,7.577210969680715,0,80,606.1768775744572,0.0,14.55,6.0,14.55,480.0,1164.0
harvest,mix2,slow_regen,61,1,joint,6,,170,1020,0,0.0,0,10.996645169553146,4.358088553854546,7.9721146690918205,0,80,637.7691735273456,0.0,12.75,6.0,6.0,480.0,480.0
harvest,mix2,slow_regen,62,0,none,0,0.0,0,0,0,0.0375,0,10.392938506202347,0.0,9.013813523697683,3,80,721.1050818958147,0.0375,0.0,0.0,0.0,,
harvest,mix2,slow_regen,62,0,local_optimistic,0,,181,1086,0,0.0,0,13.69492948855255,4.668718639221079,10.205978618623815,0,80,816.4782894899053,0.0,13.575,0.0,13.575,0.0,1086.0
harvest,mix2,slow_regen,62,0,local_bounded,0,,214,1284,0,0.0,0,14.352409983580277,6.8031986609712165,9.61384353115444,0,80,769.1074824923553,0.0,16.05,0.0,16.05,0.0,1284.0
harvest,mix2,slow_regen,62,0,joint,0,,214,1284,0,0.0,0,14.352409983580277,6.8031986609712165,9.61384353115444,0,80,769.1074824923553,0.0,16.05,0.0,0.0,0.0,0.0
harvest,mix2,slow_regen,62,0,local_optimistic,3,,176,1056,0,0.0,0,12.202428721196611,4.068599191651618,8.634748706979106,0,80,690.7798965583285,0.0,13.2,3.0,13.2,240.0,1056.0
harvest,mix2,slow_regen,62,0,local_bounded,3,,198,1188,0,0.0,0,13.225738616325026,5.477596810824657,9.17567465433319,0,80,734.0539723466551,0.0,14.85,3.0,14.85,240.0,1188.0
harvest,mix2,slow_regen,62,0,joint,3,,196,1176,0,0.0,0,12.514168365218385,5.108873795416583,8.276040645309852,0,80,662.0832516247881,0.0,14.7,3.0,3.0,240.0,240.0
harvest,mix2,slow_regen,62,0,local_optimistic,6,,138,828,0,0.0,0,10.958024327030785,2.3272926799426172,8.205584274454646,0,80,656.4467419563716,0.0,10.35,6.0,10.35,480.0,828.0
harvest,mix2,slow_regen,62,0,local_bounded,6,,176,1056,0,0.0,0,11.873635272340621,4.076550230364275,8.24540001198543,0,80,659.6320009588344,0.0,13.2,6.0,13.2,480.0,1056.0
harvest,mix2,slow_regen,62,0,joint,6,,138,828,0,0.0,0,10.964607717748596,2.330725404558556,8.22246821831285,0,80,657.797457465028,0.0,10.35,6.0,6.0,480.0,480.0
harvest,mix2,slow_regen,62,1,none,0,0.0,0,0,0,0.0375,0,10.441487584208796,0.0,8.939298155330814,3,80,715.1438524264652,0.0375,0.0,0.0,0.0,,
harvest,mix2,slow_regen,62,1,local_optimistic,0,,185,1110,0,0.0,0,13.734099837980665,4.826653070006632,10.18232058398244,0,80,814.5856467185952,0.0,13.875,0.0,13.875,0.0,1110.0
harvest,mix2,slow_regen,62,1,local_bounded,0,,215,1290,0,0.0,0,14.354498776728406,6.807128832987251,9.624905976773608,0,80,769.9924781418886,0.0,16.125,0.0,16.125,0.0,1290.0
harvest,mix2,slow_regen,62,1,joint,0,,215,1290,0,0.0,0,14.354498776728406,6.807128832987251,9.624905976773608,0,80,769.9924781418886,0.0,16.125,0.0,0.0,0.0,0.0
harvest,mix2,slow_regen,62,1,local_optimistic,3,,182,1092,0,0.0,0,12.240459433202915,4.404171125837943,8.485249437834558,0,80,678.8199550267645,0.0,13.65,3.0,13.65,240.0,1092.0
harvest,mix2,slow_regen,62,1,local_bounded,3,,213,1278,0,0.0,0,13.006720589793611,6.229725428997861,8.282030631023877,0,80,662.5624504819102,0.0,15.975,3.0,15.975,240.0,1278.0
harvest,mix2,slow_regen,62,1,joint,3,,200,1200,0,0.0,0,12.59644763579181,5.431835541904781,8.304022527721008,0,80,664.3218022176807,0.0,15.0,3.0,3.0,240.0,240.0
harvest,mix2,slow_regen,62,1,local_optimistic,6,,136,816,0,0.0,0,10.954832909648987,2.232256720319247,8.171093088399202,0,80,653.6874470719362,0.0,10.2,6.0,10.2,480.0,816.0
harvest,mix2,slow_regen,62,1,local_bounded,6,,166,996,0,0.0,0,12.073747714011954,3.67400982762791,8.798976729422023,0,80,703.9181383537618,0.0,12.45,6.0,12.45,480.0,996.0
harvest,mix2,slow_regen,62,1,joint,6,,138,828,0,0.0,0,10.962680493402072,2.335111981665693,8.17249848825482,0,80,653.7998790603856,0.0,10.35,6.0,6.0,480.0,480.0
harvest,mix2,slow_regen,63,0,none,0,0.0,0,0,0,0.0375,0,10.393139959054999,0.0,8.303206730368833,3,80,664.2565384295067,0.0375,0.0,0.0,0.0,,
harvest,mix2,slow_regen,63,0,local_optimistic,0,,229,1374,0,0.0,0,12.873807299647064,7.446810404505404,7.740892863784171,0,80,619.2714291027337,0.0,17.175,0.0,17.175,0.0,1374.0
harvest,mix2,slow_regen,63,0,local_bounded,0,,237,1422,0,0.0,0,13.064247690589445,8.11446972696081,7.597423919137546,0,80,607.7939135310037,0.0,17.775,0.0,17.775,0.0,1422.0
harvest,mix2,slow_regen,63,0,joint,0,,237,1422,0,0.0,0,13.064247690589445,8.11446972696081,7.597423919137546,0,80,607.7939135310037,0.0,17.775,0.0,0.0,0.0,0.0
harvest,mix2,slow_regen,63,0,local_optimistic,3,,205,1230,0,0.0,0,11.609737768592016,5.786144264345123,7.042615250862997,0,80,563.4092200690397,0.0,15.375,3.0,15.375,240.0,1230.0
harvest,mix2,slow_regen,63,0,local_bounded,3,,223,1338,0,0.0,0,12.754014533803534,7.127955222750368,7.886175872029847,0,80,630.8940697623877,0.0,16.725,3.0,16.725,240.0,1338.0
harvest,mix2,slow_regen,63,0,joint,3,,209,1254,0,0.0,0,11.983084677209291,6.137601988521926,7.459492171603093,0,80,596.7593737282474,0.0,15.675,3.0,3.0,240.0,240.0
harvest,mix2,slow_regen,63,0,local_optimistic,6,,139,834,0,0.0,0,10.897221284916744,2.604357579812543,7.9722751067783975,0,80,637.7820085422718,0.0,10.425,6.0,10.425,480.0,834.0
harvest,mix2,slow_regen,63,0,local_bounded,6,,194,1164,0,0.0,0,11.545826751477353,5.2818101988053145,7.3474073036080085,0,80,587.7925842886407,0.0,14.55,6.0,14.55,480.0,1164.0
harvest,mix2,slow_regen,63,0,joint,6,,139,834,0,0.0,0,10.89732076522876,2.6306903063236105,7.973591931636355,0,80,637.8873545309084,0.0,10.425,6.0,6.0,480.0,480.0
harvest,mix2,slow_regen,63,1,none,0,0.0,0,0,0,0.0125,0,10.417986854815853,0.0,8.601493904699215,1,80,688.1195123759372,0.0125,0.0,0.0,0.0,,
harvest,mix2,slow_regen,63,1,local_optimistic,0,,226,1356,0,0.0,0,12.848141389497883,7.324698666474944,7.770398679619589,0,80,621.6318943695671,0.0,16.95,0.0,16.95,0.0,1356.0
harvest,mix2,slow_regen,63,1,local_bounded,0,,236,1416,0,0.0,0,13.39030695640526,8.21557600227449,7.785837169426071,0,80,622.8669735540857,0.0,17.7,0.0,17.7,0.0,1416.0
harvest,mix2,slow_regen,63,1,joint,0,,235,1410,0,0.0,0,13.331686571123736,8.111386386812503,7.784864750893239,0,80,622.7891800714591,0.0,17.625,0.0,0.0,0.0,0.0
harvest,mix2,slow_regen,63,1,local_optimistic,3,,196,1176,0,0.0,0,11.717085705178091,5.426117514208203,7.486260025758845,0,80,598.9008020607076,0.0,14.7,3.0,14.7,240.0,1176.0
harvest,mix2,slow_regen,63,1,local_bounded,3,,223,1338,0,0.0,0,12.418594282238766,6.977864603951185,7.221427510881092,0,80,577.7142008704874,0.0,16.725,3.0,16.725,240.0,1338.0
harvest,mix2,slow_regen,63,1,joint,3,,203,1218,0,0.0,0,12.00118605866423,5.834898919907555,7.567689221061689,0,80,605.4151376849351,0.0,15.225,3.0,3.0,240.0,240.0
harvest,mix2,slow_regen,63,1,local_optimistic,6,,140,840,0,0.0,0,10.941872510295164,2.6762845388898064,8.217247251365595,0,80,657.3797801092477,0.0,10.5,6.0,10.5,480.0,840.0
harvest,mix2,slow_regen,63,1,local_bounded,6,,190,1140,0,0.0,0,11.635468604937017,5.147678924680103,7.651970643818705,0,80,612.1576515054965,0.0,14.25,6.0,14.25,480.0,1140.0
harvest,mix2,slow_regen,63,1,joint,6,,140,840,0,0.0,0,10.944501673587485,2.6707007503805698,8.205857381070214,0,80,656.4685904856171,0.0,10.5,6.0,6.0,480.0,480.0
